evidence_id,doc_id,source_file,packet,category,evidence_type,relationship_strength,related_company,related_ingredient,related_cost_bucket,confidence_level,display_allowed,requires_human_review,claim
EV_LOGISTICS_DISTRIBUTION_0001_001,DOC_01971A613130,WPU09150336.csv,logistics_distribution,logistics,benchmark_proxy,benchmark_only,USDA,,,medium,False,False,Source document available for packet: logistics_distribution.
EV_SUGAR_0002_001,DOC_02F4A4A84A57,asr_refined_sugar_process_or_products.pdf,sugar,ingredient,direct,company_level_confirmed,American Sugar Refining / ASR,Sugar,,high,False,True,Source document available for packet: sugar.
EV_COCOA_CHOCOLATE_COCOA_BUTTER_0003_001,DOC_033AA20F1EE1,usda_fas_ghana_cocoa_sector_overview_2025.pdf,cocoa_chocolate_cocoa_butter,ingredient,benchmark_proxy,benchmark_only,Target,Cocoa Butter,,medium,False,False,Source document available for packet: cocoa_chocolate_cocoa_butter.
EV_COCOA_CHOCOLATE_COCOA_BUTTER_0003_301,DOC_033AA20F1EE1,usda_fas_ghana_cocoa_sector_overview_2025.pdf,cocoa_chocolate_cocoa_butter,cost,benchmark_proxy,benchmark_only,Target,Cocoa / Chocolate / Cocoa Butter,general_cost_or_market_context,medium,False,False,"Source contains cost, price, market, benchmark, or index language for cost bucket: general_cost_or_market_context."
EV_COCOA_CHOCOLATE_COCOA_BUTTER_0003_302,DOC_033AA20F1EE1,usda_fas_ghana_cocoa_sector_overview_2025.pdf,cocoa_chocolate_cocoa_butter,cost,benchmark_proxy,benchmark_only,Target,Cocoa / Chocolate,cocoa_chocolate_cocoa_butter,medium,False,False,"Source contains cost, price, market, benchmark, or index language for cost bucket: cocoa_chocolate_cocoa_butter."
EV_COCOA_CHOCOLATE_COCOA_BUTTER_0003_303,DOC_033AA20F1EE1,usda_fas_ghana_cocoa_sector_overview_2025.pdf,cocoa_chocolate_cocoa_butter,cost,benchmark_proxy,benchmark_only,Target,Cocoa / Chocolate,cocoa_chocolate_cocoa_butter,medium,False,False,"Source contains cost, price, market, benchmark, or index language for cost bucket: cocoa_chocolate_cocoa_butter."
EV_COCOA_CHOCOLATE_COCOA_BUTTER_0003_304,DOC_033AA20F1EE1,usda_fas_ghana_cocoa_sector_overview_2025.pdf,cocoa_chocolate_cocoa_butter,cost,benchmark_proxy,benchmark_only,Target,Cocoa / Chocolate / Cocoa Butter,general_cost_or_market_context,medium,False,False,"Source contains cost, price, market, benchmark, or index language for cost bucket: general_cost_or_market_context."
EV_COCOA_CHOCOLATE_COCOA_BUTTER_0003_305,DOC_033AA20F1EE1,usda_fas_ghana_cocoa_sector_overview_2025.pdf,cocoa_chocolate_cocoa_butter,cost,benchmark_proxy,benchmark_only,Target,Cocoa / Chocolate / Cocoa Butter,general_cost_or_market_context,medium,False,False,"Source contains cost, price, market, benchmark, or index language for cost bucket: general_cost_or_market_context."
EV_COCOA_CHOCOLATE_COCOA_BUTTER_0003_306,DOC_033AA20F1EE1,usda_fas_ghana_cocoa_sector_overview_2025.pdf,cocoa_chocolate_cocoa_butter,cost,benchmark_proxy,benchmark_only,Target,Cocoa / Chocolate / Cocoa Butter,general_cost_or_market_context,medium,False,False,"Source contains cost, price, market, benchmark, or index language for cost bucket: general_cost_or_market_context."
EV_COCOA_CHOCOLATE_COCOA_BUTTER_0003_307,DOC_033AA20F1EE1,usda_fas_ghana_cocoa_sector_overview_2025.pdf,cocoa_chocolate_cocoa_butter,cost,benchmark_proxy,benchmark_only,Target,Cocoa / Chocolate,cocoa_chocolate_cocoa_butter,medium,False,False,"Source contains cost, price, market, benchmark, or index language for cost bucket: cocoa_chocolate_cocoa_butter."
EV_COCOA_CHOCOLATE_COCOA_BUTTER_0003_308,DOC_033AA20F1EE1,usda_fas_ghana_cocoa_sector_overview_2025.pdf,cocoa_chocolate_cocoa_butter,cost,benchmark_proxy,benchmark_only,Target,Cocoa / Chocolate,cocoa_chocolate_cocoa_butter,medium,False,False,"Source contains cost, price, market, benchmark, or index language for cost bucket: cocoa_chocolate_cocoa_butter."
EV_COCOA_CHOCOLATE_COCOA_BUTTER_0003_309,DOC_033AA20F1EE1,usda_fas_ghana_cocoa_sector_overview_2025.pdf,cocoa_chocolate_cocoa_butter,cost,benchmark_proxy,benchmark_only,Target,Cocoa / Chocolate,cocoa_chocolate_cocoa_butter,medium,False,False,"Source contains cost, price, market, benchmark, or index language for cost bucket: cocoa_chocolate_cocoa_butter."
EV_COCOA_CHOCOLATE_COCOA_BUTTER_0003_310,DOC_033AA20F1EE1,usda_fas_ghana_cocoa_sector_overview_2025.pdf,cocoa_chocolate_cocoa_butter,cost,benchmark_proxy,benchmark_only,Target,Cocoa / Chocolate,cocoa_chocolate_cocoa_butter,medium,False,False,"Source contains cost, price, market, benchmark, or index language for cost bucket: cocoa_chocolate_cocoa_butter."
EV_COCOA_CHOCOLATE_COCOA_BUTTER_0003_311,DOC_033AA20F1EE1,usda_fas_ghana_cocoa_sector_overview_2025.pdf,cocoa_chocolate_cocoa_butter,cost,benchmark_proxy,benchmark_only,Target,Cocoa / Chocolate,cocoa_chocolate_cocoa_butter,medium,False,False,"Source contains cost, price, market, benchmark, or index language for cost bucket: cocoa_chocolate_cocoa_butter."
EV_COCOA_CHOCOLATE_COCOA_BUTTER_0003_312,DOC_033AA20F1EE1,usda_fas_ghana_cocoa_sector_overview_2025.pdf,cocoa_chocolate_cocoa_butter,cost,benchmark_proxy,benchmark_only,Target,Cocoa / Chocolate / Cocoa Butter,general_cost_or_market_context,medium,False,False,"Source contains cost, price, market, benchmark, or index language for cost bucket: general_cost_or_market_context."
EV_COCOA_CHOCOLATE_COCOA_BUTTER_0003_313,DOC_033AA20F1EE1,usda_fas_ghana_cocoa_sector_overview_2025.pdf,cocoa_chocolate_cocoa_butter,cost,benchmark_proxy,benchmark_only,Target,Cocoa / Chocolate,cocoa_chocolate_cocoa_butter,medium,False,False,"Source contains cost, price, market, benchmark, or index language for cost bucket: cocoa_chocolate_cocoa_butter."
EV_COCOA_CHOCOLATE_COCOA_BUTTER_0003_314,DOC_033AA20F1EE1,usda_fas_ghana_cocoa_sector_overview_2025.pdf,cocoa_chocolate_cocoa_butter,cost,benchmark_proxy,benchmark_only,Target,Cocoa / Chocolate / Cocoa Butter,general_cost_or_market_context,medium,False,False,"Source contains cost, price, market, benchmark, or index language for cost bucket: general_cost_or_market_context."
EV_COCOA_CHOCOLATE_COCOA_BUTTER_0003_315,DOC_033AA20F1EE1,usda_fas_ghana_cocoa_sector_overview_2025.pdf,cocoa_chocolate_cocoa_butter,cost,benchmark_proxy,benchmark_only,Target,Cocoa / Chocolate / Cocoa Butter,general_cost_or_market_context,medium,False,False,"Source contains cost, price, market, benchmark, or index language for cost bucket: general_cost_or_market_context."
EV_COCOA_CHOCOLATE_COCOA_BUTTER_0003_316,DOC_033AA20F1EE1,usda_fas_ghana_cocoa_sector_overview_2025.pdf,cocoa_chocolate_cocoa_butter,cost,benchmark_proxy,benchmark_only,Target,Cocoa / Chocolate,cocoa_chocolate_cocoa_butter,medium,False,False,"Source contains cost, price, market, benchmark, or index language for cost bucket: cocoa_chocolate_cocoa_butter."
EV_COCOA_CHOCOLATE_COCOA_BUTTER_0003_317,DOC_033AA20F1EE1,usda_fas_ghana_cocoa_sector_overview_2025.pdf,cocoa_chocolate_cocoa_butter,cost,benchmark_proxy,benchmark_only,Target,Cocoa / Chocolate / Cocoa Butter,general_cost_or_market_context,medium,False,False,"Source contains cost, price, market, benchmark, or index language for cost bucket: general_cost_or_market_context."
EV_COCOA_CHOCOLATE_COCOA_BUTTER_0003_318,DOC_033AA20F1EE1,usda_fas_ghana_cocoa_sector_overview_2025.pdf,cocoa_chocolate_cocoa_butter,cost,benchmark_proxy,benchmark_only,Target,Cocoa / Chocolate / Cocoa Butter,general_cost_or_market_context,medium,False,False,"Source contains cost, price, market, benchmark, or index language for cost bucket: general_cost_or_market_context."
EV_COCOA_CHOCOLATE_COCOA_BUTTER_0003_319,DOC_033AA20F1EE1,usda_fas_ghana_cocoa_sector_overview_2025.pdf,cocoa_chocolate_cocoa_butter,cost,benchmark_proxy,benchmark_only,Target,Cocoa / Chocolate,cocoa_chocolate_cocoa_butter,medium,False,False,"Source contains cost, price, market, benchmark, or index language for cost bucket: cocoa_chocolate_cocoa_butter."
EV_COCOA_CHOCOLATE_COCOA_BUTTER_0003_320,DOC_033AA20F1EE1,usda_fas_ghana_cocoa_sector_overview_2025.pdf,cocoa_chocolate_cocoa_butter,cost,benchmark_proxy,benchmark_only,Target,Cocoa / Chocolate,cocoa_chocolate_cocoa_butter,medium,False,False,"Source contains cost, price, market, benchmark, or index language for cost bucket: cocoa_chocolate_cocoa_butter."
EV_COCOA_CHOCOLATE_COCOA_BUTTER_0003_321,DOC_033AA20F1EE1,usda_fas_ghana_cocoa_sector_overview_2025.pdf,cocoa_chocolate_cocoa_butter,cost,benchmark_proxy,benchmark_only,Target,Cocoa / Chocolate,cocoa_chocolate_cocoa_butter,medium,False,False,"Source contains cost, price, market, benchmark, or index language for cost bucket: cocoa_chocolate_cocoa_butter."
EV_COCOA_CHOCOLATE_COCOA_BUTTER_0003_322,DOC_033AA20F1EE1,usda_fas_ghana_cocoa_sector_overview_2025.pdf,cocoa_chocolate_cocoa_butter,cost,benchmark_proxy,benchmark_only,Target,Cocoa / Chocolate,cocoa_chocolate_cocoa_butter,medium,False,False,"Source contains cost, price, market, benchmark, or index language for cost bucket: cocoa_chocolate_cocoa_butter."
EV_COCOA_CHOCOLATE_COCOA_BUTTER_0003_323,DOC_033AA20F1EE1,usda_fas_ghana_cocoa_sector_overview_2025.pdf,cocoa_chocolate_cocoa_butter,cost,benchmark_proxy,benchmark_only,Target,Cocoa / Chocolate,cocoa_chocolate_cocoa_butter,medium,False,False,"Source contains cost, price, market, benchmark, or index language for cost bucket: cocoa_chocolate_cocoa_butter."
EV_COCOA_CHOCOLATE_COCOA_BUTTER_0003_324,DOC_033AA20F1EE1,usda_fas_ghana_cocoa_sector_overview_2025.pdf,cocoa_chocolate_cocoa_butter,cost,benchmark_proxy,benchmark_only,Target,Cocoa / Chocolate / Cocoa Butter,general_cost_or_market_context,medium,False,False,"Source contains cost, price, market, benchmark, or index language for cost bucket: general_cost_or_market_context."
EV_COCOA_CHOCOLATE_COCOA_BUTTER_0003_325,DOC_033AA20F1EE1,usda_fas_ghana_cocoa_sector_overview_2025.pdf,cocoa_chocolate_cocoa_butter,cost,benchmark_proxy,benchmark_only,Target,Cocoa / Chocolate / Cocoa Butter,general_cost_or_market_context,medium,False,False,"Source contains cost, price, market, benchmark, or index language for cost bucket: general_cost_or_market_context."
EV_LOGISTICS_DISTRIBUTION_0004_001,DOC_050BBCAC6B3F,mclane_company_profile.pdf,logistics_distribution,logistics,direct,company_level_confirmed,McLane,,,high,False,True,Source document available for packet: logistics_distribution.
EV_LOGISTICS_DISTRIBUTION_0004_900,DOC_050BBCAC6B3F,mclane_company_profile.pdf,logistics_distribution,supplier,direct,company_level_confirmed,McLane,,,high,False,True,McLane is candidate company-level evidence for the Distribution / Downstream Channel stream.
EV_COCOA_CHOCOLATE_COCOA_BUTTER_0005_001,DOC_08137C490006,ice_cocoa_futures_optional_screenshot.pdf,cocoa_chocolate_cocoa_butter,ingredient,benchmark_proxy,benchmark_only,cocoa_chocolate_cocoa_butter,Cocoa / Chocolate,,medium,False,True,Source document available for packet: cocoa_chocolate_cocoa_butter.
EV_LOGISTICS_DISTRIBUTION_0006_001,DOC_0C6FF4D0AACE,mclane_grocery_retail_distribution_page.pdf,logistics_distribution,logistics,direct,company_level_confirmed,McLane,,,high,False,True,Source document available for packet: logistics_distribution.
EV_LOGISTICS_DISTRIBUTION_0006_900,DOC_0C6FF4D0AACE,mclane_grocery_retail_distribution_page.pdf,logistics_distribution,supplier,direct,company_level_confirmed,McLane,,,high,False,True,McLane is candidate company-level evidence for the Distribution / Downstream Channel stream.
EV_SUGAR_0007_001,DOC_0CCBAF9E6D49,ASR_Group_logo.svg,sugar,visual_asset,reference_only,illustrative_only,American Sugar Refining / ASR,Sugar,,low,False,True,Source document available for packet: sugar.
EV_RETAIL_PRICE_EVIDENCE_0008_001,DOC_0D21678E3116,cvs_hershey_1_55oz_price_page.pdf,retail_price_evidence,retail,direct,sku_level_confirmed,CVS,,,high,False,True,Source document available for packet: retail_price_evidence.
EV_NATURAL_FLAVOR_0009_001,DOC_0DD09547ACD4,natural_flavor_extraction_distillation_fermentation_explanation.pdf,natural_flavor,ingredient,benchmark_proxy,unknown,natural_flavor,Natural Flavor,,low,False,True,Source document available for packet: natural_flavor.
EV_NATURAL_FLAVOR_0009_900,DOC_0DD09547ACD4,natural_flavor_extraction_distillation_fermentation_explanation.pdf,natural_flavor,ingredient,benchmark_proxy,unknown,natural_flavor,Natural Flavor,,low,False,True,Natural Flavor packet is ingredient/function evidence with supplier currently unknown.
EV_SUGAR_0010_001,DOC_0E5990AC3AEF,asr_belize_sugar_industries_page.pdf,sugar,ingredient,direct,company_level_confirmed,American Sugar Refining / ASR,Sugar,,high,False,True,Source document available for packet: sugar.
EV_PGPR_0011_001,DOC_101588EC345D,fda_pgpr_gras_response_letter.pdf,pgpr,ingredient,benchmark_proxy,benchmark_only,USDA,Cocoa Butter,,medium,False,False,Source document available for packet: pgpr.
EV_PGPR_0011_301,DOC_101588EC345D,fda_pgpr_gras_response_letter.pdf,pgpr,cost,benchmark_proxy,benchmark_only,USDA ERS,PGPR,general_cost_or_market_context,medium,False,False,"Source contains cost, price, market, benchmark, or index language for cost bucket: general_cost_or_market_context."
EV_PGPR_0011_302,DOC_101588EC345D,fda_pgpr_gras_response_letter.pdf,pgpr,cost,benchmark_proxy,benchmark_only,USDA ERS,PGPR,general_cost_or_market_context,medium,False,False,"Source contains cost, price, market, benchmark, or index language for cost bucket: general_cost_or_market_context."
EV_PGPR_0011_900,DOC_101588EC345D,fda_pgpr_gras_response_letter.pdf,pgpr,ingredient,benchmark_proxy,benchmark_only,USDA,Cocoa Butter,,medium,False,False,PGPR packet is ingredient/function evidence with supplier currently unknown.
EV_COCOA_CHOCOLATE_COCOA_BUTTER_0012_001,DOC_1082CA3E3F2A,barry_callebaut_hershey_supply_agreement_news_release.pdf,cocoa_chocolate_cocoa_butter,ingredient,benchmark_proxy,benchmark_only,The Hershey Company,Cocoa / Chocolate,,medium,False,False,Source document available for packet: cocoa_chocolate_cocoa_butter.
EV_COCOA_CHOCOLATE_COCOA_BUTTER_0012_101,DOC_1082CA3E3F2A,barry_callebaut_hershey_supply_agreement_news_release.pdf,cocoa_chocolate_cocoa_butter,supplier,benchmark_proxy,benchmark_only,The Hershey Company,Cocoa / Chocolate / Cocoa Butter,,medium,False,False,The Hershey Company has relationship language connected to USDA ERS: relationship language detected.
EV_COCOA_CHOCOLATE_COCOA_BUTTER_0012_102,DOC_1082CA3E3F2A,barry_callebaut_hershey_supply_agreement_news_release.pdf,cocoa_chocolate_cocoa_butter,supplier,benchmark_proxy,benchmark_only,Barry Callebaut,Cocoa / Chocolate / Cocoa Butter,,medium,False,False,Barry Callebaut has relationship language connected to USDA ERS: relationship language detected.
EV_COCOA_CHOCOLATE_COCOA_BUTTER_0012_103,DOC_1082CA3E3F2A,barry_callebaut_hershey_supply_agreement_news_release.pdf,cocoa_chocolate_cocoa_butter,supplier,benchmark_proxy,benchmark_only,The Hershey Company,Cocoa / Chocolate,,medium,False,False,USDA AMS has relationship language connected to Cocoa: company-to-ingredient/stage relationship language detected.
EV_COCOA_CHOCOLATE_COCOA_BUTTER_0012_104,DOC_1082CA3E3F2A,barry_callebaut_hershey_supply_agreement_news_release.pdf,cocoa_chocolate_cocoa_butter,supplier,benchmark_proxy,benchmark_only,The Hershey Company,Cocoa / Chocolate / Cocoa Butter,,medium,False,False,The Hershey Company has relationship language connected to USDA ERS: relationship language detected.
EV_COCOA_CHOCOLATE_COCOA_BUTTER_0012_301,DOC_1082CA3E3F2A,barry_callebaut_hershey_supply_agreement_news_release.pdf,cocoa_chocolate_cocoa_butter,cost,benchmark_proxy,benchmark_only,The Hershey Company,Cocoa / Chocolate,cocoa_chocolate_cocoa_butter,medium,False,False,"Source contains cost, price, market, benchmark, or index language for cost bucket: cocoa_chocolate_cocoa_butter."
EV_COCOA_CHOCOLATE_COCOA_BUTTER_0012_302,DOC_1082CA3E3F2A,barry_callebaut_hershey_supply_agreement_news_release.pdf,cocoa_chocolate_cocoa_butter,cost,benchmark_proxy,benchmark_only,The Hershey Company,Cocoa / Chocolate / Cocoa Butter,general_cost_or_market_context,medium,False,False,"Source contains cost, price, market, benchmark, or index language for cost bucket: general_cost_or_market_context."
EV_COCOA_CHOCOLATE_COCOA_BUTTER_0012_303,DOC_1082CA3E3F2A,barry_callebaut_hershey_supply_agreement_news_release.pdf,cocoa_chocolate_cocoa_butter,cost,benchmark_proxy,benchmark_only,The Hershey Company,Cocoa / Chocolate / Cocoa Butter,general_cost_or_market_context,medium,False,False,"Source contains cost, price, market, benchmark, or index language for cost bucket: general_cost_or_market_context."
EV_COCOA_CHOCOLATE_COCOA_BUTTER_0012_304,DOC_1082CA3E3F2A,barry_callebaut_hershey_supply_agreement_news_release.pdf,cocoa_chocolate_cocoa_butter,cost,benchmark_proxy,benchmark_only,The Hershey Company,Cocoa / Chocolate / Cocoa Butter,general_cost_or_market_context,medium,False,False,"Source contains cost, price, market, benchmark, or index language for cost bucket: general_cost_or_market_context."
EV_COCOA_CHOCOLATE_COCOA_BUTTER_0012_305,DOC_1082CA3E3F2A,barry_callebaut_hershey_supply_agreement_news_release.pdf,cocoa_chocolate_cocoa_butter,cost,benchmark_proxy,benchmark_only,The Hershey Company,Cocoa / Chocolate / Cocoa Butter,general_cost_or_market_context,medium,False,False,"Source contains cost, price, market, benchmark, or index language for cost bucket: general_cost_or_market_context."
EV_COCOA_CHOCOLATE_COCOA_BUTTER_0012_306,DOC_1082CA3E3F2A,barry_callebaut_hershey_supply_agreement_news_release.pdf,cocoa_chocolate_cocoa_butter,cost,benchmark_proxy,benchmark_only,The Hershey Company,Cocoa / Chocolate / Cocoa Butter,general_cost_or_market_context,medium,False,False,"Source contains cost, price, market, benchmark, or index language for cost bucket: general_cost_or_market_context."
EV_COCOA_CHOCOLATE_COCOA_BUTTER_0012_307,DOC_1082CA3E3F2A,barry_callebaut_hershey_supply_agreement_news_release.pdf,cocoa_chocolate_cocoa_butter,cost,benchmark_proxy,benchmark_only,The Hershey Company,Cocoa / Chocolate,cocoa_chocolate_cocoa_butter,medium,False,False,"Source contains cost, price, market, benchmark, or index language for cost bucket: cocoa_chocolate_cocoa_butter."
EV_COCOA_CHOCOLATE_COCOA_BUTTER_0012_308,DOC_1082CA3E3F2A,barry_callebaut_hershey_supply_agreement_news_release.pdf,cocoa_chocolate_cocoa_butter,cost,benchmark_proxy,benchmark_only,The Hershey Company,Cocoa / Chocolate / Cocoa Butter,general_cost_or_market_context,medium,False,False,"Source contains cost, price, market, benchmark, or index language for cost bucket: general_cost_or_market_context."
EV_COCOA_CHOCOLATE_COCOA_BUTTER_0012_900,DOC_1082CA3E3F2A,barry_callebaut_hershey_supply_agreement_news_release.pdf,cocoa_chocolate_cocoa_butter,supplier,benchmark_proxy,benchmark_only,The Hershey Company,Cocoa / Chocolate,,medium,False,False,Barry Callebaut is candidate company-level evidence for the Cocoa / Chocolate / Cocoa Butter stream.
EV_NATURAL_FLAVOR_0013_001,DOC_1164AEC6C38C,natural_flavor_function_in_food_explanation.pdf,natural_flavor,ingredient,benchmark_proxy,unknown,natural_flavor,Natural Flavor,,low,False,True,Source document available for packet: natural_flavor.
EV_NATURAL_FLAVOR_0013_900,DOC_1164AEC6C38C,natural_flavor_function_in_food_explanation.pdf,natural_flavor,ingredient,benchmark_proxy,unknown,natural_flavor,Natural Flavor,,low,False,True,Natural Flavor packet is ingredient/function evidence with supplier currently unknown.
EV_LOGISTICS_DISTRIBUTION_0014_001,DOC_11A00D6495C0,PCU49314931.xlsx,logistics_distribution,logistics,benchmark_proxy,benchmark_only,USDA,,,medium,False,False,Source document available for packet: logistics_distribution.
EV_LOGISTICS_DISTRIBUTION_0014_301,DOC_11A00D6495C0,PCU49314931.xlsx,logistics_distribution,cost,benchmark_proxy,benchmark_only,USDA ERS,,warehousing,medium,False,False,"Source contains cost, price, market, benchmark, or index language for cost bucket: warehousing."
EV_NATURAL_FLAVOR_0015_001,DOC_12314C1C49CF,interim_gras_33_apr_2026.pdf,natural_flavor,ingredient,benchmark_proxy,benchmark_only,USDA,Milk / Dairy,,medium,False,False,Source document available for packet: natural_flavor.
EV_NATURAL_FLAVOR_0015_900,DOC_12314C1C49CF,interim_gras_33_apr_2026.pdf,natural_flavor,ingredient,benchmark_proxy,benchmark_only,USDA,Milk / Dairy,,medium,False,False,Natural Flavor packet is ingredient/function evidence with supplier currently unknown.
EV_PGPR_0016_001,DOC_1BE15D0DAB2F,castor_oil_ricinoleic_acid_pgpr_origin_reference.pdf,pgpr,ingredient,benchmark_proxy,unknown,pgpr,PGPR,,low,False,True,Source document available for packet: pgpr.
EV_PGPR_0016_900,DOC_1BE15D0DAB2F,castor_oil_ricinoleic_acid_pgpr_origin_reference.pdf,pgpr,ingredient,benchmark_proxy,unknown,pgpr,PGPR,,low,False,True,PGPR packet is ingredient/function evidence with supplier currently unknown.
EV_NATURAL_FLAVOR_0017_001,DOC_1D4C129E0BD4,fda_flavor_labeling_regulation_reference.pdf,natural_flavor,ingredient,benchmark_proxy,benchmark_only,USDA,Cocoa / Chocolate,,medium,False,True,Source document available for packet: natural_flavor.
EV_NATURAL_FLAVOR_0017_101,DOC_1D4C129E0BD4,fda_flavor_labeling_regulation_reference.pdf,natural_flavor,supplier,benchmark_proxy,benchmark_only,FDA,Natural Flavor,,medium,False,True,USDA ERS has relationship language connected to FDA: relationship language detected.
EV_NATURAL_FLAVOR_0017_900,DOC_1D4C129E0BD4,fda_flavor_labeling_regulation_reference.pdf,natural_flavor,ingredient,benchmark_proxy,benchmark_only,USDA,Cocoa / Chocolate,,medium,False,True,Natural Flavor packet is ingredient/function evidence with supplier currently unknown.
EV_SUGAR_0018_001,DOC_1E0944AC1DC5,asr_hershey_learn_to_grow_belize.pdf,sugar,ingredient,direct,probable,The Hershey Company,Sugar,,medium,False,True,Source document available for packet: sugar.
EV_COCOA_CHOCOLATE_COCOA_BUTTER_0019_001,DOC_1E80FF9B816E,icco_processing_cocoa_page.pdf,cocoa_chocolate_cocoa_butter,ingredient,benchmark_proxy,benchmark_only,ICCO,Cocoa / Chocolate,,medium,False,True,Source document available for packet: cocoa_chocolate_cocoa_butter.
EV_LOGISTICS_DISTRIBUTION_0020_001,DOC_1EB5146FBACE,bls_truck_transportation_ppi_benchmark.pdf,logistics_distribution,logistics,benchmark_proxy,benchmark_only,BLS,,,medium,False,True,Source document available for packet: logistics_distribution.
EV_COCOA_CHOCOLATE_COCOA_BUTTER_0021_001,DOC_1EC92FF65460,barry_callebaut_company_profile.pdf,cocoa_chocolate_cocoa_butter,ingredient,direct,company_level_confirmed,Barry Callebaut,Cocoa / Chocolate,,high,False,True,Source document available for packet: cocoa_chocolate_cocoa_butter.
EV_PACKAGING_WRAPPER_0022_001,DOC_1ED749BEB0B8,pulp-and-paper-sourcing-policy.pdf,packaging_wrapper,packaging,benchmark_proxy,benchmark_only,The Hershey Company,Packaging / Wrapper,,medium,False,False,Source document available for packet: packaging_wrapper.
EV_PACKAGING_WRAPPER_0022_101,DOC_1ED749BEB0B8,pulp-and-paper-sourcing-policy.pdf,packaging_wrapper,supplier,benchmark_proxy,benchmark_only,The Hershey Company,Packaging / Wrapper,,medium,False,False,The Hershey Company has relationship language connected to USDA ERS: relationship language detected.
EV_PACKAGING_WRAPPER_0022_102,DOC_1ED749BEB0B8,pulp-and-paper-sourcing-policy.pdf,packaging_wrapper,supplier,benchmark_proxy,benchmark_only,The Hershey Company,Packaging / Wrapper,,medium,False,False,The Hershey Company has relationship language connected to USDA ERS: relationship language detected.
EV_PACKAGING_WRAPPER_0022_103,DOC_1ED749BEB0B8,pulp-and-paper-sourcing-policy.pdf,packaging_wrapper,supplier,benchmark_proxy,benchmark_only,The Hershey Company,Packaging / Wrapper,,medium,False,False,The Hershey Company has relationship language connected to USDA ERS: relationship language detected.
EV_PACKAGING_WRAPPER_0022_104,DOC_1ED749BEB0B8,pulp-and-paper-sourcing-policy.pdf,packaging_wrapper,supplier,benchmark_proxy,benchmark_only,The Hershey Company,Packaging / Wrapper,,medium,False,False,The Hershey Company has relationship language connected to USDA ERS: relationship language detected.
EV_PACKAGING_WRAPPER_0022_105,DOC_1ED749BEB0B8,pulp-and-paper-sourcing-policy.pdf,packaging_wrapper,supplier,benchmark_proxy,benchmark_only,The Hershey Company,Packaging / Wrapper,,medium,False,False,USDA ERS has relationship language connected to Packaging: company-to-ingredient/stage relationship language detected.
EV_PACKAGING_WRAPPER_0022_106,DOC_1ED749BEB0B8,pulp-and-paper-sourcing-policy.pdf,packaging_wrapper,supplier,benchmark_proxy,benchmark_only,The Hershey Company,Packaging / Wrapper,,medium,False,False,The Hershey Company has relationship language connected to USDA ERS: relationship language detected.
EV_PACKAGING_WRAPPER_0022_107,DOC_1ED749BEB0B8,pulp-and-paper-sourcing-policy.pdf,packaging_wrapper,supplier,benchmark_proxy,benchmark_only,The Hershey Company,Packaging / Wrapper,,medium,False,False,The Hershey Company has relationship language connected to USDA ERS: relationship language detected.
EV_PACKAGING_WRAPPER_0022_108,DOC_1ED749BEB0B8,pulp-and-paper-sourcing-policy.pdf,packaging_wrapper,supplier,benchmark_proxy,benchmark_only,The Hershey Company,Packaging / Wrapper,,medium,False,False,USDA ERS has relationship language connected to Packaging: company-to-ingredient/stage relationship language detected.
EV_PACKAGING_WRAPPER_0022_109,DOC_1ED749BEB0B8,pulp-and-paper-sourcing-policy.pdf,packaging_wrapper,supplier,benchmark_proxy,benchmark_only,The Hershey Company,Packaging / Wrapper,,medium,False,False,USDA ERS has relationship language connected to Packaging: company-to-ingredient/stage relationship language detected.
EV_PACKAGING_WRAPPER_0022_110,DOC_1ED749BEB0B8,pulp-and-paper-sourcing-policy.pdf,packaging_wrapper,supplier,benchmark_proxy,benchmark_only,The Hershey Company,Packaging / Wrapper,,medium,False,False,USDA ERS has relationship language connected to Packaging: company-to-ingredient/stage relationship language detected.
EV_PACKAGING_WRAPPER_0022_111,DOC_1ED749BEB0B8,pulp-and-paper-sourcing-policy.pdf,packaging_wrapper,supplier,benchmark_proxy,benchmark_only,The Hershey Company,Packaging / Wrapper,,medium,False,False,The Hershey Company has relationship language connected to USDA ERS: relationship language detected.
EV_PACKAGING_WRAPPER_0022_112,DOC_1ED749BEB0B8,pulp-and-paper-sourcing-policy.pdf,packaging_wrapper,supplier,benchmark_proxy,benchmark_only,The Hershey Company,Packaging / Wrapper,,medium,False,False,The Hershey Company has relationship language connected to USDA ERS: relationship language detected.
EV_PACKAGING_WRAPPER_0022_113,DOC_1ED749BEB0B8,pulp-and-paper-sourcing-policy.pdf,packaging_wrapper,supplier,benchmark_proxy,benchmark_only,The Hershey Company,Packaging / Wrapper,,medium,False,False,USDA ERS has relationship language connected to Packaging: company-to-ingredient/stage relationship language detected.
EV_PACKAGING_WRAPPER_0022_114,DOC_1ED749BEB0B8,pulp-and-paper-sourcing-policy.pdf,packaging_wrapper,supplier,benchmark_proxy,benchmark_only,The Hershey Company,Packaging / Wrapper,,medium,False,False,The Hershey Company has relationship language connected to USDA ERS: relationship language detected.
EV_PACKAGING_WRAPPER_0022_115,DOC_1ED749BEB0B8,pulp-and-paper-sourcing-policy.pdf,packaging_wrapper,supplier,benchmark_proxy,benchmark_only,The Hershey Company,Packaging / Wrapper,,medium,False,False,The Hershey Company has relationship language connected to USDA ERS: relationship language detected.
EV_PACKAGING_WRAPPER_0022_116,DOC_1ED749BEB0B8,pulp-and-paper-sourcing-policy.pdf,packaging_wrapper,supplier,benchmark_proxy,benchmark_only,The Hershey Company,Packaging / Wrapper,,medium,False,False,The Hershey Company has relationship language connected to USDA ERS: relationship language detected.
EV_PACKAGING_WRAPPER_0022_301,DOC_1ED749BEB0B8,pulp-and-paper-sourcing-policy.pdf,packaging_wrapper,cost,benchmark_proxy,benchmark_only,The Hershey Company,Packaging / Wrapper,packaging,medium,False,False,"Source contains cost, price, market, benchmark, or index language for cost bucket: packaging."
EV_PACKAGING_WRAPPER_0022_302,DOC_1ED749BEB0B8,pulp-and-paper-sourcing-policy.pdf,packaging_wrapper,cost,benchmark_proxy,benchmark_only,The Hershey Company,Packaging / Wrapper,general_cost_or_market_context,medium,False,False,"Source contains cost, price, market, benchmark, or index language for cost bucket: general_cost_or_market_context."
EV_PACKAGING_WRAPPER_0022_303,DOC_1ED749BEB0B8,pulp-and-paper-sourcing-policy.pdf,packaging_wrapper,cost,benchmark_proxy,benchmark_only,The Hershey Company,Packaging / Wrapper,general_cost_or_market_context,medium,False,False,"Source contains cost, price, market, benchmark, or index language for cost bucket: general_cost_or_market_context."
EV_PACKAGING_WRAPPER_0022_900,DOC_1ED749BEB0B8,pulp-and-paper-sourcing-policy.pdf,packaging_wrapper,ingredient,benchmark_proxy,benchmark_only,The Hershey Company,Packaging / Wrapper,,medium,False,False,Packaging / Wrapper packet is ingredient/function evidence with supplier currently unknown.
EV_RETAIL_PRICE_EVIDENCE_0023_001,DOC_1F6D46FB75CC,walmart_hershey_1_55oz_price_page.pdf,retail_price_evidence,retail,direct,sku_level_confirmed,Walmart,,,high,False,True,Source document available for packet: retail_price_evidence.
EV_PGPR_0024_001,DOC_23BD14F34CEF,pgpr_market_price_reference.pdf,pgpr,ingredient,benchmark_proxy,benchmark_only,pgpr,PGPR,,medium,False,True,Source document available for packet: pgpr.
EV_PGPR_0024_900,DOC_23BD14F34CEF,pgpr_market_price_reference.pdf,pgpr,ingredient,benchmark_proxy,benchmark_only,pgpr,PGPR,,medium,False,True,PGPR packet is ingredient/function evidence with supplier currently unknown.
EV_SUGAR_0025_001,DOC_257C2CABB7C1,Group3-Tables-US-Sugar-Crop-Production-and-Sugar-Production-Deliveries-and-Stocks.csv,sugar,ingredient,benchmark_proxy,benchmark_only,USDA,Sugar,,medium,False,False,Source document available for packet: sugar.
EV_PACKAGING_WRAPPER_0026_001,DOC_26064332B82F,hershey_pulp_paper_page.pdf,packaging_wrapper,packaging,direct,unknown,The Hershey Company,Packaging / Wrapper,,low,False,True,Source document available for packet: packaging_wrapper.
EV_PACKAGING_WRAPPER_0026_900,DOC_26064332B82F,hershey_pulp_paper_page.pdf,packaging_wrapper,ingredient,direct,unknown,The Hershey Company,Packaging / Wrapper,,low,False,True,Packaging / Wrapper packet is ingredient/function evidence with supplier currently unknown.
EV_COCOA_CHOCOLATE_COCOA_BUTTER_0027_001,DOC_260B1720A1EF,hershey_cocoa_sustainability_page.pdf,cocoa_chocolate_cocoa_butter,ingredient,direct,unknown,The Hershey Company,Cocoa / Chocolate,,low,False,True,Source document available for packet: cocoa_chocolate_cocoa_butter.
EV_COCOA_CHOCOLATE_COCOA_BUTTER_0028_001,DOC_2D8BE31DFAC8,icco_cocoa_butter_powder_faq.pdf,cocoa_chocolate_cocoa_butter,ingredient,benchmark_proxy,benchmark_only,USDA,Cocoa Butter,,medium,False,True,Source document available for packet: cocoa_chocolate_cocoa_butter.
EV_COCOA_CHOCOLATE_COCOA_BUTTER_0028_301,DOC_2D8BE31DFAC8,icco_cocoa_butter_powder_faq.pdf,cocoa_chocolate_cocoa_butter,cost,benchmark_proxy,benchmark_only,USDA ERS,Cocoa / Chocolate / Cocoa Butter,freight,medium,False,True,"Source contains cost, price, market, benchmark, or index language for cost bucket: freight."
EV_COCOA_CHOCOLATE_COCOA_BUTTER_0028_302,DOC_2D8BE31DFAC8,icco_cocoa_butter_powder_faq.pdf,cocoa_chocolate_cocoa_butter,cost,benchmark_proxy,benchmark_only,USDA ERS,Cocoa / Chocolate / Cocoa Butter,freight,medium,False,True,"Source contains cost, price, market, benchmark, or index language for cost bucket: freight."
EV_COCOA_CHOCOLATE_COCOA_BUTTER_0028_303,DOC_2D8BE31DFAC8,icco_cocoa_butter_powder_faq.pdf,cocoa_chocolate_cocoa_butter,cost,benchmark_proxy,benchmark_only,USDA ERS,Cocoa / Chocolate / Cocoa Butter,freight,medium,False,True,"Source contains cost, price, market, benchmark, or index language for cost bucket: freight."
EV_COCOA_CHOCOLATE_COCOA_BUTTER_0028_304,DOC_2D8BE31DFAC8,icco_cocoa_butter_powder_faq.pdf,cocoa_chocolate_cocoa_butter,cost,benchmark_proxy,benchmark_only,USDA ERS,Cocoa / Chocolate / Cocoa Butter,general_cost_or_market_context,medium,False,True,"Source contains cost, price, market, benchmark, or index language for cost bucket: general_cost_or_market_context."
EV_DAIRY_MILK_SKIM_MILK_MILK_FAT_0029_001,DOC_2F8EE4491545,land_o_lakes_who_we_are_page.pdf,dairy_milk_skim_milk_milk_fat,ingredient,direct,company_level_confirmed,Land O'Lakes,Milk / Dairy,,high,False,True,Source document available for packet: dairy_milk_skim_milk_milk_fat.
EV_SOY_LECITHIN_0030_001,DOC_2FB8D1A92FFF,soy_lecithin_function_in_chocolate_explanation.pdf,soy_lecithin,ingredient,benchmark_proxy,unknown,soy_lecithin,Cocoa / Chocolate,,low,False,True,Source document available for packet: soy_lecithin.
EV_SOY_LECITHIN_0030_900,DOC_2FB8D1A92FFF,soy_lecithin_function_in_chocolate_explanation.pdf,soy_lecithin,ingredient,benchmark_proxy,unknown,soy_lecithin,Cocoa / Chocolate,,low,False,True,Soy Lecithin packet is ingredient/function evidence with supplier currently unknown.
EV_SUGAR_0031_001,DOC_32FA1CD834CD,sugar_cane_beet_processing_explanation.pdf,sugar,ingredient,benchmark_proxy,benchmark_only,USDA,Sugar,,medium,False,False,Source document available for packet: sugar.
EV_SUGAR_0031_101,DOC_32FA1CD834CD,sugar_cane_beet_processing_explanation.pdf,sugar,supplier,benchmark_proxy,benchmark_only,USDA,Sugar,,medium,False,False,USDA ERS has relationship language connected to Sugar: company-to-ingredient/stage relationship language detected.
EV_SUGAR_0031_301,DOC_32FA1CD834CD,sugar_cane_beet_processing_explanation.pdf,sugar,cost,benchmark_proxy,benchmark_only,USDA,Sugar,general_cost_or_market_context,medium,False,False,"Source contains cost, price, market, benchmark, or index language for cost bucket: general_cost_or_market_context."
EV_SUGAR_0031_302,DOC_32FA1CD834CD,sugar_cane_beet_processing_explanation.pdf,sugar,cost,benchmark_proxy,benchmark_only,USDA,Sugar,general_cost_or_market_context,medium,False,False,"Source contains cost, price, market, benchmark, or index language for cost bucket: general_cost_or_market_context."
EV_SUGAR_0031_303,DOC_32FA1CD834CD,sugar_cane_beet_processing_explanation.pdf,sugar,cost,benchmark_proxy,benchmark_only,USDA,Sugar,sugar,medium,False,False,"Source contains cost, price, market, benchmark, or index language for cost bucket: sugar."
EV_SUGAR_0031_304,DOC_32FA1CD834CD,sugar_cane_beet_processing_explanation.pdf,sugar,cost,benchmark_proxy,benchmark_only,USDA,Sugar,general_cost_or_market_context,medium,False,False,"Source contains cost, price, market, benchmark, or index language for cost bucket: general_cost_or_market_context."
EV_SUGAR_0031_305,DOC_32FA1CD834CD,sugar_cane_beet_processing_explanation.pdf,sugar,cost,benchmark_proxy,benchmark_only,USDA,Sugar,general_cost_or_market_context,medium,False,False,"Source contains cost, price, market, benchmark, or index language for cost bucket: general_cost_or_market_context."
EV_SUGAR_0031_306,DOC_32FA1CD834CD,sugar_cane_beet_processing_explanation.pdf,sugar,cost,benchmark_proxy,benchmark_only,USDA,Milk / Dairy,dairy,medium,False,False,"Source contains cost, price, market, benchmark, or index language for cost bucket: dairy."
EV_SUGAR_0031_307,DOC_32FA1CD834CD,sugar_cane_beet_processing_explanation.pdf,sugar,cost,benchmark_proxy,benchmark_only,USDA,Sugar,general_cost_or_market_context,medium,False,False,"Source contains cost, price, market, benchmark, or index language for cost bucket: general_cost_or_market_context."
EV_PRODUCT_SKU_1_55OZ_0032_001,DOC_35AC43ECE38F,Hershey back.webp,product_sku_1_55oz,visual_asset,reference_only,illustrative_only,The Hershey Company,,,low,False,True,Source document available for packet: product_sku_1_55oz.
EV_HERSHEY_COMPANY_0033_001,DOC_381414594006,Pulp-Paper-The-Hershey-Company-05-06-2026_02_23_PM.pdf,hershey_company,raw_material,direct,unknown,The Hershey Company,Packaging / Wrapper,,low,False,True,Source document available for packet: hershey_company.
EV_NATURAL_FLAVOR_0034_001,DOC_399D89EF9892,natural_flavor_market_overview_reference.pdf,natural_flavor,ingredient,benchmark_proxy,benchmark_only,natural_flavor,Natural Flavor,,medium,False,True,Source document available for packet: natural_flavor.
EV_NATURAL_FLAVOR_0034_900,DOC_399D89EF9892,natural_flavor_market_overview_reference.pdf,natural_flavor,ingredient,benchmark_proxy,benchmark_only,natural_flavor,Natural Flavor,,medium,False,True,Natural Flavor packet is ingredient/function evidence with supplier currently unknown.
EV_COCOA_CHOCOLATE_COCOA_BUTTER_0035_001,DOC_3A67DADA572A,barry_callebaut_annual_report_or_full_year_results_2024_25.pdf,cocoa_chocolate_cocoa_butter,ingredient,benchmark_proxy,benchmark_only,Barry Callebaut,Cocoa / Chocolate,,medium,False,True,Source document available for packet: cocoa_chocolate_cocoa_butter.
EV_COCOA_CHOCOLATE_COCOA_BUTTER_0035_301,DOC_3A67DADA572A,barry_callebaut_annual_report_or_full_year_results_2024_25.pdf,cocoa_chocolate_cocoa_butter,cost,benchmark_proxy,benchmark_only,Barry Callebaut,Cocoa / Chocolate / Cocoa Butter,general_cost_or_market_context,medium,False,True,"Source contains cost, price, market, benchmark, or index language for cost bucket: general_cost_or_market_context."
EV_COCOA_CHOCOLATE_COCOA_BUTTER_0035_302,DOC_3A67DADA572A,barry_callebaut_annual_report_or_full_year_results_2024_25.pdf,cocoa_chocolate_cocoa_butter,cost,benchmark_proxy,benchmark_only,Barry Callebaut,Cocoa / Chocolate / Cocoa Butter,general_cost_or_market_context,medium,False,True,"Source contains cost, price, market, benchmark, or index language for cost bucket: general_cost_or_market_context."
EV_COCOA_CHOCOLATE_COCOA_BUTTER_0035_303,DOC_3A67DADA572A,barry_callebaut_annual_report_or_full_year_results_2024_25.pdf,cocoa_chocolate_cocoa_butter,cost,benchmark_proxy,benchmark_only,Barry Callebaut,Cocoa / Chocolate / Cocoa Butter,general_cost_or_market_context,medium,False,True,"Source contains cost, price, market, benchmark, or index language for cost bucket: general_cost_or_market_context."
EV_COCOA_CHOCOLATE_COCOA_BUTTER_0035_304,DOC_3A67DADA572A,barry_callebaut_annual_report_or_full_year_results_2024_25.pdf,cocoa_chocolate_cocoa_butter,cost,benchmark_proxy,benchmark_only,Barry Callebaut,Cocoa / Chocolate / Cocoa Butter,general_cost_or_market_context,medium,False,True,"Source contains cost, price, market, benchmark, or index language for cost bucket: general_cost_or_market_context."
EV_COCOA_CHOCOLATE_COCOA_BUTTER_0035_305,DOC_3A67DADA572A,barry_callebaut_annual_report_or_full_year_results_2024_25.pdf,cocoa_chocolate_cocoa_butter,cost,benchmark_proxy,benchmark_only,Barry Callebaut,Cocoa / Chocolate / Cocoa Butter,general_cost_or_market_context,medium,False,True,"Source contains cost, price, market, benchmark, or index language for cost bucket: general_cost_or_market_context."
EV_COCOA_CHOCOLATE_COCOA_BUTTER_0035_306,DOC_3A67DADA572A,barry_callebaut_annual_report_or_full_year_results_2024_25.pdf,cocoa_chocolate_cocoa_butter,cost,benchmark_proxy,benchmark_only,Barry Callebaut,Sugar,sugar,medium,False,True,"Source contains cost, price, market, benchmark, or index language for cost bucket: sugar."
EV_COCOA_CHOCOLATE_COCOA_BUTTER_0035_307,DOC_3A67DADA572A,barry_callebaut_annual_report_or_full_year_results_2024_25.pdf,cocoa_chocolate_cocoa_butter,cost,benchmark_proxy,benchmark_only,Barry Callebaut,Sugar,sugar,medium,False,True,"Source contains cost, price, market, benchmark, or index language for cost bucket: sugar."
EV_COCOA_CHOCOLATE_COCOA_BUTTER_0035_308,DOC_3A67DADA572A,barry_callebaut_annual_report_or_full_year_results_2024_25.pdf,cocoa_chocolate_cocoa_butter,cost,benchmark_proxy,benchmark_only,Barry Callebaut,Cocoa / Chocolate / Cocoa Butter,general_cost_or_market_context,medium,False,True,"Source contains cost, price, market, benchmark, or index language for cost bucket: general_cost_or_market_context."
EV_COCOA_CHOCOLATE_COCOA_BUTTER_0035_309,DOC_3A67DADA572A,barry_callebaut_annual_report_or_full_year_results_2024_25.pdf,cocoa_chocolate_cocoa_butter,cost,benchmark_proxy,benchmark_only,Barry Callebaut,Milk / Dairy,dairy,medium,False,True,"Source contains cost, price, market, benchmark, or index language for cost bucket: dairy."
EV_COCOA_CHOCOLATE_COCOA_BUTTER_0035_310,DOC_3A67DADA572A,barry_callebaut_annual_report_or_full_year_results_2024_25.pdf,cocoa_chocolate_cocoa_butter,cost,benchmark_proxy,benchmark_only,Barry Callebaut,Cocoa / Chocolate / Cocoa Butter,general_cost_or_market_context,medium,False,True,"Source contains cost, price, market, benchmark, or index language for cost bucket: general_cost_or_market_context."
EV_COCOA_CHOCOLATE_COCOA_BUTTER_0035_311,DOC_3A67DADA572A,barry_callebaut_annual_report_or_full_year_results_2024_25.pdf,cocoa_chocolate_cocoa_butter,cost,benchmark_proxy,benchmark_only,Barry Callebaut,Cocoa / Chocolate / Cocoa Butter,general_cost_or_market_context,medium,False,True,"Source contains cost, price, market, benchmark, or index language for cost bucket: general_cost_or_market_context."
EV_COCOA_CHOCOLATE_COCOA_BUTTER_0035_312,DOC_3A67DADA572A,barry_callebaut_annual_report_or_full_year_results_2024_25.pdf,cocoa_chocolate_cocoa_butter,cost,benchmark_proxy,benchmark_only,Barry Callebaut,Cocoa / Chocolate / Cocoa Butter,general_cost_or_market_context,medium,False,True,"Source contains cost, price, market, benchmark, or index language for cost bucket: general_cost_or_market_context."
EV_COCOA_CHOCOLATE_COCOA_BUTTER_0035_313,DOC_3A67DADA572A,barry_callebaut_annual_report_or_full_year_results_2024_25.pdf,cocoa_chocolate_cocoa_butter,cost,benchmark_proxy,benchmark_only,Barry Callebaut,Cocoa / Chocolate / Cocoa Butter,general_cost_or_market_context,medium,False,True,"Source contains cost, price, market, benchmark, or index language for cost bucket: general_cost_or_market_context."
EV_COCOA_CHOCOLATE_COCOA_BUTTER_0035_314,DOC_3A67DADA572A,barry_callebaut_annual_report_or_full_year_results_2024_25.pdf,cocoa_chocolate_cocoa_butter,cost,benchmark_proxy,benchmark_only,Barry Callebaut,Cocoa / Chocolate / Cocoa Butter,general_cost_or_market_context,medium,False,True,"Source contains cost, price, market, benchmark, or index language for cost bucket: general_cost_or_market_context."
EV_COCOA_CHOCOLATE_COCOA_BUTTER_0035_315,DOC_3A67DADA572A,barry_callebaut_annual_report_or_full_year_results_2024_25.pdf,cocoa_chocolate_cocoa_butter,cost,benchmark_proxy,benchmark_only,Barry Callebaut,Cocoa / Chocolate / Cocoa Butter,general_cost_or_market_context,medium,False,True,"Source contains cost, price, market, benchmark, or index language for cost bucket: general_cost_or_market_context."
EV_COCOA_CHOCOLATE_COCOA_BUTTER_0035_316,DOC_3A67DADA572A,barry_callebaut_annual_report_or_full_year_results_2024_25.pdf,cocoa_chocolate_cocoa_butter,cost,benchmark_proxy,benchmark_only,Barry Callebaut,Cocoa / Chocolate / Cocoa Butter,general_cost_or_market_context,medium,False,True,"Source contains cost, price, market, benchmark, or index language for cost bucket: general_cost_or_market_context."
EV_COCOA_CHOCOLATE_COCOA_BUTTER_0035_317,DOC_3A67DADA572A,barry_callebaut_annual_report_or_full_year_results_2024_25.pdf,cocoa_chocolate_cocoa_butter,cost,benchmark_proxy,benchmark_only,Barry Callebaut,Cocoa / Chocolate / Cocoa Butter,general_cost_or_market_context,medium,False,True,"Source contains cost, price, market, benchmark, or index language for cost bucket: general_cost_or_market_context."
EV_COCOA_CHOCOLATE_COCOA_BUTTER_0035_318,DOC_3A67DADA572A,barry_callebaut_annual_report_or_full_year_results_2024_25.pdf,cocoa_chocolate_cocoa_butter,cost,benchmark_proxy,benchmark_only,Barry Callebaut,Cocoa / Chocolate / Cocoa Butter,general_cost_or_market_context,medium,False,True,"Source contains cost, price, market, benchmark, or index language for cost bucket: general_cost_or_market_context."
EV_COCOA_CHOCOLATE_COCOA_BUTTER_0035_319,DOC_3A67DADA572A,barry_callebaut_annual_report_or_full_year_results_2024_25.pdf,cocoa_chocolate_cocoa_butter,cost,benchmark_proxy,benchmark_only,Barry Callebaut,Cocoa / Chocolate / Cocoa Butter,general_cost_or_market_context,medium,False,True,"Source contains cost, price, market, benchmark, or index language for cost bucket: general_cost_or_market_context."
EV_COCOA_CHOCOLATE_COCOA_BUTTER_0035_320,DOC_3A67DADA572A,barry_callebaut_annual_report_or_full_year_results_2024_25.pdf,cocoa_chocolate_cocoa_butter,cost,benchmark_proxy,benchmark_only,Barry Callebaut,Cocoa / Chocolate / Cocoa Butter,general_cost_or_market_context,medium,False,True,"Source contains cost, price, market, benchmark, or index language for cost bucket: general_cost_or_market_context."
EV_COCOA_CHOCOLATE_COCOA_BUTTER_0035_321,DOC_3A67DADA572A,barry_callebaut_annual_report_or_full_year_results_2024_25.pdf,cocoa_chocolate_cocoa_butter,cost,benchmark_proxy,benchmark_only,Barry Callebaut,Cocoa / Chocolate / Cocoa Butter,general_cost_or_market_context,medium,False,True,"Source contains cost, price, market, benchmark, or index language for cost bucket: general_cost_or_market_context."
EV_COCOA_CHOCOLATE_COCOA_BUTTER_0035_322,DOC_3A67DADA572A,barry_callebaut_annual_report_or_full_year_results_2024_25.pdf,cocoa_chocolate_cocoa_butter,cost,benchmark_proxy,benchmark_only,Barry Callebaut,Cocoa / Chocolate / Cocoa Butter,general_cost_or_market_context,medium,False,True,"Source contains cost, price, market, benchmark, or index language for cost bucket: general_cost_or_market_context."
EV_COCOA_CHOCOLATE_COCOA_BUTTER_0035_323,DOC_3A67DADA572A,barry_callebaut_annual_report_or_full_year_results_2024_25.pdf,cocoa_chocolate_cocoa_butter,cost,benchmark_proxy,benchmark_only,Barry Callebaut,Cocoa / Chocolate / Cocoa Butter,general_cost_or_market_context,medium,False,True,"Source contains cost, price, market, benchmark, or index language for cost bucket: general_cost_or_market_context."
EV_COCOA_CHOCOLATE_COCOA_BUTTER_0035_324,DOC_3A67DADA572A,barry_callebaut_annual_report_or_full_year_results_2024_25.pdf,cocoa_chocolate_cocoa_butter,cost,benchmark_proxy,benchmark_only,Barry Callebaut,Cocoa / Chocolate,cocoa_chocolate_cocoa_butter,medium,False,True,"Source contains cost, price, market, benchmark, or index language for cost bucket: cocoa_chocolate_cocoa_butter."
EV_COCOA_CHOCOLATE_COCOA_BUTTER_0035_325,DOC_3A67DADA572A,barry_callebaut_annual_report_or_full_year_results_2024_25.pdf,cocoa_chocolate_cocoa_butter,cost,benchmark_proxy,benchmark_only,Barry Callebaut,Cocoa / Chocolate / Cocoa Butter,general_cost_or_market_context,medium,False,True,"Source contains cost, price, market, benchmark, or index language for cost bucket: general_cost_or_market_context."
EV_COCOA_CHOCOLATE_COCOA_BUTTER_0035_326,DOC_3A67DADA572A,barry_callebaut_annual_report_or_full_year_results_2024_25.pdf,cocoa_chocolate_cocoa_butter,cost,benchmark_proxy,benchmark_only,Barry Callebaut,Cocoa / Chocolate / Cocoa Butter,general_cost_or_market_context,medium,False,True,"Source contains cost, price, market, benchmark, or index language for cost bucket: general_cost_or_market_context."
EV_COCOA_CHOCOLATE_COCOA_BUTTER_0035_327,DOC_3A67DADA572A,barry_callebaut_annual_report_or_full_year_results_2024_25.pdf,cocoa_chocolate_cocoa_butter,cost,benchmark_proxy,benchmark_only,Barry Callebaut,Cocoa / Chocolate / Cocoa Butter,general_cost_or_market_context,medium,False,True,"Source contains cost, price, market, benchmark, or index language for cost bucket: general_cost_or_market_context."
EV_COCOA_CHOCOLATE_COCOA_BUTTER_0035_328,DOC_3A67DADA572A,barry_callebaut_annual_report_or_full_year_results_2024_25.pdf,cocoa_chocolate_cocoa_butter,cost,benchmark_proxy,benchmark_only,Barry Callebaut,Cocoa / Chocolate / Cocoa Butter,general_cost_or_market_context,medium,False,True,"Source contains cost, price, market, benchmark, or index language for cost bucket: general_cost_or_market_context."
EV_COCOA_CHOCOLATE_COCOA_BUTTER_0035_329,DOC_3A67DADA572A,barry_callebaut_annual_report_or_full_year_results_2024_25.pdf,cocoa_chocolate_cocoa_butter,cost,benchmark_proxy,benchmark_only,Barry Callebaut,Cocoa / Chocolate,cocoa_chocolate_cocoa_butter,medium,False,True,"Source contains cost, price, market, benchmark, or index language for cost bucket: cocoa_chocolate_cocoa_butter."
EV_COCOA_CHOCOLATE_COCOA_BUTTER_0035_900,DOC_3A67DADA572A,barry_callebaut_annual_report_or_full_year_results_2024_25.pdf,cocoa_chocolate_cocoa_butter,supplier,benchmark_proxy,benchmark_only,Barry Callebaut,Cocoa / Chocolate,,medium,False,True,Barry Callebaut is candidate company-level evidence for the Cocoa / Chocolate / Cocoa Butter stream.
EV_DAIRY_MILK_SKIM_MILK_MILK_FAT_0036_001,DOC_3C5045700A98,land_o_lakes_hershey_chesapeake_bay_page.pdf,dairy_milk_skim_milk_milk_fat,ingredient,direct,probable,The Hershey Company,Milk / Dairy,,medium,False,True,Source document available for packet: dairy_milk_skim_milk_milk_fat.
EV_LOGISTICS_DISTRIBUTION_0037_001,DOC_3C7D40BBDFD0,mclane_logo_asset.png,logistics_distribution,visual_asset,reference_only,illustrative_only,McLane,,,low,False,True,Source document available for packet: logistics_distribution.
EV_LOGISTICS_DISTRIBUTION_0037_900,DOC_3C7D40BBDFD0,mclane_logo_asset.png,logistics_distribution,supplier,direct,company_level_confirmed,McLane,,,high,False,True,McLane is candidate company-level evidence for the Distribution / Downstream Channel stream.
EV_DAIRY_MILK_SKIM_MILK_MILK_FAT_0038_001,DOC_3DACF0FBC836,hershey_latest_esg_dairy_section.pdf,dairy_milk_skim_milk_milk_fat,ingredient,benchmark_proxy,benchmark_only,The Hershey Company,Cocoa / Chocolate,,medium,False,True,Source document available for packet: dairy_milk_skim_milk_milk_fat.
EV_DAIRY_MILK_SKIM_MILK_MILK_FAT_0038_301,DOC_3DACF0FBC836,hershey_latest_esg_dairy_section.pdf,dairy_milk_skim_milk_milk_fat,cost,benchmark_proxy,benchmark_only,The Hershey Company,Milk / Skim Milk / Milk Fat,general_cost_or_market_context,medium,False,True,"Source contains cost, price, market, benchmark, or index language for cost bucket: general_cost_or_market_context."
EV_DAIRY_MILK_SKIM_MILK_MILK_FAT_0038_302,DOC_3DACF0FBC836,hershey_latest_esg_dairy_section.pdf,dairy_milk_skim_milk_milk_fat,cost,benchmark_proxy,benchmark_only,The Hershey Company,Milk / Skim Milk / Milk Fat,general_cost_or_market_context,medium,False,True,"Source contains cost, price, market, benchmark, or index language for cost bucket: general_cost_or_market_context."
EV_DAIRY_MILK_SKIM_MILK_MILK_FAT_0038_303,DOC_3DACF0FBC836,hershey_latest_esg_dairy_section.pdf,dairy_milk_skim_milk_milk_fat,cost,benchmark_proxy,benchmark_only,The Hershey Company,Milk / Skim Milk / Milk Fat,general_cost_or_market_context,medium,False,True,"Source contains cost, price, market, benchmark, or index language for cost bucket: general_cost_or_market_context."
EV_DAIRY_MILK_SKIM_MILK_MILK_FAT_0038_304,DOC_3DACF0FBC836,hershey_latest_esg_dairy_section.pdf,dairy_milk_skim_milk_milk_fat,cost,benchmark_proxy,benchmark_only,The Hershey Company,Milk / Skim Milk / Milk Fat,general_cost_or_market_context,medium,False,True,"Source contains cost, price, market, benchmark, or index language for cost bucket: general_cost_or_market_context."
EV_DAIRY_MILK_SKIM_MILK_MILK_FAT_0039_001,DOC_3FF97ACFA90D,hershey_dairy_sourcing_page.pdf,dairy_milk_skim_milk_milk_fat,ingredient,direct,unknown,The Hershey Company,Milk / Dairy,,low,False,True,Source document available for packet: dairy_milk_skim_milk_milk_fat.
EV_DAIRY_MILK_SKIM_MILK_MILK_FAT_0040_001,DOC_400268FDC92A,nonfat_dry_milk_skim_milk_explanation.pdf,dairy_milk_skim_milk_milk_fat,ingredient,benchmark_proxy,unknown,dairy_milk_skim_milk_milk_fat,Milk / Dairy,,low,False,True,Source document available for packet: dairy_milk_skim_milk_milk_fat.
EV_LOGISTICS_DISTRIBUTION_0041_001,DOC_41FA1AC07EDD,retail_wholesale_distribution_explanation.pdf,logistics_distribution,logistics,benchmark_proxy,unknown,logistics_distribution,,,low,False,True,Source document available for packet: logistics_distribution.
EV_COCOA_CHOCOLATE_COCOA_BUTTER_0042_001,DOC_444A249CB5CF,barry_callebaut_social_environmental_impact_report_2024_25.pdf,cocoa_chocolate_cocoa_butter,ingredient,benchmark_proxy,benchmark_only,Barry Callebaut,Cocoa / Chocolate,,medium,False,True,Source document available for packet: cocoa_chocolate_cocoa_butter.
EV_COCOA_CHOCOLATE_COCOA_BUTTER_0042_101,DOC_444A249CB5CF,barry_callebaut_social_environmental_impact_report_2024_25.pdf,cocoa_chocolate_cocoa_butter,supplier,benchmark_proxy,benchmark_only,Barry Callebaut,Cocoa / Chocolate,,medium,False,True,USDA ERS has relationship language connected to Cocoa: company-to-ingredient/stage relationship language detected.
EV_COCOA_CHOCOLATE_COCOA_BUTTER_0042_301,DOC_444A249CB5CF,barry_callebaut_social_environmental_impact_report_2024_25.pdf,cocoa_chocolate_cocoa_butter,cost,benchmark_proxy,benchmark_only,Barry Callebaut,Cocoa / Chocolate / Cocoa Butter,general_cost_or_market_context,medium,False,True,"Source contains cost, price, market, benchmark, or index language for cost bucket: general_cost_or_market_context."
EV_COCOA_CHOCOLATE_COCOA_BUTTER_0042_302,DOC_444A249CB5CF,barry_callebaut_social_environmental_impact_report_2024_25.pdf,cocoa_chocolate_cocoa_butter,cost,benchmark_proxy,benchmark_only,Barry Callebaut,Cocoa / Chocolate,cocoa_chocolate_cocoa_butter,medium,False,True,"Source contains cost, price, market, benchmark, or index language for cost bucket: cocoa_chocolate_cocoa_butter."
EV_COCOA_CHOCOLATE_COCOA_BUTTER_0042_303,DOC_444A249CB5CF,barry_callebaut_social_environmental_impact_report_2024_25.pdf,cocoa_chocolate_cocoa_butter,cost,benchmark_proxy,benchmark_only,Barry Callebaut,Milk / Dairy,dairy,medium,False,True,"Source contains cost, price, market, benchmark, or index language for cost bucket: dairy."
EV_COCOA_CHOCOLATE_COCOA_BUTTER_0042_304,DOC_444A249CB5CF,barry_callebaut_social_environmental_impact_report_2024_25.pdf,cocoa_chocolate_cocoa_butter,cost,benchmark_proxy,benchmark_only,Barry Callebaut,Cocoa / Chocolate / Cocoa Butter,general_cost_or_market_context,medium,False,True,"Source contains cost, price, market, benchmark, or index language for cost bucket: general_cost_or_market_context."
EV_COCOA_CHOCOLATE_COCOA_BUTTER_0042_305,DOC_444A249CB5CF,barry_callebaut_social_environmental_impact_report_2024_25.pdf,cocoa_chocolate_cocoa_butter,cost,benchmark_proxy,benchmark_only,Barry Callebaut,Cocoa / Chocolate / Cocoa Butter,general_cost_or_market_context,medium,False,True,"Source contains cost, price, market, benchmark, or index language for cost bucket: general_cost_or_market_context."
EV_COCOA_CHOCOLATE_COCOA_BUTTER_0042_900,DOC_444A249CB5CF,barry_callebaut_social_environmental_impact_report_2024_25.pdf,cocoa_chocolate_cocoa_butter,supplier,benchmark_proxy,benchmark_only,Barry Callebaut,Cocoa / Chocolate,,medium,False,True,Barry Callebaut is candidate company-level evidence for the Cocoa / Chocolate / Cocoa Butter stream.
EV_PRODUCT_SKU_1_55OZ_0043_001,DOC_463FD3B8EDC9,Hershey Front.webp,product_sku_1_55oz,visual_asset,reference_only,illustrative_only,The Hershey Company,,,low,False,True,Source document available for packet: product_sku_1_55oz.
EV_HERSHEY_COMPANY_0044_001,DOC_4798F11F2524,Palm-Oil-The-Hershey-Company-05-06-2026_02_22_PM.pdf,hershey_company,raw_material,direct,unknown,The Hershey Company,,,low,False,True,Source document available for packet: hershey_company.
EV_RETAIL_PRICE_EVIDENCE_0045_001,DOC_4D6583498B7A,target_hershey_1_55oz_price_page.pdf,retail_price_evidence,retail,direct,sku_level_confirmed,Target,,,high,False,True,Source document available for packet: retail_price_evidence.
EV_LOGISTICS_DISTRIBUTION_0046_001,DOC_4ED7D04B1CB5,pswrgvwall.xls,logistics_distribution,logistics,benchmark_proxy,benchmark_only,USDA,,,medium,False,False,Source document available for packet: logistics_distribution.
EV_LOGISTICS_DISTRIBUTION_0046_301,DOC_4ED7D04B1CB5,pswrgvwall.xls,logistics_distribution,cost,benchmark_proxy,benchmark_only,USDA ERS,,retail_price,medium,False,False,"Source contains cost, price, market, benchmark, or index language for cost bucket: retail_price."
EV_LOGISTICS_DISTRIBUTION_0046_302,DOC_4ED7D04B1CB5,pswrgvwall.xls,logistics_distribution,cost,benchmark_proxy,benchmark_only,USDA ERS,,retail_price,medium,False,False,"Source contains cost, price, market, benchmark, or index language for cost bucket: retail_price."
EV_LOGISTICS_DISTRIBUTION_0046_303,DOC_4ED7D04B1CB5,pswrgvwall.xls,logistics_distribution,cost,benchmark_proxy,benchmark_only,USDA ERS,,retail_price,medium,False,False,"Source contains cost, price, market, benchmark, or index language for cost bucket: retail_price."
EV_LOGISTICS_DISTRIBUTION_0046_304,DOC_4ED7D04B1CB5,pswrgvwall.xls,logistics_distribution,cost,benchmark_proxy,benchmark_only,USDA ERS,,retail_price,medium,False,False,"Source contains cost, price, market, benchmark, or index language for cost bucket: retail_price."
EV_LOGISTICS_DISTRIBUTION_0046_305,DOC_4ED7D04B1CB5,pswrgvwall.xls,logistics_distribution,cost,benchmark_proxy,benchmark_only,USDA ERS,,retail_price,medium,False,False,"Source contains cost, price, market, benchmark, or index language for cost bucket: retail_price."
EV_SUGAR_0047_001,DOC_4FB6669959F5,asr_fy23_sustainability_report.pdf,sugar,ingredient,benchmark_proxy,benchmark_only,American Sugar Refining / ASR,Sugar,,medium,False,True,Source document available for packet: sugar.
EV_SUGAR_0047_301,DOC_4FB6669959F5,asr_fy23_sustainability_report.pdf,sugar,cost,benchmark_proxy,benchmark_only,American Sugar Refining / ASR,Sugar,general_cost_or_market_context,medium,False,True,"Source contains cost, price, market, benchmark, or index language for cost bucket: general_cost_or_market_context."
EV_SUGAR_0047_302,DOC_4FB6669959F5,asr_fy23_sustainability_report.pdf,sugar,cost,benchmark_proxy,benchmark_only,American Sugar Refining / ASR,Sugar,general_cost_or_market_context,medium,False,True,"Source contains cost, price, market, benchmark, or index language for cost bucket: general_cost_or_market_context."
EV_SUGAR_0047_303,DOC_4FB6669959F5,asr_fy23_sustainability_report.pdf,sugar,cost,benchmark_proxy,benchmark_only,American Sugar Refining / ASR,Sugar,general_cost_or_market_context,medium,False,True,"Source contains cost, price, market, benchmark, or index language for cost bucket: general_cost_or_market_context."
EV_SUGAR_0047_304,DOC_4FB6669959F5,asr_fy23_sustainability_report.pdf,sugar,cost,benchmark_proxy,benchmark_only,American Sugar Refining / ASR,Sugar,general_cost_or_market_context,medium,False,True,"Source contains cost, price, market, benchmark, or index language for cost bucket: general_cost_or_market_context."
EV_SUGAR_0047_305,DOC_4FB6669959F5,asr_fy23_sustainability_report.pdf,sugar,cost,benchmark_proxy,benchmark_only,American Sugar Refining / ASR,Sugar,general_cost_or_market_context,medium,False,True,"Source contains cost, price, market, benchmark, or index language for cost bucket: general_cost_or_market_context."
EV_SUGAR_0047_900,DOC_4FB6669959F5,asr_fy23_sustainability_report.pdf,sugar,supplier,benchmark_proxy,benchmark_only,American Sugar Refining / ASR,Sugar,,medium,False,True,American Sugar Refining / ASR is candidate company-level evidence for the Sugar stream.
EV_SOY_LECITHIN_0048_001,DOC_51C8BD35B96E,lecithin_emulsifier_chocolate_use.pdf,soy_lecithin,ingredient,benchmark_proxy,unknown,soy_lecithin,Cocoa / Chocolate,,low,False,True,Source document available for packet: soy_lecithin.
EV_SOY_LECITHIN_0048_900,DOC_51C8BD35B96E,lecithin_emulsifier_chocolate_use.pdf,soy_lecithin,ingredient,benchmark_proxy,unknown,soy_lecithin,Cocoa / Chocolate,,low,False,True,Soy Lecithin packet is ingredient/function evidence with supplier currently unknown.
EV_SUGAR_0049_001,DOC_535DD6E652B7,asr_group_about_page.pdf,sugar,ingredient,direct,company_level_confirmed,American Sugar Refining / ASR,Sugar,,high,False,True,Source document available for packet: sugar.
EV_LOGISTICS_DISTRIBUTION_0050_001,DOC_55B0E1DB0BD6,common_carrier_freight_explanation.pdf,logistics_distribution,logistics,benchmark_proxy,unknown,logistics_distribution,,,low,False,True,Source document available for packet: logistics_distribution.
EV_PGPR_0051_001,DOC_5BC712652F98,pgpr_market_overview_reference.pdf,pgpr,ingredient,benchmark_proxy,benchmark_only,Target,Cocoa Butter,,medium,False,False,Source document available for packet: pgpr.
EV_PGPR_0051_101,DOC_5BC712652F98,pgpr_market_overview_reference.pdf,pgpr,supplier,benchmark_proxy,benchmark_only,Target,PGPR,,medium,False,False,USDA ERS has relationship language connected to PGPR: company-to-ingredient/stage relationship language detected.
EV_PGPR_0051_102,DOC_5BC712652F98,pgpr_market_overview_reference.pdf,pgpr,supplier,benchmark_proxy,benchmark_only,Target,PGPR,,medium,False,False,USDA ERS has relationship language connected to USDA AMS: relationship language detected.
EV_PGPR_0051_301,DOC_5BC712652F98,pgpr_market_overview_reference.pdf,pgpr,cost,benchmark_proxy,benchmark_only,Target,PGPR,pgpr,medium,False,False,"Source contains cost, price, market, benchmark, or index language for cost bucket: pgpr."
EV_PGPR_0051_302,DOC_5BC712652F98,pgpr_market_overview_reference.pdf,pgpr,cost,benchmark_proxy,benchmark_only,Target,PGPR,general_cost_or_market_context,medium,False,False,"Source contains cost, price, market, benchmark, or index language for cost bucket: general_cost_or_market_context."
EV_PGPR_0051_303,DOC_5BC712652F98,pgpr_market_overview_reference.pdf,pgpr,cost,benchmark_proxy,benchmark_only,Target,PGPR,pgpr,medium,False,False,"Source contains cost, price, market, benchmark, or index language for cost bucket: pgpr."
EV_PGPR_0051_304,DOC_5BC712652F98,pgpr_market_overview_reference.pdf,pgpr,cost,benchmark_proxy,benchmark_only,Target,PGPR,general_cost_or_market_context,medium,False,False,"Source contains cost, price, market, benchmark, or index language for cost bucket: general_cost_or_market_context."
EV_PGPR_0051_305,DOC_5BC712652F98,pgpr_market_overview_reference.pdf,pgpr,cost,benchmark_proxy,benchmark_only,Target,PGPR,pgpr,medium,False,False,"Source contains cost, price, market, benchmark, or index language for cost bucket: pgpr."
EV_PGPR_0051_306,DOC_5BC712652F98,pgpr_market_overview_reference.pdf,pgpr,cost,benchmark_proxy,benchmark_only,Target,PGPR,general_cost_or_market_context,medium,False,False,"Source contains cost, price, market, benchmark, or index language for cost bucket: general_cost_or_market_context."
EV_PGPR_0051_307,DOC_5BC712652F98,pgpr_market_overview_reference.pdf,pgpr,cost,benchmark_proxy,benchmark_only,Target,PGPR,pgpr,medium,False,False,"Source contains cost, price, market, benchmark, or index language for cost bucket: pgpr."
EV_PGPR_0051_308,DOC_5BC712652F98,pgpr_market_overview_reference.pdf,pgpr,cost,benchmark_proxy,benchmark_only,Target,PGPR,general_cost_or_market_context,medium,False,False,"Source contains cost, price, market, benchmark, or index language for cost bucket: general_cost_or_market_context."
EV_PGPR_0051_309,DOC_5BC712652F98,pgpr_market_overview_reference.pdf,pgpr,cost,benchmark_proxy,benchmark_only,Target,PGPR,pgpr,medium,False,False,"Source contains cost, price, market, benchmark, or index language for cost bucket: pgpr."
EV_PGPR_0051_310,DOC_5BC712652F98,pgpr_market_overview_reference.pdf,pgpr,cost,benchmark_proxy,benchmark_only,Target,PGPR,general_cost_or_market_context,medium,False,False,"Source contains cost, price, market, benchmark, or index language for cost bucket: general_cost_or_market_context."
EV_PGPR_0051_311,DOC_5BC712652F98,pgpr_market_overview_reference.pdf,pgpr,cost,benchmark_proxy,benchmark_only,Target,PGPR,general_cost_or_market_context,medium,False,False,"Source contains cost, price, market, benchmark, or index language for cost bucket: general_cost_or_market_context."
EV_PGPR_0051_312,DOC_5BC712652F98,pgpr_market_overview_reference.pdf,pgpr,cost,benchmark_proxy,benchmark_only,Target,PGPR,general_cost_or_market_context,medium,False,False,"Source contains cost, price, market, benchmark, or index language for cost bucket: general_cost_or_market_context."
EV_PGPR_0051_313,DOC_5BC712652F98,pgpr_market_overview_reference.pdf,pgpr,cost,benchmark_proxy,benchmark_only,Target,PGPR,pgpr,medium,False,False,"Source contains cost, price, market, benchmark, or index language for cost bucket: pgpr."
EV_PGPR_0051_314,DOC_5BC712652F98,pgpr_market_overview_reference.pdf,pgpr,cost,benchmark_proxy,benchmark_only,Target,PGPR,general_cost_or_market_context,medium,False,False,"Source contains cost, price, market, benchmark, or index language for cost bucket: general_cost_or_market_context."
EV_PGPR_0051_315,DOC_5BC712652F98,pgpr_market_overview_reference.pdf,pgpr,cost,benchmark_proxy,benchmark_only,Target,PGPR,general_cost_or_market_context,medium,False,False,"Source contains cost, price, market, benchmark, or index language for cost bucket: general_cost_or_market_context."
EV_PGPR_0051_316,DOC_5BC712652F98,pgpr_market_overview_reference.pdf,pgpr,cost,benchmark_proxy,benchmark_only,Target,PGPR,pgpr,medium,False,False,"Source contains cost, price, market, benchmark, or index language for cost bucket: pgpr."
EV_PGPR_0051_317,DOC_5BC712652F98,pgpr_market_overview_reference.pdf,pgpr,cost,benchmark_proxy,benchmark_only,Target,PGPR,general_cost_or_market_context,medium,False,False,"Source contains cost, price, market, benchmark, or index language for cost bucket: general_cost_or_market_context."
EV_PGPR_0051_318,DOC_5BC712652F98,pgpr_market_overview_reference.pdf,pgpr,cost,benchmark_proxy,benchmark_only,Target,PGPR,general_cost_or_market_context,medium,False,False,"Source contains cost, price, market, benchmark, or index language for cost bucket: general_cost_or_market_context."
EV_PGPR_0051_319,DOC_5BC712652F98,pgpr_market_overview_reference.pdf,pgpr,cost,benchmark_proxy,benchmark_only,Target,PGPR,general_cost_or_market_context,medium,False,False,"Source contains cost, price, market, benchmark, or index language for cost bucket: general_cost_or_market_context."
EV_PGPR_0051_320,DOC_5BC712652F98,pgpr_market_overview_reference.pdf,pgpr,cost,benchmark_proxy,benchmark_only,Target,PGPR,pgpr,medium,False,False,"Source contains cost, price, market, benchmark, or index language for cost bucket: pgpr."
EV_PGPR_0051_321,DOC_5BC712652F98,pgpr_market_overview_reference.pdf,pgpr,cost,benchmark_proxy,benchmark_only,Target,PGPR,pgpr,medium,False,False,"Source contains cost, price, market, benchmark, or index language for cost bucket: pgpr."
EV_PGPR_0051_322,DOC_5BC712652F98,pgpr_market_overview_reference.pdf,pgpr,cost,benchmark_proxy,benchmark_only,Target,PGPR,general_cost_or_market_context,medium,False,False,"Source contains cost, price, market, benchmark, or index language for cost bucket: general_cost_or_market_context."
EV_PGPR_0051_323,DOC_5BC712652F98,pgpr_market_overview_reference.pdf,pgpr,cost,benchmark_proxy,benchmark_only,Target,PGPR,general_cost_or_market_context,medium,False,False,"Source contains cost, price, market, benchmark, or index language for cost bucket: general_cost_or_market_context."
EV_PGPR_0051_324,DOC_5BC712652F98,pgpr_market_overview_reference.pdf,pgpr,cost,benchmark_proxy,benchmark_only,Target,PGPR,pgpr,medium,False,False,"Source contains cost, price, market, benchmark, or index language for cost bucket: pgpr."
EV_PGPR_0051_325,DOC_5BC712652F98,pgpr_market_overview_reference.pdf,pgpr,cost,benchmark_proxy,benchmark_only,Target,PGPR,general_cost_or_market_context,medium,False,False,"Source contains cost, price, market, benchmark, or index language for cost bucket: general_cost_or_market_context."
EV_PGPR_0051_326,DOC_5BC712652F98,pgpr_market_overview_reference.pdf,pgpr,cost,benchmark_proxy,benchmark_only,Target,PGPR,general_cost_or_market_context,medium,False,False,"Source contains cost, price, market, benchmark, or index language for cost bucket: general_cost_or_market_context."
EV_PGPR_0051_327,DOC_5BC712652F98,pgpr_market_overview_reference.pdf,pgpr,cost,benchmark_proxy,benchmark_only,Target,PGPR,pgpr,medium,False,False,"Source contains cost, price, market, benchmark, or index language for cost bucket: pgpr."
EV_PGPR_0051_328,DOC_5BC712652F98,pgpr_market_overview_reference.pdf,pgpr,cost,benchmark_proxy,benchmark_only,Target,PGPR,general_cost_or_market_context,medium,False,False,"Source contains cost, price, market, benchmark, or index language for cost bucket: general_cost_or_market_context."
EV_PGPR_0051_329,DOC_5BC712652F98,pgpr_market_overview_reference.pdf,pgpr,cost,benchmark_proxy,benchmark_only,Target,PGPR,general_cost_or_market_context,medium,False,False,"Source contains cost, price, market, benchmark, or index language for cost bucket: general_cost_or_market_context."
EV_PGPR_0051_330,DOC_5BC712652F98,pgpr_market_overview_reference.pdf,pgpr,cost,benchmark_proxy,benchmark_only,Target,PGPR,general_cost_or_market_context,medium,False,False,"Source contains cost, price, market, benchmark, or index language for cost bucket: general_cost_or_market_context."
EV_PGPR_0051_331,DOC_5BC712652F98,pgpr_market_overview_reference.pdf,pgpr,cost,benchmark_proxy,benchmark_only,Target,PGPR,general_cost_or_market_context,medium,False,False,"Source contains cost, price, market, benchmark, or index language for cost bucket: general_cost_or_market_context."
EV_PGPR_0051_332,DOC_5BC712652F98,pgpr_market_overview_reference.pdf,pgpr,cost,benchmark_proxy,benchmark_only,Target,PGPR,general_cost_or_market_context,medium,False,False,"Source contains cost, price, market, benchmark, or index language for cost bucket: general_cost_or_market_context."
EV_PGPR_0051_333,DOC_5BC712652F98,pgpr_market_overview_reference.pdf,pgpr,cost,benchmark_proxy,benchmark_only,Target,PGPR,pgpr,medium,False,False,"Source contains cost, price, market, benchmark, or index language for cost bucket: pgpr."
EV_PGPR_0051_334,DOC_5BC712652F98,pgpr_market_overview_reference.pdf,pgpr,cost,benchmark_proxy,benchmark_only,Target,PGPR,pgpr,medium,False,False,"Source contains cost, price, market, benchmark, or index language for cost bucket: pgpr."
EV_PGPR_0051_335,DOC_5BC712652F98,pgpr_market_overview_reference.pdf,pgpr,cost,benchmark_proxy,benchmark_only,Target,PGPR,general_cost_or_market_context,medium,False,False,"Source contains cost, price, market, benchmark, or index language for cost bucket: general_cost_or_market_context."
EV_PGPR_0051_900,DOC_5BC712652F98,pgpr_market_overview_reference.pdf,pgpr,ingredient,benchmark_proxy,benchmark_only,Target,Cocoa Butter,,medium,False,False,PGPR packet is ingredient/function evidence with supplier currently unknown.
EV_RETAIL_PRICE_EVIDENCE_0052_001,DOC_5E90ED0F32AB,walgreens_hershey_1_55oz_price_page.pdf,retail_price_evidence,retail,direct,sku_level_confirmed,Walgreens,,,high,False,True,Source document available for packet: retail_price_evidence.
EV_PGPR_0053_001,DOC_5EE6EEAC2420,pgpr_processing_polyglycerol_ricinoleic_acid_explanation.pdf,pgpr,ingredient,benchmark_proxy,unknown,pgpr,PGPR,,low,False,True,Source document available for packet: pgpr.
EV_PGPR_0053_900,DOC_5EE6EEAC2420,pgpr_processing_polyglycerol_ricinoleic_acid_explanation.pdf,pgpr,ingredient,benchmark_proxy,unknown,pgpr,PGPR,,low,False,True,PGPR packet is ingredient/function evidence with supplier currently unknown.
EV_HERSHEY_COMPANY_0054_001,DOC_6152C93503AC,hershey_responsible_sourcing_cocoa_page.pdf,hershey_company,raw_material,direct,unknown,The Hershey Company,Cocoa / Chocolate,,low,False,True,Source document available for packet: hershey_company.
EV_PACKAGING_WRAPPER_0055_001,DOC_66F839469130,hershey_pulp_and_paper_sourcing_data.pdf,packaging_wrapper,packaging,benchmark_proxy,benchmark_only,The Hershey Company,Packaging / Wrapper,,medium,False,False,Source document available for packet: packaging_wrapper.
EV_PACKAGING_WRAPPER_0055_101,DOC_66F839469130,hershey_pulp_and_paper_sourcing_data.pdf,packaging_wrapper,supplier,benchmark_proxy,benchmark_only,The Hershey Company,Packaging / Wrapper,,medium,False,False,The Hershey Company has relationship language connected to USDA ERS: relationship language detected.
EV_PACKAGING_WRAPPER_0055_102,DOC_66F839469130,hershey_pulp_and_paper_sourcing_data.pdf,packaging_wrapper,supplier,benchmark_proxy,benchmark_only,The Hershey Company,Packaging / Wrapper,,medium,False,False,The Hershey Company has relationship language connected to USDA ERS: relationship language detected.
EV_PACKAGING_WRAPPER_0055_103,DOC_66F839469130,hershey_pulp_and_paper_sourcing_data.pdf,packaging_wrapper,supplier,benchmark_proxy,benchmark_only,The Hershey Company,Packaging / Wrapper,,medium,False,False,USDA ERS has relationship language connected to Packaging: company-to-ingredient/stage relationship language detected.
EV_PACKAGING_WRAPPER_0055_104,DOC_66F839469130,hershey_pulp_and_paper_sourcing_data.pdf,packaging_wrapper,supplier,benchmark_proxy,benchmark_only,The Hershey Company,Packaging / Wrapper,,medium,False,False,The Hershey Company has relationship language connected to USDA ERS: relationship language detected.
EV_PACKAGING_WRAPPER_0055_900,DOC_66F839469130,hershey_pulp_and_paper_sourcing_data.pdf,packaging_wrapper,ingredient,benchmark_proxy,benchmark_only,The Hershey Company,Packaging / Wrapper,,medium,False,False,Packaging / Wrapper packet is ingredient/function evidence with supplier currently unknown.
EV_SUGAR_0056_001,DOC_672F3875D726,hershey_sustainable_sugar_sourcing_policy.pdf,sugar,ingredient,benchmark_proxy,benchmark_only,The Hershey Company,Sugar,,medium,False,False,Source document available for packet: sugar.
EV_SUGAR_0056_101,DOC_672F3875D726,hershey_sustainable_sugar_sourcing_policy.pdf,sugar,supplier,benchmark_proxy,benchmark_only,The Hershey Company,Sugar,,medium,False,False,The Hershey Company has relationship language connected to USDA ERS: relationship language detected.
EV_SUGAR_0056_102,DOC_672F3875D726,hershey_sustainable_sugar_sourcing_policy.pdf,sugar,supplier,benchmark_proxy,benchmark_only,The Hershey Company,Sugar,,medium,False,False,USDA ERS has relationship language connected to USDA AMS: relationship language detected.
EV_SUGAR_0056_103,DOC_672F3875D726,hershey_sustainable_sugar_sourcing_policy.pdf,sugar,supplier,benchmark_proxy,benchmark_only,The Hershey Company,Sugar,,medium,False,False,The Hershey Company has relationship language connected to USDA ERS: relationship language detected.
EV_SUGAR_0056_104,DOC_672F3875D726,hershey_sustainable_sugar_sourcing_policy.pdf,sugar,supplier,benchmark_proxy,benchmark_only,The Hershey Company,Sugar,,medium,False,False,The Hershey Company has relationship language connected to USDA ERS: relationship language detected.
EV_DAIRY_MILK_SKIM_MILK_MILK_FAT_0057_001,DOC_6ECEDE6AFBC2,epa_hershey_land_o_lakes_pa_dairy_farms_2m_commitment.pdf,dairy_milk_skim_milk_milk_fat,ingredient,direct,probable,The Hershey Company,Milk / Dairy,,medium,False,True,Source document available for packet: dairy_milk_skim_milk_milk_fat.
EV_SUGAR_0058_001,DOC_6F01C5426EEB,usda_ers_sugar_sweeteners_yearbook_tables.xlsx,sugar,ingredient,benchmark_proxy,benchmark_only,USDA,Sugar,,medium,False,False,Source document available for packet: sugar.
EV_COCOA_CHOCOLATE_COCOA_BUTTER_0059_001,DOC_71BF5D9AF123,barry_callebaut_hershey_supply_agreement_page.pdf,cocoa_chocolate_cocoa_butter,ingredient,direct,probable,The Hershey Company,Cocoa / Chocolate,,medium,False,True,Source document available for packet: cocoa_chocolate_cocoa_butter.
EV_LOGISTICS_DISTRIBUTION_0060_001,DOC_71CE92D20645,hershey_distribution_center_logistics_reference.pdf,logistics_distribution,logistics,direct,unknown,The Hershey Company,,,low,False,True,Source document available for packet: logistics_distribution.
EV_HERSHEY_COMPANY_0061_001,DOC_73F44125570A,hershey_latest_esg_sugar_section.pdf,hershey_company,raw_material,benchmark_proxy,benchmark_only,The Hershey Company,Cocoa / Chocolate,,medium,False,True,Source document available for packet: hershey_company.
EV_HERSHEY_COMPANY_0061_101,DOC_73F44125570A,hershey_latest_esg_sugar_section.pdf,hershey_company,supplier,benchmark_proxy,benchmark_only,The Hershey Company,Cocoa / Chocolate,,medium,False,True,The Hershey Company has relationship language connected to USDA ERS: relationship language detected.
EV_HERSHEY_COMPANY_0061_301,DOC_73F44125570A,hershey_latest_esg_sugar_section.pdf,hershey_company,cost,benchmark_proxy,benchmark_only,The Hershey Company,,general_cost_or_market_context,medium,False,True,"Source contains cost, price, market, benchmark, or index language for cost bucket: general_cost_or_market_context."
EV_HERSHEY_COMPANY_0061_302,DOC_73F44125570A,hershey_latest_esg_sugar_section.pdf,hershey_company,cost,benchmark_proxy,benchmark_only,The Hershey Company,,general_cost_or_market_context,medium,False,True,"Source contains cost, price, market, benchmark, or index language for cost bucket: general_cost_or_market_context."
EV_HERSHEY_COMPANY_0061_303,DOC_73F44125570A,hershey_latest_esg_sugar_section.pdf,hershey_company,cost,benchmark_proxy,benchmark_only,The Hershey Company,,general_cost_or_market_context,medium,False,True,"Source contains cost, price, market, benchmark, or index language for cost bucket: general_cost_or_market_context."
EV_HERSHEY_COMPANY_0061_304,DOC_73F44125570A,hershey_latest_esg_sugar_section.pdf,hershey_company,cost,benchmark_proxy,benchmark_only,The Hershey Company,,general_cost_or_market_context,medium,False,True,"Source contains cost, price, market, benchmark, or index language for cost bucket: general_cost_or_market_context."
EV_HERSHEY_COMPANY_0061_305,DOC_73F44125570A,hershey_latest_esg_sugar_section.pdf,hershey_company,cost,benchmark_proxy,benchmark_only,The Hershey Company,,general_cost_or_market_context,medium,False,True,"Source contains cost, price, market, benchmark, or index language for cost bucket: general_cost_or_market_context."
EV_SUGAR_0062_001,DOC_74966F03A6A3,hershey_sugar_sourcing_page.pdf,sugar,ingredient,direct,unknown,The Hershey Company,Sugar,,low,False,True,Source document available for packet: sugar.
EV_DAIRY_MILK_SKIM_MILK_MILK_FAT_0063_001,DOC_75DA5EE841E9,hershey_sustainable_dairy_pa_2021_press_release.pdf,dairy_milk_skim_milk_milk_fat,ingredient,direct,unknown,The Hershey Company,Milk / Dairy,,low,False,True,Source document available for packet: dairy_milk_skim_milk_milk_fat.
EV_SOY_LECITHIN_0064_001,DOC_7A2EEB1A9F31,soy_lecithin_market_price_reference.pdf,soy_lecithin,ingredient,benchmark_proxy,benchmark_only,soy_lecithin,Soy Lecithin,,medium,False,True,Source document available for packet: soy_lecithin.
EV_SOY_LECITHIN_0064_900,DOC_7A2EEB1A9F31,soy_lecithin_market_price_reference.pdf,soy_lecithin,ingredient,benchmark_proxy,benchmark_only,soy_lecithin,Soy Lecithin,,medium,False,True,Soy Lecithin packet is ingredient/function evidence with supplier currently unknown.
EV_REFERENCE_ONLY_0065_001,DOC_7AD7B5853282,Hersheyland-Explore-Hershey-Products.pdf,reference_only,reference_only,reference_only,illustrative_only,The Hershey Company,,,low,False,True,Source document available for packet: reference_only.
EV_DAIRY_MILK_SKIM_MILK_MILK_FAT_0066_001,DOC_7FED8B7042EA,usda_ams_dairy_market_news_weekly_report_latest.pdf,dairy_milk_skim_milk_milk_fat,ingredient,benchmark_proxy,benchmark_only,USDA,Milk / Dairy,,medium,False,True,Source document available for packet: dairy_milk_skim_milk_milk_fat.
EV_DAIRY_MILK_SKIM_MILK_MILK_FAT_0066_301,DOC_7FED8B7042EA,usda_ams_dairy_market_news_weekly_report_latest.pdf,dairy_milk_skim_milk_milk_fat,cost,benchmark_proxy,benchmark_only,USDA,Milk / Dairy,dairy,medium,False,True,"Source contains cost, price, market, benchmark, or index language for cost bucket: dairy."
EV_DAIRY_MILK_SKIM_MILK_MILK_FAT_0066_302,DOC_7FED8B7042EA,usda_ams_dairy_market_news_weekly_report_latest.pdf,dairy_milk_skim_milk_milk_fat,cost,benchmark_proxy,benchmark_only,USDA,Milk / Skim Milk / Milk Fat,general_cost_or_market_context,medium,False,True,"Source contains cost, price, market, benchmark, or index language for cost bucket: general_cost_or_market_context."
EV_DAIRY_MILK_SKIM_MILK_MILK_FAT_0066_303,DOC_7FED8B7042EA,usda_ams_dairy_market_news_weekly_report_latest.pdf,dairy_milk_skim_milk_milk_fat,cost,benchmark_proxy,benchmark_only,USDA,Milk / Skim Milk / Milk Fat,dairy,medium,False,True,"Source contains cost, price, market, benchmark, or index language for cost bucket: dairy."
EV_DAIRY_MILK_SKIM_MILK_MILK_FAT_0066_304,DOC_7FED8B7042EA,usda_ams_dairy_market_news_weekly_report_latest.pdf,dairy_milk_skim_milk_milk_fat,cost,benchmark_proxy,benchmark_only,USDA,Milk / Skim Milk / Milk Fat,general_cost_or_market_context,medium,False,True,"Source contains cost, price, market, benchmark, or index language for cost bucket: general_cost_or_market_context."
EV_DAIRY_MILK_SKIM_MILK_MILK_FAT_0066_305,DOC_7FED8B7042EA,usda_ams_dairy_market_news_weekly_report_latest.pdf,dairy_milk_skim_milk_milk_fat,cost,benchmark_proxy,benchmark_only,USDA,Milk / Skim Milk / Milk Fat,general_cost_or_market_context,medium,False,True,"Source contains cost, price, market, benchmark, or index language for cost bucket: general_cost_or_market_context."
EV_DAIRY_MILK_SKIM_MILK_MILK_FAT_0066_306,DOC_7FED8B7042EA,usda_ams_dairy_market_news_weekly_report_latest.pdf,dairy_milk_skim_milk_milk_fat,cost,benchmark_proxy,benchmark_only,USDA,Milk / Skim Milk / Milk Fat,general_cost_or_market_context,medium,False,True,"Source contains cost, price, market, benchmark, or index language for cost bucket: general_cost_or_market_context."
EV_DAIRY_MILK_SKIM_MILK_MILK_FAT_0066_307,DOC_7FED8B7042EA,usda_ams_dairy_market_news_weekly_report_latest.pdf,dairy_milk_skim_milk_milk_fat,cost,benchmark_proxy,benchmark_only,USDA,Milk / Dairy,dairy,medium,False,True,"Source contains cost, price, market, benchmark, or index language for cost bucket: dairy."
EV_DAIRY_MILK_SKIM_MILK_MILK_FAT_0066_308,DOC_7FED8B7042EA,usda_ams_dairy_market_news_weekly_report_latest.pdf,dairy_milk_skim_milk_milk_fat,cost,benchmark_proxy,benchmark_only,USDA,Milk / Skim Milk / Milk Fat,general_cost_or_market_context,medium,False,True,"Source contains cost, price, market, benchmark, or index language for cost bucket: general_cost_or_market_context."
EV_DAIRY_MILK_SKIM_MILK_MILK_FAT_0066_309,DOC_7FED8B7042EA,usda_ams_dairy_market_news_weekly_report_latest.pdf,dairy_milk_skim_milk_milk_fat,cost,benchmark_proxy,benchmark_only,USDA,Milk / Skim Milk / Milk Fat,general_cost_or_market_context,medium,False,True,"Source contains cost, price, market, benchmark, or index language for cost bucket: general_cost_or_market_context."
EV_DAIRY_MILK_SKIM_MILK_MILK_FAT_0066_310,DOC_7FED8B7042EA,usda_ams_dairy_market_news_weekly_report_latest.pdf,dairy_milk_skim_milk_milk_fat,cost,benchmark_proxy,benchmark_only,USDA,Milk / Skim Milk / Milk Fat,general_cost_or_market_context,medium,False,True,"Source contains cost, price, market, benchmark, or index language for cost bucket: general_cost_or_market_context."
EV_DAIRY_MILK_SKIM_MILK_MILK_FAT_0066_311,DOC_7FED8B7042EA,usda_ams_dairy_market_news_weekly_report_latest.pdf,dairy_milk_skim_milk_milk_fat,cost,benchmark_proxy,benchmark_only,USDA,Milk / Skim Milk / Milk Fat,general_cost_or_market_context,medium,False,True,"Source contains cost, price, market, benchmark, or index language for cost bucket: general_cost_or_market_context."
EV_DAIRY_MILK_SKIM_MILK_MILK_FAT_0066_312,DOC_7FED8B7042EA,usda_ams_dairy_market_news_weekly_report_latest.pdf,dairy_milk_skim_milk_milk_fat,cost,benchmark_proxy,benchmark_only,USDA,Milk / Skim Milk / Milk Fat,general_cost_or_market_context,medium,False,True,"Source contains cost, price, market, benchmark, or index language for cost bucket: general_cost_or_market_context."
EV_DAIRY_MILK_SKIM_MILK_MILK_FAT_0066_313,DOC_7FED8B7042EA,usda_ams_dairy_market_news_weekly_report_latest.pdf,dairy_milk_skim_milk_milk_fat,cost,benchmark_proxy,benchmark_only,USDA,Milk / Dairy,dairy,medium,False,True,"Source contains cost, price, market, benchmark, or index language for cost bucket: dairy."
EV_DAIRY_MILK_SKIM_MILK_MILK_FAT_0066_314,DOC_7FED8B7042EA,usda_ams_dairy_market_news_weekly_report_latest.pdf,dairy_milk_skim_milk_milk_fat,cost,benchmark_proxy,benchmark_only,USDA,Milk / Dairy,dairy,medium,False,True,"Source contains cost, price, market, benchmark, or index language for cost bucket: dairy."
EV_DAIRY_MILK_SKIM_MILK_MILK_FAT_0066_315,DOC_7FED8B7042EA,usda_ams_dairy_market_news_weekly_report_latest.pdf,dairy_milk_skim_milk_milk_fat,cost,benchmark_proxy,benchmark_only,USDA,Milk / Skim Milk / Milk Fat,dairy,medium,False,True,"Source contains cost, price, market, benchmark, or index language for cost bucket: dairy."
EV_DAIRY_MILK_SKIM_MILK_MILK_FAT_0066_316,DOC_7FED8B7042EA,usda_ams_dairy_market_news_weekly_report_latest.pdf,dairy_milk_skim_milk_milk_fat,cost,benchmark_proxy,benchmark_only,USDA,Milk / Dairy,dairy,medium,False,True,"Source contains cost, price, market, benchmark, or index language for cost bucket: dairy."
EV_DAIRY_MILK_SKIM_MILK_MILK_FAT_0066_317,DOC_7FED8B7042EA,usda_ams_dairy_market_news_weekly_report_latest.pdf,dairy_milk_skim_milk_milk_fat,cost,benchmark_proxy,benchmark_only,USDA,Milk / Dairy,dairy,medium,False,True,"Source contains cost, price, market, benchmark, or index language for cost bucket: dairy."
EV_DAIRY_MILK_SKIM_MILK_MILK_FAT_0066_318,DOC_7FED8B7042EA,usda_ams_dairy_market_news_weekly_report_latest.pdf,dairy_milk_skim_milk_milk_fat,cost,benchmark_proxy,benchmark_only,USDA,Milk / Skim Milk / Milk Fat,general_cost_or_market_context,medium,False,True,"Source contains cost, price, market, benchmark, or index language for cost bucket: general_cost_or_market_context."
EV_DAIRY_MILK_SKIM_MILK_MILK_FAT_0066_319,DOC_7FED8B7042EA,usda_ams_dairy_market_news_weekly_report_latest.pdf,dairy_milk_skim_milk_milk_fat,cost,benchmark_proxy,benchmark_only,USDA,Milk / Skim Milk / Milk Fat,general_cost_or_market_context,medium,False,True,"Source contains cost, price, market, benchmark, or index language for cost bucket: general_cost_or_market_context."
EV_DAIRY_MILK_SKIM_MILK_MILK_FAT_0066_320,DOC_7FED8B7042EA,usda_ams_dairy_market_news_weekly_report_latest.pdf,dairy_milk_skim_milk_milk_fat,cost,benchmark_proxy,benchmark_only,USDA,Milk / Skim Milk / Milk Fat,general_cost_or_market_context,medium,False,True,"Source contains cost, price, market, benchmark, or index language for cost bucket: general_cost_or_market_context."
EV_DAIRY_MILK_SKIM_MILK_MILK_FAT_0066_321,DOC_7FED8B7042EA,usda_ams_dairy_market_news_weekly_report_latest.pdf,dairy_milk_skim_milk_milk_fat,cost,benchmark_proxy,benchmark_only,USDA,Milk / Skim Milk / Milk Fat,general_cost_or_market_context,medium,False,True,"Source contains cost, price, market, benchmark, or index language for cost bucket: general_cost_or_market_context."
EV_DAIRY_MILK_SKIM_MILK_MILK_FAT_0066_322,DOC_7FED8B7042EA,usda_ams_dairy_market_news_weekly_report_latest.pdf,dairy_milk_skim_milk_milk_fat,cost,benchmark_proxy,benchmark_only,USDA,Milk / Skim Milk / Milk Fat,general_cost_or_market_context,medium,False,True,"Source contains cost, price, market, benchmark, or index language for cost bucket: general_cost_or_market_context."
EV_DAIRY_MILK_SKIM_MILK_MILK_FAT_0066_323,DOC_7FED8B7042EA,usda_ams_dairy_market_news_weekly_report_latest.pdf,dairy_milk_skim_milk_milk_fat,cost,benchmark_proxy,benchmark_only,USDA,Milk / Skim Milk / Milk Fat,general_cost_or_market_context,medium,False,True,"Source contains cost, price, market, benchmark, or index language for cost bucket: general_cost_or_market_context."
EV_DAIRY_MILK_SKIM_MILK_MILK_FAT_0066_324,DOC_7FED8B7042EA,usda_ams_dairy_market_news_weekly_report_latest.pdf,dairy_milk_skim_milk_milk_fat,cost,benchmark_proxy,benchmark_only,USDA,Milk / Skim Milk / Milk Fat,general_cost_or_market_context,medium,False,True,"Source contains cost, price, market, benchmark, or index language for cost bucket: general_cost_or_market_context."
EV_DAIRY_MILK_SKIM_MILK_MILK_FAT_0066_325,DOC_7FED8B7042EA,usda_ams_dairy_market_news_weekly_report_latest.pdf,dairy_milk_skim_milk_milk_fat,cost,benchmark_proxy,benchmark_only,USDA,Milk / Skim Milk / Milk Fat,general_cost_or_market_context,medium,False,True,"Source contains cost, price, market, benchmark, or index language for cost bucket: general_cost_or_market_context."
EV_DAIRY_MILK_SKIM_MILK_MILK_FAT_0066_326,DOC_7FED8B7042EA,usda_ams_dairy_market_news_weekly_report_latest.pdf,dairy_milk_skim_milk_milk_fat,cost,benchmark_proxy,benchmark_only,USDA,Milk / Dairy,dairy,medium,False,True,"Source contains cost, price, market, benchmark, or index language for cost bucket: dairy."
EV_DAIRY_MILK_SKIM_MILK_MILK_FAT_0066_327,DOC_7FED8B7042EA,usda_ams_dairy_market_news_weekly_report_latest.pdf,dairy_milk_skim_milk_milk_fat,cost,benchmark_proxy,benchmark_only,USDA,Milk / Skim Milk / Milk Fat,general_cost_or_market_context,medium,False,True,"Source contains cost, price, market, benchmark, or index language for cost bucket: general_cost_or_market_context."
EV_DAIRY_MILK_SKIM_MILK_MILK_FAT_0066_328,DOC_7FED8B7042EA,usda_ams_dairy_market_news_weekly_report_latest.pdf,dairy_milk_skim_milk_milk_fat,cost,benchmark_proxy,benchmark_only,USDA,Milk / Skim Milk / Milk Fat,general_cost_or_market_context,medium,False,True,"Source contains cost, price, market, benchmark, or index language for cost bucket: general_cost_or_market_context."
EV_DAIRY_MILK_SKIM_MILK_MILK_FAT_0066_329,DOC_7FED8B7042EA,usda_ams_dairy_market_news_weekly_report_latest.pdf,dairy_milk_skim_milk_milk_fat,cost,benchmark_proxy,benchmark_only,USDA,Milk / Dairy,dairy,medium,False,True,"Source contains cost, price, market, benchmark, or index language for cost bucket: dairy."
EV_DAIRY_MILK_SKIM_MILK_MILK_FAT_0066_330,DOC_7FED8B7042EA,usda_ams_dairy_market_news_weekly_report_latest.pdf,dairy_milk_skim_milk_milk_fat,cost,benchmark_proxy,benchmark_only,USDA,Milk / Skim Milk / Milk Fat,general_cost_or_market_context,medium,False,True,"Source contains cost, price, market, benchmark, or index language for cost bucket: general_cost_or_market_context."
EV_DAIRY_MILK_SKIM_MILK_MILK_FAT_0066_331,DOC_7FED8B7042EA,usda_ams_dairy_market_news_weekly_report_latest.pdf,dairy_milk_skim_milk_milk_fat,cost,benchmark_proxy,benchmark_only,USDA,Milk / Dairy,dairy,medium,False,True,"Source contains cost, price, market, benchmark, or index language for cost bucket: dairy."
EV_DAIRY_MILK_SKIM_MILK_MILK_FAT_0066_332,DOC_7FED8B7042EA,usda_ams_dairy_market_news_weekly_report_latest.pdf,dairy_milk_skim_milk_milk_fat,cost,benchmark_proxy,benchmark_only,USDA,Milk / Skim Milk / Milk Fat,general_cost_or_market_context,medium,False,True,"Source contains cost, price, market, benchmark, or index language for cost bucket: general_cost_or_market_context."
EV_DAIRY_MILK_SKIM_MILK_MILK_FAT_0066_333,DOC_7FED8B7042EA,usda_ams_dairy_market_news_weekly_report_latest.pdf,dairy_milk_skim_milk_milk_fat,cost,benchmark_proxy,benchmark_only,USDA,Milk / Skim Milk / Milk Fat,general_cost_or_market_context,medium,False,True,"Source contains cost, price, market, benchmark, or index language for cost bucket: general_cost_or_market_context."
EV_DAIRY_MILK_SKIM_MILK_MILK_FAT_0066_334,DOC_7FED8B7042EA,usda_ams_dairy_market_news_weekly_report_latest.pdf,dairy_milk_skim_milk_milk_fat,cost,benchmark_proxy,benchmark_only,USDA,Milk / Dairy,dairy,medium,False,True,"Source contains cost, price, market, benchmark, or index language for cost bucket: dairy."
EV_DAIRY_MILK_SKIM_MILK_MILK_FAT_0066_335,DOC_7FED8B7042EA,usda_ams_dairy_market_news_weekly_report_latest.pdf,dairy_milk_skim_milk_milk_fat,cost,benchmark_proxy,benchmark_only,USDA,Milk / Dairy,dairy,medium,False,True,"Source contains cost, price, market, benchmark, or index language for cost bucket: dairy."
EV_DAIRY_MILK_SKIM_MILK_MILK_FAT_0066_336,DOC_7FED8B7042EA,usda_ams_dairy_market_news_weekly_report_latest.pdf,dairy_milk_skim_milk_milk_fat,cost,benchmark_proxy,benchmark_only,USDA,Milk / Skim Milk / Milk Fat,dairy,medium,False,True,"Source contains cost, price, market, benchmark, or index language for cost bucket: dairy."
EV_DAIRY_MILK_SKIM_MILK_MILK_FAT_0066_337,DOC_7FED8B7042EA,usda_ams_dairy_market_news_weekly_report_latest.pdf,dairy_milk_skim_milk_milk_fat,cost,benchmark_proxy,benchmark_only,USDA,Milk / Skim Milk / Milk Fat,dairy,medium,False,True,"Source contains cost, price, market, benchmark, or index language for cost bucket: dairy."
EV_DAIRY_MILK_SKIM_MILK_MILK_FAT_0066_338,DOC_7FED8B7042EA,usda_ams_dairy_market_news_weekly_report_latest.pdf,dairy_milk_skim_milk_milk_fat,cost,benchmark_proxy,benchmark_only,USDA,Milk / Dairy,dairy,medium,False,True,"Source contains cost, price, market, benchmark, or index language for cost bucket: dairy."
EV_DAIRY_MILK_SKIM_MILK_MILK_FAT_0066_339,DOC_7FED8B7042EA,usda_ams_dairy_market_news_weekly_report_latest.pdf,dairy_milk_skim_milk_milk_fat,cost,benchmark_proxy,benchmark_only,USDA,Milk / Dairy,dairy,medium,False,True,"Source contains cost, price, market, benchmark, or index language for cost bucket: dairy."
EV_DAIRY_MILK_SKIM_MILK_MILK_FAT_0066_340,DOC_7FED8B7042EA,usda_ams_dairy_market_news_weekly_report_latest.pdf,dairy_milk_skim_milk_milk_fat,cost,benchmark_proxy,benchmark_only,USDA,Milk / Skim Milk / Milk Fat,general_cost_or_market_context,medium,False,True,"Source contains cost, price, market, benchmark, or index language for cost bucket: general_cost_or_market_context."
EV_LOGISTICS_DISTRIBUTION_0067_001,DOC_88DAB6FD44D8,cpg_distribution_center_explanation.pdf,logistics_distribution,logistics,benchmark_proxy,unknown,logistics_distribution,,,low,False,True,Source document available for packet: logistics_distribution.
EV_LOGISTICS_DISTRIBUTION_0068_001,DOC_89FEEC7103A9,eia_diesel_price_benchmark.pdf,logistics_distribution,logistics,benchmark_proxy,benchmark_only,EIA,,,medium,False,True,Source document available for packet: logistics_distribution.
EV_PGPR_0069_001,DOC_8E60E28B0A31,efsa_pgpr_e476_reevaluation.pdf,pgpr,ingredient,direct,unknown,EFSA,PGPR,,low,False,True,Source document available for packet: pgpr.
EV_PGPR_0069_900,DOC_8E60E28B0A31,efsa_pgpr_e476_reevaluation.pdf,pgpr,ingredient,direct,unknown,EFSA,PGPR,,low,False,True,PGPR packet is ingredient/function evidence with supplier currently unknown.
EV_COCOA_CHOCOLATE_COCOA_BUTTER_0070_001,DOC_8F85C09572BC,hershey_cocoa_for_good_strategy.pdf,cocoa_chocolate_cocoa_butter,ingredient,direct,unknown,The Hershey Company,Cocoa / Chocolate,,low,False,True,Source document available for packet: cocoa_chocolate_cocoa_butter.
EV_HERSHEY_COMPANY_0071_001,DOC_920988DD536E,Dairy-The-Hershey-Company-05-06-2026_02_22_PM.pdf,hershey_company,raw_material,direct,unknown,The Hershey Company,Milk / Dairy,,low,False,True,Source document available for packet: hershey_company.
EV_DAIRY_MILK_SKIM_MILK_MILK_FAT_0072_001,DOC_9232C3E84540,usda_ams_dairy_monthly_averages_latest.pdf,dairy_milk_skim_milk_milk_fat,ingredient,benchmark_proxy,benchmark_only,USDA,Milk / Dairy,,medium,False,False,Source document available for packet: dairy_milk_skim_milk_milk_fat.
EV_DAIRY_MILK_SKIM_MILK_MILK_FAT_0072_301,DOC_9232C3E84540,usda_ams_dairy_monthly_averages_latest.pdf,dairy_milk_skim_milk_milk_fat,cost,benchmark_proxy,benchmark_only,USDA,Milk / Skim Milk / Milk Fat,general_cost_or_market_context,medium,False,False,"Source contains cost, price, market, benchmark, or index language for cost bucket: general_cost_or_market_context."
EV_DAIRY_MILK_SKIM_MILK_MILK_FAT_0072_302,DOC_9232C3E84540,usda_ams_dairy_monthly_averages_latest.pdf,dairy_milk_skim_milk_milk_fat,cost,benchmark_proxy,benchmark_only,USDA,Milk / Skim Milk / Milk Fat,general_cost_or_market_context,medium,False,False,"Source contains cost, price, market, benchmark, or index language for cost bucket: general_cost_or_market_context."
EV_DAIRY_MILK_SKIM_MILK_MILK_FAT_0072_303,DOC_9232C3E84540,usda_ams_dairy_monthly_averages_latest.pdf,dairy_milk_skim_milk_milk_fat,cost,benchmark_proxy,benchmark_only,USDA,Milk / Dairy,dairy,medium,False,False,"Source contains cost, price, market, benchmark, or index language for cost bucket: dairy."
EV_DAIRY_MILK_SKIM_MILK_MILK_FAT_0072_304,DOC_9232C3E84540,usda_ams_dairy_monthly_averages_latest.pdf,dairy_milk_skim_milk_milk_fat,cost,benchmark_proxy,benchmark_only,USDA,Milk / Dairy,dairy,medium,False,False,"Source contains cost, price, market, benchmark, or index language for cost bucket: dairy."
EV_DAIRY_MILK_SKIM_MILK_MILK_FAT_0072_305,DOC_9232C3E84540,usda_ams_dairy_monthly_averages_latest.pdf,dairy_milk_skim_milk_milk_fat,cost,benchmark_proxy,benchmark_only,USDA,Milk / Dairy,dairy,medium,False,False,"Source contains cost, price, market, benchmark, or index language for cost bucket: dairy."
EV_DAIRY_MILK_SKIM_MILK_MILK_FAT_0072_306,DOC_9232C3E84540,usda_ams_dairy_monthly_averages_latest.pdf,dairy_milk_skim_milk_milk_fat,cost,benchmark_proxy,benchmark_only,USDA,Milk / Dairy,dairy,medium,False,False,"Source contains cost, price, market, benchmark, or index language for cost bucket: dairy."
EV_DAIRY_MILK_SKIM_MILK_MILK_FAT_0072_307,DOC_9232C3E84540,usda_ams_dairy_monthly_averages_latest.pdf,dairy_milk_skim_milk_milk_fat,cost,benchmark_proxy,benchmark_only,USDA,Milk / Skim Milk / Milk Fat,general_cost_or_market_context,medium,False,False,"Source contains cost, price, market, benchmark, or index language for cost bucket: general_cost_or_market_context."
EV_DAIRY_MILK_SKIM_MILK_MILK_FAT_0072_308,DOC_9232C3E84540,usda_ams_dairy_monthly_averages_latest.pdf,dairy_milk_skim_milk_milk_fat,cost,benchmark_proxy,benchmark_only,USDA,Milk / Skim Milk / Milk Fat,general_cost_or_market_context,medium,False,False,"Source contains cost, price, market, benchmark, or index language for cost bucket: general_cost_or_market_context."
EV_DAIRY_MILK_SKIM_MILK_MILK_FAT_0072_309,DOC_9232C3E84540,usda_ams_dairy_monthly_averages_latest.pdf,dairy_milk_skim_milk_milk_fat,cost,benchmark_proxy,benchmark_only,USDA,Milk / Skim Milk / Milk Fat,general_cost_or_market_context,medium,False,False,"Source contains cost, price, market, benchmark, or index language for cost bucket: general_cost_or_market_context."
EV_DAIRY_MILK_SKIM_MILK_MILK_FAT_0072_310,DOC_9232C3E84540,usda_ams_dairy_monthly_averages_latest.pdf,dairy_milk_skim_milk_milk_fat,cost,benchmark_proxy,benchmark_only,USDA,Milk / Skim Milk / Milk Fat,general_cost_or_market_context,medium,False,False,"Source contains cost, price, market, benchmark, or index language for cost bucket: general_cost_or_market_context."
EV_DAIRY_MILK_SKIM_MILK_MILK_FAT_0072_311,DOC_9232C3E84540,usda_ams_dairy_monthly_averages_latest.pdf,dairy_milk_skim_milk_milk_fat,cost,benchmark_proxy,benchmark_only,USDA,Milk / Skim Milk / Milk Fat,general_cost_or_market_context,medium,False,False,"Source contains cost, price, market, benchmark, or index language for cost bucket: general_cost_or_market_context."
EV_DAIRY_MILK_SKIM_MILK_MILK_FAT_0072_312,DOC_9232C3E84540,usda_ams_dairy_monthly_averages_latest.pdf,dairy_milk_skim_milk_milk_fat,cost,benchmark_proxy,benchmark_only,USDA,Milk / Skim Milk / Milk Fat,general_cost_or_market_context,medium,False,False,"Source contains cost, price, market, benchmark, or index language for cost bucket: general_cost_or_market_context."
EV_DAIRY_MILK_SKIM_MILK_MILK_FAT_0072_313,DOC_9232C3E84540,usda_ams_dairy_monthly_averages_latest.pdf,dairy_milk_skim_milk_milk_fat,cost,benchmark_proxy,benchmark_only,USDA,Milk / Skim Milk / Milk Fat,general_cost_or_market_context,medium,False,False,"Source contains cost, price, market, benchmark, or index language for cost bucket: general_cost_or_market_context."
EV_DAIRY_MILK_SKIM_MILK_MILK_FAT_0072_314,DOC_9232C3E84540,usda_ams_dairy_monthly_averages_latest.pdf,dairy_milk_skim_milk_milk_fat,cost,benchmark_proxy,benchmark_only,USDA,Milk / Dairy,dairy,medium,False,False,"Source contains cost, price, market, benchmark, or index language for cost bucket: dairy."
EV_DAIRY_MILK_SKIM_MILK_MILK_FAT_0072_315,DOC_9232C3E84540,usda_ams_dairy_monthly_averages_latest.pdf,dairy_milk_skim_milk_milk_fat,cost,benchmark_proxy,benchmark_only,USDA,Milk / Skim Milk / Milk Fat,general_cost_or_market_context,medium,False,False,"Source contains cost, price, market, benchmark, or index language for cost bucket: general_cost_or_market_context."
EV_DAIRY_MILK_SKIM_MILK_MILK_FAT_0072_316,DOC_9232C3E84540,usda_ams_dairy_monthly_averages_latest.pdf,dairy_milk_skim_milk_milk_fat,cost,benchmark_proxy,benchmark_only,USDA,Milk / Skim Milk / Milk Fat,general_cost_or_market_context,medium,False,False,"Source contains cost, price, market, benchmark, or index language for cost bucket: general_cost_or_market_context."
EV_DAIRY_MILK_SKIM_MILK_MILK_FAT_0072_317,DOC_9232C3E84540,usda_ams_dairy_monthly_averages_latest.pdf,dairy_milk_skim_milk_milk_fat,cost,benchmark_proxy,benchmark_only,USDA,Milk / Skim Milk / Milk Fat,general_cost_or_market_context,medium,False,False,"Source contains cost, price, market, benchmark, or index language for cost bucket: general_cost_or_market_context."
EV_DAIRY_MILK_SKIM_MILK_MILK_FAT_0072_318,DOC_9232C3E84540,usda_ams_dairy_monthly_averages_latest.pdf,dairy_milk_skim_milk_milk_fat,cost,benchmark_proxy,benchmark_only,USDA,Milk / Skim Milk / Milk Fat,general_cost_or_market_context,medium,False,False,"Source contains cost, price, market, benchmark, or index language for cost bucket: general_cost_or_market_context."
EV_DAIRY_MILK_SKIM_MILK_MILK_FAT_0072_319,DOC_9232C3E84540,usda_ams_dairy_monthly_averages_latest.pdf,dairy_milk_skim_milk_milk_fat,cost,benchmark_proxy,benchmark_only,USDA,Milk / Skim Milk / Milk Fat,general_cost_or_market_context,medium,False,False,"Source contains cost, price, market, benchmark, or index language for cost bucket: general_cost_or_market_context."
EV_DAIRY_MILK_SKIM_MILK_MILK_FAT_0072_320,DOC_9232C3E84540,usda_ams_dairy_monthly_averages_latest.pdf,dairy_milk_skim_milk_milk_fat,cost,benchmark_proxy,benchmark_only,USDA,Milk / Skim Milk / Milk Fat,general_cost_or_market_context,medium,False,False,"Source contains cost, price, market, benchmark, or index language for cost bucket: general_cost_or_market_context."
EV_DAIRY_MILK_SKIM_MILK_MILK_FAT_0072_321,DOC_9232C3E84540,usda_ams_dairy_monthly_averages_latest.pdf,dairy_milk_skim_milk_milk_fat,cost,benchmark_proxy,benchmark_only,USDA,Milk / Skim Milk / Milk Fat,general_cost_or_market_context,medium,False,False,"Source contains cost, price, market, benchmark, or index language for cost bucket: general_cost_or_market_context."
EV_DAIRY_MILK_SKIM_MILK_MILK_FAT_0072_322,DOC_9232C3E84540,usda_ams_dairy_monthly_averages_latest.pdf,dairy_milk_skim_milk_milk_fat,cost,benchmark_proxy,benchmark_only,USDA,Milk / Dairy,dairy,medium,False,False,"Source contains cost, price, market, benchmark, or index language for cost bucket: dairy."
EV_DAIRY_MILK_SKIM_MILK_MILK_FAT_0072_323,DOC_9232C3E84540,usda_ams_dairy_monthly_averages_latest.pdf,dairy_milk_skim_milk_milk_fat,cost,benchmark_proxy,benchmark_only,USDA,Milk / Skim Milk / Milk Fat,general_cost_or_market_context,medium,False,False,"Source contains cost, price, market, benchmark, or index language for cost bucket: general_cost_or_market_context."
EV_DAIRY_MILK_SKIM_MILK_MILK_FAT_0072_324,DOC_9232C3E84540,usda_ams_dairy_monthly_averages_latest.pdf,dairy_milk_skim_milk_milk_fat,cost,benchmark_proxy,benchmark_only,USDA,Milk / Skim Milk / Milk Fat,general_cost_or_market_context,medium,False,False,"Source contains cost, price, market, benchmark, or index language for cost bucket: general_cost_or_market_context."
EV_LOGISTICS_DISTRIBUTION_0073_001,DOC_940D070C225C,bls_warehousing_storage_ppi_benchmark.pdf,logistics_distribution,logistics,benchmark_proxy,benchmark_only,BLS,,,medium,False,True,Source document available for packet: logistics_distribution.
EV_DAIRY_MILK_SKIM_MILK_MILK_FAT_0074_001,DOC_9C88D07C6DBF,usda_ams_advanced_class_prices_latest.pdf,dairy_milk_skim_milk_milk_fat,ingredient,benchmark_proxy,benchmark_only,USDA,Milk / Dairy,,medium,False,False,Source document available for packet: dairy_milk_skim_milk_milk_fat.
EV_DAIRY_MILK_SKIM_MILK_MILK_FAT_0074_301,DOC_9C88D07C6DBF,usda_ams_advanced_class_prices_latest.pdf,dairy_milk_skim_milk_milk_fat,cost,benchmark_proxy,benchmark_only,USDA,Milk / Skim Milk / Milk Fat,general_cost_or_market_context,medium,False,False,"Source contains cost, price, market, benchmark, or index language for cost bucket: general_cost_or_market_context."
EV_DAIRY_MILK_SKIM_MILK_MILK_FAT_0074_302,DOC_9C88D07C6DBF,usda_ams_advanced_class_prices_latest.pdf,dairy_milk_skim_milk_milk_fat,cost,benchmark_proxy,benchmark_only,USDA,Milk / Dairy,dairy,medium,False,False,"Source contains cost, price, market, benchmark, or index language for cost bucket: dairy."
EV_DAIRY_MILK_SKIM_MILK_MILK_FAT_0074_303,DOC_9C88D07C6DBF,usda_ams_advanced_class_prices_latest.pdf,dairy_milk_skim_milk_milk_fat,cost,benchmark_proxy,benchmark_only,USDA,Milk / Dairy,dairy,medium,False,False,"Source contains cost, price, market, benchmark, or index language for cost bucket: dairy."
EV_DAIRY_MILK_SKIM_MILK_MILK_FAT_0074_304,DOC_9C88D07C6DBF,usda_ams_advanced_class_prices_latest.pdf,dairy_milk_skim_milk_milk_fat,cost,benchmark_proxy,benchmark_only,USDA,Milk / Skim Milk / Milk Fat,dairy,medium,False,False,"Source contains cost, price, market, benchmark, or index language for cost bucket: dairy."
EV_DAIRY_MILK_SKIM_MILK_MILK_FAT_0074_305,DOC_9C88D07C6DBF,usda_ams_advanced_class_prices_latest.pdf,dairy_milk_skim_milk_milk_fat,cost,benchmark_proxy,benchmark_only,USDA,Milk / Skim Milk / Milk Fat,general_cost_or_market_context,medium,False,False,"Source contains cost, price, market, benchmark, or index language for cost bucket: general_cost_or_market_context."
EV_DAIRY_MILK_SKIM_MILK_MILK_FAT_0074_306,DOC_9C88D07C6DBF,usda_ams_advanced_class_prices_latest.pdf,dairy_milk_skim_milk_milk_fat,cost,benchmark_proxy,benchmark_only,USDA,Milk / Skim Milk / Milk Fat,general_cost_or_market_context,medium,False,False,"Source contains cost, price, market, benchmark, or index language for cost bucket: general_cost_or_market_context."
EV_DAIRY_MILK_SKIM_MILK_MILK_FAT_0074_307,DOC_9C88D07C6DBF,usda_ams_advanced_class_prices_latest.pdf,dairy_milk_skim_milk_milk_fat,cost,benchmark_proxy,benchmark_only,USDA,Milk / Skim Milk / Milk Fat,general_cost_or_market_context,medium,False,False,"Source contains cost, price, market, benchmark, or index language for cost bucket: general_cost_or_market_context."
EV_DAIRY_MILK_SKIM_MILK_MILK_FAT_0074_308,DOC_9C88D07C6DBF,usda_ams_advanced_class_prices_latest.pdf,dairy_milk_skim_milk_milk_fat,cost,benchmark_proxy,benchmark_only,USDA,Milk / Skim Milk / Milk Fat,general_cost_or_market_context,medium,False,False,"Source contains cost, price, market, benchmark, or index language for cost bucket: general_cost_or_market_context."
EV_DAIRY_MILK_SKIM_MILK_MILK_FAT_0074_309,DOC_9C88D07C6DBF,usda_ams_advanced_class_prices_latest.pdf,dairy_milk_skim_milk_milk_fat,cost,benchmark_proxy,benchmark_only,USDA,Milk / Skim Milk / Milk Fat,general_cost_or_market_context,medium,False,False,"Source contains cost, price, market, benchmark, or index language for cost bucket: general_cost_or_market_context."
EV_DAIRY_MILK_SKIM_MILK_MILK_FAT_0074_310,DOC_9C88D07C6DBF,usda_ams_advanced_class_prices_latest.pdf,dairy_milk_skim_milk_milk_fat,cost,benchmark_proxy,benchmark_only,USDA,Milk / Skim Milk / Milk Fat,general_cost_or_market_context,medium,False,False,"Source contains cost, price, market, benchmark, or index language for cost bucket: general_cost_or_market_context."
EV_DAIRY_MILK_SKIM_MILK_MILK_FAT_0074_311,DOC_9C88D07C6DBF,usda_ams_advanced_class_prices_latest.pdf,dairy_milk_skim_milk_milk_fat,cost,benchmark_proxy,benchmark_only,USDA,Milk / Skim Milk / Milk Fat,general_cost_or_market_context,medium,False,False,"Source contains cost, price, market, benchmark, or index language for cost bucket: general_cost_or_market_context."
EV_DAIRY_MILK_SKIM_MILK_MILK_FAT_0074_312,DOC_9C88D07C6DBF,usda_ams_advanced_class_prices_latest.pdf,dairy_milk_skim_milk_milk_fat,cost,benchmark_proxy,benchmark_only,USDA,Milk / Skim Milk / Milk Fat,general_cost_or_market_context,medium,False,False,"Source contains cost, price, market, benchmark, or index language for cost bucket: general_cost_or_market_context."
EV_DAIRY_MILK_SKIM_MILK_MILK_FAT_0074_313,DOC_9C88D07C6DBF,usda_ams_advanced_class_prices_latest.pdf,dairy_milk_skim_milk_milk_fat,cost,benchmark_proxy,benchmark_only,USDA,Milk / Dairy,dairy,medium,False,False,"Source contains cost, price, market, benchmark, or index language for cost bucket: dairy."
EV_DAIRY_MILK_SKIM_MILK_MILK_FAT_0074_314,DOC_9C88D07C6DBF,usda_ams_advanced_class_prices_latest.pdf,dairy_milk_skim_milk_milk_fat,cost,benchmark_proxy,benchmark_only,USDA,Milk / Skim Milk / Milk Fat,general_cost_or_market_context,medium,False,False,"Source contains cost, price, market, benchmark, or index language for cost bucket: general_cost_or_market_context."
EV_DAIRY_MILK_SKIM_MILK_MILK_FAT_0074_315,DOC_9C88D07C6DBF,usda_ams_advanced_class_prices_latest.pdf,dairy_milk_skim_milk_milk_fat,cost,benchmark_proxy,benchmark_only,USDA,Milk / Skim Milk / Milk Fat,general_cost_or_market_context,medium,False,False,"Source contains cost, price, market, benchmark, or index language for cost bucket: general_cost_or_market_context."
EV_DAIRY_MILK_SKIM_MILK_MILK_FAT_0074_316,DOC_9C88D07C6DBF,usda_ams_advanced_class_prices_latest.pdf,dairy_milk_skim_milk_milk_fat,cost,benchmark_proxy,benchmark_only,USDA,Milk / Skim Milk / Milk Fat,general_cost_or_market_context,medium,False,False,"Source contains cost, price, market, benchmark, or index language for cost bucket: general_cost_or_market_context."
EV_DAIRY_MILK_SKIM_MILK_MILK_FAT_0074_317,DOC_9C88D07C6DBF,usda_ams_advanced_class_prices_latest.pdf,dairy_milk_skim_milk_milk_fat,cost,benchmark_proxy,benchmark_only,USDA,Milk / Skim Milk / Milk Fat,general_cost_or_market_context,medium,False,False,"Source contains cost, price, market, benchmark, or index language for cost bucket: general_cost_or_market_context."
EV_DAIRY_MILK_SKIM_MILK_MILK_FAT_0074_318,DOC_9C88D07C6DBF,usda_ams_advanced_class_prices_latest.pdf,dairy_milk_skim_milk_milk_fat,cost,benchmark_proxy,benchmark_only,USDA,Milk / Skim Milk / Milk Fat,general_cost_or_market_context,medium,False,False,"Source contains cost, price, market, benchmark, or index language for cost bucket: general_cost_or_market_context."
EV_DAIRY_MILK_SKIM_MILK_MILK_FAT_0074_319,DOC_9C88D07C6DBF,usda_ams_advanced_class_prices_latest.pdf,dairy_milk_skim_milk_milk_fat,cost,benchmark_proxy,benchmark_only,USDA,Milk / Skim Milk / Milk Fat,general_cost_or_market_context,medium,False,False,"Source contains cost, price, market, benchmark, or index language for cost bucket: general_cost_or_market_context."
EV_DAIRY_MILK_SKIM_MILK_MILK_FAT_0074_320,DOC_9C88D07C6DBF,usda_ams_advanced_class_prices_latest.pdf,dairy_milk_skim_milk_milk_fat,cost,benchmark_proxy,benchmark_only,USDA,Milk / Skim Milk / Milk Fat,general_cost_or_market_context,medium,False,False,"Source contains cost, price, market, benchmark, or index language for cost bucket: general_cost_or_market_context."
EV_DAIRY_MILK_SKIM_MILK_MILK_FAT_0074_321,DOC_9C88D07C6DBF,usda_ams_advanced_class_prices_latest.pdf,dairy_milk_skim_milk_milk_fat,cost,benchmark_proxy,benchmark_only,USDA,Milk / Skim Milk / Milk Fat,general_cost_or_market_context,medium,False,False,"Source contains cost, price, market, benchmark, or index language for cost bucket: general_cost_or_market_context."
EV_DAIRY_MILK_SKIM_MILK_MILK_FAT_0074_322,DOC_9C88D07C6DBF,usda_ams_advanced_class_prices_latest.pdf,dairy_milk_skim_milk_milk_fat,cost,benchmark_proxy,benchmark_only,USDA,Milk / Dairy,dairy,medium,False,False,"Source contains cost, price, market, benchmark, or index language for cost bucket: dairy."
EV_DAIRY_MILK_SKIM_MILK_MILK_FAT_0074_323,DOC_9C88D07C6DBF,usda_ams_advanced_class_prices_latest.pdf,dairy_milk_skim_milk_milk_fat,cost,benchmark_proxy,benchmark_only,USDA,Milk / Dairy,dairy,medium,False,False,"Source contains cost, price, market, benchmark, or index language for cost bucket: dairy."
EV_DAIRY_MILK_SKIM_MILK_MILK_FAT_0074_324,DOC_9C88D07C6DBF,usda_ams_advanced_class_prices_latest.pdf,dairy_milk_skim_milk_milk_fat,cost,benchmark_proxy,benchmark_only,USDA,Milk / Skim Milk / Milk Fat,general_cost_or_market_context,medium,False,False,"Source contains cost, price, market, benchmark, or index language for cost bucket: general_cost_or_market_context."
EV_DAIRY_MILK_SKIM_MILK_MILK_FAT_0074_325,DOC_9C88D07C6DBF,usda_ams_advanced_class_prices_latest.pdf,dairy_milk_skim_milk_milk_fat,cost,benchmark_proxy,benchmark_only,USDA,Milk / Skim Milk / Milk Fat,general_cost_or_market_context,medium,False,False,"Source contains cost, price, market, benchmark, or index language for cost bucket: general_cost_or_market_context."
EV_DAIRY_MILK_SKIM_MILK_MILK_FAT_0074_326,DOC_9C88D07C6DBF,usda_ams_advanced_class_prices_latest.pdf,dairy_milk_skim_milk_milk_fat,cost,benchmark_proxy,benchmark_only,USDA,Milk / Dairy,dairy,medium,False,False,"Source contains cost, price, market, benchmark, or index language for cost bucket: dairy."
EV_DAIRY_MILK_SKIM_MILK_MILK_FAT_0074_327,DOC_9C88D07C6DBF,usda_ams_advanced_class_prices_latest.pdf,dairy_milk_skim_milk_milk_fat,cost,benchmark_proxy,benchmark_only,USDA,Milk / Skim Milk / Milk Fat,general_cost_or_market_context,medium,False,False,"Source contains cost, price, market, benchmark, or index language for cost bucket: general_cost_or_market_context."
EV_DAIRY_MILK_SKIM_MILK_MILK_FAT_0074_328,DOC_9C88D07C6DBF,usda_ams_advanced_class_prices_latest.pdf,dairy_milk_skim_milk_milk_fat,cost,benchmark_proxy,benchmark_only,USDA,Milk / Dairy,dairy,medium,False,False,"Source contains cost, price, market, benchmark, or index language for cost bucket: dairy."
EV_DAIRY_MILK_SKIM_MILK_MILK_FAT_0074_329,DOC_9C88D07C6DBF,usda_ams_advanced_class_prices_latest.pdf,dairy_milk_skim_milk_milk_fat,cost,benchmark_proxy,benchmark_only,USDA,Milk / Skim Milk / Milk Fat,general_cost_or_market_context,medium,False,False,"Source contains cost, price, market, benchmark, or index language for cost bucket: general_cost_or_market_context."
EV_DAIRY_MILK_SKIM_MILK_MILK_FAT_0074_330,DOC_9C88D07C6DBF,usda_ams_advanced_class_prices_latest.pdf,dairy_milk_skim_milk_milk_fat,cost,benchmark_proxy,benchmark_only,USDA,Milk / Skim Milk / Milk Fat,general_cost_or_market_context,medium,False,False,"Source contains cost, price, market, benchmark, or index language for cost bucket: general_cost_or_market_context."
EV_DAIRY_MILK_SKIM_MILK_MILK_FAT_0074_331,DOC_9C88D07C6DBF,usda_ams_advanced_class_prices_latest.pdf,dairy_milk_skim_milk_milk_fat,cost,benchmark_proxy,benchmark_only,USDA,Milk / Skim Milk / Milk Fat,general_cost_or_market_context,medium,False,False,"Source contains cost, price, market, benchmark, or index language for cost bucket: general_cost_or_market_context."
EV_DAIRY_MILK_SKIM_MILK_MILK_FAT_0074_332,DOC_9C88D07C6DBF,usda_ams_advanced_class_prices_latest.pdf,dairy_milk_skim_milk_milk_fat,cost,benchmark_proxy,benchmark_only,USDA,Milk / Skim Milk / Milk Fat,general_cost_or_market_context,medium,False,False,"Source contains cost, price, market, benchmark, or index language for cost bucket: general_cost_or_market_context."
EV_DAIRY_MILK_SKIM_MILK_MILK_FAT_0074_333,DOC_9C88D07C6DBF,usda_ams_advanced_class_prices_latest.pdf,dairy_milk_skim_milk_milk_fat,cost,benchmark_proxy,benchmark_only,USDA,Milk / Skim Milk / Milk Fat,general_cost_or_market_context,medium,False,False,"Source contains cost, price, market, benchmark, or index language for cost bucket: general_cost_or_market_context."
EV_DAIRY_MILK_SKIM_MILK_MILK_FAT_0074_334,DOC_9C88D07C6DBF,usda_ams_advanced_class_prices_latest.pdf,dairy_milk_skim_milk_milk_fat,cost,benchmark_proxy,benchmark_only,USDA,Milk / Skim Milk / Milk Fat,general_cost_or_market_context,medium,False,False,"Source contains cost, price, market, benchmark, or index language for cost bucket: general_cost_or_market_context."
EV_DAIRY_MILK_SKIM_MILK_MILK_FAT_0074_335,DOC_9C88D07C6DBF,usda_ams_advanced_class_prices_latest.pdf,dairy_milk_skim_milk_milk_fat,cost,benchmark_proxy,benchmark_only,USDA,Milk / Dairy,dairy,medium,False,False,"Source contains cost, price, market, benchmark, or index language for cost bucket: dairy."
EV_DAIRY_MILK_SKIM_MILK_MILK_FAT_0074_336,DOC_9C88D07C6DBF,usda_ams_advanced_class_prices_latest.pdf,dairy_milk_skim_milk_milk_fat,cost,benchmark_proxy,benchmark_only,USDA,Milk / Skim Milk / Milk Fat,general_cost_or_market_context,medium,False,False,"Source contains cost, price, market, benchmark, or index language for cost bucket: general_cost_or_market_context."
EV_DAIRY_MILK_SKIM_MILK_MILK_FAT_0074_337,DOC_9C88D07C6DBF,usda_ams_advanced_class_prices_latest.pdf,dairy_milk_skim_milk_milk_fat,cost,benchmark_proxy,benchmark_only,USDA,Milk / Skim Milk / Milk Fat,general_cost_or_market_context,medium,False,False,"Source contains cost, price, market, benchmark, or index language for cost bucket: general_cost_or_market_context."
EV_DAIRY_MILK_SKIM_MILK_MILK_FAT_0074_338,DOC_9C88D07C6DBF,usda_ams_advanced_class_prices_latest.pdf,dairy_milk_skim_milk_milk_fat,cost,benchmark_proxy,benchmark_only,USDA,Milk / Skim Milk / Milk Fat,general_cost_or_market_context,medium,False,False,"Source contains cost, price, market, benchmark, or index language for cost bucket: general_cost_or_market_context."
EV_DAIRY_MILK_SKIM_MILK_MILK_FAT_0074_339,DOC_9C88D07C6DBF,usda_ams_advanced_class_prices_latest.pdf,dairy_milk_skim_milk_milk_fat,cost,benchmark_proxy,benchmark_only,USDA,Milk / Skim Milk / Milk Fat,freight,medium,False,False,"Source contains cost, price, market, benchmark, or index language for cost bucket: freight."
EV_DAIRY_MILK_SKIM_MILK_MILK_FAT_0074_340,DOC_9C88D07C6DBF,usda_ams_advanced_class_prices_latest.pdf,dairy_milk_skim_milk_milk_fat,cost,benchmark_proxy,benchmark_only,USDA,Milk / Dairy,dairy,medium,False,False,"Source contains cost, price, market, benchmark, or index language for cost bucket: dairy."
EV_PGPR_0075_001,DOC_9F0DF6069C86,fda_pgpr_gras_notice_inventory_page.pdf,pgpr,ingredient,benchmark_proxy,benchmark_only,USDA,Cocoa Butter,,medium,False,False,Source document available for packet: pgpr.
EV_PGPR_0075_301,DOC_9F0DF6069C86,fda_pgpr_gras_notice_inventory_page.pdf,pgpr,cost,benchmark_proxy,benchmark_only,USDA ERS,PGPR,general_cost_or_market_context,medium,False,False,"Source contains cost, price, market, benchmark, or index language for cost bucket: general_cost_or_market_context."
EV_PGPR_0075_302,DOC_9F0DF6069C86,fda_pgpr_gras_notice_inventory_page.pdf,pgpr,cost,benchmark_proxy,benchmark_only,USDA ERS,PGPR,general_cost_or_market_context,medium,False,False,"Source contains cost, price, market, benchmark, or index language for cost bucket: general_cost_or_market_context."
EV_PGPR_0075_900,DOC_9F0DF6069C86,fda_pgpr_gras_notice_inventory_page.pdf,pgpr,ingredient,benchmark_proxy,benchmark_only,USDA,Cocoa Butter,,medium,False,False,PGPR packet is ingredient/function evidence with supplier currently unknown.
EV_PGPR_0076_001,DOC_A2C285FFEE37,pgpr_industry_supplier_function_reference.pdf,pgpr,ingredient,benchmark_proxy,unknown,pgpr,PGPR,,low,False,True,Source document available for packet: pgpr.
EV_PGPR_0076_900,DOC_A2C285FFEE37,pgpr_industry_supplier_function_reference.pdf,pgpr,ingredient,benchmark_proxy,unknown,pgpr,PGPR,,low,False,True,PGPR packet is ingredient/function evidence with supplier currently unknown.
EV_DAIRY_MILK_SKIM_MILK_MILK_FAT_0077_001,DOC_A5418FB79897,usda_ams_national_dairy_products_sales_report_latest.pdf,dairy_milk_skim_milk_milk_fat,ingredient,benchmark_proxy,benchmark_only,USDA,Milk / Dairy,,medium,False,False,Source document available for packet: dairy_milk_skim_milk_milk_fat.
EV_DAIRY_MILK_SKIM_MILK_MILK_FAT_0077_301,DOC_A5418FB79897,usda_ams_national_dairy_products_sales_report_latest.pdf,dairy_milk_skim_milk_milk_fat,cost,benchmark_proxy,benchmark_only,USDA,Milk / Skim Milk / Milk Fat,general_cost_or_market_context,medium,False,False,"Source contains cost, price, market, benchmark, or index language for cost bucket: general_cost_or_market_context."
EV_DAIRY_MILK_SKIM_MILK_MILK_FAT_0077_302,DOC_A5418FB79897,usda_ams_national_dairy_products_sales_report_latest.pdf,dairy_milk_skim_milk_milk_fat,cost,benchmark_proxy,benchmark_only,USDA,Milk / Skim Milk / Milk Fat,general_cost_or_market_context,medium,False,False,"Source contains cost, price, market, benchmark, or index language for cost bucket: general_cost_or_market_context."
EV_DAIRY_MILK_SKIM_MILK_MILK_FAT_0077_303,DOC_A5418FB79897,usda_ams_national_dairy_products_sales_report_latest.pdf,dairy_milk_skim_milk_milk_fat,cost,benchmark_proxy,benchmark_only,USDA,Milk / Skim Milk / Milk Fat,dairy,medium,False,False,"Source contains cost, price, market, benchmark, or index language for cost bucket: dairy."
EV_DAIRY_MILK_SKIM_MILK_MILK_FAT_0077_304,DOC_A5418FB79897,usda_ams_national_dairy_products_sales_report_latest.pdf,dairy_milk_skim_milk_milk_fat,cost,benchmark_proxy,benchmark_only,USDA,Milk / Skim Milk / Milk Fat,general_cost_or_market_context,medium,False,False,"Source contains cost, price, market, benchmark, or index language for cost bucket: general_cost_or_market_context."
EV_DAIRY_MILK_SKIM_MILK_MILK_FAT_0077_305,DOC_A5418FB79897,usda_ams_national_dairy_products_sales_report_latest.pdf,dairy_milk_skim_milk_milk_fat,cost,benchmark_proxy,benchmark_only,USDA,Milk / Skim Milk / Milk Fat,general_cost_or_market_context,medium,False,False,"Source contains cost, price, market, benchmark, or index language for cost bucket: general_cost_or_market_context."
EV_DAIRY_MILK_SKIM_MILK_MILK_FAT_0077_306,DOC_A5418FB79897,usda_ams_national_dairy_products_sales_report_latest.pdf,dairy_milk_skim_milk_milk_fat,cost,benchmark_proxy,benchmark_only,USDA,Milk / Skim Milk / Milk Fat,general_cost_or_market_context,medium,False,False,"Source contains cost, price, market, benchmark, or index language for cost bucket: general_cost_or_market_context."
EV_DAIRY_MILK_SKIM_MILK_MILK_FAT_0077_307,DOC_A5418FB79897,usda_ams_national_dairy_products_sales_report_latest.pdf,dairy_milk_skim_milk_milk_fat,cost,benchmark_proxy,benchmark_only,USDA,Milk / Skim Milk / Milk Fat,general_cost_or_market_context,medium,False,False,"Source contains cost, price, market, benchmark, or index language for cost bucket: general_cost_or_market_context."
EV_DAIRY_MILK_SKIM_MILK_MILK_FAT_0077_308,DOC_A5418FB79897,usda_ams_national_dairy_products_sales_report_latest.pdf,dairy_milk_skim_milk_milk_fat,cost,benchmark_proxy,benchmark_only,USDA,Milk / Skim Milk / Milk Fat,general_cost_or_market_context,medium,False,False,"Source contains cost, price, market, benchmark, or index language for cost bucket: general_cost_or_market_context."
EV_DAIRY_MILK_SKIM_MILK_MILK_FAT_0077_309,DOC_A5418FB79897,usda_ams_national_dairy_products_sales_report_latest.pdf,dairy_milk_skim_milk_milk_fat,cost,benchmark_proxy,benchmark_only,USDA,Milk / Skim Milk / Milk Fat,general_cost_or_market_context,medium,False,False,"Source contains cost, price, market, benchmark, or index language for cost bucket: general_cost_or_market_context."
EV_DAIRY_MILK_SKIM_MILK_MILK_FAT_0077_310,DOC_A5418FB79897,usda_ams_national_dairy_products_sales_report_latest.pdf,dairy_milk_skim_milk_milk_fat,cost,benchmark_proxy,benchmark_only,USDA,Milk / Skim Milk / Milk Fat,general_cost_or_market_context,medium,False,False,"Source contains cost, price, market, benchmark, or index language for cost bucket: general_cost_or_market_context."
EV_DAIRY_MILK_SKIM_MILK_MILK_FAT_0077_311,DOC_A5418FB79897,usda_ams_national_dairy_products_sales_report_latest.pdf,dairy_milk_skim_milk_milk_fat,cost,benchmark_proxy,benchmark_only,USDA,Milk / Skim Milk / Milk Fat,general_cost_or_market_context,medium,False,False,"Source contains cost, price, market, benchmark, or index language for cost bucket: general_cost_or_market_context."
EV_DAIRY_MILK_SKIM_MILK_MILK_FAT_0077_312,DOC_A5418FB79897,usda_ams_national_dairy_products_sales_report_latest.pdf,dairy_milk_skim_milk_milk_fat,cost,benchmark_proxy,benchmark_only,USDA,Milk / Dairy,dairy,medium,False,False,"Source contains cost, price, market, benchmark, or index language for cost bucket: dairy."
EV_DAIRY_MILK_SKIM_MILK_MILK_FAT_0077_313,DOC_A5418FB79897,usda_ams_national_dairy_products_sales_report_latest.pdf,dairy_milk_skim_milk_milk_fat,cost,benchmark_proxy,benchmark_only,USDA,Milk / Skim Milk / Milk Fat,general_cost_or_market_context,medium,False,False,"Source contains cost, price, market, benchmark, or index language for cost bucket: general_cost_or_market_context."
EV_DAIRY_MILK_SKIM_MILK_MILK_FAT_0077_314,DOC_A5418FB79897,usda_ams_national_dairy_products_sales_report_latest.pdf,dairy_milk_skim_milk_milk_fat,cost,benchmark_proxy,benchmark_only,USDA,Milk / Skim Milk / Milk Fat,general_cost_or_market_context,medium,False,False,"Source contains cost, price, market, benchmark, or index language for cost bucket: general_cost_or_market_context."
EV_DAIRY_MILK_SKIM_MILK_MILK_FAT_0077_315,DOC_A5418FB79897,usda_ams_national_dairy_products_sales_report_latest.pdf,dairy_milk_skim_milk_milk_fat,cost,benchmark_proxy,benchmark_only,USDA,Milk / Skim Milk / Milk Fat,dairy,medium,False,False,"Source contains cost, price, market, benchmark, or index language for cost bucket: dairy."
EV_DAIRY_MILK_SKIM_MILK_MILK_FAT_0077_316,DOC_A5418FB79897,usda_ams_national_dairy_products_sales_report_latest.pdf,dairy_milk_skim_milk_milk_fat,cost,benchmark_proxy,benchmark_only,USDA,Milk / Skim Milk / Milk Fat,dairy,medium,False,False,"Source contains cost, price, market, benchmark, or index language for cost bucket: dairy."
EV_DAIRY_MILK_SKIM_MILK_MILK_FAT_0077_317,DOC_A5418FB79897,usda_ams_national_dairy_products_sales_report_latest.pdf,dairy_milk_skim_milk_milk_fat,cost,benchmark_proxy,benchmark_only,USDA,Milk / Skim Milk / Milk Fat,general_cost_or_market_context,medium,False,False,"Source contains cost, price, market, benchmark, or index language for cost bucket: general_cost_or_market_context."
EV_DAIRY_MILK_SKIM_MILK_MILK_FAT_0077_318,DOC_A5418FB79897,usda_ams_national_dairy_products_sales_report_latest.pdf,dairy_milk_skim_milk_milk_fat,cost,benchmark_proxy,benchmark_only,USDA,Milk / Skim Milk / Milk Fat,general_cost_or_market_context,medium,False,False,"Source contains cost, price, market, benchmark, or index language for cost bucket: general_cost_or_market_context."
EV_DAIRY_MILK_SKIM_MILK_MILK_FAT_0077_319,DOC_A5418FB79897,usda_ams_national_dairy_products_sales_report_latest.pdf,dairy_milk_skim_milk_milk_fat,cost,benchmark_proxy,benchmark_only,USDA,Milk / Skim Milk / Milk Fat,general_cost_or_market_context,medium,False,False,"Source contains cost, price, market, benchmark, or index language for cost bucket: general_cost_or_market_context."
EV_DAIRY_MILK_SKIM_MILK_MILK_FAT_0077_320,DOC_A5418FB79897,usda_ams_national_dairy_products_sales_report_latest.pdf,dairy_milk_skim_milk_milk_fat,cost,benchmark_proxy,benchmark_only,USDA,Milk / Dairy,dairy,medium,False,False,"Source contains cost, price, market, benchmark, or index language for cost bucket: dairy."
EV_DAIRY_MILK_SKIM_MILK_MILK_FAT_0077_321,DOC_A5418FB79897,usda_ams_national_dairy_products_sales_report_latest.pdf,dairy_milk_skim_milk_milk_fat,cost,benchmark_proxy,benchmark_only,USDA,Milk / Skim Milk / Milk Fat,general_cost_or_market_context,medium,False,False,"Source contains cost, price, market, benchmark, or index language for cost bucket: general_cost_or_market_context."
EV_DAIRY_MILK_SKIM_MILK_MILK_FAT_0077_322,DOC_A5418FB79897,usda_ams_national_dairy_products_sales_report_latest.pdf,dairy_milk_skim_milk_milk_fat,cost,benchmark_proxy,benchmark_only,USDA,Milk / Skim Milk / Milk Fat,general_cost_or_market_context,medium,False,False,"Source contains cost, price, market, benchmark, or index language for cost bucket: general_cost_or_market_context."
EV_DAIRY_MILK_SKIM_MILK_MILK_FAT_0077_323,DOC_A5418FB79897,usda_ams_national_dairy_products_sales_report_latest.pdf,dairy_milk_skim_milk_milk_fat,cost,benchmark_proxy,benchmark_only,USDA,Milk / Dairy,dairy,medium,False,False,"Source contains cost, price, market, benchmark, or index language for cost bucket: dairy."
EV_DAIRY_MILK_SKIM_MILK_MILK_FAT_0077_324,DOC_A5418FB79897,usda_ams_national_dairy_products_sales_report_latest.pdf,dairy_milk_skim_milk_milk_fat,cost,benchmark_proxy,benchmark_only,USDA,Milk / Dairy,dairy,medium,False,False,"Source contains cost, price, market, benchmark, or index language for cost bucket: dairy."
EV_DAIRY_MILK_SKIM_MILK_MILK_FAT_0077_325,DOC_A5418FB79897,usda_ams_national_dairy_products_sales_report_latest.pdf,dairy_milk_skim_milk_milk_fat,cost,benchmark_proxy,benchmark_only,USDA,Milk / Dairy,dairy,medium,False,False,"Source contains cost, price, market, benchmark, or index language for cost bucket: dairy."
EV_DAIRY_MILK_SKIM_MILK_MILK_FAT_0077_326,DOC_A5418FB79897,usda_ams_national_dairy_products_sales_report_latest.pdf,dairy_milk_skim_milk_milk_fat,cost,benchmark_proxy,benchmark_only,USDA,Milk / Dairy,dairy,medium,False,False,"Source contains cost, price, market, benchmark, or index language for cost bucket: dairy."
EV_DAIRY_MILK_SKIM_MILK_MILK_FAT_0077_327,DOC_A5418FB79897,usda_ams_national_dairy_products_sales_report_latest.pdf,dairy_milk_skim_milk_milk_fat,cost,benchmark_proxy,benchmark_only,USDA,Milk / Dairy,dairy,medium,False,False,"Source contains cost, price, market, benchmark, or index language for cost bucket: dairy."
EV_DAIRY_MILK_SKIM_MILK_MILK_FAT_0077_328,DOC_A5418FB79897,usda_ams_national_dairy_products_sales_report_latest.pdf,dairy_milk_skim_milk_milk_fat,cost,benchmark_proxy,benchmark_only,USDA,Milk / Dairy,dairy,medium,False,False,"Source contains cost, price, market, benchmark, or index language for cost bucket: dairy."
EV_DAIRY_MILK_SKIM_MILK_MILK_FAT_0077_329,DOC_A5418FB79897,usda_ams_national_dairy_products_sales_report_latest.pdf,dairy_milk_skim_milk_milk_fat,cost,benchmark_proxy,benchmark_only,USDA,Milk / Dairy,dairy,medium,False,False,"Source contains cost, price, market, benchmark, or index language for cost bucket: dairy."
EV_DAIRY_MILK_SKIM_MILK_MILK_FAT_0077_330,DOC_A5418FB79897,usda_ams_national_dairy_products_sales_report_latest.pdf,dairy_milk_skim_milk_milk_fat,cost,benchmark_proxy,benchmark_only,USDA,Milk / Skim Milk / Milk Fat,general_cost_or_market_context,medium,False,False,"Source contains cost, price, market, benchmark, or index language for cost bucket: general_cost_or_market_context."
EV_DAIRY_MILK_SKIM_MILK_MILK_FAT_0077_331,DOC_A5418FB79897,usda_ams_national_dairy_products_sales_report_latest.pdf,dairy_milk_skim_milk_milk_fat,cost,benchmark_proxy,benchmark_only,USDA,Milk / Dairy,dairy,medium,False,False,"Source contains cost, price, market, benchmark, or index language for cost bucket: dairy."
EV_DAIRY_MILK_SKIM_MILK_MILK_FAT_0077_332,DOC_A5418FB79897,usda_ams_national_dairy_products_sales_report_latest.pdf,dairy_milk_skim_milk_milk_fat,cost,benchmark_proxy,benchmark_only,USDA,Milk / Skim Milk / Milk Fat,general_cost_or_market_context,medium,False,False,"Source contains cost, price, market, benchmark, or index language for cost bucket: general_cost_or_market_context."
EV_SOY_LECITHIN_0078_001,DOC_A632502DE1F8,usda_soybean_soybean_oil_price_benchmark.pdf,soy_lecithin,ingredient,benchmark_proxy,benchmark_only,USDA,Soy Lecithin,,medium,False,True,Source document available for packet: soy_lecithin.
EV_SOY_LECITHIN_0078_900,DOC_A632502DE1F8,usda_soybean_soybean_oil_price_benchmark.pdf,soy_lecithin,ingredient,benchmark_proxy,benchmark_only,USDA,Soy Lecithin,,medium,False,True,Soy Lecithin packet is ingredient/function evidence with supplier currently unknown.
EV_PGPR_0079_001,DOC_A6A693D3495F,pgpr_and_lecithin_chocolate_emulsifier_use.pdf,pgpr,ingredient,benchmark_proxy,unknown,pgpr,Cocoa / Chocolate,,low,False,True,Source document available for packet: pgpr.
EV_PGPR_0079_900,DOC_A6A693D3495F,pgpr_and_lecithin_chocolate_emulsifier_use.pdf,pgpr,ingredient,benchmark_proxy,unknown,pgpr,Cocoa / Chocolate,,low,False,True,PGPR packet is ingredient/function evidence with supplier currently unknown.
EV_BRAND_LOGO_ASSETS_0080_001,DOC_AB943BE3F9BC,hershey_company_logo.png,brand_logo_assets,visual_asset,reference_only,illustrative_only,The Hershey Company,,,low,False,True,Source document available for packet: brand_logo_assets.
EV_DAIRY_MILK_SKIM_MILK_MILK_FAT_0081_001,DOC_B28013FB1CA9,dairy_ingredients_in_chocolate_explanation.pdf,dairy_milk_skim_milk_milk_fat,ingredient,benchmark_proxy,unknown,dairy_milk_skim_milk_milk_fat,Cocoa / Chocolate,,low,False,True,Source document available for packet: dairy_milk_skim_milk_milk_fat.
EV_COCOA_CHOCOLATE_COCOA_BUTTER_0082_001,DOC_B3858C187B41,cocoa_beans_quality_requirements_processing_guide.pdf,cocoa_chocolate_cocoa_butter,ingredient,benchmark_proxy,benchmark_only,Barry Callebaut,Cocoa Butter,,medium,False,True,Source document available for packet: cocoa_chocolate_cocoa_butter.
EV_COCOA_CHOCOLATE_COCOA_BUTTER_0082_301,DOC_B3858C187B41,cocoa_beans_quality_requirements_processing_guide.pdf,cocoa_chocolate_cocoa_butter,cost,benchmark_proxy,benchmark_only,Barry Callebaut,Cocoa / Chocolate / Cocoa Butter,general_cost_or_market_context,medium,False,True,"Source contains cost, price, market, benchmark, or index language for cost bucket: general_cost_or_market_context."
EV_COCOA_CHOCOLATE_COCOA_BUTTER_0082_302,DOC_B3858C187B41,cocoa_beans_quality_requirements_processing_guide.pdf,cocoa_chocolate_cocoa_butter,cost,benchmark_proxy,benchmark_only,Barry Callebaut,Cocoa / Chocolate / Cocoa Butter,general_cost_or_market_context,medium,False,True,"Source contains cost, price, market, benchmark, or index language for cost bucket: general_cost_or_market_context."
EV_COCOA_CHOCOLATE_COCOA_BUTTER_0082_303,DOC_B3858C187B41,cocoa_beans_quality_requirements_processing_guide.pdf,cocoa_chocolate_cocoa_butter,cost,benchmark_proxy,benchmark_only,Barry Callebaut,Cocoa / Chocolate,cocoa_chocolate_cocoa_butter,medium,False,True,"Source contains cost, price, market, benchmark, or index language for cost bucket: cocoa_chocolate_cocoa_butter."
EV_COCOA_CHOCOLATE_COCOA_BUTTER_0082_304,DOC_B3858C187B41,cocoa_beans_quality_requirements_processing_guide.pdf,cocoa_chocolate_cocoa_butter,cost,benchmark_proxy,benchmark_only,Barry Callebaut,Cocoa / Chocolate / Cocoa Butter,general_cost_or_market_context,medium,False,True,"Source contains cost, price, market, benchmark, or index language for cost bucket: general_cost_or_market_context."
EV_COCOA_CHOCOLATE_COCOA_BUTTER_0082_900,DOC_B3858C187B41,cocoa_beans_quality_requirements_processing_guide.pdf,cocoa_chocolate_cocoa_butter,supplier,benchmark_proxy,benchmark_only,Barry Callebaut,Cocoa Butter,,medium,False,True,Barry Callebaut is candidate company-level evidence for the Cocoa / Chocolate / Cocoa Butter stream.
EV_SOY_LECITHIN_0083_001,DOC_B544BFB9CF00,soybean_to_soy_lecithin_processing_explanation.pdf,soy_lecithin,ingredient,benchmark_proxy,unknown,soy_lecithin,Soy Lecithin,,low,False,True,Source document available for packet: soy_lecithin.
EV_SOY_LECITHIN_0083_900,DOC_B544BFB9CF00,soybean_to_soy_lecithin_processing_explanation.pdf,soy_lecithin,ingredient,benchmark_proxy,unknown,soy_lecithin,Soy Lecithin,,low,False,True,Soy Lecithin packet is ingredient/function evidence with supplier currently unknown.
EV_NATURAL_FLAVOR_0084_001,DOC_B690BF25DADF,fema_flavor_ingredient_library_page.pdf,natural_flavor,ingredient,benchmark_proxy,benchmark_only,USDA,Milk / Dairy,,medium,False,False,Source document available for packet: natural_flavor.
EV_NATURAL_FLAVOR_0084_900,DOC_B690BF25DADF,fema_flavor_ingredient_library_page.pdf,natural_flavor,ingredient,benchmark_proxy,benchmark_only,USDA,Milk / Dairy,,medium,False,False,Natural Flavor packet is ingredient/function evidence with supplier currently unknown.
EV_DAIRY_MILK_SKIM_MILK_MILK_FAT_0085_001,DOC_BA82764C244F,land_o_lakes_community_impact_report.pdf,dairy_milk_skim_milk_milk_fat,ingredient,direct,company_level_confirmed,Land O'Lakes,Milk / Dairy,,high,False,True,Source document available for packet: dairy_milk_skim_milk_milk_fat.
EV_PACKAGING_WRAPPER_0086_001,DOC_BCA0BB066D42,paperboard_packaging_market_overview_reference.pdf,packaging_wrapper,packaging,benchmark_proxy,benchmark_only,packaging_wrapper,Packaging / Wrapper,,medium,False,True,Source document available for packet: packaging_wrapper.
EV_PACKAGING_WRAPPER_0086_900,DOC_BCA0BB066D42,paperboard_packaging_market_overview_reference.pdf,packaging_wrapper,ingredient,benchmark_proxy,benchmark_only,packaging_wrapper,Packaging / Wrapper,,medium,False,True,Packaging / Wrapper packet is ingredient/function evidence with supplier currently unknown.
EV_PRODUCT_SKU_1_55OZ_0087_001,DOC_BF1CF5E24E2A,034000002405_3.png,product_sku_1_55oz,visual_asset,reference_only,illustrative_only,product_sku_1_55oz,,,low,False,True,Source document available for packet: product_sku_1_55oz.
EV_SOY_LECITHIN_0088_001,DOC_C035EBC878BA,soy_lecithin_industry_supplier_reference.pdf,soy_lecithin,ingredient,benchmark_proxy,unknown,soy_lecithin,Soy Lecithin,,low,False,True,Source document available for packet: soy_lecithin.
EV_SOY_LECITHIN_0088_900,DOC_C035EBC878BA,soy_lecithin_industry_supplier_reference.pdf,soy_lecithin,ingredient,benchmark_proxy,unknown,soy_lecithin,Soy Lecithin,,low,False,True,Soy Lecithin packet is ingredient/function evidence with supplier currently unknown.
EV_DAIRY_MILK_SKIM_MILK_MILK_FAT_0089_001,DOC_C041385635A5,milk_fat_butterfat_explanation.pdf,dairy_milk_skim_milk_milk_fat,ingredient,benchmark_proxy,unknown,dairy_milk_skim_milk_milk_fat,Milk / Dairy,,low,False,True,Source document available for packet: dairy_milk_skim_milk_milk_fat.
EV_LOGISTICS_DISTRIBUTION_0090_001,DOC_C1E296D7AAAC,trucking_rate_market_reference.pdf,logistics_distribution,logistics,benchmark_proxy,benchmark_only,logistics_distribution,,,medium,False,True,Source document available for packet: logistics_distribution.
EV_SUGAR_0091_001,DOC_C2BD8E23F83C,asr_sustainable_supply_chain_page.pdf,sugar,ingredient,direct,company_level_confirmed,American Sugar Refining / ASR,Sugar,,high,False,True,Source document available for packet: sugar.
EV_SOY_LECITHIN_0092_001,DOC_C341E0016B61,fda_lecithin_food_additive_or_gras_reference.pdf,soy_lecithin,ingredient,direct,unknown,FDA,Soy Lecithin,,low,False,True,Source document available for packet: soy_lecithin.
EV_SOY_LECITHIN_0092_900,DOC_C341E0016B61,fda_lecithin_food_additive_or_gras_reference.pdf,soy_lecithin,ingredient,direct,unknown,FDA,Soy Lecithin,,low,False,True,Soy Lecithin packet is ingredient/function evidence with supplier currently unknown.
EV_PACKAGING_WRAPPER_0093_001,DOC_C5BF7969016D,hershey_pulp_paper_supplier_mill_list.pdf,packaging_wrapper,packaging,benchmark_proxy,benchmark_only,The Hershey Company,Packaging / Wrapper,,medium,False,False,Source document available for packet: packaging_wrapper.
EV_PACKAGING_WRAPPER_0093_101,DOC_C5BF7969016D,hershey_pulp_paper_supplier_mill_list.pdf,packaging_wrapper,supplier,benchmark_proxy,benchmark_only,The Hershey Company,Packaging / Wrapper,,medium,False,False,The Hershey Company has relationship language connected to USDA ERS: relationship language detected.
EV_PACKAGING_WRAPPER_0093_102,DOC_C5BF7969016D,hershey_pulp_paper_supplier_mill_list.pdf,packaging_wrapper,supplier,benchmark_proxy,benchmark_only,The Hershey Company,Packaging / Wrapper,,medium,False,False,The Hershey Company has relationship language connected to USDA ERS: relationship language detected.
EV_PACKAGING_WRAPPER_0093_103,DOC_C5BF7969016D,hershey_pulp_paper_supplier_mill_list.pdf,packaging_wrapper,supplier,benchmark_proxy,benchmark_only,The Hershey Company,Packaging / Wrapper,,medium,False,False,USDA ERS has relationship language connected to Packaging: company-to-ingredient/stage relationship language detected.
EV_PACKAGING_WRAPPER_0093_104,DOC_C5BF7969016D,hershey_pulp_paper_supplier_mill_list.pdf,packaging_wrapper,supplier,benchmark_proxy,benchmark_only,The Hershey Company,Packaging / Wrapper,,medium,False,False,The Hershey Company has relationship language connected to USDA ERS: relationship language detected.
EV_PACKAGING_WRAPPER_0093_900,DOC_C5BF7969016D,hershey_pulp_paper_supplier_mill_list.pdf,packaging_wrapper,ingredient,benchmark_proxy,benchmark_only,The Hershey Company,Packaging / Wrapper,,medium,False,False,Packaging / Wrapper packet is ingredient/function evidence with supplier currently unknown.
EV_NATURAL_FLAVOR_0094_001,DOC_C5E013D8DC8A,fda_21_cfr_101_22_natural_flavor_definition.pdf,natural_flavor,ingredient,direct,unknown,FDA,Natural Flavor,,low,False,True,Source document available for packet: natural_flavor.
EV_NATURAL_FLAVOR_0094_900,DOC_C5E013D8DC8A,fda_21_cfr_101_22_natural_flavor_definition.pdf,natural_flavor,ingredient,direct,unknown,FDA,Natural Flavor,,low,False,True,Natural Flavor packet is ingredient/function evidence with supplier currently unknown.
EV_COCOA_CHOCOLATE_COCOA_BUTTER_0095_001,DOC_C87C22CB90A7,Cocoa-The-Hershey-Company-05-06-2026_02_25_PM.pdf,cocoa_chocolate_cocoa_butter,ingredient,direct,unknown,The Hershey Company,Cocoa / Chocolate,,low,False,True,Source document available for packet: cocoa_chocolate_cocoa_butter.
EV_HERSHEY_COMPANY_0096_001,DOC_CA4CD5A61616,hershey_2025_10k_full.pdf,hershey_company,raw_material,direct,unknown,The Hershey Company,,,low,False,True,Source document available for packet: hershey_company.
EV_DAIRY_MILK_SKIM_MILK_MILK_FAT_0097_001,DOC_CD36102F0A4D,land_o_lakes_logo_asset.png,dairy_milk_skim_milk_milk_fat,visual_asset,reference_only,illustrative_only,Land O'Lakes,Milk / Dairy,,low,False,True,Source document available for packet: dairy_milk_skim_milk_milk_fat.
EV_PRODUCT_SKU_1_55OZ_0098_001,DOC_CF8C4A1F434C,hershey 1.55 oz page.pdf,product_sku_1_55oz,product_sku,direct,unknown,The Hershey Company,,,low,False,True,Source document available for packet: product_sku_1_55oz.
EV_PACKAGING_WRAPPER_0099_001,DOC_D22719A8CDC8,flexible_packaging_market_overview_reference.pdf,packaging_wrapper,packaging,benchmark_proxy,benchmark_only,packaging_wrapper,Packaging / Wrapper,,medium,False,True,Source document available for packet: packaging_wrapper.
EV_PACKAGING_WRAPPER_0099_900,DOC_D22719A8CDC8,flexible_packaging_market_overview_reference.pdf,packaging_wrapper,ingredient,benchmark_proxy,benchmark_only,packaging_wrapper,Packaging / Wrapper,,medium,False,True,Packaging / Wrapper packet is ingredient/function evidence with supplier currently unknown.
EV_SUGAR_0100_001,DOC_D24FEC8E2E35,usda_ers_sugar_market_outlook_latest.pdf,sugar,ingredient,benchmark_proxy,benchmark_only,USDA,Sugar,,medium,False,True,Source document available for packet: sugar.
EV_PRODUCT_SKU_1_55OZ_0101_001,DOC_D7D512504DFA,hershey unwrapped.png,product_sku_1_55oz,visual_asset,reference_only,illustrative_only,The Hershey Company,,,low,False,True,Source document available for packet: product_sku_1_55oz.
EV_DAIRY_MILK_SKIM_MILK_MILK_FAT_0102_001,DOC_D9B23C06662B,land_o_lakes_home_page.pdf,dairy_milk_skim_milk_milk_fat,ingredient,direct,company_level_confirmed,Land O'Lakes,Milk / Dairy,,high,False,True,Source document available for packet: dairy_milk_skim_milk_milk_fat.
EV_NATURAL_FLAVOR_0103_001,DOC_DAEB12849174,fema_gras_program_page.pdf,natural_flavor,ingredient,direct,unknown,FEMA,Natural Flavor,,low,False,True,Source document available for packet: natural_flavor.
EV_NATURAL_FLAVOR_0103_900,DOC_DAEB12849174,fema_gras_program_page.pdf,natural_flavor,ingredient,direct,unknown,FEMA,Natural Flavor,,low,False,True,Natural Flavor packet is ingredient/function evidence with supplier currently unknown.
EV_SUGAR_0104_001,DOC_DB66DBC968F9,asr_group_home_page.pdf,sugar,ingredient,direct,company_level_confirmed,American Sugar Refining / ASR,Sugar,,high,False,True,Source document available for packet: sugar.
EV_DAIRY_MILK_SKIM_MILK_MILK_FAT_0105_001,DOC_DC5C9E72C77A,land_o_lakes_2025_annual_report.pdf,dairy_milk_skim_milk_milk_fat,ingredient,benchmark_proxy,benchmark_only,The Hershey Company,Cocoa / Chocolate,,medium,False,True,Source document available for packet: dairy_milk_skim_milk_milk_fat.
EV_DAIRY_MILK_SKIM_MILK_MILK_FAT_0105_301,DOC_DC5C9E72C77A,land_o_lakes_2025_annual_report.pdf,dairy_milk_skim_milk_milk_fat,cost,benchmark_proxy,benchmark_only,The Hershey Company,Milk / Skim Milk / Milk Fat,general_cost_or_market_context,medium,False,True,"Source contains cost, price, market, benchmark, or index language for cost bucket: general_cost_or_market_context."
EV_DAIRY_MILK_SKIM_MILK_MILK_FAT_0105_302,DOC_DC5C9E72C77A,land_o_lakes_2025_annual_report.pdf,dairy_milk_skim_milk_milk_fat,cost,benchmark_proxy,benchmark_only,The Hershey Company,Milk / Skim Milk / Milk Fat,general_cost_or_market_context,medium,False,True,"Source contains cost, price, market, benchmark, or index language for cost bucket: general_cost_or_market_context."
EV_DAIRY_MILK_SKIM_MILK_MILK_FAT_0105_303,DOC_DC5C9E72C77A,land_o_lakes_2025_annual_report.pdf,dairy_milk_skim_milk_milk_fat,cost,benchmark_proxy,benchmark_only,The Hershey Company,Milk / Skim Milk / Milk Fat,general_cost_or_market_context,medium,False,True,"Source contains cost, price, market, benchmark, or index language for cost bucket: general_cost_or_market_context."
EV_DAIRY_MILK_SKIM_MILK_MILK_FAT_0105_304,DOC_DC5C9E72C77A,land_o_lakes_2025_annual_report.pdf,dairy_milk_skim_milk_milk_fat,cost,benchmark_proxy,benchmark_only,The Hershey Company,Milk / Skim Milk / Milk Fat,general_cost_or_market_context,medium,False,True,"Source contains cost, price, market, benchmark, or index language for cost bucket: general_cost_or_market_context."
EV_DAIRY_MILK_SKIM_MILK_MILK_FAT_0105_305,DOC_DC5C9E72C77A,land_o_lakes_2025_annual_report.pdf,dairy_milk_skim_milk_milk_fat,cost,benchmark_proxy,benchmark_only,The Hershey Company,Milk / Skim Milk / Milk Fat,general_cost_or_market_context,medium,False,True,"Source contains cost, price, market, benchmark, or index language for cost bucket: general_cost_or_market_context."
EV_DAIRY_MILK_SKIM_MILK_MILK_FAT_0105_306,DOC_DC5C9E72C77A,land_o_lakes_2025_annual_report.pdf,dairy_milk_skim_milk_milk_fat,cost,benchmark_proxy,benchmark_only,The Hershey Company,Milk / Skim Milk / Milk Fat,general_cost_or_market_context,medium,False,True,"Source contains cost, price, market, benchmark, or index language for cost bucket: general_cost_or_market_context."
EV_DAIRY_MILK_SKIM_MILK_MILK_FAT_0105_307,DOC_DC5C9E72C77A,land_o_lakes_2025_annual_report.pdf,dairy_milk_skim_milk_milk_fat,cost,benchmark_proxy,benchmark_only,The Hershey Company,Milk / Skim Milk / Milk Fat,general_cost_or_market_context,medium,False,True,"Source contains cost, price, market, benchmark, or index language for cost bucket: general_cost_or_market_context."
EV_DAIRY_MILK_SKIM_MILK_MILK_FAT_0105_308,DOC_DC5C9E72C77A,land_o_lakes_2025_annual_report.pdf,dairy_milk_skim_milk_milk_fat,cost,benchmark_proxy,benchmark_only,The Hershey Company,Milk / Skim Milk / Milk Fat,general_cost_or_market_context,medium,False,True,"Source contains cost, price, market, benchmark, or index language for cost bucket: general_cost_or_market_context."
EV_DAIRY_MILK_SKIM_MILK_MILK_FAT_0105_309,DOC_DC5C9E72C77A,land_o_lakes_2025_annual_report.pdf,dairy_milk_skim_milk_milk_fat,cost,benchmark_proxy,benchmark_only,The Hershey Company,Milk / Skim Milk / Milk Fat,general_cost_or_market_context,medium,False,True,"Source contains cost, price, market, benchmark, or index language for cost bucket: general_cost_or_market_context."
EV_DAIRY_MILK_SKIM_MILK_MILK_FAT_0105_310,DOC_DC5C9E72C77A,land_o_lakes_2025_annual_report.pdf,dairy_milk_skim_milk_milk_fat,cost,benchmark_proxy,benchmark_only,The Hershey Company,Milk / Skim Milk / Milk Fat,general_cost_or_market_context,medium,False,True,"Source contains cost, price, market, benchmark, or index language for cost bucket: general_cost_or_market_context."
EV_DAIRY_MILK_SKIM_MILK_MILK_FAT_0105_311,DOC_DC5C9E72C77A,land_o_lakes_2025_annual_report.pdf,dairy_milk_skim_milk_milk_fat,cost,benchmark_proxy,benchmark_only,The Hershey Company,Milk / Skim Milk / Milk Fat,general_cost_or_market_context,medium,False,True,"Source contains cost, price, market, benchmark, or index language for cost bucket: general_cost_or_market_context."
EV_DAIRY_MILK_SKIM_MILK_MILK_FAT_0105_312,DOC_DC5C9E72C77A,land_o_lakes_2025_annual_report.pdf,dairy_milk_skim_milk_milk_fat,cost,benchmark_proxy,benchmark_only,The Hershey Company,Milk / Skim Milk / Milk Fat,dairy,medium,False,True,"Source contains cost, price, market, benchmark, or index language for cost bucket: dairy."
EV_DAIRY_MILK_SKIM_MILK_MILK_FAT_0105_313,DOC_DC5C9E72C77A,land_o_lakes_2025_annual_report.pdf,dairy_milk_skim_milk_milk_fat,cost,benchmark_proxy,benchmark_only,The Hershey Company,Milk / Skim Milk / Milk Fat,general_cost_or_market_context,medium,False,True,"Source contains cost, price, market, benchmark, or index language for cost bucket: general_cost_or_market_context."
EV_DAIRY_MILK_SKIM_MILK_MILK_FAT_0105_314,DOC_DC5C9E72C77A,land_o_lakes_2025_annual_report.pdf,dairy_milk_skim_milk_milk_fat,cost,benchmark_proxy,benchmark_only,The Hershey Company,Milk / Skim Milk / Milk Fat,general_cost_or_market_context,medium,False,True,"Source contains cost, price, market, benchmark, or index language for cost bucket: general_cost_or_market_context."
EV_DAIRY_MILK_SKIM_MILK_MILK_FAT_0105_315,DOC_DC5C9E72C77A,land_o_lakes_2025_annual_report.pdf,dairy_milk_skim_milk_milk_fat,cost,benchmark_proxy,benchmark_only,The Hershey Company,Milk / Skim Milk / Milk Fat,general_cost_or_market_context,medium,False,True,"Source contains cost, price, market, benchmark, or index language for cost bucket: general_cost_or_market_context."
EV_DAIRY_MILK_SKIM_MILK_MILK_FAT_0105_316,DOC_DC5C9E72C77A,land_o_lakes_2025_annual_report.pdf,dairy_milk_skim_milk_milk_fat,cost,benchmark_proxy,benchmark_only,The Hershey Company,Milk / Skim Milk / Milk Fat,general_cost_or_market_context,medium,False,True,"Source contains cost, price, market, benchmark, or index language for cost bucket: general_cost_or_market_context."
EV_DAIRY_MILK_SKIM_MILK_MILK_FAT_0105_317,DOC_DC5C9E72C77A,land_o_lakes_2025_annual_report.pdf,dairy_milk_skim_milk_milk_fat,cost,benchmark_proxy,benchmark_only,The Hershey Company,Milk / Skim Milk / Milk Fat,general_cost_or_market_context,medium,False,True,"Source contains cost, price, market, benchmark, or index language for cost bucket: general_cost_or_market_context."
EV_DAIRY_MILK_SKIM_MILK_MILK_FAT_0105_318,DOC_DC5C9E72C77A,land_o_lakes_2025_annual_report.pdf,dairy_milk_skim_milk_milk_fat,cost,benchmark_proxy,benchmark_only,The Hershey Company,Milk / Skim Milk / Milk Fat,general_cost_or_market_context,medium,False,True,"Source contains cost, price, market, benchmark, or index language for cost bucket: general_cost_or_market_context."
EV_DAIRY_MILK_SKIM_MILK_MILK_FAT_0105_319,DOC_DC5C9E72C77A,land_o_lakes_2025_annual_report.pdf,dairy_milk_skim_milk_milk_fat,cost,benchmark_proxy,benchmark_only,The Hershey Company,Milk / Skim Milk / Milk Fat,general_cost_or_market_context,medium,False,True,"Source contains cost, price, market, benchmark, or index language for cost bucket: general_cost_or_market_context."
EV_DAIRY_MILK_SKIM_MILK_MILK_FAT_0105_320,DOC_DC5C9E72C77A,land_o_lakes_2025_annual_report.pdf,dairy_milk_skim_milk_milk_fat,cost,benchmark_proxy,benchmark_only,The Hershey Company,Milk / Skim Milk / Milk Fat,general_cost_or_market_context,medium,False,True,"Source contains cost, price, market, benchmark, or index language for cost bucket: general_cost_or_market_context."
EV_DAIRY_MILK_SKIM_MILK_MILK_FAT_0105_321,DOC_DC5C9E72C77A,land_o_lakes_2025_annual_report.pdf,dairy_milk_skim_milk_milk_fat,cost,benchmark_proxy,benchmark_only,The Hershey Company,Milk / Skim Milk / Milk Fat,general_cost_or_market_context,medium,False,True,"Source contains cost, price, market, benchmark, or index language for cost bucket: general_cost_or_market_context."
EV_DAIRY_MILK_SKIM_MILK_MILK_FAT_0105_322,DOC_DC5C9E72C77A,land_o_lakes_2025_annual_report.pdf,dairy_milk_skim_milk_milk_fat,cost,benchmark_proxy,benchmark_only,The Hershey Company,Milk / Skim Milk / Milk Fat,general_cost_or_market_context,medium,False,True,"Source contains cost, price, market, benchmark, or index language for cost bucket: general_cost_or_market_context."
EV_DAIRY_MILK_SKIM_MILK_MILK_FAT_0105_900,DOC_DC5C9E72C77A,land_o_lakes_2025_annual_report.pdf,dairy_milk_skim_milk_milk_fat,supplier,benchmark_proxy,benchmark_only,The Hershey Company,Cocoa / Chocolate,,medium,False,True,Land O'Lakes is candidate company-level evidence for the Milk / Skim Milk / Milk Fat stream.
EV_DAIRY_MILK_SKIM_MILK_MILK_FAT_0106_001,DOC_E2BE0206EF0C,usda_ams_class_iv_milk_price_reference.pdf,dairy_milk_skim_milk_milk_fat,ingredient,benchmark_proxy,benchmark_only,USDA,Milk / Dairy,,medium,False,True,Source document available for packet: dairy_milk_skim_milk_milk_fat.
EV_DAIRY_MILK_SKIM_MILK_MILK_FAT_0106_301,DOC_E2BE0206EF0C,usda_ams_class_iv_milk_price_reference.pdf,dairy_milk_skim_milk_milk_fat,cost,benchmark_proxy,benchmark_only,USDA,Milk / Skim Milk / Milk Fat,general_cost_or_market_context,medium,False,True,"Source contains cost, price, market, benchmark, or index language for cost bucket: general_cost_or_market_context."
EV_DAIRY_MILK_SKIM_MILK_MILK_FAT_0106_302,DOC_E2BE0206EF0C,usda_ams_class_iv_milk_price_reference.pdf,dairy_milk_skim_milk_milk_fat,cost,benchmark_proxy,benchmark_only,USDA,Milk / Skim Milk / Milk Fat,general_cost_or_market_context,medium,False,True,"Source contains cost, price, market, benchmark, or index language for cost bucket: general_cost_or_market_context."
EV_DAIRY_MILK_SKIM_MILK_MILK_FAT_0106_303,DOC_E2BE0206EF0C,usda_ams_class_iv_milk_price_reference.pdf,dairy_milk_skim_milk_milk_fat,cost,benchmark_proxy,benchmark_only,USDA,Milk / Dairy,dairy,medium,False,True,"Source contains cost, price, market, benchmark, or index language for cost bucket: dairy."
EV_DAIRY_MILK_SKIM_MILK_MILK_FAT_0106_304,DOC_E2BE0206EF0C,usda_ams_class_iv_milk_price_reference.pdf,dairy_milk_skim_milk_milk_fat,cost,benchmark_proxy,benchmark_only,USDA,Milk / Dairy,dairy,medium,False,True,"Source contains cost, price, market, benchmark, or index language for cost bucket: dairy."
EV_DAIRY_MILK_SKIM_MILK_MILK_FAT_0106_305,DOC_E2BE0206EF0C,usda_ams_class_iv_milk_price_reference.pdf,dairy_milk_skim_milk_milk_fat,cost,benchmark_proxy,benchmark_only,USDA,Milk / Skim Milk / Milk Fat,general_cost_or_market_context,medium,False,True,"Source contains cost, price, market, benchmark, or index language for cost bucket: general_cost_or_market_context."
EV_DAIRY_MILK_SKIM_MILK_MILK_FAT_0106_306,DOC_E2BE0206EF0C,usda_ams_class_iv_milk_price_reference.pdf,dairy_milk_skim_milk_milk_fat,cost,benchmark_proxy,benchmark_only,USDA,Milk / Skim Milk / Milk Fat,general_cost_or_market_context,medium,False,True,"Source contains cost, price, market, benchmark, or index language for cost bucket: general_cost_or_market_context."
EV_DAIRY_MILK_SKIM_MILK_MILK_FAT_0106_307,DOC_E2BE0206EF0C,usda_ams_class_iv_milk_price_reference.pdf,dairy_milk_skim_milk_milk_fat,cost,benchmark_proxy,benchmark_only,USDA,Milk / Skim Milk / Milk Fat,general_cost_or_market_context,medium,False,True,"Source contains cost, price, market, benchmark, or index language for cost bucket: general_cost_or_market_context."
EV_DAIRY_MILK_SKIM_MILK_MILK_FAT_0106_308,DOC_E2BE0206EF0C,usda_ams_class_iv_milk_price_reference.pdf,dairy_milk_skim_milk_milk_fat,cost,benchmark_proxy,benchmark_only,USDA,Milk / Skim Milk / Milk Fat,general_cost_or_market_context,medium,False,True,"Source contains cost, price, market, benchmark, or index language for cost bucket: general_cost_or_market_context."
EV_SUGAR_0107_001,DOC_E2CBD160658D,usda_ers_sugar_outlook_latest_pdf.pdf,sugar,ingredient,benchmark_proxy,benchmark_only,USDA,Sugar,,medium,False,False,Source document available for packet: sugar.
EV_SUGAR_0107_301,DOC_E2CBD160658D,usda_ers_sugar_outlook_latest_pdf.pdf,sugar,cost,benchmark_proxy,benchmark_only,USDA,Sugar,general_cost_or_market_context,medium,False,False,"Source contains cost, price, market, benchmark, or index language for cost bucket: general_cost_or_market_context."
EV_SUGAR_0107_302,DOC_E2CBD160658D,usda_ers_sugar_outlook_latest_pdf.pdf,sugar,cost,benchmark_proxy,benchmark_only,USDA,Sugar,general_cost_or_market_context,medium,False,False,"Source contains cost, price, market, benchmark, or index language for cost bucket: general_cost_or_market_context."
EV_SUGAR_0107_303,DOC_E2CBD160658D,usda_ers_sugar_outlook_latest_pdf.pdf,sugar,cost,benchmark_proxy,benchmark_only,USDA,Sugar,general_cost_or_market_context,medium,False,False,"Source contains cost, price, market, benchmark, or index language for cost bucket: general_cost_or_market_context."
EV_SUGAR_0107_304,DOC_E2CBD160658D,usda_ers_sugar_outlook_latest_pdf.pdf,sugar,cost,benchmark_proxy,benchmark_only,USDA,Sugar,general_cost_or_market_context,medium,False,False,"Source contains cost, price, market, benchmark, or index language for cost bucket: general_cost_or_market_context."
EV_SUGAR_0107_305,DOC_E2CBD160658D,usda_ers_sugar_outlook_latest_pdf.pdf,sugar,cost,benchmark_proxy,benchmark_only,USDA,Sugar,sugar,medium,False,False,"Source contains cost, price, market, benchmark, or index language for cost bucket: sugar."
EV_SUGAR_0107_306,DOC_E2CBD160658D,usda_ers_sugar_outlook_latest_pdf.pdf,sugar,cost,benchmark_proxy,benchmark_only,USDA,Sugar,general_cost_or_market_context,medium,False,False,"Source contains cost, price, market, benchmark, or index language for cost bucket: general_cost_or_market_context."
EV_SUGAR_0107_307,DOC_E2CBD160658D,usda_ers_sugar_outlook_latest_pdf.pdf,sugar,cost,benchmark_proxy,benchmark_only,USDA,Sugar,general_cost_or_market_context,medium,False,False,"Source contains cost, price, market, benchmark, or index language for cost bucket: general_cost_or_market_context."
EV_COCOA_CHOCOLATE_COCOA_BUTTER_0108_001,DOC_E37A29B6C990,barry_logo.svg,cocoa_chocolate_cocoa_butter,visual_asset,reference_only,illustrative_only,Barry Callebaut,Cocoa / Chocolate,,low,False,True,Source document available for packet: cocoa_chocolate_cocoa_butter.
EV_DAIRY_MILK_SKIM_MILK_MILK_FAT_0109_001,DOC_E3E6C7C84910,milk_processing_separation_explanation.pdf,dairy_milk_skim_milk_milk_fat,ingredient,benchmark_proxy,benchmark_only,USDA,Milk / Dairy,,medium,False,False,Source document available for packet: dairy_milk_skim_milk_milk_fat.
EV_DAIRY_MILK_SKIM_MILK_MILK_FAT_0109_301,DOC_E3E6C7C84910,milk_processing_separation_explanation.pdf,dairy_milk_skim_milk_milk_fat,cost,benchmark_proxy,benchmark_only,USDA,Milk / Skim Milk / Milk Fat,general_cost_or_market_context,medium,False,False,"Source contains cost, price, market, benchmark, or index language for cost bucket: general_cost_or_market_context."
EV_DAIRY_MILK_SKIM_MILK_MILK_FAT_0109_302,DOC_E3E6C7C84910,milk_processing_separation_explanation.pdf,dairy_milk_skim_milk_milk_fat,cost,benchmark_proxy,benchmark_only,USDA,Milk / Dairy,dairy,medium,False,False,"Source contains cost, price, market, benchmark, or index language for cost bucket: dairy."
EV_DAIRY_MILK_SKIM_MILK_MILK_FAT_0109_303,DOC_E3E6C7C84910,milk_processing_separation_explanation.pdf,dairy_milk_skim_milk_milk_fat,cost,benchmark_proxy,benchmark_only,USDA,Milk / Dairy,dairy,medium,False,False,"Source contains cost, price, market, benchmark, or index language for cost bucket: dairy."
EV_SUGAR_0110_001,DOC_E5889DB5914A,Sugar-The-Hershey-Company-05-06-2026_02_22_PM.pdf,sugar,ingredient,direct,unknown,The Hershey Company,Sugar,,low,False,True,Source document available for packet: sugar.
EV_SUGAR_0111_001,DOC_EBE512C33BCD,domino_sugar_asr_brand_page.pdf,sugar,ingredient,direct,company_level_confirmed,American Sugar Refining / ASR,Sugar,,high,False,True,Source document available for packet: sugar.
EV_NATURAL_FLAVOR_0112_001,DOC_F0190DCF0884,natural_flavor_declaration_fda_definition_reference.pdf,natural_flavor,ingredient,benchmark_proxy,benchmark_only,USDA,Sugar,,medium,False,False,Source document available for packet: natural_flavor.
EV_NATURAL_FLAVOR_0112_900,DOC_F0190DCF0884,natural_flavor_declaration_fda_definition_reference.pdf,natural_flavor,ingredient,benchmark_proxy,benchmark_only,USDA,Sugar,,medium,False,False,Natural Flavor packet is ingredient/function evidence with supplier currently unknown.
EV_LOGISTICS_DISTRIBUTION_0113_001,DOC_F203E734500B,PCU484484.xlsx,logistics_distribution,logistics,benchmark_proxy,benchmark_only,USDA,,,medium,False,False,Source document available for packet: logistics_distribution.
EV_LOGISTICS_DISTRIBUTION_0113_301,DOC_F203E734500B,PCU484484.xlsx,logistics_distribution,cost,benchmark_proxy,benchmark_only,USDA ERS,,freight,medium,False,False,"Source contains cost, price, market, benchmark, or index language for cost bucket: freight."
EV_PGPR_0114_001,DOC_F398FB109346,pgpr_function_in_chocolate_explanation.pdf,pgpr,ingredient,benchmark_proxy,unknown,pgpr,Cocoa / Chocolate,,low,False,True,Source document available for packet: pgpr.
EV_PGPR_0114_900,DOC_F398FB109346,pgpr_function_in_chocolate_explanation.pdf,pgpr,ingredient,benchmark_proxy,unknown,pgpr,Cocoa / Chocolate,,low,False,True,PGPR packet is ingredient/function evidence with supplier currently unknown.
EV_PACKAGING_WRAPPER_0115_001,DOC_F89879677373,hershey_latest_esg_packaging_section.pdf,packaging_wrapper,packaging,benchmark_proxy,benchmark_only,The Hershey Company,Cocoa / Chocolate,,medium,False,True,Source document available for packet: packaging_wrapper.
EV_PACKAGING_WRAPPER_0115_101,DOC_F89879677373,hershey_latest_esg_packaging_section.pdf,packaging_wrapper,supplier,benchmark_proxy,benchmark_only,The Hershey Company,Cocoa / Chocolate,,medium,False,True,The Hershey Company has relationship language connected to USDA ERS: relationship language detected.
EV_PACKAGING_WRAPPER_0115_301,DOC_F89879677373,hershey_latest_esg_packaging_section.pdf,packaging_wrapper,cost,benchmark_proxy,benchmark_only,The Hershey Company,Packaging / Wrapper,general_cost_or_market_context,medium,False,True,"Source contains cost, price, market, benchmark, or index language for cost bucket: general_cost_or_market_context."
EV_PACKAGING_WRAPPER_0115_302,DOC_F89879677373,hershey_latest_esg_packaging_section.pdf,packaging_wrapper,cost,benchmark_proxy,benchmark_only,The Hershey Company,Packaging / Wrapper,general_cost_or_market_context,medium,False,True,"Source contains cost, price, market, benchmark, or index language for cost bucket: general_cost_or_market_context."
EV_PACKAGING_WRAPPER_0115_303,DOC_F89879677373,hershey_latest_esg_packaging_section.pdf,packaging_wrapper,cost,benchmark_proxy,benchmark_only,The Hershey Company,Packaging / Wrapper,general_cost_or_market_context,medium,False,True,"Source contains cost, price, market, benchmark, or index language for cost bucket: general_cost_or_market_context."
EV_PACKAGING_WRAPPER_0115_304,DOC_F89879677373,hershey_latest_esg_packaging_section.pdf,packaging_wrapper,cost,benchmark_proxy,benchmark_only,The Hershey Company,Packaging / Wrapper,general_cost_or_market_context,medium,False,True,"Source contains cost, price, market, benchmark, or index language for cost bucket: general_cost_or_market_context."
EV_PACKAGING_WRAPPER_0115_305,DOC_F89879677373,hershey_latest_esg_packaging_section.pdf,packaging_wrapper,cost,benchmark_proxy,benchmark_only,The Hershey Company,Packaging / Wrapper,general_cost_or_market_context,medium,False,True,"Source contains cost, price, market, benchmark, or index language for cost bucket: general_cost_or_market_context."
EV_PACKAGING_WRAPPER_0115_900,DOC_F89879677373,hershey_latest_esg_packaging_section.pdf,packaging_wrapper,ingredient,benchmark_proxy,benchmark_only,The Hershey Company,Cocoa / Chocolate,,medium,False,True,Packaging / Wrapper packet is ingredient/function evidence with supplier currently unknown.
EV_COCOA_CHOCOLATE_COCOA_BUTTER_0116_001,DOC_F976C0BE2B9A,usda_fas_cote_divoire_cocoa_sector_overview_2025.pdf,cocoa_chocolate_cocoa_butter,ingredient,benchmark_proxy,benchmark_only,USDA,Cocoa Butter,,medium,False,False,Source document available for packet: cocoa_chocolate_cocoa_butter.
EV_COCOA_CHOCOLATE_COCOA_BUTTER_0116_301,DOC_F976C0BE2B9A,usda_fas_cote_divoire_cocoa_sector_overview_2025.pdf,cocoa_chocolate_cocoa_butter,cost,benchmark_proxy,benchmark_only,USDA,Cocoa / Chocolate,cocoa_chocolate_cocoa_butter,medium,False,False,"Source contains cost, price, market, benchmark, or index language for cost bucket: cocoa_chocolate_cocoa_butter."
EV_COCOA_CHOCOLATE_COCOA_BUTTER_0116_302,DOC_F976C0BE2B9A,usda_fas_cote_divoire_cocoa_sector_overview_2025.pdf,cocoa_chocolate_cocoa_butter,cost,benchmark_proxy,benchmark_only,USDA,Cocoa / Chocolate,cocoa_chocolate_cocoa_butter,medium,False,False,"Source contains cost, price, market, benchmark, or index language for cost bucket: cocoa_chocolate_cocoa_butter."
EV_COCOA_CHOCOLATE_COCOA_BUTTER_0116_303,DOC_F976C0BE2B9A,usda_fas_cote_divoire_cocoa_sector_overview_2025.pdf,cocoa_chocolate_cocoa_butter,cost,benchmark_proxy,benchmark_only,USDA,Cocoa / Chocolate,cocoa_chocolate_cocoa_butter,medium,False,False,"Source contains cost, price, market, benchmark, or index language for cost bucket: cocoa_chocolate_cocoa_butter."
EV_COCOA_CHOCOLATE_COCOA_BUTTER_0116_304,DOC_F976C0BE2B9A,usda_fas_cote_divoire_cocoa_sector_overview_2025.pdf,cocoa_chocolate_cocoa_butter,cost,benchmark_proxy,benchmark_only,USDA,Cocoa / Chocolate,cocoa_chocolate_cocoa_butter,medium,False,False,"Source contains cost, price, market, benchmark, or index language for cost bucket: cocoa_chocolate_cocoa_butter."
EV_COCOA_CHOCOLATE_COCOA_BUTTER_0116_305,DOC_F976C0BE2B9A,usda_fas_cote_divoire_cocoa_sector_overview_2025.pdf,cocoa_chocolate_cocoa_butter,cost,benchmark_proxy,benchmark_only,USDA,Cocoa / Chocolate,cocoa_chocolate_cocoa_butter,medium,False,False,"Source contains cost, price, market, benchmark, or index language for cost bucket: cocoa_chocolate_cocoa_butter."
EV_COCOA_CHOCOLATE_COCOA_BUTTER_0116_306,DOC_F976C0BE2B9A,usda_fas_cote_divoire_cocoa_sector_overview_2025.pdf,cocoa_chocolate_cocoa_butter,cost,benchmark_proxy,benchmark_only,USDA,Cocoa / Chocolate,cocoa_chocolate_cocoa_butter,medium,False,False,"Source contains cost, price, market, benchmark, or index language for cost bucket: cocoa_chocolate_cocoa_butter."
EV_COCOA_CHOCOLATE_COCOA_BUTTER_0116_307,DOC_F976C0BE2B9A,usda_fas_cote_divoire_cocoa_sector_overview_2025.pdf,cocoa_chocolate_cocoa_butter,cost,benchmark_proxy,benchmark_only,USDA,Cocoa / Chocolate,cocoa_chocolate_cocoa_butter,medium,False,False,"Source contains cost, price, market, benchmark, or index language for cost bucket: cocoa_chocolate_cocoa_butter."
EV_COCOA_CHOCOLATE_COCOA_BUTTER_0116_308,DOC_F976C0BE2B9A,usda_fas_cote_divoire_cocoa_sector_overview_2025.pdf,cocoa_chocolate_cocoa_butter,cost,benchmark_proxy,benchmark_only,USDA,Cocoa / Chocolate,cocoa_chocolate_cocoa_butter,medium,False,False,"Source contains cost, price, market, benchmark, or index language for cost bucket: cocoa_chocolate_cocoa_butter."
EV_COCOA_CHOCOLATE_COCOA_BUTTER_0116_309,DOC_F976C0BE2B9A,usda_fas_cote_divoire_cocoa_sector_overview_2025.pdf,cocoa_chocolate_cocoa_butter,cost,benchmark_proxy,benchmark_only,USDA,Cocoa / Chocolate,cocoa_chocolate_cocoa_butter,medium,False,False,"Source contains cost, price, market, benchmark, or index language for cost bucket: cocoa_chocolate_cocoa_butter."
EV_COCOA_CHOCOLATE_COCOA_BUTTER_0116_310,DOC_F976C0BE2B9A,usda_fas_cote_divoire_cocoa_sector_overview_2025.pdf,cocoa_chocolate_cocoa_butter,cost,benchmark_proxy,benchmark_only,USDA,Cocoa / Chocolate / Cocoa Butter,general_cost_or_market_context,medium,False,False,"Source contains cost, price, market, benchmark, or index language for cost bucket: general_cost_or_market_context."
EV_COCOA_CHOCOLATE_COCOA_BUTTER_0116_311,DOC_F976C0BE2B9A,usda_fas_cote_divoire_cocoa_sector_overview_2025.pdf,cocoa_chocolate_cocoa_butter,cost,benchmark_proxy,benchmark_only,USDA,Cocoa / Chocolate / Cocoa Butter,general_cost_or_market_context,medium,False,False,"Source contains cost, price, market, benchmark, or index language for cost bucket: general_cost_or_market_context."
EV_COCOA_CHOCOLATE_COCOA_BUTTER_0116_312,DOC_F976C0BE2B9A,usda_fas_cote_divoire_cocoa_sector_overview_2025.pdf,cocoa_chocolate_cocoa_butter,cost,benchmark_proxy,benchmark_only,USDA,Cocoa / Chocolate / Cocoa Butter,general_cost_or_market_context,medium,False,False,"Source contains cost, price, market, benchmark, or index language for cost bucket: general_cost_or_market_context."
EV_COCOA_CHOCOLATE_COCOA_BUTTER_0116_313,DOC_F976C0BE2B9A,usda_fas_cote_divoire_cocoa_sector_overview_2025.pdf,cocoa_chocolate_cocoa_butter,cost,benchmark_proxy,benchmark_only,USDA,Cocoa / Chocolate / Cocoa Butter,general_cost_or_market_context,medium,False,False,"Source contains cost, price, market, benchmark, or index language for cost bucket: general_cost_or_market_context."
EV_COCOA_CHOCOLATE_COCOA_BUTTER_0116_314,DOC_F976C0BE2B9A,usda_fas_cote_divoire_cocoa_sector_overview_2025.pdf,cocoa_chocolate_cocoa_butter,cost,benchmark_proxy,benchmark_only,USDA,Cocoa / Chocolate,cocoa_chocolate_cocoa_butter,medium,False,False,"Source contains cost, price, market, benchmark, or index language for cost bucket: cocoa_chocolate_cocoa_butter."
EV_COCOA_CHOCOLATE_COCOA_BUTTER_0116_315,DOC_F976C0BE2B9A,usda_fas_cote_divoire_cocoa_sector_overview_2025.pdf,cocoa_chocolate_cocoa_butter,cost,benchmark_proxy,benchmark_only,USDA,Cocoa / Chocolate / Cocoa Butter,general_cost_or_market_context,medium,False,False,"Source contains cost, price, market, benchmark, or index language for cost bucket: general_cost_or_market_context."
EV_COCOA_CHOCOLATE_COCOA_BUTTER_0116_316,DOC_F976C0BE2B9A,usda_fas_cote_divoire_cocoa_sector_overview_2025.pdf,cocoa_chocolate_cocoa_butter,cost,benchmark_proxy,benchmark_only,USDA,Cocoa / Chocolate,cocoa_chocolate_cocoa_butter,medium,False,False,"Source contains cost, price, market, benchmark, or index language for cost bucket: cocoa_chocolate_cocoa_butter."
EV_COCOA_CHOCOLATE_COCOA_BUTTER_0116_317,DOC_F976C0BE2B9A,usda_fas_cote_divoire_cocoa_sector_overview_2025.pdf,cocoa_chocolate_cocoa_butter,cost,benchmark_proxy,benchmark_only,USDA,Cocoa / Chocolate,cocoa_chocolate_cocoa_butter,medium,False,False,"Source contains cost, price, market, benchmark, or index language for cost bucket: cocoa_chocolate_cocoa_butter."
EV_COCOA_CHOCOLATE_COCOA_BUTTER_0116_318,DOC_F976C0BE2B9A,usda_fas_cote_divoire_cocoa_sector_overview_2025.pdf,cocoa_chocolate_cocoa_butter,cost,benchmark_proxy,benchmark_only,USDA,Cocoa / Chocolate / Cocoa Butter,general_cost_or_market_context,medium,False,False,"Source contains cost, price, market, benchmark, or index language for cost bucket: general_cost_or_market_context."
EV_COCOA_CHOCOLATE_COCOA_BUTTER_0116_319,DOC_F976C0BE2B9A,usda_fas_cote_divoire_cocoa_sector_overview_2025.pdf,cocoa_chocolate_cocoa_butter,cost,benchmark_proxy,benchmark_only,USDA,Cocoa / Chocolate / Cocoa Butter,general_cost_or_market_context,medium,False,False,"Source contains cost, price, market, benchmark, or index language for cost bucket: general_cost_or_market_context."
EV_COCOA_CHOCOLATE_COCOA_BUTTER_0116_320,DOC_F976C0BE2B9A,usda_fas_cote_divoire_cocoa_sector_overview_2025.pdf,cocoa_chocolate_cocoa_butter,cost,benchmark_proxy,benchmark_only,USDA,Cocoa / Chocolate / Cocoa Butter,general_cost_or_market_context,medium,False,False,"Source contains cost, price, market, benchmark, or index language for cost bucket: general_cost_or_market_context."
EV_COCOA_CHOCOLATE_COCOA_BUTTER_0116_321,DOC_F976C0BE2B9A,usda_fas_cote_divoire_cocoa_sector_overview_2025.pdf,cocoa_chocolate_cocoa_butter,cost,benchmark_proxy,benchmark_only,USDA,Cocoa / Chocolate,cocoa_chocolate_cocoa_butter,medium,False,False,"Source contains cost, price, market, benchmark, or index language for cost bucket: cocoa_chocolate_cocoa_butter."
EV_COCOA_CHOCOLATE_COCOA_BUTTER_0116_322,DOC_F976C0BE2B9A,usda_fas_cote_divoire_cocoa_sector_overview_2025.pdf,cocoa_chocolate_cocoa_butter,cost,benchmark_proxy,benchmark_only,USDA,Cocoa / Chocolate,cocoa_chocolate_cocoa_butter,medium,False,False,"Source contains cost, price, market, benchmark, or index language for cost bucket: cocoa_chocolate_cocoa_butter."
EV_COCOA_CHOCOLATE_COCOA_BUTTER_0116_323,DOC_F976C0BE2B9A,usda_fas_cote_divoire_cocoa_sector_overview_2025.pdf,cocoa_chocolate_cocoa_butter,cost,benchmark_proxy,benchmark_only,USDA,Cocoa / Chocolate / Cocoa Butter,general_cost_or_market_context,medium,False,False,"Source contains cost, price, market, benchmark, or index language for cost bucket: general_cost_or_market_context."
EV_COCOA_CHOCOLATE_COCOA_BUTTER_0116_324,DOC_F976C0BE2B9A,usda_fas_cote_divoire_cocoa_sector_overview_2025.pdf,cocoa_chocolate_cocoa_butter,cost,benchmark_proxy,benchmark_only,USDA,Cocoa / Chocolate / Cocoa Butter,general_cost_or_market_context,medium,False,False,"Source contains cost, price, market, benchmark, or index language for cost bucket: general_cost_or_market_context."
EV_COCOA_CHOCOLATE_COCOA_BUTTER_0116_325,DOC_F976C0BE2B9A,usda_fas_cote_divoire_cocoa_sector_overview_2025.pdf,cocoa_chocolate_cocoa_butter,cost,benchmark_proxy,benchmark_only,USDA,Cocoa / Chocolate / Cocoa Butter,general_cost_or_market_context,medium,False,False,"Source contains cost, price, market, benchmark, or index language for cost bucket: general_cost_or_market_context."
EV_COCOA_CHOCOLATE_COCOA_BUTTER_0116_326,DOC_F976C0BE2B9A,usda_fas_cote_divoire_cocoa_sector_overview_2025.pdf,cocoa_chocolate_cocoa_butter,cost,benchmark_proxy,benchmark_only,USDA,Cocoa / Chocolate / Cocoa Butter,general_cost_or_market_context,medium,False,False,"Source contains cost, price, market, benchmark, or index language for cost bucket: general_cost_or_market_context."
EV_COCOA_CHOCOLATE_COCOA_BUTTER_0116_327,DOC_F976C0BE2B9A,usda_fas_cote_divoire_cocoa_sector_overview_2025.pdf,cocoa_chocolate_cocoa_butter,cost,benchmark_proxy,benchmark_only,USDA,Cocoa / Chocolate / Cocoa Butter,general_cost_or_market_context,medium,False,False,"Source contains cost, price, market, benchmark, or index language for cost bucket: general_cost_or_market_context."
EV_COCOA_CHOCOLATE_COCOA_BUTTER_0116_328,DOC_F976C0BE2B9A,usda_fas_cote_divoire_cocoa_sector_overview_2025.pdf,cocoa_chocolate_cocoa_butter,cost,benchmark_proxy,benchmark_only,USDA,Cocoa / Chocolate,cocoa_chocolate_cocoa_butter,medium,False,False,"Source contains cost, price, market, benchmark, or index language for cost bucket: cocoa_chocolate_cocoa_butter."
EV_COCOA_CHOCOLATE_COCOA_BUTTER_0116_329,DOC_F976C0BE2B9A,usda_fas_cote_divoire_cocoa_sector_overview_2025.pdf,cocoa_chocolate_cocoa_butter,cost,benchmark_proxy,benchmark_only,USDA,Cocoa / Chocolate / Cocoa Butter,general_cost_or_market_context,medium,False,False,"Source contains cost, price, market, benchmark, or index language for cost bucket: general_cost_or_market_context."
EV_COCOA_CHOCOLATE_COCOA_BUTTER_0116_330,DOC_F976C0BE2B9A,usda_fas_cote_divoire_cocoa_sector_overview_2025.pdf,cocoa_chocolate_cocoa_butter,cost,benchmark_proxy,benchmark_only,USDA,Cocoa / Chocolate,cocoa_chocolate_cocoa_butter,medium,False,False,"Source contains cost, price, market, benchmark, or index language for cost bucket: cocoa_chocolate_cocoa_butter."
EV_COCOA_CHOCOLATE_COCOA_BUTTER_0117_001,DOC_FD5AB5AB5E8F,icco_cocoa_statistics_page.pdf,cocoa_chocolate_cocoa_butter,ingredient,benchmark_proxy,benchmark_only,ICCO,Cocoa / Chocolate,,medium,False,True,Source document available for packet: cocoa_chocolate_cocoa_butter.
EV_LOGISTICS_DISTRIBUTION_0118_001,DOC_FDA0D8F4DCE2,mclane_company_facts_reference.pdf,logistics_distribution,logistics,direct,company_level_confirmed,McLane,,,high,False,True,Source document available for packet: logistics_distribution.
EV_LOGISTICS_DISTRIBUTION_0118_900,DOC_FDA0D8F4DCE2,mclane_company_facts_reference.pdf,logistics_distribution,supplier,direct,company_level_confirmed,McLane,,,high,False,True,McLane is candidate company-level evidence for the Distribution / Downstream Channel stream.
EV_PACKAGING_WRAPPER_0119_001,DOC_FE10C8C34BF6,bls_ppi_packaging_materials_benchmark.pdf,packaging_wrapper,packaging,benchmark_proxy,benchmark_only,BLS,Packaging / Wrapper,,medium,False,True,Source document available for packet: packaging_wrapper.
EV_PACKAGING_WRAPPER_0119_900,DOC_FE10C8C34BF6,bls_ppi_packaging_materials_benchmark.pdf,packaging_wrapper,ingredient,benchmark_proxy,benchmark_only,BLS,Packaging / Wrapper,,medium,False,True,Packaging / Wrapper packet is ingredient/function evidence with supplier currently unknown.
EV_DAIRY_MILK_SKIM_MILK_MILK_FAT_0120_001,DOC_FEA243351909,alliance_sustainable_dairy_pa_page.pdf,dairy_milk_skim_milk_milk_fat,ingredient,benchmark_proxy,unknown,dairy_milk_skim_milk_milk_fat,Milk / Dairy,,low,False,True,Source document available for packet: dairy_milk_skim_milk_milk_fat.
