unified_chunk_id,doc_id,file_name,packet,source_type,document_type,text_length,word_count,usefulness_class,companies,ingredients,claim_terms,sku_terms,cost_terms
UCHUNK_000001,DOC_CA4CD5A61616,hershey_2025_10k_full.pdf,hershey_company,text_or_table,pdf_document,2188,484,low_background,,,,,
UCHUNK_000002,DOC_CA4CD5A61616,hershey_2025_10k_full.pdf,hershey_company,text_or_table,pdf_document,698,148,low_background,,,,,
UCHUNK_000003,DOC_920988DD536E,Dairy-The-Hershey-Company-05-06-2026_02_22_PM.pdf,hershey_company,text_or_table,pdf_document,14,4,low_short_text,,,,,
UCHUNK_000004,DOC_4798F11F2524,Palm-Oil-The-Hershey-Company-05-06-2026_02_22_PM.pdf,hershey_company,text_or_table,pdf_document,14,4,low_short_text,,,,,
UCHUNK_000005,DOC_381414594006,Pulp-Paper-The-Hershey-Company-05-06-2026_02_23_PM.pdf,hershey_company,text_or_table,pdf_document,14,4,low_short_text,,,,,
UCHUNK_000006,DOC_6152C93503AC,hershey_responsible_sourcing_cocoa_page.pdf,hershey_company,text_or_table,pdf_document,14,4,low_short_text,,,,,
UCHUNK_000007,DOC_73F44125570A,hershey_latest_esg_sugar_section.pdf,hershey_company,text_or_table,pdf_document,2200,349,low_background,,,,,
UCHUNK_000008,DOC_73F44125570A,hershey_latest_esg_sugar_section.pdf,hershey_company,text_or_table,pdf_document,2200,339,low_background,,,,,
UCHUNK_000009,DOC_73F44125570A,hershey_latest_esg_sugar_section.pdf,hershey_company,text_or_table,pdf_document,2200,329,low_background,,,,,
UCHUNK_000010,DOC_73F44125570A,hershey_latest_esg_sugar_section.pdf,hershey_company,text_or_table,pdf_document,1656,257,low_background,,,,,
UCHUNK_000011,DOC_73F44125570A,hershey_latest_esg_sugar_section.pdf,hershey_company,text_or_table,pdf_document,2200,334,low_background,,,,,
UCHUNK_000012,DOC_73F44125570A,hershey_latest_esg_sugar_section.pdf,hershey_company,text_or_table,pdf_document,2200,344,low_background,,,,,
UCHUNK_000013,DOC_73F44125570A,hershey_latest_esg_sugar_section.pdf,hershey_company,text_or_table,pdf_document,1628,254,low_background,,,,,
UCHUNK_000014,DOC_73F44125570A,hershey_latest_esg_sugar_section.pdf,hershey_company,text_or_table,pdf_document,2200,337,low_background,,,,,
UCHUNK_000015,DOC_73F44125570A,hershey_latest_esg_sugar_section.pdf,hershey_company,text_or_table,pdf_document,2199,309,low_background,,,,,
UCHUNK_000016,DOC_73F44125570A,hershey_latest_esg_sugar_section.pdf,hershey_company,text_or_table,pdf_document,1891,265,low_background,,,,,
UCHUNK_000017,DOC_73F44125570A,hershey_latest_esg_sugar_section.pdf,hershey_company,text_or_table,pdf_document,2198,341,low_background,,,,,
UCHUNK_000018,DOC_73F44125570A,hershey_latest_esg_sugar_section.pdf,hershey_company,text_or_table,pdf_document,2198,334,low_background,,,,,
UCHUNK_000019,DOC_73F44125570A,hershey_latest_esg_sugar_section.pdf,hershey_company,text_or_table,pdf_document,1502,234,low_background,,,,,
UCHUNK_000020,DOC_73F44125570A,hershey_latest_esg_sugar_section.pdf,hershey_company,text_or_table,pdf_document,2200,317,low_background,,,,,
UCHUNK_000021,DOC_73F44125570A,hershey_latest_esg_sugar_section.pdf,hershey_company,text_or_table,pdf_document,2188,322,low_background,,,,,
UCHUNK_000022,DOC_73F44125570A,hershey_latest_esg_sugar_section.pdf,hershey_company,text_or_table,pdf_document,2200,314,low_background,,,,,
UCHUNK_000023,DOC_73F44125570A,hershey_latest_esg_sugar_section.pdf,hershey_company,text_or_table,pdf_document,2199,298,low_background,,,,,
UCHUNK_000024,DOC_73F44125570A,hershey_latest_esg_sugar_section.pdf,hershey_company,text_or_table,pdf_document,2199,307,low_background,,,,,
UCHUNK_000025,DOC_73F44125570A,hershey_latest_esg_sugar_section.pdf,hershey_company,text_or_table,pdf_document,1809,273,low_background,,,,,
UCHUNK_000026,DOC_73F44125570A,hershey_latest_esg_sugar_section.pdf,hershey_company,text_or_table,pdf_document,2200,332,low_background,,,,,
UCHUNK_000027,DOC_73F44125570A,hershey_latest_esg_sugar_section.pdf,hershey_company,text_or_table,pdf_document,2200,350,low_background,,,,,
UCHUNK_000028,DOC_73F44125570A,hershey_latest_esg_sugar_section.pdf,hershey_company,text_or_table,pdf_document,1733,256,low_background,,,,,
UCHUNK_000029,DOC_73F44125570A,hershey_latest_esg_sugar_section.pdf,hershey_company,text_or_table,pdf_document,2200,323,low_background,,,,,
UCHUNK_000030,DOC_73F44125570A,hershey_latest_esg_sugar_section.pdf,hershey_company,text_or_table,pdf_document,2200,344,low_background,,,,,
UCHUNK_000031,DOC_73F44125570A,hershey_latest_esg_sugar_section.pdf,hershey_company,text_or_table,pdf_document,2200,349,low_background,,,,,
UCHUNK_000032,DOC_73F44125570A,hershey_latest_esg_sugar_section.pdf,hershey_company,text_or_table,pdf_document,2199,331,low_background,,,,,
UCHUNK_000033,DOC_73F44125570A,hershey_latest_esg_sugar_section.pdf,hershey_company,text_or_table,pdf_document,1541,218,low_background,,,,,
UCHUNK_000034,DOC_73F44125570A,hershey_latest_esg_sugar_section.pdf,hershey_company,text_or_table,pdf_document,2200,312,low_background,,,,,
UCHUNK_000035,DOC_73F44125570A,hershey_latest_esg_sugar_section.pdf,hershey_company,text_or_table,pdf_document,2199,335,low_background,,,,,
UCHUNK_000036,DOC_73F44125570A,hershey_latest_esg_sugar_section.pdf,hershey_company,text_or_table,pdf_document,2200,320,low_background,,,,,
UCHUNK_000037,DOC_73F44125570A,hershey_latest_esg_sugar_section.pdf,hershey_company,text_or_table,pdf_document,2019,296,low_background,,,,,
UCHUNK_000038,DOC_73F44125570A,hershey_latest_esg_sugar_section.pdf,hershey_company,text_or_table,pdf_document,1936,305,low_background,,,,,
UCHUNK_000039,DOC_73F44125570A,hershey_latest_esg_sugar_section.pdf,hershey_company,text_or_table,pdf_document,2055,326,low_background,,,,,
UCHUNK_000040,DOC_73F44125570A,hershey_latest_esg_sugar_section.pdf,hershey_company,text_or_table,pdf_document,1413,218,low_background,,,,,
UCHUNK_000041,DOC_73F44125570A,hershey_latest_esg_sugar_section.pdf,hershey_company,text_or_table,pdf_document,2200,334,low_background,,,,,
UCHUNK_000042,DOC_73F44125570A,hershey_latest_esg_sugar_section.pdf,hershey_company,text_or_table,pdf_document,2172,318,low_background,,,,,
UCHUNK_000043,DOC_73F44125570A,hershey_latest_esg_sugar_section.pdf,hershey_company,text_or_table,pdf_document,2200,350,low_background,,,,,
UCHUNK_000044,DOC_73F44125570A,hershey_latest_esg_sugar_section.pdf,hershey_company,text_or_table,pdf_document,2199,334,low_background,,,,,
UCHUNK_000045,DOC_73F44125570A,hershey_latest_esg_sugar_section.pdf,hershey_company,text_or_table,pdf_document,2200,324,low_background,,,,,
UCHUNK_000046,DOC_73F44125570A,hershey_latest_esg_sugar_section.pdf,hershey_company,text_or_table,pdf_document,2199,328,low_background,,,,,
UCHUNK_000047,DOC_73F44125570A,hershey_latest_esg_sugar_section.pdf,hershey_company,text_or_table,pdf_document,2200,320,low_background,,,,,
UCHUNK_000048,DOC_73F44125570A,hershey_latest_esg_sugar_section.pdf,hershey_company,text_or_table,pdf_document,2200,332,low_background,,,,,
UCHUNK_000049,DOC_73F44125570A,hershey_latest_esg_sugar_section.pdf,hershey_company,text_or_table,pdf_document,2200,340,low_background,,,,,
UCHUNK_000050,DOC_73F44125570A,hershey_latest_esg_sugar_section.pdf,hershey_company,text_or_table,pdf_document,2161,313,low_background,,,,,
UCHUNK_000051,DOC_73F44125570A,hershey_latest_esg_sugar_section.pdf,hershey_company,text_or_table,pdf_document,2199,316,low_background,,,,,
UCHUNK_000052,DOC_73F44125570A,hershey_latest_esg_sugar_section.pdf,hershey_company,text_or_table,pdf_document,2200,321,low_background,,,,,
UCHUNK_000053,DOC_73F44125570A,hershey_latest_esg_sugar_section.pdf,hershey_company,text_or_table,pdf_document,2199,330,low_background,,,,,
UCHUNK_000054,DOC_73F44125570A,hershey_latest_esg_sugar_section.pdf,hershey_company,text_or_table,pdf_document,1473,225,low_background,,,,,
UCHUNK_000055,DOC_73F44125570A,hershey_latest_esg_sugar_section.pdf,hershey_company,text_or_table,pdf_document,2200,333,low_background,,,,,
UCHUNK_000056,DOC_73F44125570A,hershey_latest_esg_sugar_section.pdf,hershey_company,text_or_table,pdf_document,2200,334,low_background,,,,,
UCHUNK_000057,DOC_73F44125570A,hershey_latest_esg_sugar_section.pdf,hershey_company,text_or_table,pdf_document,1944,285,low_background,,,,,
UCHUNK_000058,DOC_73F44125570A,hershey_latest_esg_sugar_section.pdf,hershey_company,text_or_table,pdf_document,2199,313,low_background,,,,,
UCHUNK_000059,DOC_73F44125570A,hershey_latest_esg_sugar_section.pdf,hershey_company,text_or_table,pdf_document,2200,334,low_background,,,,,
UCHUNK_000060,DOC_73F44125570A,hershey_latest_esg_sugar_section.pdf,hershey_company,text_or_table,pdf_document,1713,258,low_background,,,,,
UCHUNK_000061,DOC_73F44125570A,hershey_latest_esg_sugar_section.pdf,hershey_company,text_or_table,pdf_document,2200,337,low_background,,,,,
UCHUNK_000062,DOC_73F44125570A,hershey_latest_esg_sugar_section.pdf,hershey_company,text_or_table,pdf_document,2200,341,low_background,,,,,
UCHUNK_000063,DOC_73F44125570A,hershey_latest_esg_sugar_section.pdf,hershey_company,text_or_table,pdf_document,2199,348,low_background,,,,,
UCHUNK_000064,DOC_73F44125570A,hershey_latest_esg_sugar_section.pdf,hershey_company,text_or_table,pdf_document,1804,278,low_background,,,,,
UCHUNK_000065,DOC_73F44125570A,hershey_latest_esg_sugar_section.pdf,hershey_company,text_or_table,pdf_document,2200,342,low_background,,,,,
UCHUNK_000066,DOC_73F44125570A,hershey_latest_esg_sugar_section.pdf,hershey_company,text_or_table,pdf_document,2198,335,low_background,,,,,
UCHUNK_000067,DOC_73F44125570A,hershey_latest_esg_sugar_section.pdf,hershey_company,text_or_table,pdf_document,1874,291,low_background,,,,,
UCHUNK_000068,DOC_73F44125570A,hershey_latest_esg_sugar_section.pdf,hershey_company,text_or_table,pdf_document,2199,313,low_background,,,,,
UCHUNK_000069,DOC_73F44125570A,hershey_latest_esg_sugar_section.pdf,hershey_company,text_or_table,pdf_document,2200,324,low_background,,,,,
UCHUNK_000070,DOC_73F44125570A,hershey_latest_esg_sugar_section.pdf,hershey_company,text_or_table,pdf_document,2200,324,low_background,,,,,
UCHUNK_000071,DOC_73F44125570A,hershey_latest_esg_sugar_section.pdf,hershey_company,text_or_table,pdf_document,2199,321,low_background,,,,,
UCHUNK_000072,DOC_73F44125570A,hershey_latest_esg_sugar_section.pdf,hershey_company,text_or_table,pdf_document,2200,325,low_background,,,,,
UCHUNK_000073,DOC_73F44125570A,hershey_latest_esg_sugar_section.pdf,hershey_company,text_or_table,pdf_document,1435,206,low_background,,,,,
UCHUNK_000074,DOC_73F44125570A,hershey_latest_esg_sugar_section.pdf,hershey_company,text_or_table,pdf_document,2199,335,low_background,,,,,
UCHUNK_000075,DOC_73F44125570A,hershey_latest_esg_sugar_section.pdf,hershey_company,text_or_table,pdf_document,1330,208,low_background,,,,,
UCHUNK_000076,DOC_73F44125570A,hershey_latest_esg_sugar_section.pdf,hershey_company,text_or_table,pdf_document,2200,315,low_background,,,,,
UCHUNK_000077,DOC_73F44125570A,hershey_latest_esg_sugar_section.pdf,hershey_company,text_or_table,pdf_document,2200,306,low_background,,,,,
UCHUNK_000078,DOC_73F44125570A,hershey_latest_esg_sugar_section.pdf,hershey_company,text_or_table,pdf_document,2200,310,low_background,,,,,
UCHUNK_000079,DOC_73F44125570A,hershey_latest_esg_sugar_section.pdf,hershey_company,text_or_table,pdf_document,2200,328,low_background,,,,,
UCHUNK_000080,DOC_73F44125570A,hershey_latest_esg_sugar_section.pdf,hershey_company,text_or_table,pdf_document,2200,322,low_background,,,,,
UCHUNK_000081,DOC_73F44125570A,hershey_latest_esg_sugar_section.pdf,hershey_company,text_or_table,pdf_document,2200,340,low_background,,,,,
UCHUNK_000082,DOC_73F44125570A,hershey_latest_esg_sugar_section.pdf,hershey_company,text_or_table,pdf_document,2198,314,low_background,,,,,
UCHUNK_000083,DOC_73F44125570A,hershey_latest_esg_sugar_section.pdf,hershey_company,text_or_table,pdf_document,2130,307,low_background,,,,,
UCHUNK_000084,DOC_73F44125570A,hershey_latest_esg_sugar_section.pdf,hershey_company,text_or_table,pdf_document,2200,309,low_background,,,,,
UCHUNK_000085,DOC_73F44125570A,hershey_latest_esg_sugar_section.pdf,hershey_company,text_or_table,pdf_document,2200,312,low_background,,,,,
UCHUNK_000086,DOC_73F44125570A,hershey_latest_esg_sugar_section.pdf,hershey_company,text_or_table,pdf_document,1365,199,low_background,,,,,
UCHUNK_000087,DOC_73F44125570A,hershey_latest_esg_sugar_section.pdf,hershey_company,text_or_table,pdf_document,2200,313,low_background,,,,,
UCHUNK_000088,DOC_73F44125570A,hershey_latest_esg_sugar_section.pdf,hershey_company,text_or_table,pdf_document,2200,326,low_background,,,,,
UCHUNK_000089,DOC_73F44125570A,hershey_latest_esg_sugar_section.pdf,hershey_company,text_or_table,pdf_document,2199,322,low_background,,,,,
UCHUNK_000090,DOC_73F44125570A,hershey_latest_esg_sugar_section.pdf,hershey_company,text_or_table,pdf_document,2198,320,low_background,,,,,
UCHUNK_000091,DOC_73F44125570A,hershey_latest_esg_sugar_section.pdf,hershey_company,text_or_table,pdf_document,1798,278,low_background,,,,,
UCHUNK_000092,DOC_73F44125570A,hershey_latest_esg_sugar_section.pdf,hershey_company,text_or_table,pdf_document,2200,327,low_background,,,,,
UCHUNK_000093,DOC_73F44125570A,hershey_latest_esg_sugar_section.pdf,hershey_company,text_or_table,pdf_document,2200,303,low_background,,,,,
UCHUNK_000094,DOC_73F44125570A,hershey_latest_esg_sugar_section.pdf,hershey_company,text_or_table,pdf_document,2200,320,low_background,,,,,
UCHUNK_000095,DOC_73F44125570A,hershey_latest_esg_sugar_section.pdf,hershey_company,text_or_table,pdf_document,1828,279,low_background,,,,,
UCHUNK_000096,DOC_73F44125570A,hershey_latest_esg_sugar_section.pdf,hershey_company,text_or_table,pdf_document,2063,316,low_background,,,,,
UCHUNK_000097,DOC_73F44125570A,hershey_latest_esg_sugar_section.pdf,hershey_company,text_or_table,pdf_document,2200,367,low_background,,,,,
UCHUNK_000098,DOC_73F44125570A,hershey_latest_esg_sugar_section.pdf,hershey_company,text_or_table,pdf_document,2200,369,low_background,,,,,
UCHUNK_000099,DOC_73F44125570A,hershey_latest_esg_sugar_section.pdf,hershey_company,text_or_table,pdf_document,2052,333,low_background,,,,,
UCHUNK_000100,DOC_73F44125570A,hershey_latest_esg_sugar_section.pdf,hershey_company,text_or_table,pdf_document,1688,304,low_background,,,,,
UCHUNK_000101,DOC_73F44125570A,hershey_latest_esg_sugar_section.pdf,hershey_company,text_or_table,pdf_document,2200,392,low_background,,,,,
UCHUNK_000102,DOC_73F44125570A,hershey_latest_esg_sugar_section.pdf,hershey_company,text_or_table,pdf_document,2103,334,low_background,,,,,
UCHUNK_000103,DOC_73F44125570A,hershey_latest_esg_sugar_section.pdf,hershey_company,text_or_table,pdf_document,1908,288,low_background,,,,,
UCHUNK_000104,DOC_73F44125570A,hershey_latest_esg_sugar_section.pdf,hershey_company,text_or_table,pdf_document,2200,333,low_background,,,,,
UCHUNK_000105,DOC_73F44125570A,hershey_latest_esg_sugar_section.pdf,hershey_company,text_or_table,pdf_document,1294,204,low_background,,,,,
UCHUNK_000106,DOC_73F44125570A,hershey_latest_esg_sugar_section.pdf,hershey_company,text_or_table,pdf_document,2200,335,low_background,,,,,
UCHUNK_000107,DOC_73F44125570A,hershey_latest_esg_sugar_section.pdf,hershey_company,text_or_table,pdf_document,2200,319,low_background,,,,,
UCHUNK_000108,DOC_73F44125570A,hershey_latest_esg_sugar_section.pdf,hershey_company,text_or_table,pdf_document,2199,343,low_background,,,,,
UCHUNK_000109,DOC_73F44125570A,hershey_latest_esg_sugar_section.pdf,hershey_company,text_or_table,pdf_document,2200,318,low_background,,,,,
UCHUNK_000110,DOC_73F44125570A,hershey_latest_esg_sugar_section.pdf,hershey_company,text_or_table,pdf_document,2200,322,low_background,,,,,
UCHUNK_000111,DOC_73F44125570A,hershey_latest_esg_sugar_section.pdf,hershey_company,text_or_table,pdf_document,2200,316,low_background,,,,,
UCHUNK_000112,DOC_73F44125570A,hershey_latest_esg_sugar_section.pdf,hershey_company,text_or_table,pdf_document,1529,225,low_background,,,,,
UCHUNK_000113,DOC_73F44125570A,hershey_latest_esg_sugar_section.pdf,hershey_company,text_or_table,pdf_document,2198,332,low_background,,,,,
UCHUNK_000114,DOC_73F44125570A,hershey_latest_esg_sugar_section.pdf,hershey_company,text_or_table,pdf_document,2200,329,low_background,,,,,
UCHUNK_000115,DOC_73F44125570A,hershey_latest_esg_sugar_section.pdf,hershey_company,text_or_table,pdf_document,2199,321,low_background,,,,,
UCHUNK_000116,DOC_73F44125570A,hershey_latest_esg_sugar_section.pdf,hershey_company,text_or_table,pdf_document,1555,230,low_background,,,,,
UCHUNK_000117,DOC_73F44125570A,hershey_latest_esg_sugar_section.pdf,hershey_company,text_or_table,pdf_document,2200,315,low_background,,,,,
UCHUNK_000118,DOC_73F44125570A,hershey_latest_esg_sugar_section.pdf,hershey_company,text_or_table,pdf_document,2200,339,low_background,,,,,
UCHUNK_000119,DOC_73F44125570A,hershey_latest_esg_sugar_section.pdf,hershey_company,text_or_table,pdf_document,2199,323,low_background,,,,,
UCHUNK_000120,DOC_73F44125570A,hershey_latest_esg_sugar_section.pdf,hershey_company,text_or_table,pdf_document,2198,328,low_background,,,,,
UCHUNK_000121,DOC_73F44125570A,hershey_latest_esg_sugar_section.pdf,hershey_company,text_or_table,pdf_document,2200,323,low_background,,,,,
UCHUNK_000122,DOC_73F44125570A,hershey_latest_esg_sugar_section.pdf,hershey_company,text_or_table,pdf_document,2097,323,low_background,,,,,
UCHUNK_000123,DOC_73F44125570A,hershey_latest_esg_sugar_section.pdf,hershey_company,text_or_table,pdf_document,2200,324,low_background,,,,,
UCHUNK_000124,DOC_73F44125570A,hershey_latest_esg_sugar_section.pdf,hershey_company,text_or_table,pdf_document,1533,228,low_background,,,,,
UCHUNK_000125,DOC_73F44125570A,hershey_latest_esg_sugar_section.pdf,hershey_company,text_or_table,pdf_document,2200,323,low_background,,,,,
UCHUNK_000126,DOC_73F44125570A,hershey_latest_esg_sugar_section.pdf,hershey_company,text_or_table,pdf_document,1570,232,low_background,,,,,
UCHUNK_000127,DOC_73F44125570A,hershey_latest_esg_sugar_section.pdf,hershey_company,text_or_table,pdf_document,2200,334,low_background,,,,,
UCHUNK_000128,DOC_73F44125570A,hershey_latest_esg_sugar_section.pdf,hershey_company,text_or_table,pdf_document,2199,319,low_background,,,,,
UCHUNK_000129,DOC_73F44125570A,hershey_latest_esg_sugar_section.pdf,hershey_company,text_or_table,pdf_document,1779,268,low_background,,,,,
UCHUNK_000130,DOC_73F44125570A,hershey_latest_esg_sugar_section.pdf,hershey_company,text_or_table,pdf_document,2200,338,low_background,,,,,
UCHUNK_000131,DOC_73F44125570A,hershey_latest_esg_sugar_section.pdf,hershey_company,text_or_table,pdf_document,2082,331,low_background,,,,,
UCHUNK_000132,DOC_73F44125570A,hershey_latest_esg_sugar_section.pdf,hershey_company,text_or_table,pdf_document,2200,345,low_background,,,,,
UCHUNK_000133,DOC_73F44125570A,hershey_latest_esg_sugar_section.pdf,hershey_company,text_or_table,pdf_document,2200,326,low_background,,,,,
UCHUNK_000134,DOC_73F44125570A,hershey_latest_esg_sugar_section.pdf,hershey_company,text_or_table,pdf_document,2200,358,low_background,,,,,
UCHUNK_000135,DOC_73F44125570A,hershey_latest_esg_sugar_section.pdf,hershey_company,text_or_table,pdf_document,2200,337,low_background,,,,,
UCHUNK_000136,DOC_73F44125570A,hershey_latest_esg_sugar_section.pdf,hershey_company,text_or_table,pdf_document,2200,332,low_background,,,,,
UCHUNK_000137,DOC_73F44125570A,hershey_latest_esg_sugar_section.pdf,hershey_company,text_or_table,pdf_document,2200,332,low_background,,,,,
UCHUNK_000138,DOC_73F44125570A,hershey_latest_esg_sugar_section.pdf,hershey_company,text_or_table,pdf_document,2200,328,low_background,,,,,
UCHUNK_000139,DOC_73F44125570A,hershey_latest_esg_sugar_section.pdf,hershey_company,text_or_table,pdf_document,2063,323,low_background,,,,,
UCHUNK_000140,DOC_73F44125570A,hershey_latest_esg_sugar_section.pdf,hershey_company,text_or_table,pdf_document,2200,366,low_background,,,,,
UCHUNK_000141,DOC_73F44125570A,hershey_latest_esg_sugar_section.pdf,hershey_company,text_or_table,pdf_document,2200,369,low_background,,,,,
UCHUNK_000142,DOC_73F44125570A,hershey_latest_esg_sugar_section.pdf,hershey_company,text_or_table,pdf_document,1659,255,low_background,,,,,
UCHUNK_000143,DOC_73F44125570A,hershey_latest_esg_sugar_section.pdf,hershey_company,text_or_table,pdf_document,1845,291,low_background,,,,,
UCHUNK_000144,DOC_73F44125570A,hershey_latest_esg_sugar_section.pdf,hershey_company,text_or_table,pdf_document,2200,396,low_background,,,,,
UCHUNK_000145,DOC_73F44125570A,hershey_latest_esg_sugar_section.pdf,hershey_company,text_or_table,pdf_document,2199,420,low_background,,,,,
UCHUNK_000146,DOC_73F44125570A,hershey_latest_esg_sugar_section.pdf,hershey_company,text_or_table,pdf_document,1835,290,low_background,,,,,
UCHUNK_000147,DOC_73F44125570A,hershey_latest_esg_sugar_section.pdf,hershey_company,text_or_table,pdf_document,2199,333,low_background,,,,,
UCHUNK_000148,DOC_73F44125570A,hershey_latest_esg_sugar_section.pdf,hershey_company,text_or_table,pdf_document,2200,331,low_background,,,,,
UCHUNK_000149,DOC_73F44125570A,hershey_latest_esg_sugar_section.pdf,hershey_company,text_or_table,pdf_document,2200,318,low_background,,,,,
UCHUNK_000150,DOC_73F44125570A,hershey_latest_esg_sugar_section.pdf,hershey_company,text_or_table,pdf_document,2200,332,low_background,,,,,
UCHUNK_000151,DOC_73F44125570A,hershey_latest_esg_sugar_section.pdf,hershey_company,text_or_table,pdf_document,1432,209,low_background,,,,,
UCHUNK_000152,DOC_73F44125570A,hershey_latest_esg_sugar_section.pdf,hershey_company,text_or_table,pdf_document,2200,334,low_background,,,,,
UCHUNK_000153,DOC_73F44125570A,hershey_latest_esg_sugar_section.pdf,hershey_company,text_or_table,pdf_document,2199,335,low_background,,,,,
UCHUNK_000154,DOC_73F44125570A,hershey_latest_esg_sugar_section.pdf,hershey_company,text_or_table,pdf_document,2200,321,low_background,,,,,
UCHUNK_000155,DOC_73F44125570A,hershey_latest_esg_sugar_section.pdf,hershey_company,text_or_table,pdf_document,2200,333,low_background,,,,,
UCHUNK_000156,DOC_73F44125570A,hershey_latest_esg_sugar_section.pdf,hershey_company,text_or_table,pdf_document,2200,312,low_background,,,,,
UCHUNK_000157,DOC_73F44125570A,hershey_latest_esg_sugar_section.pdf,hershey_company,text_or_table,pdf_document,2200,334,low_background,,,,,
UCHUNK_000158,DOC_73F44125570A,hershey_latest_esg_sugar_section.pdf,hershey_company,text_or_table,pdf_document,2200,340,low_background,,,,,
UCHUNK_000159,DOC_73F44125570A,hershey_latest_esg_sugar_section.pdf,hershey_company,text_or_table,pdf_document,2198,324,low_background,,,,,
UCHUNK_000160,DOC_73F44125570A,hershey_latest_esg_sugar_section.pdf,hershey_company,text_or_table,pdf_document,2200,331,low_background,,,,,
UCHUNK_000161,DOC_73F44125570A,hershey_latest_esg_sugar_section.pdf,hershey_company,text_or_table,pdf_document,2199,322,low_background,,,,,
UCHUNK_000162,DOC_73F44125570A,hershey_latest_esg_sugar_section.pdf,hershey_company,text_or_table,pdf_document,1745,252,low_background,,,,,
UCHUNK_000163,DOC_73F44125570A,hershey_latest_esg_sugar_section.pdf,hershey_company,text_or_table,pdf_document,2199,352,low_background,,,,,
UCHUNK_000164,DOC_73F44125570A,hershey_latest_esg_sugar_section.pdf,hershey_company,text_or_table,pdf_document,2200,339,low_background,,,,,
UCHUNK_000165,DOC_73F44125570A,hershey_latest_esg_sugar_section.pdf,hershey_company,text_or_table,pdf_document,1700,265,low_background,,,,,
UCHUNK_000166,DOC_73F44125570A,hershey_latest_esg_sugar_section.pdf,hershey_company,text_or_table,pdf_document,2199,327,low_background,,,,,
UCHUNK_000167,DOC_73F44125570A,hershey_latest_esg_sugar_section.pdf,hershey_company,text_or_table,pdf_document,2200,319,low_background,,,,,
UCHUNK_000168,DOC_73F44125570A,hershey_latest_esg_sugar_section.pdf,hershey_company,text_or_table,pdf_document,2200,320,low_background,,,,,
UCHUNK_000169,DOC_73F44125570A,hershey_latest_esg_sugar_section.pdf,hershey_company,text_or_table,pdf_document,2200,333,low_background,,,,,
UCHUNK_000170,DOC_73F44125570A,hershey_latest_esg_sugar_section.pdf,hershey_company,text_or_table,pdf_document,2199,348,low_background,,,,,
UCHUNK_000171,DOC_73F44125570A,hershey_latest_esg_sugar_section.pdf,hershey_company,text_or_table,pdf_document,2200,334,low_background,,,,,
UCHUNK_000172,DOC_73F44125570A,hershey_latest_esg_sugar_section.pdf,hershey_company,text_or_table,pdf_document,2200,345,low_background,,,,,
UCHUNK_000173,DOC_73F44125570A,hershey_latest_esg_sugar_section.pdf,hershey_company,text_or_table,pdf_document,1339,218,low_background,,,,,
UCHUNK_000174,DOC_73F44125570A,hershey_latest_esg_sugar_section.pdf,hershey_company,text_or_table,pdf_document,2200,338,low_background,,,,,
UCHUNK_000175,DOC_73F44125570A,hershey_latest_esg_sugar_section.pdf,hershey_company,text_or_table,pdf_document,2200,398,low_background,,,,,
UCHUNK_000176,DOC_73F44125570A,hershey_latest_esg_sugar_section.pdf,hershey_company,text_or_table,pdf_document,2200,387,low_background,,,,,
UCHUNK_000177,DOC_73F44125570A,hershey_latest_esg_sugar_section.pdf,hershey_company,text_or_table,pdf_document,2200,397,low_background,,,,,
UCHUNK_000178,DOC_73F44125570A,hershey_latest_esg_sugar_section.pdf,hershey_company,text_or_table,pdf_document,1621,295,low_background,,,,,
UCHUNK_000179,DOC_73F44125570A,hershey_latest_esg_sugar_section.pdf,hershey_company,text_or_table,pdf_document,2199,394,low_background,,,,,
UCHUNK_000180,DOC_73F44125570A,hershey_latest_esg_sugar_section.pdf,hershey_company,text_or_table,pdf_document,2199,400,low_background,,,,,
UCHUNK_000181,DOC_73F44125570A,hershey_latest_esg_sugar_section.pdf,hershey_company,text_or_table,pdf_document,2200,357,low_background,,,,,
UCHUNK_000182,DOC_73F44125570A,hershey_latest_esg_sugar_section.pdf,hershey_company,text_or_table,pdf_document,1611,268,low_background,,,,,
UCHUNK_000183,DOC_73F44125570A,hershey_latest_esg_sugar_section.pdf,hershey_company,text_or_table,pdf_document,1590,251,low_background,,,,,
UCHUNK_000184,DOC_73F44125570A,hershey_latest_esg_sugar_section.pdf,hershey_company,text_or_table,pdf_document,2200,332,low_background,,,,,
UCHUNK_000185,DOC_73F44125570A,hershey_latest_esg_sugar_section.pdf,hershey_company,text_or_table,pdf_document,2200,329,low_background,,,,,
UCHUNK_000186,DOC_73F44125570A,hershey_latest_esg_sugar_section.pdf,hershey_company,text_or_table,pdf_document,2199,328,low_background,,,,,
UCHUNK_000187,DOC_73F44125570A,hershey_latest_esg_sugar_section.pdf,hershey_company,text_or_table,pdf_document,2053,317,low_background,,,,,
UCHUNK_000188,DOC_73F44125570A,hershey_latest_esg_sugar_section.pdf,hershey_company,text_or_table,pdf_document,2200,332,low_background,,,,,
UCHUNK_000189,DOC_73F44125570A,hershey_latest_esg_sugar_section.pdf,hershey_company,text_or_table,pdf_document,2200,345,low_background,,,,,
UCHUNK_000190,DOC_73F44125570A,hershey_latest_esg_sugar_section.pdf,hershey_company,text_or_table,pdf_document,2200,323,low_background,,,,,
UCHUNK_000191,DOC_73F44125570A,hershey_latest_esg_sugar_section.pdf,hershey_company,text_or_table,pdf_document,1690,245,low_background,,,,,
UCHUNK_000192,DOC_73F44125570A,hershey_latest_esg_sugar_section.pdf,hershey_company,text_or_table,pdf_document,1754,265,low_background,,,,,
UCHUNK_000193,DOC_73F44125570A,hershey_latest_esg_sugar_section.pdf,hershey_company,text_or_table,pdf_document,2200,328,low_background,,,,,
UCHUNK_000194,DOC_73F44125570A,hershey_latest_esg_sugar_section.pdf,hershey_company,text_or_table,pdf_document,2200,307,low_background,,,,,
UCHUNK_000195,DOC_73F44125570A,hershey_latest_esg_sugar_section.pdf,hershey_company,text_or_table,pdf_document,1839,264,low_background,,,,,
UCHUNK_000196,DOC_73F44125570A,hershey_latest_esg_sugar_section.pdf,hershey_company,text_or_table,pdf_document,2199,312,low_background,,,,,
UCHUNK_000197,DOC_73F44125570A,hershey_latest_esg_sugar_section.pdf,hershey_company,text_or_table,pdf_document,1378,195,low_background,,,,,
UCHUNK_000198,DOC_73F44125570A,hershey_latest_esg_sugar_section.pdf,hershey_company,text_or_table,pdf_document,2200,317,low_background,,,,,
UCHUNK_000199,DOC_73F44125570A,hershey_latest_esg_sugar_section.pdf,hershey_company,text_or_table,pdf_document,2200,336,low_background,,,,,
UCHUNK_000200,DOC_73F44125570A,hershey_latest_esg_sugar_section.pdf,hershey_company,text_or_table,pdf_document,2200,335,low_background,,,,,
UCHUNK_000201,DOC_73F44125570A,hershey_latest_esg_sugar_section.pdf,hershey_company,text_or_table,pdf_document,1270,186,low_background,,,,,
UCHUNK_000202,DOC_73F44125570A,hershey_latest_esg_sugar_section.pdf,hershey_company,text_or_table,pdf_document,2035,320,low_background,,,,,
UCHUNK_000203,DOC_73F44125570A,hershey_latest_esg_sugar_section.pdf,hershey_company,text_or_table,pdf_document,2200,310,low_background,,,,,
UCHUNK_000204,DOC_73F44125570A,hershey_latest_esg_sugar_section.pdf,hershey_company,text_or_table,pdf_document,2200,306,low_background,,,,,
UCHUNK_000205,DOC_73F44125570A,hershey_latest_esg_sugar_section.pdf,hershey_company,text_or_table,pdf_document,2200,289,low_background,,,,,
UCHUNK_000206,DOC_73F44125570A,hershey_latest_esg_sugar_section.pdf,hershey_company,text_or_table,pdf_document,2200,287,low_background,,,,,
UCHUNK_000207,DOC_73F44125570A,hershey_latest_esg_sugar_section.pdf,hershey_company,text_or_table,pdf_document,1218,155,low_background,,,,,
UCHUNK_000208,DOC_73F44125570A,hershey_latest_esg_sugar_section.pdf,hershey_company,text_or_table,pdf_document,2200,292,low_background,,,,,
UCHUNK_000209,DOC_73F44125570A,hershey_latest_esg_sugar_section.pdf,hershey_company,text_or_table,pdf_document,2200,274,low_background,,,,,
UCHUNK_000210,DOC_73F44125570A,hershey_latest_esg_sugar_section.pdf,hershey_company,text_or_table,pdf_document,2199,322,low_background,,,,,
UCHUNK_000211,DOC_73F44125570A,hershey_latest_esg_sugar_section.pdf,hershey_company,text_or_table,pdf_document,1249,184,low_background,,,,,
UCHUNK_000212,DOC_CF8C4A1F434C,hershey 1.55 oz page.pdf,product_sku_1_55oz,text_or_table,pdf_document,14,4,low_short_text,,,,,
UCHUNK_000213,DOC_3A67DADA572A,barry_callebaut_annual_report_or_full_year_results_2024_25.pdf,cocoa_chocolate_cocoa_butter,text_or_table,pdf_document,1731,259,low_background,,,,,
UCHUNK_000214,DOC_3A67DADA572A,barry_callebaut_annual_report_or_full_year_results_2024_25.pdf,cocoa_chocolate_cocoa_butter,text_or_table,pdf_document,1810,274,low_background,,,,,
UCHUNK_000215,DOC_3A67DADA572A,barry_callebaut_annual_report_or_full_year_results_2024_25.pdf,cocoa_chocolate_cocoa_butter,text_or_table,pdf_document,2073,308,low_background,,,,,
UCHUNK_000216,DOC_3A67DADA572A,barry_callebaut_annual_report_or_full_year_results_2024_25.pdf,cocoa_chocolate_cocoa_butter,text_or_table,pdf_document,2200,343,low_background,,,,,
UCHUNK_000217,DOC_3A67DADA572A,barry_callebaut_annual_report_or_full_year_results_2024_25.pdf,cocoa_chocolate_cocoa_butter,text_or_table,pdf_document,2200,334,low_background,,,,,
UCHUNK_000218,DOC_3A67DADA572A,barry_callebaut_annual_report_or_full_year_results_2024_25.pdf,cocoa_chocolate_cocoa_butter,text_or_table,pdf_document,2200,314,low_background,,,,,
UCHUNK_000219,DOC_3A67DADA572A,barry_callebaut_annual_report_or_full_year_results_2024_25.pdf,cocoa_chocolate_cocoa_butter,text_or_table,pdf_document,2200,327,low_background,,,,,
UCHUNK_000220,DOC_3A67DADA572A,barry_callebaut_annual_report_or_full_year_results_2024_25.pdf,cocoa_chocolate_cocoa_butter,text_or_table,pdf_document,2001,308,low_background,,,,,
UCHUNK_000221,DOC_3A67DADA572A,barry_callebaut_annual_report_or_full_year_results_2024_25.pdf,cocoa_chocolate_cocoa_butter,text_or_table,pdf_document,2200,366,low_background,,,,,
UCHUNK_000222,DOC_3A67DADA572A,barry_callebaut_annual_report_or_full_year_results_2024_25.pdf,cocoa_chocolate_cocoa_butter,text_or_table,pdf_document,1473,259,low_background,,,,,
UCHUNK_000223,DOC_3A67DADA572A,barry_callebaut_annual_report_or_full_year_results_2024_25.pdf,cocoa_chocolate_cocoa_butter,text_or_table,pdf_document,2199,293,low_background,,,,,
UCHUNK_000224,DOC_3A67DADA572A,barry_callebaut_annual_report_or_full_year_results_2024_25.pdf,cocoa_chocolate_cocoa_butter,text_or_table,pdf_document,2200,287,low_background,,,,,
UCHUNK_000225,DOC_3A67DADA572A,barry_callebaut_annual_report_or_full_year_results_2024_25.pdf,cocoa_chocolate_cocoa_butter,text_or_table,pdf_document,1969,273,low_background,,,,,
UCHUNK_000226,DOC_3A67DADA572A,barry_callebaut_annual_report_or_full_year_results_2024_25.pdf,cocoa_chocolate_cocoa_butter,text_or_table,pdf_document,2200,298,low_background,,,,,
UCHUNK_000227,DOC_3A67DADA572A,barry_callebaut_annual_report_or_full_year_results_2024_25.pdf,cocoa_chocolate_cocoa_butter,text_or_table,pdf_document,2200,292,low_background,,,,,
UCHUNK_000228,DOC_3A67DADA572A,barry_callebaut_annual_report_or_full_year_results_2024_25.pdf,cocoa_chocolate_cocoa_butter,text_or_table,pdf_document,2199,273,low_background,,,,,
UCHUNK_000229,DOC_3A67DADA572A,barry_callebaut_annual_report_or_full_year_results_2024_25.pdf,cocoa_chocolate_cocoa_butter,text_or_table,pdf_document,2199,296,low_background,,,,,
UCHUNK_000230,DOC_3A67DADA572A,barry_callebaut_annual_report_or_full_year_results_2024_25.pdf,cocoa_chocolate_cocoa_butter,text_or_table,pdf_document,2199,289,low_background,,,,,
UCHUNK_000231,DOC_3A67DADA572A,barry_callebaut_annual_report_or_full_year_results_2024_25.pdf,cocoa_chocolate_cocoa_butter,text_or_table,pdf_document,2199,290,low_background,,,,,
UCHUNK_000232,DOC_3A67DADA572A,barry_callebaut_annual_report_or_full_year_results_2024_25.pdf,cocoa_chocolate_cocoa_butter,text_or_table,pdf_document,2200,285,low_background,,,,,
UCHUNK_000233,DOC_3A67DADA572A,barry_callebaut_annual_report_or_full_year_results_2024_25.pdf,cocoa_chocolate_cocoa_butter,text_or_table,pdf_document,1273,168,low_background,,,,,
UCHUNK_000234,DOC_3A67DADA572A,barry_callebaut_annual_report_or_full_year_results_2024_25.pdf,cocoa_chocolate_cocoa_butter,text_or_table,pdf_document,2200,281,low_background,,,,,
UCHUNK_000235,DOC_3A67DADA572A,barry_callebaut_annual_report_or_full_year_results_2024_25.pdf,cocoa_chocolate_cocoa_butter,text_or_table,pdf_document,2200,297,low_background,,,,,
UCHUNK_000236,DOC_3A67DADA572A,barry_callebaut_annual_report_or_full_year_results_2024_25.pdf,cocoa_chocolate_cocoa_butter,text_or_table,pdf_document,2200,311,low_background,,,,,
UCHUNK_000237,DOC_3A67DADA572A,barry_callebaut_annual_report_or_full_year_results_2024_25.pdf,cocoa_chocolate_cocoa_butter,text_or_table,pdf_document,2200,305,low_background,,,,,
UCHUNK_000238,DOC_3A67DADA572A,barry_callebaut_annual_report_or_full_year_results_2024_25.pdf,cocoa_chocolate_cocoa_butter,text_or_table,pdf_document,2199,302,low_background,,,,,
UCHUNK_000239,DOC_3A67DADA572A,barry_callebaut_annual_report_or_full_year_results_2024_25.pdf,cocoa_chocolate_cocoa_butter,text_or_table,pdf_document,2200,284,low_background,,,,,
UCHUNK_000240,DOC_3A67DADA572A,barry_callebaut_annual_report_or_full_year_results_2024_25.pdf,cocoa_chocolate_cocoa_butter,text_or_table,pdf_document,1873,244,low_background,,,,,
UCHUNK_000241,DOC_3A67DADA572A,barry_callebaut_annual_report_or_full_year_results_2024_25.pdf,cocoa_chocolate_cocoa_butter,text_or_table,pdf_document,2200,325,low_background,,,,,
UCHUNK_000242,DOC_3A67DADA572A,barry_callebaut_annual_report_or_full_year_results_2024_25.pdf,cocoa_chocolate_cocoa_butter,text_or_table,pdf_document,2200,321,low_background,,,,,
UCHUNK_000243,DOC_3A67DADA572A,barry_callebaut_annual_report_or_full_year_results_2024_25.pdf,cocoa_chocolate_cocoa_butter,text_or_table,pdf_document,2200,297,low_background,,,,,
UCHUNK_000244,DOC_3A67DADA572A,barry_callebaut_annual_report_or_full_year_results_2024_25.pdf,cocoa_chocolate_cocoa_butter,text_or_table,pdf_document,1524,208,low_background,,,,,
UCHUNK_000245,DOC_3A67DADA572A,barry_callebaut_annual_report_or_full_year_results_2024_25.pdf,cocoa_chocolate_cocoa_butter,text_or_table,pdf_document,2200,314,low_background,,,,,
UCHUNK_000246,DOC_3A67DADA572A,barry_callebaut_annual_report_or_full_year_results_2024_25.pdf,cocoa_chocolate_cocoa_butter,text_or_table,pdf_document,2139,319,low_background,,,,,
UCHUNK_000247,DOC_3A67DADA572A,barry_callebaut_annual_report_or_full_year_results_2024_25.pdf,cocoa_chocolate_cocoa_butter,text_or_table,pdf_document,2200,330,low_background,,,,,
UCHUNK_000248,DOC_3A67DADA572A,barry_callebaut_annual_report_or_full_year_results_2024_25.pdf,cocoa_chocolate_cocoa_butter,text_or_table,pdf_document,2200,338,low_background,,,,,
UCHUNK_000249,DOC_3A67DADA572A,barry_callebaut_annual_report_or_full_year_results_2024_25.pdf,cocoa_chocolate_cocoa_butter,text_or_table,pdf_document,2200,355,low_background,,,,,
UCHUNK_000250,DOC_3A67DADA572A,barry_callebaut_annual_report_or_full_year_results_2024_25.pdf,cocoa_chocolate_cocoa_butter,text_or_table,pdf_document,2198,350,low_background,,,,,
UCHUNK_000251,DOC_3A67DADA572A,barry_callebaut_annual_report_or_full_year_results_2024_25.pdf,cocoa_chocolate_cocoa_butter,text_or_table,pdf_document,2199,347,low_background,,,,,
UCHUNK_000252,DOC_3A67DADA572A,barry_callebaut_annual_report_or_full_year_results_2024_25.pdf,cocoa_chocolate_cocoa_butter,text_or_table,pdf_document,2200,349,low_background,,,,,
UCHUNK_000253,DOC_3A67DADA572A,barry_callebaut_annual_report_or_full_year_results_2024_25.pdf,cocoa_chocolate_cocoa_butter,text_or_table,pdf_document,1868,283,low_background,,,,,
UCHUNK_000254,DOC_3A67DADA572A,barry_callebaut_annual_report_or_full_year_results_2024_25.pdf,cocoa_chocolate_cocoa_butter,text_or_table,pdf_document,2200,339,low_background,,,,,
UCHUNK_000255,DOC_3A67DADA572A,barry_callebaut_annual_report_or_full_year_results_2024_25.pdf,cocoa_chocolate_cocoa_butter,text_or_table,pdf_document,2200,316,low_background,,,,,
UCHUNK_000256,DOC_3A67DADA572A,barry_callebaut_annual_report_or_full_year_results_2024_25.pdf,cocoa_chocolate_cocoa_butter,text_or_table,pdf_document,2200,313,low_background,,,,,
UCHUNK_000257,DOC_3A67DADA572A,barry_callebaut_annual_report_or_full_year_results_2024_25.pdf,cocoa_chocolate_cocoa_butter,text_or_table,pdf_document,1865,286,low_background,,,,,
UCHUNK_000258,DOC_3A67DADA572A,barry_callebaut_annual_report_or_full_year_results_2024_25.pdf,cocoa_chocolate_cocoa_butter,text_or_table,pdf_document,2056,322,low_background,,,,,
UCHUNK_000259,DOC_3A67DADA572A,barry_callebaut_annual_report_or_full_year_results_2024_25.pdf,cocoa_chocolate_cocoa_butter,text_or_table,pdf_document,2198,314,low_background,,,,,
UCHUNK_000260,DOC_3A67DADA572A,barry_callebaut_annual_report_or_full_year_results_2024_25.pdf,cocoa_chocolate_cocoa_butter,text_or_table,pdf_document,2200,311,low_background,,,,,
UCHUNK_000261,DOC_3A67DADA572A,barry_callebaut_annual_report_or_full_year_results_2024_25.pdf,cocoa_chocolate_cocoa_butter,text_or_table,pdf_document,2200,282,low_background,,,,,
UCHUNK_000262,DOC_3A67DADA572A,barry_callebaut_annual_report_or_full_year_results_2024_25.pdf,cocoa_chocolate_cocoa_butter,text_or_table,pdf_document,2197,311,low_background,,,,,
UCHUNK_000263,DOC_3A67DADA572A,barry_callebaut_annual_report_or_full_year_results_2024_25.pdf,cocoa_chocolate_cocoa_butter,text_or_table,pdf_document,2200,347,low_background,,,,,
UCHUNK_000264,DOC_3A67DADA572A,barry_callebaut_annual_report_or_full_year_results_2024_25.pdf,cocoa_chocolate_cocoa_butter,text_or_table,pdf_document,1715,282,low_background,,,,,
UCHUNK_000265,DOC_3A67DADA572A,barry_callebaut_annual_report_or_full_year_results_2024_25.pdf,cocoa_chocolate_cocoa_butter,text_or_table,pdf_document,2200,314,low_background,,,,,
UCHUNK_000266,DOC_3A67DADA572A,barry_callebaut_annual_report_or_full_year_results_2024_25.pdf,cocoa_chocolate_cocoa_butter,text_or_table,pdf_document,2200,304,low_background,,,,,
UCHUNK_000267,DOC_3A67DADA572A,barry_callebaut_annual_report_or_full_year_results_2024_25.pdf,cocoa_chocolate_cocoa_butter,text_or_table,pdf_document,2200,329,low_background,,,,,
UCHUNK_000268,DOC_3A67DADA572A,barry_callebaut_annual_report_or_full_year_results_2024_25.pdf,cocoa_chocolate_cocoa_butter,text_or_table,pdf_document,2200,314,low_background,,,,,
UCHUNK_000269,DOC_3A67DADA572A,barry_callebaut_annual_report_or_full_year_results_2024_25.pdf,cocoa_chocolate_cocoa_butter,text_or_table,pdf_document,2198,294,low_background,,,,,
UCHUNK_000270,DOC_3A67DADA572A,barry_callebaut_annual_report_or_full_year_results_2024_25.pdf,cocoa_chocolate_cocoa_butter,text_or_table,pdf_document,2200,297,low_background,,,,,
UCHUNK_000271,DOC_3A67DADA572A,barry_callebaut_annual_report_or_full_year_results_2024_25.pdf,cocoa_chocolate_cocoa_butter,text_or_table,pdf_document,2200,304,low_background,,,,,
UCHUNK_000272,DOC_3A67DADA572A,barry_callebaut_annual_report_or_full_year_results_2024_25.pdf,cocoa_chocolate_cocoa_butter,text_or_table,pdf_document,2200,324,low_background,,,,,
UCHUNK_000273,DOC_3A67DADA572A,barry_callebaut_annual_report_or_full_year_results_2024_25.pdf,cocoa_chocolate_cocoa_butter,text_or_table,pdf_document,2200,316,low_background,,,,,
UCHUNK_000274,DOC_3A67DADA572A,barry_callebaut_annual_report_or_full_year_results_2024_25.pdf,cocoa_chocolate_cocoa_butter,text_or_table,pdf_document,1491,219,low_background,,,,,
UCHUNK_000275,DOC_3A67DADA572A,barry_callebaut_annual_report_or_full_year_results_2024_25.pdf,cocoa_chocolate_cocoa_butter,text_or_table,pdf_document,2200,318,low_background,,,,,
UCHUNK_000276,DOC_3A67DADA572A,barry_callebaut_annual_report_or_full_year_results_2024_25.pdf,cocoa_chocolate_cocoa_butter,text_or_table,pdf_document,1727,243,low_background,,,,,
UCHUNK_000277,DOC_3A67DADA572A,barry_callebaut_annual_report_or_full_year_results_2024_25.pdf,cocoa_chocolate_cocoa_butter,text_or_table,pdf_document,2199,334,low_background,,,,,
UCHUNK_000278,DOC_3A67DADA572A,barry_callebaut_annual_report_or_full_year_results_2024_25.pdf,cocoa_chocolate_cocoa_butter,text_or_table,pdf_document,1766,276,low_background,,,,,
UCHUNK_000279,DOC_3A67DADA572A,barry_callebaut_annual_report_or_full_year_results_2024_25.pdf,cocoa_chocolate_cocoa_butter,text_or_table,pdf_document,2200,333,low_background,,,,,
UCHUNK_000280,DOC_3A67DADA572A,barry_callebaut_annual_report_or_full_year_results_2024_25.pdf,cocoa_chocolate_cocoa_butter,text_or_table,pdf_document,2199,339,low_background,,,,,
UCHUNK_000281,DOC_3A67DADA572A,barry_callebaut_annual_report_or_full_year_results_2024_25.pdf,cocoa_chocolate_cocoa_butter,text_or_table,pdf_document,2198,334,low_background,,,,,
UCHUNK_000282,DOC_3A67DADA572A,barry_callebaut_annual_report_or_full_year_results_2024_25.pdf,cocoa_chocolate_cocoa_butter,text_or_table,pdf_document,1759,259,low_background,,,,,
UCHUNK_000283,DOC_3A67DADA572A,barry_callebaut_annual_report_or_full_year_results_2024_25.pdf,cocoa_chocolate_cocoa_butter,text_or_table,pdf_document,2199,343,low_background,,,,,
UCHUNK_000284,DOC_3A67DADA572A,barry_callebaut_annual_report_or_full_year_results_2024_25.pdf,cocoa_chocolate_cocoa_butter,text_or_table,pdf_document,2200,337,low_background,,,,,
UCHUNK_000285,DOC_3A67DADA572A,barry_callebaut_annual_report_or_full_year_results_2024_25.pdf,cocoa_chocolate_cocoa_butter,text_or_table,pdf_document,2050,303,low_background,,,,,
UCHUNK_000286,DOC_3A67DADA572A,barry_callebaut_annual_report_or_full_year_results_2024_25.pdf,cocoa_chocolate_cocoa_butter,text_or_table,pdf_document,2199,328,low_background,,,,,
UCHUNK_000287,DOC_3A67DADA572A,barry_callebaut_annual_report_or_full_year_results_2024_25.pdf,cocoa_chocolate_cocoa_butter,text_or_table,pdf_document,2200,337,low_background,,,,,
UCHUNK_000288,DOC_3A67DADA572A,barry_callebaut_annual_report_or_full_year_results_2024_25.pdf,cocoa_chocolate_cocoa_butter,text_or_table,pdf_document,2200,313,low_background,,,,,
UCHUNK_000289,DOC_3A67DADA572A,barry_callebaut_annual_report_or_full_year_results_2024_25.pdf,cocoa_chocolate_cocoa_butter,text_or_table,pdf_document,1693,246,low_background,,,,,
UCHUNK_000290,DOC_3A67DADA572A,barry_callebaut_annual_report_or_full_year_results_2024_25.pdf,cocoa_chocolate_cocoa_butter,text_or_table,pdf_document,2199,303,low_background,,,,,
UCHUNK_000291,DOC_3A67DADA572A,barry_callebaut_annual_report_or_full_year_results_2024_25.pdf,cocoa_chocolate_cocoa_butter,text_or_table,pdf_document,2200,325,low_background,,,,,
UCHUNK_000292,DOC_3A67DADA572A,barry_callebaut_annual_report_or_full_year_results_2024_25.pdf,cocoa_chocolate_cocoa_butter,text_or_table,pdf_document,2200,312,low_background,,,,,
UCHUNK_000293,DOC_3A67DADA572A,barry_callebaut_annual_report_or_full_year_results_2024_25.pdf,cocoa_chocolate_cocoa_butter,text_or_table,pdf_document,2199,343,low_background,,,,,
UCHUNK_000294,DOC_3A67DADA572A,barry_callebaut_annual_report_or_full_year_results_2024_25.pdf,cocoa_chocolate_cocoa_butter,text_or_table,pdf_document,2200,354,low_background,,,,,
UCHUNK_000295,DOC_3A67DADA572A,barry_callebaut_annual_report_or_full_year_results_2024_25.pdf,cocoa_chocolate_cocoa_butter,text_or_table,pdf_document,2199,327,low_background,,,,,
UCHUNK_000296,DOC_3A67DADA572A,barry_callebaut_annual_report_or_full_year_results_2024_25.pdf,cocoa_chocolate_cocoa_butter,text_or_table,pdf_document,2200,340,low_background,,,,,
UCHUNK_000297,DOC_3A67DADA572A,barry_callebaut_annual_report_or_full_year_results_2024_25.pdf,cocoa_chocolate_cocoa_butter,text_or_table,pdf_document,2200,362,low_background,,,,,
UCHUNK_000298,DOC_3A67DADA572A,barry_callebaut_annual_report_or_full_year_results_2024_25.pdf,cocoa_chocolate_cocoa_butter,text_or_table,pdf_document,2199,371,low_background,,,,,
UCHUNK_000299,DOC_3A67DADA572A,barry_callebaut_annual_report_or_full_year_results_2024_25.pdf,cocoa_chocolate_cocoa_butter,text_or_table,pdf_document,1901,303,low_background,,,,,
UCHUNK_000300,DOC_3A67DADA572A,barry_callebaut_annual_report_or_full_year_results_2024_25.pdf,cocoa_chocolate_cocoa_butter,text_or_table,pdf_document,1859,311,low_background,,,,,
UCHUNK_000301,DOC_3A67DADA572A,barry_callebaut_annual_report_or_full_year_results_2024_25.pdf,cocoa_chocolate_cocoa_butter,text_or_table,pdf_document,2199,376,low_background,,,,,
UCHUNK_000302,DOC_3A67DADA572A,barry_callebaut_annual_report_or_full_year_results_2024_25.pdf,cocoa_chocolate_cocoa_butter,text_or_table,pdf_document,1227,223,low_background,,,,,
UCHUNK_000303,DOC_3A67DADA572A,barry_callebaut_annual_report_or_full_year_results_2024_25.pdf,cocoa_chocolate_cocoa_butter,text_or_table,pdf_document,2200,329,low_background,,,,,
UCHUNK_000304,DOC_3A67DADA572A,barry_callebaut_annual_report_or_full_year_results_2024_25.pdf,cocoa_chocolate_cocoa_butter,text_or_table,pdf_document,2200,336,low_background,,,,,
UCHUNK_000305,DOC_3A67DADA572A,barry_callebaut_annual_report_or_full_year_results_2024_25.pdf,cocoa_chocolate_cocoa_butter,text_or_table,pdf_document,1656,244,low_background,,,,,
UCHUNK_000306,DOC_3A67DADA572A,barry_callebaut_annual_report_or_full_year_results_2024_25.pdf,cocoa_chocolate_cocoa_butter,text_or_table,pdf_document,2199,347,low_background,,,,,
UCHUNK_000307,DOC_3A67DADA572A,barry_callebaut_annual_report_or_full_year_results_2024_25.pdf,cocoa_chocolate_cocoa_butter,text_or_table,pdf_document,2200,345,low_background,,,,,
UCHUNK_000308,DOC_3A67DADA572A,barry_callebaut_annual_report_or_full_year_results_2024_25.pdf,cocoa_chocolate_cocoa_butter,text_or_table,pdf_document,2200,323,low_background,,,,,
UCHUNK_000309,DOC_3A67DADA572A,barry_callebaut_annual_report_or_full_year_results_2024_25.pdf,cocoa_chocolate_cocoa_butter,text_or_table,pdf_document,2200,316,low_background,,,,,
UCHUNK_000310,DOC_3A67DADA572A,barry_callebaut_annual_report_or_full_year_results_2024_25.pdf,cocoa_chocolate_cocoa_butter,text_or_table,pdf_document,2200,317,low_background,,,,,
UCHUNK_000311,DOC_3A67DADA572A,barry_callebaut_annual_report_or_full_year_results_2024_25.pdf,cocoa_chocolate_cocoa_butter,text_or_table,pdf_document,2200,372,low_background,,,,,
UCHUNK_000312,DOC_3A67DADA572A,barry_callebaut_annual_report_or_full_year_results_2024_25.pdf,cocoa_chocolate_cocoa_butter,text_or_table,pdf_document,2200,364,low_background,,,,,
UCHUNK_000313,DOC_3A67DADA572A,barry_callebaut_annual_report_or_full_year_results_2024_25.pdf,cocoa_chocolate_cocoa_butter,text_or_table,pdf_document,2200,323,low_background,,,,,
UCHUNK_000314,DOC_3A67DADA572A,barry_callebaut_annual_report_or_full_year_results_2024_25.pdf,cocoa_chocolate_cocoa_butter,text_or_table,pdf_document,2199,324,low_background,,,,,
UCHUNK_000315,DOC_3A67DADA572A,barry_callebaut_annual_report_or_full_year_results_2024_25.pdf,cocoa_chocolate_cocoa_butter,text_or_table,pdf_document,2199,309,low_background,,,,,
UCHUNK_000316,DOC_3A67DADA572A,barry_callebaut_annual_report_or_full_year_results_2024_25.pdf,cocoa_chocolate_cocoa_butter,text_or_table,pdf_document,2199,338,low_background,,,,,
UCHUNK_000317,DOC_3A67DADA572A,barry_callebaut_annual_report_or_full_year_results_2024_25.pdf,cocoa_chocolate_cocoa_butter,text_or_table,pdf_document,2200,343,low_background,,,,,
UCHUNK_000318,DOC_3A67DADA572A,barry_callebaut_annual_report_or_full_year_results_2024_25.pdf,cocoa_chocolate_cocoa_butter,text_or_table,pdf_document,1615,223,low_background,,,,,
UCHUNK_000319,DOC_3A67DADA572A,barry_callebaut_annual_report_or_full_year_results_2024_25.pdf,cocoa_chocolate_cocoa_butter,text_or_table,pdf_document,2198,319,low_background,,,,,
UCHUNK_000320,DOC_3A67DADA572A,barry_callebaut_annual_report_or_full_year_results_2024_25.pdf,cocoa_chocolate_cocoa_butter,text_or_table,pdf_document,1847,251,low_background,,,,,
UCHUNK_000321,DOC_3A67DADA572A,barry_callebaut_annual_report_or_full_year_results_2024_25.pdf,cocoa_chocolate_cocoa_butter,text_or_table,pdf_document,2200,310,low_background,,,,,
UCHUNK_000322,DOC_3A67DADA572A,barry_callebaut_annual_report_or_full_year_results_2024_25.pdf,cocoa_chocolate_cocoa_butter,text_or_table,pdf_document,1308,183,low_background,,,,,
UCHUNK_000323,DOC_3A67DADA572A,barry_callebaut_annual_report_or_full_year_results_2024_25.pdf,cocoa_chocolate_cocoa_butter,text_or_table,pdf_document,2200,312,low_background,,,,,
UCHUNK_000324,DOC_3A67DADA572A,barry_callebaut_annual_report_or_full_year_results_2024_25.pdf,cocoa_chocolate_cocoa_butter,text_or_table,pdf_document,1280,183,low_background,,,,,
UCHUNK_000325,DOC_3A67DADA572A,barry_callebaut_annual_report_or_full_year_results_2024_25.pdf,cocoa_chocolate_cocoa_butter,text_or_table,pdf_document,2200,326,low_background,,,,,
UCHUNK_000326,DOC_3A67DADA572A,barry_callebaut_annual_report_or_full_year_results_2024_25.pdf,cocoa_chocolate_cocoa_butter,text_or_table,pdf_document,2200,342,low_background,,,,,
UCHUNK_000327,DOC_3A67DADA572A,barry_callebaut_annual_report_or_full_year_results_2024_25.pdf,cocoa_chocolate_cocoa_butter,text_or_table,pdf_document,2200,358,low_background,,,,,
UCHUNK_000328,DOC_3A67DADA572A,barry_callebaut_annual_report_or_full_year_results_2024_25.pdf,cocoa_chocolate_cocoa_butter,text_or_table,pdf_document,2200,331,low_background,,,,,
UCHUNK_000329,DOC_3A67DADA572A,barry_callebaut_annual_report_or_full_year_results_2024_25.pdf,cocoa_chocolate_cocoa_butter,text_or_table,pdf_document,1690,248,low_background,,,,,
UCHUNK_000330,DOC_3A67DADA572A,barry_callebaut_annual_report_or_full_year_results_2024_25.pdf,cocoa_chocolate_cocoa_butter,text_or_table,pdf_document,2200,347,low_background,,,,,
UCHUNK_000331,DOC_3A67DADA572A,barry_callebaut_annual_report_or_full_year_results_2024_25.pdf,cocoa_chocolate_cocoa_butter,text_or_table,pdf_document,1748,276,low_background,,,,,
UCHUNK_000332,DOC_3A67DADA572A,barry_callebaut_annual_report_or_full_year_results_2024_25.pdf,cocoa_chocolate_cocoa_butter,text_or_table,pdf_document,2199,323,low_background,,,,,
UCHUNK_000333,DOC_3A67DADA572A,barry_callebaut_annual_report_or_full_year_results_2024_25.pdf,cocoa_chocolate_cocoa_butter,text_or_table,pdf_document,2199,313,low_background,,,,,
UCHUNK_000334,DOC_3A67DADA572A,barry_callebaut_annual_report_or_full_year_results_2024_25.pdf,cocoa_chocolate_cocoa_butter,text_or_table,pdf_document,2200,313,low_background,,,,,
UCHUNK_000335,DOC_3A67DADA572A,barry_callebaut_annual_report_or_full_year_results_2024_25.pdf,cocoa_chocolate_cocoa_butter,text_or_table,pdf_document,2200,317,low_background,,,,,
UCHUNK_000336,DOC_3A67DADA572A,barry_callebaut_annual_report_or_full_year_results_2024_25.pdf,cocoa_chocolate_cocoa_butter,text_or_table,pdf_document,1570,225,low_background,,,,,
UCHUNK_000337,DOC_3A67DADA572A,barry_callebaut_annual_report_or_full_year_results_2024_25.pdf,cocoa_chocolate_cocoa_butter,text_or_table,pdf_document,1814,255,low_background,,,,,
UCHUNK_000338,DOC_3A67DADA572A,barry_callebaut_annual_report_or_full_year_results_2024_25.pdf,cocoa_chocolate_cocoa_butter,text_or_table,pdf_document,2200,333,low_background,,,,,
UCHUNK_000339,DOC_3A67DADA572A,barry_callebaut_annual_report_or_full_year_results_2024_25.pdf,cocoa_chocolate_cocoa_butter,text_or_table,pdf_document,2200,366,low_background,,,,,
UCHUNK_000340,DOC_3A67DADA572A,barry_callebaut_annual_report_or_full_year_results_2024_25.pdf,cocoa_chocolate_cocoa_butter,text_or_table,pdf_document,1753,259,low_background,,,,,
UCHUNK_000341,DOC_3A67DADA572A,barry_callebaut_annual_report_or_full_year_results_2024_25.pdf,cocoa_chocolate_cocoa_butter,text_or_table,pdf_document,2199,332,low_background,,,,,
UCHUNK_000342,DOC_3A67DADA572A,barry_callebaut_annual_report_or_full_year_results_2024_25.pdf,cocoa_chocolate_cocoa_butter,text_or_table,pdf_document,1545,240,low_background,,,,,
UCHUNK_000343,DOC_3A67DADA572A,barry_callebaut_annual_report_or_full_year_results_2024_25.pdf,cocoa_chocolate_cocoa_butter,text_or_table,pdf_document,2200,354,low_background,,,,,
UCHUNK_000344,DOC_3A67DADA572A,barry_callebaut_annual_report_or_full_year_results_2024_25.pdf,cocoa_chocolate_cocoa_butter,text_or_table,pdf_document,2200,325,low_background,,,,,
UCHUNK_000345,DOC_3A67DADA572A,barry_callebaut_annual_report_or_full_year_results_2024_25.pdf,cocoa_chocolate_cocoa_butter,text_or_table,pdf_document,2200,335,low_background,,,,,
UCHUNK_000346,DOC_3A67DADA572A,barry_callebaut_annual_report_or_full_year_results_2024_25.pdf,cocoa_chocolate_cocoa_butter,text_or_table,pdf_document,2200,358,low_background,,,,,
UCHUNK_000347,DOC_3A67DADA572A,barry_callebaut_annual_report_or_full_year_results_2024_25.pdf,cocoa_chocolate_cocoa_butter,text_or_table,pdf_document,2200,359,low_background,,,,,
UCHUNK_000348,DOC_3A67DADA572A,barry_callebaut_annual_report_or_full_year_results_2024_25.pdf,cocoa_chocolate_cocoa_butter,text_or_table,pdf_document,2200,357,low_background,,,,,
UCHUNK_000349,DOC_3A67DADA572A,barry_callebaut_annual_report_or_full_year_results_2024_25.pdf,cocoa_chocolate_cocoa_butter,text_or_table,pdf_document,2199,357,low_background,,,,,
UCHUNK_000350,DOC_3A67DADA572A,barry_callebaut_annual_report_or_full_year_results_2024_25.pdf,cocoa_chocolate_cocoa_butter,text_or_table,pdf_document,2200,367,low_background,,,,,
UCHUNK_000351,DOC_3A67DADA572A,barry_callebaut_annual_report_or_full_year_results_2024_25.pdf,cocoa_chocolate_cocoa_butter,text_or_table,pdf_document,2200,335,low_background,,,,,
UCHUNK_000352,DOC_3A67DADA572A,barry_callebaut_annual_report_or_full_year_results_2024_25.pdf,cocoa_chocolate_cocoa_butter,text_or_table,pdf_document,2200,330,low_background,,,,,
UCHUNK_000353,DOC_3A67DADA572A,barry_callebaut_annual_report_or_full_year_results_2024_25.pdf,cocoa_chocolate_cocoa_butter,text_or_table,pdf_document,1525,223,low_background,,,,,
UCHUNK_000354,DOC_3A67DADA572A,barry_callebaut_annual_report_or_full_year_results_2024_25.pdf,cocoa_chocolate_cocoa_butter,text_or_table,pdf_document,2200,313,low_background,,,,,
UCHUNK_000355,DOC_3A67DADA572A,barry_callebaut_annual_report_or_full_year_results_2024_25.pdf,cocoa_chocolate_cocoa_butter,text_or_table,pdf_document,2200,318,low_background,,,,,
UCHUNK_000356,DOC_3A67DADA572A,barry_callebaut_annual_report_or_full_year_results_2024_25.pdf,cocoa_chocolate_cocoa_butter,text_or_table,pdf_document,2200,329,low_background,,,,,
UCHUNK_000357,DOC_3A67DADA572A,barry_callebaut_annual_report_or_full_year_results_2024_25.pdf,cocoa_chocolate_cocoa_butter,text_or_table,pdf_document,2200,318,low_background,,,,,
UCHUNK_000358,DOC_3A67DADA572A,barry_callebaut_annual_report_or_full_year_results_2024_25.pdf,cocoa_chocolate_cocoa_butter,text_or_table,pdf_document,2200,335,low_background,,,,,
UCHUNK_000359,DOC_3A67DADA572A,barry_callebaut_annual_report_or_full_year_results_2024_25.pdf,cocoa_chocolate_cocoa_butter,text_or_table,pdf_document,2160,321,low_background,,,,,
UCHUNK_000360,DOC_3A67DADA572A,barry_callebaut_annual_report_or_full_year_results_2024_25.pdf,cocoa_chocolate_cocoa_butter,text_or_table,pdf_document,2200,337,low_background,,,,,
UCHUNK_000361,DOC_3A67DADA572A,barry_callebaut_annual_report_or_full_year_results_2024_25.pdf,cocoa_chocolate_cocoa_butter,text_or_table,pdf_document,2189,338,low_background,,,,,
UCHUNK_000362,DOC_3A67DADA572A,barry_callebaut_annual_report_or_full_year_results_2024_25.pdf,cocoa_chocolate_cocoa_butter,text_or_table,pdf_document,2199,331,low_background,,,,,
UCHUNK_000363,DOC_3A67DADA572A,barry_callebaut_annual_report_or_full_year_results_2024_25.pdf,cocoa_chocolate_cocoa_butter,text_or_table,pdf_document,1741,283,low_background,,,,,
UCHUNK_000364,DOC_3A67DADA572A,barry_callebaut_annual_report_or_full_year_results_2024_25.pdf,cocoa_chocolate_cocoa_butter,text_or_table,pdf_document,2200,336,low_background,,,,,
UCHUNK_000365,DOC_3A67DADA572A,barry_callebaut_annual_report_or_full_year_results_2024_25.pdf,cocoa_chocolate_cocoa_butter,text_or_table,pdf_document,2199,329,low_background,,,,,
UCHUNK_000366,DOC_3A67DADA572A,barry_callebaut_annual_report_or_full_year_results_2024_25.pdf,cocoa_chocolate_cocoa_butter,text_or_table,pdf_document,2117,314,low_background,,,,,
UCHUNK_000367,DOC_3A67DADA572A,barry_callebaut_annual_report_or_full_year_results_2024_25.pdf,cocoa_chocolate_cocoa_butter,text_or_table,pdf_document,1447,222,low_background,,,,,
UCHUNK_000368,DOC_3A67DADA572A,barry_callebaut_annual_report_or_full_year_results_2024_25.pdf,cocoa_chocolate_cocoa_butter,text_or_table,pdf_document,2200,313,low_background,,,,,
UCHUNK_000369,DOC_3A67DADA572A,barry_callebaut_annual_report_or_full_year_results_2024_25.pdf,cocoa_chocolate_cocoa_butter,text_or_table,pdf_document,1463,200,low_background,,,,,
UCHUNK_000370,DOC_3A67DADA572A,barry_callebaut_annual_report_or_full_year_results_2024_25.pdf,cocoa_chocolate_cocoa_butter,text_or_table,pdf_document,2200,322,low_background,,,,,
UCHUNK_000371,DOC_3A67DADA572A,barry_callebaut_annual_report_or_full_year_results_2024_25.pdf,cocoa_chocolate_cocoa_butter,text_or_table,pdf_document,2200,317,low_background,,,,,
UCHUNK_000372,DOC_3A67DADA572A,barry_callebaut_annual_report_or_full_year_results_2024_25.pdf,cocoa_chocolate_cocoa_butter,text_or_table,pdf_document,2011,288,low_background,,,,,
UCHUNK_000373,DOC_3A67DADA572A,barry_callebaut_annual_report_or_full_year_results_2024_25.pdf,cocoa_chocolate_cocoa_butter,text_or_table,pdf_document,2199,288,low_background,,,,,
UCHUNK_000374,DOC_3A67DADA572A,barry_callebaut_annual_report_or_full_year_results_2024_25.pdf,cocoa_chocolate_cocoa_butter,text_or_table,pdf_document,2196,333,low_background,,,,,
UCHUNK_000375,DOC_3A67DADA572A,barry_callebaut_annual_report_or_full_year_results_2024_25.pdf,cocoa_chocolate_cocoa_butter,text_or_table,pdf_document,1519,238,low_background,,,,,
UCHUNK_000376,DOC_3A67DADA572A,barry_callebaut_annual_report_or_full_year_results_2024_25.pdf,cocoa_chocolate_cocoa_butter,text_or_table,pdf_document,2199,368,low_background,,,,,
UCHUNK_000377,DOC_3A67DADA572A,barry_callebaut_annual_report_or_full_year_results_2024_25.pdf,cocoa_chocolate_cocoa_butter,text_or_table,pdf_document,1687,262,low_background,,,,,
UCHUNK_000378,DOC_3A67DADA572A,barry_callebaut_annual_report_or_full_year_results_2024_25.pdf,cocoa_chocolate_cocoa_butter,text_or_table,pdf_document,2199,341,low_background,,,,,
UCHUNK_000379,DOC_3A67DADA572A,barry_callebaut_annual_report_or_full_year_results_2024_25.pdf,cocoa_chocolate_cocoa_butter,text_or_table,pdf_document,2200,342,low_background,,,,,
UCHUNK_000380,DOC_3A67DADA572A,barry_callebaut_annual_report_or_full_year_results_2024_25.pdf,cocoa_chocolate_cocoa_butter,text_or_table,pdf_document,1277,194,low_background,,,,,
UCHUNK_000381,DOC_3A67DADA572A,barry_callebaut_annual_report_or_full_year_results_2024_25.pdf,cocoa_chocolate_cocoa_butter,text_or_table,pdf_document,2199,316,low_background,,,,,
UCHUNK_000382,DOC_3A67DADA572A,barry_callebaut_annual_report_or_full_year_results_2024_25.pdf,cocoa_chocolate_cocoa_butter,text_or_table,pdf_document,2200,336,low_background,,,,,
UCHUNK_000383,DOC_3A67DADA572A,barry_callebaut_annual_report_or_full_year_results_2024_25.pdf,cocoa_chocolate_cocoa_butter,text_or_table,pdf_document,2200,308,low_background,,,,,
UCHUNK_000384,DOC_3A67DADA572A,barry_callebaut_annual_report_or_full_year_results_2024_25.pdf,cocoa_chocolate_cocoa_butter,text_or_table,pdf_document,1805,257,low_background,,,,,
UCHUNK_000385,DOC_3A67DADA572A,barry_callebaut_annual_report_or_full_year_results_2024_25.pdf,cocoa_chocolate_cocoa_butter,text_or_table,pdf_document,2200,335,low_background,,,,,
UCHUNK_000386,DOC_3A67DADA572A,barry_callebaut_annual_report_or_full_year_results_2024_25.pdf,cocoa_chocolate_cocoa_butter,text_or_table,pdf_document,1257,207,low_background,,,,,
UCHUNK_000387,DOC_3A67DADA572A,barry_callebaut_annual_report_or_full_year_results_2024_25.pdf,cocoa_chocolate_cocoa_butter,text_or_table,pdf_document,2199,334,low_background,,,,,
UCHUNK_000388,DOC_3A67DADA572A,barry_callebaut_annual_report_or_full_year_results_2024_25.pdf,cocoa_chocolate_cocoa_butter,text_or_table,pdf_document,2200,318,low_background,,,,,
UCHUNK_000389,DOC_3A67DADA572A,barry_callebaut_annual_report_or_full_year_results_2024_25.pdf,cocoa_chocolate_cocoa_butter,text_or_table,pdf_document,1769,257,low_background,,,,,
UCHUNK_000390,DOC_3A67DADA572A,barry_callebaut_annual_report_or_full_year_results_2024_25.pdf,cocoa_chocolate_cocoa_butter,text_or_table,pdf_document,2200,323,low_background,,,,,
UCHUNK_000391,DOC_3A67DADA572A,barry_callebaut_annual_report_or_full_year_results_2024_25.pdf,cocoa_chocolate_cocoa_butter,text_or_table,pdf_document,2200,350,low_background,,,,,
UCHUNK_000392,DOC_3A67DADA572A,barry_callebaut_annual_report_or_full_year_results_2024_25.pdf,cocoa_chocolate_cocoa_butter,text_or_table,pdf_document,2200,337,low_background,,,,,
UCHUNK_000393,DOC_3A67DADA572A,barry_callebaut_annual_report_or_full_year_results_2024_25.pdf,cocoa_chocolate_cocoa_butter,text_or_table,pdf_document,2200,333,low_background,,,,,
UCHUNK_000394,DOC_3A67DADA572A,barry_callebaut_annual_report_or_full_year_results_2024_25.pdf,cocoa_chocolate_cocoa_butter,text_or_table,pdf_document,2199,333,low_background,,,,,
UCHUNK_000395,DOC_3A67DADA572A,barry_callebaut_annual_report_or_full_year_results_2024_25.pdf,cocoa_chocolate_cocoa_butter,text_or_table,pdf_document,2200,330,low_background,,,,,
UCHUNK_000396,DOC_3A67DADA572A,barry_callebaut_annual_report_or_full_year_results_2024_25.pdf,cocoa_chocolate_cocoa_butter,text_or_table,pdf_document,2200,333,low_background,,,,,
UCHUNK_000397,DOC_3A67DADA572A,barry_callebaut_annual_report_or_full_year_results_2024_25.pdf,cocoa_chocolate_cocoa_butter,text_or_table,pdf_document,2200,324,low_background,,,,,
UCHUNK_000398,DOC_3A67DADA572A,barry_callebaut_annual_report_or_full_year_results_2024_25.pdf,cocoa_chocolate_cocoa_butter,text_or_table,pdf_document,2200,349,low_background,,,,,
UCHUNK_000399,DOC_3A67DADA572A,barry_callebaut_annual_report_or_full_year_results_2024_25.pdf,cocoa_chocolate_cocoa_butter,text_or_table,pdf_document,2199,326,low_background,,,,,
UCHUNK_000400,DOC_3A67DADA572A,barry_callebaut_annual_report_or_full_year_results_2024_25.pdf,cocoa_chocolate_cocoa_butter,text_or_table,pdf_document,2199,351,low_background,,,,,
UCHUNK_000401,DOC_3A67DADA572A,barry_callebaut_annual_report_or_full_year_results_2024_25.pdf,cocoa_chocolate_cocoa_butter,text_or_table,pdf_document,2200,319,low_background,,,,,
UCHUNK_000402,DOC_3A67DADA572A,barry_callebaut_annual_report_or_full_year_results_2024_25.pdf,cocoa_chocolate_cocoa_butter,text_or_table,pdf_document,2200,317,low_background,,,,,
UCHUNK_000403,DOC_3A67DADA572A,barry_callebaut_annual_report_or_full_year_results_2024_25.pdf,cocoa_chocolate_cocoa_butter,text_or_table,pdf_document,2199,324,low_background,,,,,
UCHUNK_000404,DOC_3A67DADA572A,barry_callebaut_annual_report_or_full_year_results_2024_25.pdf,cocoa_chocolate_cocoa_butter,text_or_table,pdf_document,1911,258,low_background,,,,,
UCHUNK_000405,DOC_3A67DADA572A,barry_callebaut_annual_report_or_full_year_results_2024_25.pdf,cocoa_chocolate_cocoa_butter,text_or_table,pdf_document,2200,334,low_background,,,,,
UCHUNK_000406,DOC_3A67DADA572A,barry_callebaut_annual_report_or_full_year_results_2024_25.pdf,cocoa_chocolate_cocoa_butter,text_or_table,pdf_document,2200,310,low_background,,,,,
UCHUNK_000407,DOC_3A67DADA572A,barry_callebaut_annual_report_or_full_year_results_2024_25.pdf,cocoa_chocolate_cocoa_butter,text_or_table,pdf_document,2199,323,low_background,,,,,
UCHUNK_000408,DOC_3A67DADA572A,barry_callebaut_annual_report_or_full_year_results_2024_25.pdf,cocoa_chocolate_cocoa_butter,text_or_table,pdf_document,2200,328,low_background,,,,,
UCHUNK_000409,DOC_3A67DADA572A,barry_callebaut_annual_report_or_full_year_results_2024_25.pdf,cocoa_chocolate_cocoa_butter,text_or_table,pdf_document,2200,311,low_background,,,,,
UCHUNK_000410,DOC_3A67DADA572A,barry_callebaut_annual_report_or_full_year_results_2024_25.pdf,cocoa_chocolate_cocoa_butter,text_or_table,pdf_document,2200,332,low_background,,,,,
UCHUNK_000411,DOC_3A67DADA572A,barry_callebaut_annual_report_or_full_year_results_2024_25.pdf,cocoa_chocolate_cocoa_butter,text_or_table,pdf_document,2200,339,low_background,,,,,
UCHUNK_000412,DOC_3A67DADA572A,barry_callebaut_annual_report_or_full_year_results_2024_25.pdf,cocoa_chocolate_cocoa_butter,text_or_table,pdf_document,2199,338,low_background,,,,,
UCHUNK_000413,DOC_3A67DADA572A,barry_callebaut_annual_report_or_full_year_results_2024_25.pdf,cocoa_chocolate_cocoa_butter,text_or_table,pdf_document,2200,355,low_background,,,,,
UCHUNK_000414,DOC_3A67DADA572A,barry_callebaut_annual_report_or_full_year_results_2024_25.pdf,cocoa_chocolate_cocoa_butter,text_or_table,pdf_document,2200,349,low_background,,,,,
UCHUNK_000415,DOC_3A67DADA572A,barry_callebaut_annual_report_or_full_year_results_2024_25.pdf,cocoa_chocolate_cocoa_butter,text_or_table,pdf_document,1519,239,low_background,,,,,
UCHUNK_000416,DOC_3A67DADA572A,barry_callebaut_annual_report_or_full_year_results_2024_25.pdf,cocoa_chocolate_cocoa_butter,text_or_table,pdf_document,2200,349,low_background,,,,,
UCHUNK_000417,DOC_3A67DADA572A,barry_callebaut_annual_report_or_full_year_results_2024_25.pdf,cocoa_chocolate_cocoa_butter,text_or_table,pdf_document,2199,352,low_background,,,,,
UCHUNK_000418,DOC_3A67DADA572A,barry_callebaut_annual_report_or_full_year_results_2024_25.pdf,cocoa_chocolate_cocoa_butter,text_or_table,pdf_document,2200,356,low_background,,,,,
UCHUNK_000419,DOC_3A67DADA572A,barry_callebaut_annual_report_or_full_year_results_2024_25.pdf,cocoa_chocolate_cocoa_butter,text_or_table,pdf_document,2200,341,low_background,,,,,
UCHUNK_000420,DOC_3A67DADA572A,barry_callebaut_annual_report_or_full_year_results_2024_25.pdf,cocoa_chocolate_cocoa_butter,text_or_table,pdf_document,1235,196,low_background,,,,,
UCHUNK_000421,DOC_3A67DADA572A,barry_callebaut_annual_report_or_full_year_results_2024_25.pdf,cocoa_chocolate_cocoa_butter,text_or_table,pdf_document,2200,338,low_background,,,,,
UCHUNK_000422,DOC_3A67DADA572A,barry_callebaut_annual_report_or_full_year_results_2024_25.pdf,cocoa_chocolate_cocoa_butter,text_or_table,pdf_document,2200,331,low_background,,,,,
UCHUNK_000423,DOC_3A67DADA572A,barry_callebaut_annual_report_or_full_year_results_2024_25.pdf,cocoa_chocolate_cocoa_butter,text_or_table,pdf_document,2199,339,low_background,,,,,
UCHUNK_000424,DOC_3A67DADA572A,barry_callebaut_annual_report_or_full_year_results_2024_25.pdf,cocoa_chocolate_cocoa_butter,text_or_table,pdf_document,2200,356,low_background,,,,,
UCHUNK_000425,DOC_3A67DADA572A,barry_callebaut_annual_report_or_full_year_results_2024_25.pdf,cocoa_chocolate_cocoa_butter,text_or_table,pdf_document,1787,285,low_background,,,,,
UCHUNK_000426,DOC_3A67DADA572A,barry_callebaut_annual_report_or_full_year_results_2024_25.pdf,cocoa_chocolate_cocoa_butter,text_or_table,pdf_document,2200,360,low_background,,,,,
UCHUNK_000427,DOC_3A67DADA572A,barry_callebaut_annual_report_or_full_year_results_2024_25.pdf,cocoa_chocolate_cocoa_butter,text_or_table,pdf_document,2200,332,low_background,,,,,
UCHUNK_000428,DOC_3A67DADA572A,barry_callebaut_annual_report_or_full_year_results_2024_25.pdf,cocoa_chocolate_cocoa_butter,text_or_table,pdf_document,1727,254,low_background,,,,,
UCHUNK_000429,DOC_3A67DADA572A,barry_callebaut_annual_report_or_full_year_results_2024_25.pdf,cocoa_chocolate_cocoa_butter,text_or_table,pdf_document,2199,295,low_background,,,,,
UCHUNK_000430,DOC_3A67DADA572A,barry_callebaut_annual_report_or_full_year_results_2024_25.pdf,cocoa_chocolate_cocoa_butter,text_or_table,pdf_document,2200,325,low_background,,,,,
UCHUNK_000431,DOC_3A67DADA572A,barry_callebaut_annual_report_or_full_year_results_2024_25.pdf,cocoa_chocolate_cocoa_butter,text_or_table,pdf_document,2200,349,low_background,,,,,
UCHUNK_000432,DOC_3A67DADA572A,barry_callebaut_annual_report_or_full_year_results_2024_25.pdf,cocoa_chocolate_cocoa_butter,text_or_table,pdf_document,2199,351,low_background,,,,,
UCHUNK_000433,DOC_3A67DADA572A,barry_callebaut_annual_report_or_full_year_results_2024_25.pdf,cocoa_chocolate_cocoa_butter,text_or_table,pdf_document,2199,349,low_background,,,,,
UCHUNK_000434,DOC_3A67DADA572A,barry_callebaut_annual_report_or_full_year_results_2024_25.pdf,cocoa_chocolate_cocoa_butter,text_or_table,pdf_document,1266,192,low_background,,,,,
UCHUNK_000435,DOC_3A67DADA572A,barry_callebaut_annual_report_or_full_year_results_2024_25.pdf,cocoa_chocolate_cocoa_butter,text_or_table,pdf_document,1875,283,low_background,,,,,
UCHUNK_000436,DOC_3A67DADA572A,barry_callebaut_annual_report_or_full_year_results_2024_25.pdf,cocoa_chocolate_cocoa_butter,text_or_table,pdf_document,2199,320,low_background,,,,,
UCHUNK_000437,DOC_3A67DADA572A,barry_callebaut_annual_report_or_full_year_results_2024_25.pdf,cocoa_chocolate_cocoa_butter,text_or_table,pdf_document,2200,323,low_background,,,,,
UCHUNK_000438,DOC_3A67DADA572A,barry_callebaut_annual_report_or_full_year_results_2024_25.pdf,cocoa_chocolate_cocoa_butter,text_or_table,pdf_document,1579,242,low_background,,,,,
UCHUNK_000439,DOC_3A67DADA572A,barry_callebaut_annual_report_or_full_year_results_2024_25.pdf,cocoa_chocolate_cocoa_butter,text_or_table,pdf_document,1331,183,low_background,,,,,
UCHUNK_000440,DOC_3A67DADA572A,barry_callebaut_annual_report_or_full_year_results_2024_25.pdf,cocoa_chocolate_cocoa_butter,text_or_table,pdf_document,1731,239,low_background,,,,,
UCHUNK_000441,DOC_1EC92FF65460,barry_callebaut_company_profile.pdf,cocoa_chocolate_cocoa_butter,text_or_table,pdf_document,14,4,low_short_text,,,,,
UCHUNK_000442,DOC_1082CA3E3F2A,barry_callebaut_hershey_supply_agreement_news_release.pdf,cocoa_chocolate_cocoa_butter,text_or_table,pdf_document,2200,306,low_background,,,,,
UCHUNK_000443,DOC_1082CA3E3F2A,barry_callebaut_hershey_supply_agreement_news_release.pdf,cocoa_chocolate_cocoa_butter,text_or_table,pdf_document,2200,324,low_background,,,,,
UCHUNK_000444,DOC_1082CA3E3F2A,barry_callebaut_hershey_supply_agreement_news_release.pdf,cocoa_chocolate_cocoa_butter,text_or_table,pdf_document,1985,278,low_background,,,,,
UCHUNK_000445,DOC_1082CA3E3F2A,barry_callebaut_hershey_supply_agreement_news_release.pdf,cocoa_chocolate_cocoa_butter,text_or_table,pdf_document,1724,216,low_background,,,,,
UCHUNK_000446,DOC_71BF5D9AF123,barry_callebaut_hershey_supply_agreement_page.pdf,cocoa_chocolate_cocoa_butter,text_or_table,pdf_document,14,4,low_short_text,,,,,
UCHUNK_000447,DOC_444A249CB5CF,barry_callebaut_social_environmental_impact_report_2024_25.pdf,cocoa_chocolate_cocoa_butter,text_or_table,pdf_document,1492,223,low_background,,,,,
UCHUNK_000448,DOC_444A249CB5CF,barry_callebaut_social_environmental_impact_report_2024_25.pdf,cocoa_chocolate_cocoa_butter,text_or_table,pdf_document,2200,317,low_background,,,,,
UCHUNK_000449,DOC_444A249CB5CF,barry_callebaut_social_environmental_impact_report_2024_25.pdf,cocoa_chocolate_cocoa_butter,text_or_table,pdf_document,2200,322,low_background,,,,,
UCHUNK_000450,DOC_444A249CB5CF,barry_callebaut_social_environmental_impact_report_2024_25.pdf,cocoa_chocolate_cocoa_butter,text_or_table,pdf_document,1991,290,low_background,,,,,
UCHUNK_000451,DOC_444A249CB5CF,barry_callebaut_social_environmental_impact_report_2024_25.pdf,cocoa_chocolate_cocoa_butter,text_or_table,pdf_document,2200,304,low_background,,,,,
UCHUNK_000452,DOC_444A249CB5CF,barry_callebaut_social_environmental_impact_report_2024_25.pdf,cocoa_chocolate_cocoa_butter,text_or_table,pdf_document,1766,257,low_background,,,,,
UCHUNK_000453,DOC_444A249CB5CF,barry_callebaut_social_environmental_impact_report_2024_25.pdf,cocoa_chocolate_cocoa_butter,text_or_table,pdf_document,2200,324,low_background,,,,,
UCHUNK_000454,DOC_444A249CB5CF,barry_callebaut_social_environmental_impact_report_2024_25.pdf,cocoa_chocolate_cocoa_butter,text_or_table,pdf_document,2200,335,low_background,,,,,
UCHUNK_000455,DOC_444A249CB5CF,barry_callebaut_social_environmental_impact_report_2024_25.pdf,cocoa_chocolate_cocoa_butter,text_or_table,pdf_document,2200,318,low_background,,,,,
UCHUNK_000456,DOC_444A249CB5CF,barry_callebaut_social_environmental_impact_report_2024_25.pdf,cocoa_chocolate_cocoa_butter,text_or_table,pdf_document,2181,332,low_background,,,,,
UCHUNK_000457,DOC_444A249CB5CF,barry_callebaut_social_environmental_impact_report_2024_25.pdf,cocoa_chocolate_cocoa_butter,text_or_table,pdf_document,2200,322,low_background,,,,,
UCHUNK_000458,DOC_444A249CB5CF,barry_callebaut_social_environmental_impact_report_2024_25.pdf,cocoa_chocolate_cocoa_butter,text_or_table,pdf_document,2199,313,low_background,,,,,
UCHUNK_000459,DOC_444A249CB5CF,barry_callebaut_social_environmental_impact_report_2024_25.pdf,cocoa_chocolate_cocoa_butter,text_or_table,pdf_document,1355,174,low_background,,,,,
UCHUNK_000460,DOC_444A249CB5CF,barry_callebaut_social_environmental_impact_report_2024_25.pdf,cocoa_chocolate_cocoa_butter,text_or_table,pdf_document,2200,301,low_background,,,,,
UCHUNK_000461,DOC_444A249CB5CF,barry_callebaut_social_environmental_impact_report_2024_25.pdf,cocoa_chocolate_cocoa_butter,text_or_table,pdf_document,2200,314,low_background,,,,,
UCHUNK_000462,DOC_444A249CB5CF,barry_callebaut_social_environmental_impact_report_2024_25.pdf,cocoa_chocolate_cocoa_butter,text_or_table,pdf_document,1591,226,low_background,,,,,
UCHUNK_000463,DOC_444A249CB5CF,barry_callebaut_social_environmental_impact_report_2024_25.pdf,cocoa_chocolate_cocoa_butter,text_or_table,pdf_document,2199,327,low_background,,,,,
UCHUNK_000464,DOC_444A249CB5CF,barry_callebaut_social_environmental_impact_report_2024_25.pdf,cocoa_chocolate_cocoa_butter,text_or_table,pdf_document,2199,320,low_background,,,,,
UCHUNK_000465,DOC_444A249CB5CF,barry_callebaut_social_environmental_impact_report_2024_25.pdf,cocoa_chocolate_cocoa_butter,text_or_table,pdf_document,1812,270,low_background,,,,,
UCHUNK_000466,DOC_444A249CB5CF,barry_callebaut_social_environmental_impact_report_2024_25.pdf,cocoa_chocolate_cocoa_butter,text_or_table,pdf_document,2200,323,low_background,,,,,
UCHUNK_000467,DOC_444A249CB5CF,barry_callebaut_social_environmental_impact_report_2024_25.pdf,cocoa_chocolate_cocoa_butter,text_or_table,pdf_document,2200,327,low_background,,,,,
UCHUNK_000468,DOC_444A249CB5CF,barry_callebaut_social_environmental_impact_report_2024_25.pdf,cocoa_chocolate_cocoa_butter,text_or_table,pdf_document,1868,262,low_background,,,,,
UCHUNK_000469,DOC_444A249CB5CF,barry_callebaut_social_environmental_impact_report_2024_25.pdf,cocoa_chocolate_cocoa_butter,text_or_table,pdf_document,2200,312,low_background,,,,,
UCHUNK_000470,DOC_444A249CB5CF,barry_callebaut_social_environmental_impact_report_2024_25.pdf,cocoa_chocolate_cocoa_butter,text_or_table,pdf_document,2200,309,low_background,,,,,
UCHUNK_000471,DOC_444A249CB5CF,barry_callebaut_social_environmental_impact_report_2024_25.pdf,cocoa_chocolate_cocoa_butter,text_or_table,pdf_document,1990,299,low_background,,,,,
UCHUNK_000472,DOC_444A249CB5CF,barry_callebaut_social_environmental_impact_report_2024_25.pdf,cocoa_chocolate_cocoa_butter,text_or_table,pdf_document,2200,305,low_background,,,,,
UCHUNK_000473,DOC_444A249CB5CF,barry_callebaut_social_environmental_impact_report_2024_25.pdf,cocoa_chocolate_cocoa_butter,text_or_table,pdf_document,2200,321,low_background,,,,,
UCHUNK_000474,DOC_444A249CB5CF,barry_callebaut_social_environmental_impact_report_2024_25.pdf,cocoa_chocolate_cocoa_butter,text_or_table,pdf_document,2200,311,low_background,,,,,
UCHUNK_000475,DOC_444A249CB5CF,barry_callebaut_social_environmental_impact_report_2024_25.pdf,cocoa_chocolate_cocoa_butter,text_or_table,pdf_document,2200,317,low_background,,,,,
UCHUNK_000476,DOC_444A249CB5CF,barry_callebaut_social_environmental_impact_report_2024_25.pdf,cocoa_chocolate_cocoa_butter,text_or_table,pdf_document,2198,310,low_background,,,,,
UCHUNK_000477,DOC_444A249CB5CF,barry_callebaut_social_environmental_impact_report_2024_25.pdf,cocoa_chocolate_cocoa_butter,text_or_table,pdf_document,1384,188,low_background,,,,,
UCHUNK_000478,DOC_444A249CB5CF,barry_callebaut_social_environmental_impact_report_2024_25.pdf,cocoa_chocolate_cocoa_butter,text_or_table,pdf_document,2200,311,low_background,,,,,
UCHUNK_000479,DOC_444A249CB5CF,barry_callebaut_social_environmental_impact_report_2024_25.pdf,cocoa_chocolate_cocoa_butter,text_or_table,pdf_document,2200,309,low_background,,,,,
UCHUNK_000480,DOC_444A249CB5CF,barry_callebaut_social_environmental_impact_report_2024_25.pdf,cocoa_chocolate_cocoa_butter,text_or_table,pdf_document,2200,298,low_background,,,,,
UCHUNK_000481,DOC_444A249CB5CF,barry_callebaut_social_environmental_impact_report_2024_25.pdf,cocoa_chocolate_cocoa_butter,text_or_table,pdf_document,2199,304,low_background,,,,,
UCHUNK_000482,DOC_444A249CB5CF,barry_callebaut_social_environmental_impact_report_2024_25.pdf,cocoa_chocolate_cocoa_butter,text_or_table,pdf_document,2200,332,low_background,,,,,
UCHUNK_000483,DOC_444A249CB5CF,barry_callebaut_social_environmental_impact_report_2024_25.pdf,cocoa_chocolate_cocoa_butter,text_or_table,pdf_document,2200,332,low_background,,,,,
UCHUNK_000484,DOC_444A249CB5CF,barry_callebaut_social_environmental_impact_report_2024_25.pdf,cocoa_chocolate_cocoa_butter,text_or_table,pdf_document,2200,307,low_background,,,,,
UCHUNK_000485,DOC_444A249CB5CF,barry_callebaut_social_environmental_impact_report_2024_25.pdf,cocoa_chocolate_cocoa_butter,text_or_table,pdf_document,2200,316,low_background,,,,,
UCHUNK_000486,DOC_444A249CB5CF,barry_callebaut_social_environmental_impact_report_2024_25.pdf,cocoa_chocolate_cocoa_butter,text_or_table,pdf_document,1320,170,low_background,,,,,
UCHUNK_000487,DOC_444A249CB5CF,barry_callebaut_social_environmental_impact_report_2024_25.pdf,cocoa_chocolate_cocoa_butter,text_or_table,pdf_document,2198,310,low_background,,,,,
UCHUNK_000488,DOC_444A249CB5CF,barry_callebaut_social_environmental_impact_report_2024_25.pdf,cocoa_chocolate_cocoa_butter,text_or_table,pdf_document,2200,313,low_background,,,,,
UCHUNK_000489,DOC_444A249CB5CF,barry_callebaut_social_environmental_impact_report_2024_25.pdf,cocoa_chocolate_cocoa_butter,text_or_table,pdf_document,1463,195,low_background,,,,,
UCHUNK_000490,DOC_444A249CB5CF,barry_callebaut_social_environmental_impact_report_2024_25.pdf,cocoa_chocolate_cocoa_butter,text_or_table,pdf_document,2199,304,low_background,,,,,
UCHUNK_000491,DOC_444A249CB5CF,barry_callebaut_social_environmental_impact_report_2024_25.pdf,cocoa_chocolate_cocoa_butter,text_or_table,pdf_document,1984,255,low_background,,,,,
UCHUNK_000492,DOC_444A249CB5CF,barry_callebaut_social_environmental_impact_report_2024_25.pdf,cocoa_chocolate_cocoa_butter,text_or_table,pdf_document,2200,298,low_background,,,,,
UCHUNK_000493,DOC_444A249CB5CF,barry_callebaut_social_environmental_impact_report_2024_25.pdf,cocoa_chocolate_cocoa_butter,text_or_table,pdf_document,2200,292,low_background,,,,,
UCHUNK_000494,DOC_444A249CB5CF,barry_callebaut_social_environmental_impact_report_2024_25.pdf,cocoa_chocolate_cocoa_butter,text_or_table,pdf_document,2200,317,low_background,,,,,
UCHUNK_000495,DOC_444A249CB5CF,barry_callebaut_social_environmental_impact_report_2024_25.pdf,cocoa_chocolate_cocoa_butter,text_or_table,pdf_document,1975,283,low_background,,,,,
UCHUNK_000496,DOC_444A249CB5CF,barry_callebaut_social_environmental_impact_report_2024_25.pdf,cocoa_chocolate_cocoa_butter,text_or_table,pdf_document,1572,237,low_background,,,,,
UCHUNK_000497,DOC_444A249CB5CF,barry_callebaut_social_environmental_impact_report_2024_25.pdf,cocoa_chocolate_cocoa_butter,text_or_table,pdf_document,2200,324,low_background,,,,,
UCHUNK_000498,DOC_444A249CB5CF,barry_callebaut_social_environmental_impact_report_2024_25.pdf,cocoa_chocolate_cocoa_butter,text_or_table,pdf_document,2200,309,low_background,,,,,
UCHUNK_000499,DOC_444A249CB5CF,barry_callebaut_social_environmental_impact_report_2024_25.pdf,cocoa_chocolate_cocoa_butter,text_or_table,pdf_document,1596,225,low_background,,,,,
UCHUNK_000500,DOC_444A249CB5CF,barry_callebaut_social_environmental_impact_report_2024_25.pdf,cocoa_chocolate_cocoa_butter,text_or_table,pdf_document,2199,306,low_background,,,,,
UCHUNK_000501,DOC_444A249CB5CF,barry_callebaut_social_environmental_impact_report_2024_25.pdf,cocoa_chocolate_cocoa_butter,text_or_table,pdf_document,2102,274,low_background,,,,,
UCHUNK_000502,DOC_444A249CB5CF,barry_callebaut_social_environmental_impact_report_2024_25.pdf,cocoa_chocolate_cocoa_butter,text_or_table,pdf_document,2200,313,low_background,,,,,
UCHUNK_000503,DOC_444A249CB5CF,barry_callebaut_social_environmental_impact_report_2024_25.pdf,cocoa_chocolate_cocoa_butter,text_or_table,pdf_document,2199,313,low_background,,,,,
UCHUNK_000504,DOC_444A249CB5CF,barry_callebaut_social_environmental_impact_report_2024_25.pdf,cocoa_chocolate_cocoa_butter,text_or_table,pdf_document,2200,309,low_background,,,,,
UCHUNK_000505,DOC_444A249CB5CF,barry_callebaut_social_environmental_impact_report_2024_25.pdf,cocoa_chocolate_cocoa_butter,text_or_table,pdf_document,1487,207,low_background,,,,,
UCHUNK_000506,DOC_444A249CB5CF,barry_callebaut_social_environmental_impact_report_2024_25.pdf,cocoa_chocolate_cocoa_butter,text_or_table,pdf_document,2200,302,low_background,,,,,
UCHUNK_000507,DOC_444A249CB5CF,barry_callebaut_social_environmental_impact_report_2024_25.pdf,cocoa_chocolate_cocoa_butter,text_or_table,pdf_document,2200,323,low_background,,,,,
UCHUNK_000508,DOC_444A249CB5CF,barry_callebaut_social_environmental_impact_report_2024_25.pdf,cocoa_chocolate_cocoa_butter,text_or_table,pdf_document,2200,334,low_background,,,,,
UCHUNK_000509,DOC_444A249CB5CF,barry_callebaut_social_environmental_impact_report_2024_25.pdf,cocoa_chocolate_cocoa_butter,text_or_table,pdf_document,2200,315,low_background,,,,,
UCHUNK_000510,DOC_444A249CB5CF,barry_callebaut_social_environmental_impact_report_2024_25.pdf,cocoa_chocolate_cocoa_butter,text_or_table,pdf_document,2200,313,low_background,,,,,
UCHUNK_000511,DOC_444A249CB5CF,barry_callebaut_social_environmental_impact_report_2024_25.pdf,cocoa_chocolate_cocoa_butter,text_or_table,pdf_document,2200,319,low_background,,,,,
UCHUNK_000512,DOC_444A249CB5CF,barry_callebaut_social_environmental_impact_report_2024_25.pdf,cocoa_chocolate_cocoa_butter,text_or_table,pdf_document,1677,244,low_background,,,,,
UCHUNK_000513,DOC_444A249CB5CF,barry_callebaut_social_environmental_impact_report_2024_25.pdf,cocoa_chocolate_cocoa_butter,text_or_table,pdf_document,2007,298,low_background,,,,,
UCHUNK_000514,DOC_444A249CB5CF,barry_callebaut_social_environmental_impact_report_2024_25.pdf,cocoa_chocolate_cocoa_butter,text_or_table,pdf_document,2200,303,low_background,,,,,
UCHUNK_000515,DOC_444A249CB5CF,barry_callebaut_social_environmental_impact_report_2024_25.pdf,cocoa_chocolate_cocoa_butter,text_or_table,pdf_document,2198,315,low_background,,,,,
UCHUNK_000516,DOC_444A249CB5CF,barry_callebaut_social_environmental_impact_report_2024_25.pdf,cocoa_chocolate_cocoa_butter,text_or_table,pdf_document,2198,317,low_background,,,,,
UCHUNK_000517,DOC_444A249CB5CF,barry_callebaut_social_environmental_impact_report_2024_25.pdf,cocoa_chocolate_cocoa_butter,text_or_table,pdf_document,2198,332,low_background,,,,,
UCHUNK_000518,DOC_444A249CB5CF,barry_callebaut_social_environmental_impact_report_2024_25.pdf,cocoa_chocolate_cocoa_butter,text_or_table,pdf_document,2200,317,low_background,,,,,
UCHUNK_000519,DOC_444A249CB5CF,barry_callebaut_social_environmental_impact_report_2024_25.pdf,cocoa_chocolate_cocoa_butter,text_or_table,pdf_document,2198,319,low_background,,,,,
UCHUNK_000520,DOC_444A249CB5CF,barry_callebaut_social_environmental_impact_report_2024_25.pdf,cocoa_chocolate_cocoa_butter,text_or_table,pdf_document,1869,265,low_background,,,,,
UCHUNK_000521,DOC_444A249CB5CF,barry_callebaut_social_environmental_impact_report_2024_25.pdf,cocoa_chocolate_cocoa_butter,text_or_table,pdf_document,2199,320,low_background,,,,,
UCHUNK_000522,DOC_444A249CB5CF,barry_callebaut_social_environmental_impact_report_2024_25.pdf,cocoa_chocolate_cocoa_butter,text_or_table,pdf_document,1904,247,low_background,,,,,
UCHUNK_000523,DOC_444A249CB5CF,barry_callebaut_social_environmental_impact_report_2024_25.pdf,cocoa_chocolate_cocoa_butter,text_or_table,pdf_document,2200,311,low_background,,,,,
UCHUNK_000524,DOC_444A249CB5CF,barry_callebaut_social_environmental_impact_report_2024_25.pdf,cocoa_chocolate_cocoa_butter,text_or_table,pdf_document,2200,301,low_background,,,,,
UCHUNK_000525,DOC_444A249CB5CF,barry_callebaut_social_environmental_impact_report_2024_25.pdf,cocoa_chocolate_cocoa_butter,text_or_table,pdf_document,2200,305,low_background,,,,,
UCHUNK_000526,DOC_444A249CB5CF,barry_callebaut_social_environmental_impact_report_2024_25.pdf,cocoa_chocolate_cocoa_butter,text_or_table,pdf_document,2200,317,low_background,,,,,
UCHUNK_000527,DOC_444A249CB5CF,barry_callebaut_social_environmental_impact_report_2024_25.pdf,cocoa_chocolate_cocoa_butter,text_or_table,pdf_document,1237,168,low_background,,,,,
UCHUNK_000528,DOC_444A249CB5CF,barry_callebaut_social_environmental_impact_report_2024_25.pdf,cocoa_chocolate_cocoa_butter,text_or_table,pdf_document,2200,348,low_background,,,,,
UCHUNK_000529,DOC_444A249CB5CF,barry_callebaut_social_environmental_impact_report_2024_25.pdf,cocoa_chocolate_cocoa_butter,text_or_table,pdf_document,2199,345,low_background,,,,,
UCHUNK_000530,DOC_444A249CB5CF,barry_callebaut_social_environmental_impact_report_2024_25.pdf,cocoa_chocolate_cocoa_butter,text_or_table,pdf_document,2200,326,low_background,,,,,
UCHUNK_000531,DOC_444A249CB5CF,barry_callebaut_social_environmental_impact_report_2024_25.pdf,cocoa_chocolate_cocoa_butter,text_or_table,pdf_document,2199,331,low_background,,,,,
UCHUNK_000532,DOC_444A249CB5CF,barry_callebaut_social_environmental_impact_report_2024_25.pdf,cocoa_chocolate_cocoa_butter,text_or_table,pdf_document,2200,313,low_background,,,,,
UCHUNK_000533,DOC_444A249CB5CF,barry_callebaut_social_environmental_impact_report_2024_25.pdf,cocoa_chocolate_cocoa_butter,text_or_table,pdf_document,2199,296,low_background,,,,,
UCHUNK_000534,DOC_444A249CB5CF,barry_callebaut_social_environmental_impact_report_2024_25.pdf,cocoa_chocolate_cocoa_butter,text_or_table,pdf_document,2200,300,low_background,,,,,
UCHUNK_000535,DOC_444A249CB5CF,barry_callebaut_social_environmental_impact_report_2024_25.pdf,cocoa_chocolate_cocoa_butter,text_or_table,pdf_document,1874,256,low_background,,,,,
UCHUNK_000536,DOC_444A249CB5CF,barry_callebaut_social_environmental_impact_report_2024_25.pdf,cocoa_chocolate_cocoa_butter,text_or_table,pdf_document,1639,256,low_background,,,,,
UCHUNK_000537,DOC_444A249CB5CF,barry_callebaut_social_environmental_impact_report_2024_25.pdf,cocoa_chocolate_cocoa_butter,text_or_table,pdf_document,1486,214,low_background,,,,,
UCHUNK_000538,DOC_444A249CB5CF,barry_callebaut_social_environmental_impact_report_2024_25.pdf,cocoa_chocolate_cocoa_butter,text_or_table,pdf_document,2198,311,low_background,,,,,
UCHUNK_000539,DOC_444A249CB5CF,barry_callebaut_social_environmental_impact_report_2024_25.pdf,cocoa_chocolate_cocoa_butter,text_or_table,pdf_document,2200,310,low_background,,,,,
UCHUNK_000540,DOC_444A249CB5CF,barry_callebaut_social_environmental_impact_report_2024_25.pdf,cocoa_chocolate_cocoa_butter,text_or_table,pdf_document,1375,202,low_background,,,,,
UCHUNK_000541,DOC_444A249CB5CF,barry_callebaut_social_environmental_impact_report_2024_25.pdf,cocoa_chocolate_cocoa_butter,text_or_table,pdf_document,2199,318,low_background,,,,,
UCHUNK_000542,DOC_444A249CB5CF,barry_callebaut_social_environmental_impact_report_2024_25.pdf,cocoa_chocolate_cocoa_butter,text_or_table,pdf_document,2200,295,low_background,,,,,
UCHUNK_000543,DOC_444A249CB5CF,barry_callebaut_social_environmental_impact_report_2024_25.pdf,cocoa_chocolate_cocoa_butter,text_or_table,pdf_document,1688,245,low_background,,,,,
UCHUNK_000544,DOC_444A249CB5CF,barry_callebaut_social_environmental_impact_report_2024_25.pdf,cocoa_chocolate_cocoa_butter,text_or_table,pdf_document,2200,298,low_background,,,,,
UCHUNK_000545,DOC_444A249CB5CF,barry_callebaut_social_environmental_impact_report_2024_25.pdf,cocoa_chocolate_cocoa_butter,text_or_table,pdf_document,2200,287,low_background,,,,,
UCHUNK_000546,DOC_444A249CB5CF,barry_callebaut_social_environmental_impact_report_2024_25.pdf,cocoa_chocolate_cocoa_butter,text_or_table,pdf_document,2004,279,low_background,,,,,
UCHUNK_000547,DOC_444A249CB5CF,barry_callebaut_social_environmental_impact_report_2024_25.pdf,cocoa_chocolate_cocoa_butter,text_or_table,pdf_document,2200,299,low_background,,,,,
UCHUNK_000548,DOC_444A249CB5CF,barry_callebaut_social_environmental_impact_report_2024_25.pdf,cocoa_chocolate_cocoa_butter,text_or_table,pdf_document,2200,292,low_background,,,,,
UCHUNK_000549,DOC_444A249CB5CF,barry_callebaut_social_environmental_impact_report_2024_25.pdf,cocoa_chocolate_cocoa_butter,text_or_table,pdf_document,2200,274,low_background,,,,,
UCHUNK_000550,DOC_444A249CB5CF,barry_callebaut_social_environmental_impact_report_2024_25.pdf,cocoa_chocolate_cocoa_butter,text_or_table,pdf_document,2069,275,low_background,,,,,
UCHUNK_000551,DOC_444A249CB5CF,barry_callebaut_social_environmental_impact_report_2024_25.pdf,cocoa_chocolate_cocoa_butter,text_or_table,pdf_document,2200,292,low_background,,,,,
UCHUNK_000552,DOC_444A249CB5CF,barry_callebaut_social_environmental_impact_report_2024_25.pdf,cocoa_chocolate_cocoa_butter,text_or_table,pdf_document,2200,290,low_background,,,,,
UCHUNK_000553,DOC_444A249CB5CF,barry_callebaut_social_environmental_impact_report_2024_25.pdf,cocoa_chocolate_cocoa_butter,text_or_table,pdf_document,1274,165,low_background,,,,,
UCHUNK_000554,DOC_444A249CB5CF,barry_callebaut_social_environmental_impact_report_2024_25.pdf,cocoa_chocolate_cocoa_butter,text_or_table,pdf_document,2199,279,low_background,,,,,
UCHUNK_000555,DOC_444A249CB5CF,barry_callebaut_social_environmental_impact_report_2024_25.pdf,cocoa_chocolate_cocoa_butter,text_or_table,pdf_document,2200,284,low_background,,,,,
UCHUNK_000556,DOC_444A249CB5CF,barry_callebaut_social_environmental_impact_report_2024_25.pdf,cocoa_chocolate_cocoa_butter,text_or_table,pdf_document,1756,230,low_background,,,,,
UCHUNK_000557,DOC_444A249CB5CF,barry_callebaut_social_environmental_impact_report_2024_25.pdf,cocoa_chocolate_cocoa_butter,text_or_table,pdf_document,2200,302,low_background,,,,,
UCHUNK_000558,DOC_444A249CB5CF,barry_callebaut_social_environmental_impact_report_2024_25.pdf,cocoa_chocolate_cocoa_butter,text_or_table,pdf_document,1800,253,low_background,,,,,
UCHUNK_000559,DOC_444A249CB5CF,barry_callebaut_social_environmental_impact_report_2024_25.pdf,cocoa_chocolate_cocoa_butter,text_or_table,pdf_document,2200,300,low_background,,,,,
UCHUNK_000560,DOC_444A249CB5CF,barry_callebaut_social_environmental_impact_report_2024_25.pdf,cocoa_chocolate_cocoa_butter,text_or_table,pdf_document,2200,288,low_background,,,,,
UCHUNK_000561,DOC_444A249CB5CF,barry_callebaut_social_environmental_impact_report_2024_25.pdf,cocoa_chocolate_cocoa_butter,text_or_table,pdf_document,2200,282,low_background,,,,,
UCHUNK_000562,DOC_444A249CB5CF,barry_callebaut_social_environmental_impact_report_2024_25.pdf,cocoa_chocolate_cocoa_butter,text_or_table,pdf_document,1515,197,low_background,,,,,
UCHUNK_000563,DOC_444A249CB5CF,barry_callebaut_social_environmental_impact_report_2024_25.pdf,cocoa_chocolate_cocoa_butter,text_or_table,pdf_document,2200,327,low_background,,,,,
UCHUNK_000564,DOC_444A249CB5CF,barry_callebaut_social_environmental_impact_report_2024_25.pdf,cocoa_chocolate_cocoa_butter,text_or_table,pdf_document,2200,319,low_background,,,,,
UCHUNK_000565,DOC_444A249CB5CF,barry_callebaut_social_environmental_impact_report_2024_25.pdf,cocoa_chocolate_cocoa_butter,text_or_table,pdf_document,1226,167,low_background,,,,,
UCHUNK_000566,DOC_444A249CB5CF,barry_callebaut_social_environmental_impact_report_2024_25.pdf,cocoa_chocolate_cocoa_butter,text_or_table,pdf_document,2199,296,low_background,,,,,
UCHUNK_000567,DOC_444A249CB5CF,barry_callebaut_social_environmental_impact_report_2024_25.pdf,cocoa_chocolate_cocoa_butter,text_or_table,pdf_document,2200,323,low_background,,,,,
UCHUNK_000568,DOC_444A249CB5CF,barry_callebaut_social_environmental_impact_report_2024_25.pdf,cocoa_chocolate_cocoa_butter,text_or_table,pdf_document,2199,323,low_background,,,,,
UCHUNK_000569,DOC_444A249CB5CF,barry_callebaut_social_environmental_impact_report_2024_25.pdf,cocoa_chocolate_cocoa_butter,text_or_table,pdf_document,2053,292,low_background,,,,,
UCHUNK_000570,DOC_444A249CB5CF,barry_callebaut_social_environmental_impact_report_2024_25.pdf,cocoa_chocolate_cocoa_butter,text_or_table,pdf_document,2200,315,low_background,,,,,
UCHUNK_000571,DOC_444A249CB5CF,barry_callebaut_social_environmental_impact_report_2024_25.pdf,cocoa_chocolate_cocoa_butter,text_or_table,pdf_document,2200,318,low_background,,,,,
UCHUNK_000572,DOC_444A249CB5CF,barry_callebaut_social_environmental_impact_report_2024_25.pdf,cocoa_chocolate_cocoa_butter,text_or_table,pdf_document,2200,318,low_background,,,,,
UCHUNK_000573,DOC_444A249CB5CF,barry_callebaut_social_environmental_impact_report_2024_25.pdf,cocoa_chocolate_cocoa_butter,text_or_table,pdf_document,1961,289,low_background,,,,,
UCHUNK_000574,DOC_444A249CB5CF,barry_callebaut_social_environmental_impact_report_2024_25.pdf,cocoa_chocolate_cocoa_butter,text_or_table,pdf_document,2200,280,low_background,,,,,
UCHUNK_000575,DOC_444A249CB5CF,barry_callebaut_social_environmental_impact_report_2024_25.pdf,cocoa_chocolate_cocoa_butter,text_or_table,pdf_document,2200,310,low_background,,,,,
UCHUNK_000576,DOC_444A249CB5CF,barry_callebaut_social_environmental_impact_report_2024_25.pdf,cocoa_chocolate_cocoa_butter,text_or_table,pdf_document,1242,185,low_background,,,,,
UCHUNK_000577,DOC_444A249CB5CF,barry_callebaut_social_environmental_impact_report_2024_25.pdf,cocoa_chocolate_cocoa_butter,text_or_table,pdf_document,2200,291,low_background,,,,,
UCHUNK_000578,DOC_444A249CB5CF,barry_callebaut_social_environmental_impact_report_2024_25.pdf,cocoa_chocolate_cocoa_butter,text_or_table,pdf_document,1275,161,low_background,,,,,
UCHUNK_000579,DOC_444A249CB5CF,barry_callebaut_social_environmental_impact_report_2024_25.pdf,cocoa_chocolate_cocoa_butter,text_or_table,pdf_document,2199,282,low_background,,,,,
UCHUNK_000580,DOC_444A249CB5CF,barry_callebaut_social_environmental_impact_report_2024_25.pdf,cocoa_chocolate_cocoa_butter,text_or_table,pdf_document,2200,293,low_background,,,,,
UCHUNK_000581,DOC_444A249CB5CF,barry_callebaut_social_environmental_impact_report_2024_25.pdf,cocoa_chocolate_cocoa_butter,text_or_table,pdf_document,2199,309,low_background,,,,,
UCHUNK_000582,DOC_444A249CB5CF,barry_callebaut_social_environmental_impact_report_2024_25.pdf,cocoa_chocolate_cocoa_butter,text_or_table,pdf_document,2162,298,low_background,,,,,
UCHUNK_000583,DOC_444A249CB5CF,barry_callebaut_social_environmental_impact_report_2024_25.pdf,cocoa_chocolate_cocoa_butter,text_or_table,pdf_document,1688,232,low_background,,,,,
UCHUNK_000584,DOC_444A249CB5CF,barry_callebaut_social_environmental_impact_report_2024_25.pdf,cocoa_chocolate_cocoa_butter,text_or_table,pdf_document,2200,307,low_background,,,,,
UCHUNK_000585,DOC_444A249CB5CF,barry_callebaut_social_environmental_impact_report_2024_25.pdf,cocoa_chocolate_cocoa_butter,text_or_table,pdf_document,2199,244,low_background,,,,,
UCHUNK_000586,DOC_444A249CB5CF,barry_callebaut_social_environmental_impact_report_2024_25.pdf,cocoa_chocolate_cocoa_butter,text_or_table,pdf_document,2200,298,low_background,,,,,
UCHUNK_000587,DOC_444A249CB5CF,barry_callebaut_social_environmental_impact_report_2024_25.pdf,cocoa_chocolate_cocoa_butter,text_or_table,pdf_document,2200,281,low_background,,,,,
UCHUNK_000588,DOC_444A249CB5CF,barry_callebaut_social_environmental_impact_report_2024_25.pdf,cocoa_chocolate_cocoa_butter,text_or_table,pdf_document,2200,302,low_background,,,,,
UCHUNK_000589,DOC_444A249CB5CF,barry_callebaut_social_environmental_impact_report_2024_25.pdf,cocoa_chocolate_cocoa_butter,text_or_table,pdf_document,2200,322,low_background,,,,,
UCHUNK_000590,DOC_444A249CB5CF,barry_callebaut_social_environmental_impact_report_2024_25.pdf,cocoa_chocolate_cocoa_butter,text_or_table,pdf_document,1917,283,low_background,,,,,
UCHUNK_000591,DOC_444A249CB5CF,barry_callebaut_social_environmental_impact_report_2024_25.pdf,cocoa_chocolate_cocoa_butter,text_or_table,pdf_document,1894,250,low_background,,,,,
UCHUNK_000592,DOC_444A249CB5CF,barry_callebaut_social_environmental_impact_report_2024_25.pdf,cocoa_chocolate_cocoa_butter,text_or_table,pdf_document,2199,273,low_background,,,,,
UCHUNK_000593,DOC_444A249CB5CF,barry_callebaut_social_environmental_impact_report_2024_25.pdf,cocoa_chocolate_cocoa_butter,text_or_table,pdf_document,2200,300,low_background,,,,,
UCHUNK_000594,DOC_444A249CB5CF,barry_callebaut_social_environmental_impact_report_2024_25.pdf,cocoa_chocolate_cocoa_butter,text_or_table,pdf_document,2200,320,low_background,,,,,
UCHUNK_000595,DOC_444A249CB5CF,barry_callebaut_social_environmental_impact_report_2024_25.pdf,cocoa_chocolate_cocoa_butter,text_or_table,pdf_document,2200,333,low_background,,,,,
UCHUNK_000596,DOC_444A249CB5CF,barry_callebaut_social_environmental_impact_report_2024_25.pdf,cocoa_chocolate_cocoa_butter,text_or_table,pdf_document,1660,233,low_background,,,,,
UCHUNK_000597,DOC_444A249CB5CF,barry_callebaut_social_environmental_impact_report_2024_25.pdf,cocoa_chocolate_cocoa_butter,text_or_table,pdf_document,2079,272,low_background,,,,,
UCHUNK_000598,DOC_444A249CB5CF,barry_callebaut_social_environmental_impact_report_2024_25.pdf,cocoa_chocolate_cocoa_butter,text_or_table,pdf_document,2200,319,low_background,,,,,
UCHUNK_000599,DOC_444A249CB5CF,barry_callebaut_social_environmental_impact_report_2024_25.pdf,cocoa_chocolate_cocoa_butter,text_or_table,pdf_document,1646,248,low_background,,,,,
UCHUNK_000600,DOC_444A249CB5CF,barry_callebaut_social_environmental_impact_report_2024_25.pdf,cocoa_chocolate_cocoa_butter,text_or_table,pdf_document,2200,331,low_background,,,,,
UCHUNK_000601,DOC_444A249CB5CF,barry_callebaut_social_environmental_impact_report_2024_25.pdf,cocoa_chocolate_cocoa_butter,text_or_table,pdf_document,1296,191,low_background,,,,,
UCHUNK_000602,DOC_C87C22CB90A7,Cocoa-The-Hershey-Company-05-06-2026_02_25_PM.pdf,cocoa_chocolate_cocoa_butter,text_or_table,pdf_document,14,4,low_short_text,,,,,
UCHUNK_000603,DOC_8F85C09572BC,hershey_cocoa_for_good_strategy.pdf,cocoa_chocolate_cocoa_butter,text_or_table,pdf_document,14,4,low_short_text,,,,,
UCHUNK_000604,DOC_260B1720A1EF,hershey_cocoa_sustainability_page.pdf,cocoa_chocolate_cocoa_butter,text_or_table,pdf_document,14,4,low_short_text,,,,,
UCHUNK_000605,DOC_F976C0BE2B9A,usda_fas_cote_divoire_cocoa_sector_overview_2025.pdf,cocoa_chocolate_cocoa_butter,text_or_table,pdf_document,1870,256,low_background,,,,,
UCHUNK_000606,DOC_F976C0BE2B9A,usda_fas_cote_divoire_cocoa_sector_overview_2025.pdf,cocoa_chocolate_cocoa_butter,text_or_table,pdf_document,2200,340,low_background,,,,,
UCHUNK_000607,DOC_F976C0BE2B9A,usda_fas_cote_divoire_cocoa_sector_overview_2025.pdf,cocoa_chocolate_cocoa_butter,text_or_table,pdf_document,1767,269,low_background,,,,,
UCHUNK_000608,DOC_F976C0BE2B9A,usda_fas_cote_divoire_cocoa_sector_overview_2025.pdf,cocoa_chocolate_cocoa_butter,text_or_table,pdf_document,2200,338,low_background,,,,,
UCHUNK_000609,DOC_F976C0BE2B9A,usda_fas_cote_divoire_cocoa_sector_overview_2025.pdf,cocoa_chocolate_cocoa_butter,text_or_table,pdf_document,2200,335,low_background,,,,,
UCHUNK_000610,DOC_F976C0BE2B9A,usda_fas_cote_divoire_cocoa_sector_overview_2025.pdf,cocoa_chocolate_cocoa_butter,text_or_table,pdf_document,2200,304,low_background,,,,,
UCHUNK_000611,DOC_F976C0BE2B9A,usda_fas_cote_divoire_cocoa_sector_overview_2025.pdf,cocoa_chocolate_cocoa_butter,text_or_table,pdf_document,1220,180,low_background,,,,,
UCHUNK_000612,DOC_F976C0BE2B9A,usda_fas_cote_divoire_cocoa_sector_overview_2025.pdf,cocoa_chocolate_cocoa_butter,text_or_table,pdf_document,2200,316,low_background,,,,,
UCHUNK_000613,DOC_F976C0BE2B9A,usda_fas_cote_divoire_cocoa_sector_overview_2025.pdf,cocoa_chocolate_cocoa_butter,text_or_table,pdf_document,1304,193,low_background,,,,,
UCHUNK_000614,DOC_F976C0BE2B9A,usda_fas_cote_divoire_cocoa_sector_overview_2025.pdf,cocoa_chocolate_cocoa_butter,text_or_table,pdf_document,2200,330,low_background,,,,,
UCHUNK_000615,DOC_F976C0BE2B9A,usda_fas_cote_divoire_cocoa_sector_overview_2025.pdf,cocoa_chocolate_cocoa_butter,text_or_table,pdf_document,2200,314,low_background,,,,,
UCHUNK_000616,DOC_F976C0BE2B9A,usda_fas_cote_divoire_cocoa_sector_overview_2025.pdf,cocoa_chocolate_cocoa_butter,text_or_table,pdf_document,2197,312,low_background,,,,,
UCHUNK_000617,DOC_F976C0BE2B9A,usda_fas_cote_divoire_cocoa_sector_overview_2025.pdf,cocoa_chocolate_cocoa_butter,text_or_table,pdf_document,2039,275,low_background,,,,,
UCHUNK_000618,DOC_F976C0BE2B9A,usda_fas_cote_divoire_cocoa_sector_overview_2025.pdf,cocoa_chocolate_cocoa_butter,text_or_table,pdf_document,2200,312,low_background,,,,,
UCHUNK_000619,DOC_F976C0BE2B9A,usda_fas_cote_divoire_cocoa_sector_overview_2025.pdf,cocoa_chocolate_cocoa_butter,text_or_table,pdf_document,2200,332,low_background,,,,,
UCHUNK_000620,DOC_F976C0BE2B9A,usda_fas_cote_divoire_cocoa_sector_overview_2025.pdf,cocoa_chocolate_cocoa_butter,text_or_table,pdf_document,1229,179,low_background,,,,,
UCHUNK_000621,DOC_F976C0BE2B9A,usda_fas_cote_divoire_cocoa_sector_overview_2025.pdf,cocoa_chocolate_cocoa_butter,text_or_table,pdf_document,2200,304,low_background,,,,,
UCHUNK_000622,DOC_F976C0BE2B9A,usda_fas_cote_divoire_cocoa_sector_overview_2025.pdf,cocoa_chocolate_cocoa_butter,text_or_table,pdf_document,2200,327,low_background,,,,,
UCHUNK_000623,DOC_F976C0BE2B9A,usda_fas_cote_divoire_cocoa_sector_overview_2025.pdf,cocoa_chocolate_cocoa_butter,text_or_table,pdf_document,2200,293,low_background,,,,,
UCHUNK_000624,DOC_F976C0BE2B9A,usda_fas_cote_divoire_cocoa_sector_overview_2025.pdf,cocoa_chocolate_cocoa_butter,text_or_table,pdf_document,2200,301,low_background,,,,,
UCHUNK_000625,DOC_F976C0BE2B9A,usda_fas_cote_divoire_cocoa_sector_overview_2025.pdf,cocoa_chocolate_cocoa_butter,text_or_table,pdf_document,2200,268,low_background,,,,,
UCHUNK_000626,DOC_F976C0BE2B9A,usda_fas_cote_divoire_cocoa_sector_overview_2025.pdf,cocoa_chocolate_cocoa_butter,text_or_table,pdf_document,1668,106,low_background,,,,,
UCHUNK_000627,DOC_F976C0BE2B9A,usda_fas_cote_divoire_cocoa_sector_overview_2025.pdf,cocoa_chocolate_cocoa_butter,text_or_table,pdf_document,1962,226,low_background,,,,,
UCHUNK_000628,DOC_033AA20F1EE1,usda_fas_ghana_cocoa_sector_overview_2025.pdf,cocoa_chocolate_cocoa_butter,text_or_table,pdf_document,1583,217,low_background,,,,,
UCHUNK_000629,DOC_033AA20F1EE1,usda_fas_ghana_cocoa_sector_overview_2025.pdf,cocoa_chocolate_cocoa_butter,text_or_table,pdf_document,2199,333,low_background,,,,,
UCHUNK_000630,DOC_033AA20F1EE1,usda_fas_ghana_cocoa_sector_overview_2025.pdf,cocoa_chocolate_cocoa_butter,text_or_table,pdf_document,2200,359,low_background,,,,,
UCHUNK_000631,DOC_033AA20F1EE1,usda_fas_ghana_cocoa_sector_overview_2025.pdf,cocoa_chocolate_cocoa_butter,text_or_table,pdf_document,1330,211,low_background,,,,,
UCHUNK_000632,DOC_033AA20F1EE1,usda_fas_ghana_cocoa_sector_overview_2025.pdf,cocoa_chocolate_cocoa_butter,text_or_table,pdf_document,2199,326,low_background,,,,,
UCHUNK_000633,DOC_033AA20F1EE1,usda_fas_ghana_cocoa_sector_overview_2025.pdf,cocoa_chocolate_cocoa_butter,text_or_table,pdf_document,2200,335,low_background,,,,,
UCHUNK_000634,DOC_033AA20F1EE1,usda_fas_ghana_cocoa_sector_overview_2025.pdf,cocoa_chocolate_cocoa_butter,text_or_table,pdf_document,1240,184,low_background,,,,,
UCHUNK_000635,DOC_033AA20F1EE1,usda_fas_ghana_cocoa_sector_overview_2025.pdf,cocoa_chocolate_cocoa_butter,text_or_table,pdf_document,2200,323,low_background,,,,,
UCHUNK_000636,DOC_033AA20F1EE1,usda_fas_ghana_cocoa_sector_overview_2025.pdf,cocoa_chocolate_cocoa_butter,text_or_table,pdf_document,2200,321,low_background,,,,,
UCHUNK_000637,DOC_033AA20F1EE1,usda_fas_ghana_cocoa_sector_overview_2025.pdf,cocoa_chocolate_cocoa_butter,text_or_table,pdf_document,2200,327,low_background,,,,,
UCHUNK_000638,DOC_033AA20F1EE1,usda_fas_ghana_cocoa_sector_overview_2025.pdf,cocoa_chocolate_cocoa_butter,text_or_table,pdf_document,2200,349,low_background,,,,,
UCHUNK_000639,DOC_033AA20F1EE1,usda_fas_ghana_cocoa_sector_overview_2025.pdf,cocoa_chocolate_cocoa_butter,text_or_table,pdf_document,2199,338,low_background,,,,,
UCHUNK_000640,DOC_033AA20F1EE1,usda_fas_ghana_cocoa_sector_overview_2025.pdf,cocoa_chocolate_cocoa_butter,text_or_table,pdf_document,2200,336,low_background,,,,,
UCHUNK_000641,DOC_033AA20F1EE1,usda_fas_ghana_cocoa_sector_overview_2025.pdf,cocoa_chocolate_cocoa_butter,text_or_table,pdf_document,2200,332,low_background,,,,,
UCHUNK_000642,DOC_033AA20F1EE1,usda_fas_ghana_cocoa_sector_overview_2025.pdf,cocoa_chocolate_cocoa_butter,text_or_table,pdf_document,2199,307,low_background,,,,,
UCHUNK_000643,DOC_033AA20F1EE1,usda_fas_ghana_cocoa_sector_overview_2025.pdf,cocoa_chocolate_cocoa_butter,text_or_table,pdf_document,2199,292,low_background,,,,,
UCHUNK_000644,DOC_033AA20F1EE1,usda_fas_ghana_cocoa_sector_overview_2025.pdf,cocoa_chocolate_cocoa_butter,text_or_table,pdf_document,2200,318,low_background,,,,,
UCHUNK_000645,DOC_033AA20F1EE1,usda_fas_ghana_cocoa_sector_overview_2025.pdf,cocoa_chocolate_cocoa_butter,text_or_table,pdf_document,2200,336,low_background,,,,,
UCHUNK_000646,DOC_033AA20F1EE1,usda_fas_ghana_cocoa_sector_overview_2025.pdf,cocoa_chocolate_cocoa_butter,text_or_table,pdf_document,2200,327,low_background,,,,,
UCHUNK_000647,DOC_033AA20F1EE1,usda_fas_ghana_cocoa_sector_overview_2025.pdf,cocoa_chocolate_cocoa_butter,text_or_table,pdf_document,2200,327,low_background,,,,,
UCHUNK_000648,DOC_033AA20F1EE1,usda_fas_ghana_cocoa_sector_overview_2025.pdf,cocoa_chocolate_cocoa_butter,text_or_table,pdf_document,2198,314,low_background,,,,,
UCHUNK_000649,DOC_033AA20F1EE1,usda_fas_ghana_cocoa_sector_overview_2025.pdf,cocoa_chocolate_cocoa_butter,text_or_table,pdf_document,2199,249,low_background,,,,,
UCHUNK_000650,DOC_033AA20F1EE1,usda_fas_ghana_cocoa_sector_overview_2025.pdf,cocoa_chocolate_cocoa_butter,text_or_table,pdf_document,2199,275,low_background,,,,,
UCHUNK_000651,DOC_033AA20F1EE1,usda_fas_ghana_cocoa_sector_overview_2025.pdf,cocoa_chocolate_cocoa_butter,text_or_table,pdf_document,2200,330,low_background,,,,,
UCHUNK_000652,DOC_033AA20F1EE1,usda_fas_ghana_cocoa_sector_overview_2025.pdf,cocoa_chocolate_cocoa_butter,text_or_table,pdf_document,1022,154,low_background,,,,,
UCHUNK_000653,DOC_FD5AB5AB5E8F,icco_cocoa_statistics_page.pdf,cocoa_chocolate_cocoa_butter,text_or_table,pdf_document,14,4,low_short_text,,,,,
UCHUNK_000654,DOC_08137C490006,ice_cocoa_futures_optional_screenshot.pdf,cocoa_chocolate_cocoa_butter,text_or_table,pdf_document,14,4,low_short_text,,,,,
UCHUNK_000655,DOC_B3858C187B41,cocoa_beans_quality_requirements_processing_guide.pdf,cocoa_chocolate_cocoa_butter,text_or_table,pdf_document,2200,302,low_background,,,,,
UCHUNK_000656,DOC_B3858C187B41,cocoa_beans_quality_requirements_processing_guide.pdf,cocoa_chocolate_cocoa_butter,text_or_table,pdf_document,2200,295,low_background,,,,,
UCHUNK_000657,DOC_B3858C187B41,cocoa_beans_quality_requirements_processing_guide.pdf,cocoa_chocolate_cocoa_butter,text_or_table,pdf_document,1795,246,low_background,,,,,
UCHUNK_000658,DOC_B3858C187B41,cocoa_beans_quality_requirements_processing_guide.pdf,cocoa_chocolate_cocoa_butter,text_or_table,pdf_document,1741,245,low_background,,,,,
UCHUNK_000659,DOC_B3858C187B41,cocoa_beans_quality_requirements_processing_guide.pdf,cocoa_chocolate_cocoa_butter,text_or_table,pdf_document,2199,326,low_background,,,,,
UCHUNK_000660,DOC_B3858C187B41,cocoa_beans_quality_requirements_processing_guide.pdf,cocoa_chocolate_cocoa_butter,text_or_table,pdf_document,2200,327,low_background,,,,,
UCHUNK_000661,DOC_B3858C187B41,cocoa_beans_quality_requirements_processing_guide.pdf,cocoa_chocolate_cocoa_butter,text_or_table,pdf_document,2200,321,low_background,,,,,
UCHUNK_000662,DOC_B3858C187B41,cocoa_beans_quality_requirements_processing_guide.pdf,cocoa_chocolate_cocoa_butter,text_or_table,pdf_document,2198,337,low_background,,,,,
UCHUNK_000663,DOC_B3858C187B41,cocoa_beans_quality_requirements_processing_guide.pdf,cocoa_chocolate_cocoa_butter,text_or_table,pdf_document,1601,234,low_background,,,,,
UCHUNK_000664,DOC_B3858C187B41,cocoa_beans_quality_requirements_processing_guide.pdf,cocoa_chocolate_cocoa_butter,text_or_table,pdf_document,2195,332,low_background,,,,,
UCHUNK_000665,DOC_B3858C187B41,cocoa_beans_quality_requirements_processing_guide.pdf,cocoa_chocolate_cocoa_butter,text_or_table,pdf_document,1216,182,low_background,,,,,
UCHUNK_000666,DOC_B3858C187B41,cocoa_beans_quality_requirements_processing_guide.pdf,cocoa_chocolate_cocoa_butter,text_or_table,pdf_document,2200,330,low_background,,,,,
UCHUNK_000667,DOC_B3858C187B41,cocoa_beans_quality_requirements_processing_guide.pdf,cocoa_chocolate_cocoa_butter,text_or_table,pdf_document,2199,329,low_background,,,,,
UCHUNK_000668,DOC_B3858C187B41,cocoa_beans_quality_requirements_processing_guide.pdf,cocoa_chocolate_cocoa_butter,text_or_table,pdf_document,2200,328,low_background,,,,,
UCHUNK_000669,DOC_B3858C187B41,cocoa_beans_quality_requirements_processing_guide.pdf,cocoa_chocolate_cocoa_butter,text_or_table,pdf_document,2199,323,low_background,,,,,
UCHUNK_000670,DOC_B3858C187B41,cocoa_beans_quality_requirements_processing_guide.pdf,cocoa_chocolate_cocoa_butter,text_or_table,pdf_document,2200,318,low_background,,,,,
UCHUNK_000671,DOC_B3858C187B41,cocoa_beans_quality_requirements_processing_guide.pdf,cocoa_chocolate_cocoa_butter,text_or_table,pdf_document,1790,251,low_background,,,,,
UCHUNK_000672,DOC_B3858C187B41,cocoa_beans_quality_requirements_processing_guide.pdf,cocoa_chocolate_cocoa_butter,text_or_table,pdf_document,2199,350,low_background,,,,,
UCHUNK_000673,DOC_B3858C187B41,cocoa_beans_quality_requirements_processing_guide.pdf,cocoa_chocolate_cocoa_butter,text_or_table,pdf_document,2200,337,low_background,,,,,
UCHUNK_000674,DOC_B3858C187B41,cocoa_beans_quality_requirements_processing_guide.pdf,cocoa_chocolate_cocoa_butter,text_or_table,pdf_document,2199,356,low_background,,,,,
UCHUNK_000675,DOC_B3858C187B41,cocoa_beans_quality_requirements_processing_guide.pdf,cocoa_chocolate_cocoa_butter,text_or_table,pdf_document,2200,321,low_background,,,,,
UCHUNK_000676,DOC_B3858C187B41,cocoa_beans_quality_requirements_processing_guide.pdf,cocoa_chocolate_cocoa_butter,text_or_table,pdf_document,1711,252,low_background,,,,,
UCHUNK_000677,DOC_B3858C187B41,cocoa_beans_quality_requirements_processing_guide.pdf,cocoa_chocolate_cocoa_butter,text_or_table,pdf_document,2199,317,low_background,,,,,
UCHUNK_000678,DOC_B3858C187B41,cocoa_beans_quality_requirements_processing_guide.pdf,cocoa_chocolate_cocoa_butter,text_or_table,pdf_document,1288,177,low_background,,,,,
UCHUNK_000679,DOC_B3858C187B41,cocoa_beans_quality_requirements_processing_guide.pdf,cocoa_chocolate_cocoa_butter,text_or_table,pdf_document,2198,292,low_background,,,,,
UCHUNK_000680,DOC_B3858C187B41,cocoa_beans_quality_requirements_processing_guide.pdf,cocoa_chocolate_cocoa_butter,text_or_table,pdf_document,2200,304,low_background,,,,,
UCHUNK_000681,DOC_B3858C187B41,cocoa_beans_quality_requirements_processing_guide.pdf,cocoa_chocolate_cocoa_butter,text_or_table,pdf_document,2199,315,low_background,,,,,
UCHUNK_000682,DOC_B3858C187B41,cocoa_beans_quality_requirements_processing_guide.pdf,cocoa_chocolate_cocoa_butter,text_or_table,pdf_document,2200,324,low_background,,,,,
UCHUNK_000683,DOC_B3858C187B41,cocoa_beans_quality_requirements_processing_guide.pdf,cocoa_chocolate_cocoa_butter,text_or_table,pdf_document,2200,356,low_background,,,,,
UCHUNK_000684,DOC_B3858C187B41,cocoa_beans_quality_requirements_processing_guide.pdf,cocoa_chocolate_cocoa_butter,text_or_table,pdf_document,1228,174,low_background,,,,,
UCHUNK_000685,DOC_B3858C187B41,cocoa_beans_quality_requirements_processing_guide.pdf,cocoa_chocolate_cocoa_butter,text_or_table,pdf_document,2200,338,low_background,,,,,
UCHUNK_000686,DOC_B3858C187B41,cocoa_beans_quality_requirements_processing_guide.pdf,cocoa_chocolate_cocoa_butter,text_or_table,pdf_document,2199,330,low_background,,,,,
UCHUNK_000687,DOC_B3858C187B41,cocoa_beans_quality_requirements_processing_guide.pdf,cocoa_chocolate_cocoa_butter,text_or_table,pdf_document,2200,343,low_background,,,,,
UCHUNK_000688,DOC_B3858C187B41,cocoa_beans_quality_requirements_processing_guide.pdf,cocoa_chocolate_cocoa_butter,text_or_table,pdf_document,2200,335,low_background,,,,,
UCHUNK_000689,DOC_B3858C187B41,cocoa_beans_quality_requirements_processing_guide.pdf,cocoa_chocolate_cocoa_butter,text_or_table,pdf_document,2200,352,low_background,,,,,
UCHUNK_000690,DOC_B3858C187B41,cocoa_beans_quality_requirements_processing_guide.pdf,cocoa_chocolate_cocoa_butter,text_or_table,pdf_document,1496,220,low_background,,,,,
UCHUNK_000691,DOC_B3858C187B41,cocoa_beans_quality_requirements_processing_guide.pdf,cocoa_chocolate_cocoa_butter,text_or_table,pdf_document,2200,344,low_background,,,,,
UCHUNK_000692,DOC_B3858C187B41,cocoa_beans_quality_requirements_processing_guide.pdf,cocoa_chocolate_cocoa_butter,text_or_table,pdf_document,2006,300,low_background,,,,,
UCHUNK_000693,DOC_B3858C187B41,cocoa_beans_quality_requirements_processing_guide.pdf,cocoa_chocolate_cocoa_butter,text_or_table,pdf_document,2199,329,low_background,,,,,
UCHUNK_000694,DOC_B3858C187B41,cocoa_beans_quality_requirements_processing_guide.pdf,cocoa_chocolate_cocoa_butter,text_or_table,pdf_document,2070,322,low_background,,,,,
UCHUNK_000695,DOC_B3858C187B41,cocoa_beans_quality_requirements_processing_guide.pdf,cocoa_chocolate_cocoa_butter,text_or_table,pdf_document,2199,323,low_background,,,,,
UCHUNK_000696,DOC_B3858C187B41,cocoa_beans_quality_requirements_processing_guide.pdf,cocoa_chocolate_cocoa_butter,text_or_table,pdf_document,2200,342,low_background,,,,,
UCHUNK_000697,DOC_B3858C187B41,cocoa_beans_quality_requirements_processing_guide.pdf,cocoa_chocolate_cocoa_butter,text_or_table,pdf_document,1899,289,low_background,,,,,
UCHUNK_000698,DOC_B3858C187B41,cocoa_beans_quality_requirements_processing_guide.pdf,cocoa_chocolate_cocoa_butter,text_or_table,pdf_document,2199,277,low_background,,,,,
UCHUNK_000699,DOC_B3858C187B41,cocoa_beans_quality_requirements_processing_guide.pdf,cocoa_chocolate_cocoa_butter,text_or_table,pdf_document,1281,165,low_background,,,,,
UCHUNK_000700,DOC_B3858C187B41,cocoa_beans_quality_requirements_processing_guide.pdf,cocoa_chocolate_cocoa_butter,text_or_table,pdf_document,2101,331,low_background,,,,,
UCHUNK_000701,DOC_B3858C187B41,cocoa_beans_quality_requirements_processing_guide.pdf,cocoa_chocolate_cocoa_butter,text_or_table,pdf_document,2200,365,low_background,,,,,
UCHUNK_000702,DOC_B3858C187B41,cocoa_beans_quality_requirements_processing_guide.pdf,cocoa_chocolate_cocoa_butter,text_or_table,pdf_document,1957,332,low_background,,,,,
UCHUNK_000703,DOC_B3858C187B41,cocoa_beans_quality_requirements_processing_guide.pdf,cocoa_chocolate_cocoa_butter,text_or_table,pdf_document,2199,358,low_background,,,,,
UCHUNK_000704,DOC_B3858C187B41,cocoa_beans_quality_requirements_processing_guide.pdf,cocoa_chocolate_cocoa_butter,text_or_table,pdf_document,1613,252,low_background,,,,,
UCHUNK_000705,DOC_B3858C187B41,cocoa_beans_quality_requirements_processing_guide.pdf,cocoa_chocolate_cocoa_butter,text_or_table,pdf_document,2200,353,low_background,,,,,
UCHUNK_000706,DOC_B3858C187B41,cocoa_beans_quality_requirements_processing_guide.pdf,cocoa_chocolate_cocoa_butter,text_or_table,pdf_document,2153,340,low_background,,,,,
UCHUNK_000707,DOC_B3858C187B41,cocoa_beans_quality_requirements_processing_guide.pdf,cocoa_chocolate_cocoa_butter,text_or_table,pdf_document,2200,336,low_background,,,,,
UCHUNK_000708,DOC_B3858C187B41,cocoa_beans_quality_requirements_processing_guide.pdf,cocoa_chocolate_cocoa_butter,text_or_table,pdf_document,2199,347,low_background,,,,,
UCHUNK_000709,DOC_B3858C187B41,cocoa_beans_quality_requirements_processing_guide.pdf,cocoa_chocolate_cocoa_butter,text_or_table,pdf_document,1480,225,low_background,,,,,
UCHUNK_000710,DOC_B3858C187B41,cocoa_beans_quality_requirements_processing_guide.pdf,cocoa_chocolate_cocoa_butter,text_or_table,pdf_document,2200,315,low_background,,,,,
UCHUNK_000711,DOC_B3858C187B41,cocoa_beans_quality_requirements_processing_guide.pdf,cocoa_chocolate_cocoa_butter,text_or_table,pdf_document,2200,337,low_background,,,,,
UCHUNK_000712,DOC_B3858C187B41,cocoa_beans_quality_requirements_processing_guide.pdf,cocoa_chocolate_cocoa_butter,text_or_table,pdf_document,2200,328,low_background,,,,,
UCHUNK_000713,DOC_B3858C187B41,cocoa_beans_quality_requirements_processing_guide.pdf,cocoa_chocolate_cocoa_butter,text_or_table,pdf_document,2200,300,low_background,,,,,
UCHUNK_000714,DOC_B3858C187B41,cocoa_beans_quality_requirements_processing_guide.pdf,cocoa_chocolate_cocoa_butter,text_or_table,pdf_document,2200,311,low_background,,,,,
UCHUNK_000715,DOC_B3858C187B41,cocoa_beans_quality_requirements_processing_guide.pdf,cocoa_chocolate_cocoa_butter,text_or_table,pdf_document,2200,296,low_background,,,,,
UCHUNK_000716,DOC_B3858C187B41,cocoa_beans_quality_requirements_processing_guide.pdf,cocoa_chocolate_cocoa_butter,text_or_table,pdf_document,1802,251,low_background,,,,,
UCHUNK_000717,DOC_B3858C187B41,cocoa_beans_quality_requirements_processing_guide.pdf,cocoa_chocolate_cocoa_butter,text_or_table,pdf_document,1908,289,low_background,,,,,
UCHUNK_000718,DOC_B3858C187B41,cocoa_beans_quality_requirements_processing_guide.pdf,cocoa_chocolate_cocoa_butter,text_or_table,pdf_document,2104,311,low_background,,,,,
UCHUNK_000719,DOC_B3858C187B41,cocoa_beans_quality_requirements_processing_guide.pdf,cocoa_chocolate_cocoa_butter,text_or_table,pdf_document,2199,339,low_background,,,,,
UCHUNK_000720,DOC_B3858C187B41,cocoa_beans_quality_requirements_processing_guide.pdf,cocoa_chocolate_cocoa_butter,text_or_table,pdf_document,2200,362,low_background,,,,,
UCHUNK_000721,DOC_B3858C187B41,cocoa_beans_quality_requirements_processing_guide.pdf,cocoa_chocolate_cocoa_butter,text_or_table,pdf_document,1992,320,low_background,,,,,
UCHUNK_000722,DOC_B3858C187B41,cocoa_beans_quality_requirements_processing_guide.pdf,cocoa_chocolate_cocoa_butter,text_or_table,pdf_document,2200,328,low_background,,,,,
UCHUNK_000723,DOC_B3858C187B41,cocoa_beans_quality_requirements_processing_guide.pdf,cocoa_chocolate_cocoa_butter,text_or_table,pdf_document,2200,332,low_background,,,,,
UCHUNK_000724,DOC_B3858C187B41,cocoa_beans_quality_requirements_processing_guide.pdf,cocoa_chocolate_cocoa_butter,text_or_table,pdf_document,1388,211,low_background,,,,,
UCHUNK_000725,DOC_B3858C187B41,cocoa_beans_quality_requirements_processing_guide.pdf,cocoa_chocolate_cocoa_butter,text_or_table,pdf_document,2199,334,low_background,,,,,
UCHUNK_000726,DOC_B3858C187B41,cocoa_beans_quality_requirements_processing_guide.pdf,cocoa_chocolate_cocoa_butter,text_or_table,pdf_document,1513,199,low_background,,,,,
UCHUNK_000727,DOC_B3858C187B41,cocoa_beans_quality_requirements_processing_guide.pdf,cocoa_chocolate_cocoa_butter,text_or_table,pdf_document,2200,322,low_background,,,,,
UCHUNK_000728,DOC_B3858C187B41,cocoa_beans_quality_requirements_processing_guide.pdf,cocoa_chocolate_cocoa_butter,text_or_table,pdf_document,1768,267,low_background,,,,,
UCHUNK_000729,DOC_B3858C187B41,cocoa_beans_quality_requirements_processing_guide.pdf,cocoa_chocolate_cocoa_butter,text_or_table,pdf_document,2200,329,low_background,,,,,
UCHUNK_000730,DOC_B3858C187B41,cocoa_beans_quality_requirements_processing_guide.pdf,cocoa_chocolate_cocoa_butter,text_or_table,pdf_document,2199,335,low_background,,,,,
UCHUNK_000731,DOC_B3858C187B41,cocoa_beans_quality_requirements_processing_guide.pdf,cocoa_chocolate_cocoa_butter,text_or_table,pdf_document,2200,341,low_background,,,,,
UCHUNK_000732,DOC_B3858C187B41,cocoa_beans_quality_requirements_processing_guide.pdf,cocoa_chocolate_cocoa_butter,text_or_table,pdf_document,2200,336,low_background,,,,,
UCHUNK_000733,DOC_B3858C187B41,cocoa_beans_quality_requirements_processing_guide.pdf,cocoa_chocolate_cocoa_butter,text_or_table,pdf_document,2200,338,low_background,,,,,
UCHUNK_000734,DOC_B3858C187B41,cocoa_beans_quality_requirements_processing_guide.pdf,cocoa_chocolate_cocoa_butter,text_or_table,pdf_document,2198,337,low_background,,,,,
UCHUNK_000735,DOC_B3858C187B41,cocoa_beans_quality_requirements_processing_guide.pdf,cocoa_chocolate_cocoa_butter,text_or_table,pdf_document,1691,251,low_background,,,,,
UCHUNK_000736,DOC_B3858C187B41,cocoa_beans_quality_requirements_processing_guide.pdf,cocoa_chocolate_cocoa_butter,text_or_table,pdf_document,2200,323,low_background,,,,,
UCHUNK_000737,DOC_B3858C187B41,cocoa_beans_quality_requirements_processing_guide.pdf,cocoa_chocolate_cocoa_butter,text_or_table,pdf_document,2199,348,low_background,,,,,
UCHUNK_000738,DOC_B3858C187B41,cocoa_beans_quality_requirements_processing_guide.pdf,cocoa_chocolate_cocoa_butter,text_or_table,pdf_document,1452,222,low_background,,,,,
UCHUNK_000739,DOC_B3858C187B41,cocoa_beans_quality_requirements_processing_guide.pdf,cocoa_chocolate_cocoa_butter,text_or_table,pdf_document,2200,328,low_background,,,,,
UCHUNK_000740,DOC_B3858C187B41,cocoa_beans_quality_requirements_processing_guide.pdf,cocoa_chocolate_cocoa_butter,text_or_table,pdf_document,2200,353,low_background,,,,,
UCHUNK_000741,DOC_B3858C187B41,cocoa_beans_quality_requirements_processing_guide.pdf,cocoa_chocolate_cocoa_butter,text_or_table,pdf_document,2200,331,low_background,,,,,
UCHUNK_000742,DOC_B3858C187B41,cocoa_beans_quality_requirements_processing_guide.pdf,cocoa_chocolate_cocoa_butter,text_or_table,pdf_document,2200,341,low_background,,,,,
UCHUNK_000743,DOC_B3858C187B41,cocoa_beans_quality_requirements_processing_guide.pdf,cocoa_chocolate_cocoa_butter,text_or_table,pdf_document,1615,229,low_background,,,,,
UCHUNK_000744,DOC_B3858C187B41,cocoa_beans_quality_requirements_processing_guide.pdf,cocoa_chocolate_cocoa_butter,text_or_table,pdf_document,2199,332,low_background,,,,,
UCHUNK_000745,DOC_B3858C187B41,cocoa_beans_quality_requirements_processing_guide.pdf,cocoa_chocolate_cocoa_butter,text_or_table,pdf_document,2200,333,low_background,,,,,
UCHUNK_000746,DOC_B3858C187B41,cocoa_beans_quality_requirements_processing_guide.pdf,cocoa_chocolate_cocoa_butter,text_or_table,pdf_document,2200,346,low_background,,,,,
UCHUNK_000747,DOC_B3858C187B41,cocoa_beans_quality_requirements_processing_guide.pdf,cocoa_chocolate_cocoa_butter,text_or_table,pdf_document,1676,277,low_background,,,,,
UCHUNK_000748,DOC_B3858C187B41,cocoa_beans_quality_requirements_processing_guide.pdf,cocoa_chocolate_cocoa_butter,text_or_table,pdf_document,2200,380,low_background,,,,,
UCHUNK_000749,DOC_B3858C187B41,cocoa_beans_quality_requirements_processing_guide.pdf,cocoa_chocolate_cocoa_butter,text_or_table,pdf_document,2200,358,low_background,,,,,
UCHUNK_000750,DOC_B3858C187B41,cocoa_beans_quality_requirements_processing_guide.pdf,cocoa_chocolate_cocoa_butter,text_or_table,pdf_document,2200,347,low_background,,,,,
UCHUNK_000751,DOC_B3858C187B41,cocoa_beans_quality_requirements_processing_guide.pdf,cocoa_chocolate_cocoa_butter,text_or_table,pdf_document,1313,206,low_background,,,,,
UCHUNK_000752,DOC_B3858C187B41,cocoa_beans_quality_requirements_processing_guide.pdf,cocoa_chocolate_cocoa_butter,text_or_table,pdf_document,2200,325,low_background,,,,,
UCHUNK_000753,DOC_B3858C187B41,cocoa_beans_quality_requirements_processing_guide.pdf,cocoa_chocolate_cocoa_butter,text_or_table,pdf_document,1567,227,low_background,,,,,
UCHUNK_000754,DOC_B3858C187B41,cocoa_beans_quality_requirements_processing_guide.pdf,cocoa_chocolate_cocoa_butter,text_or_table,pdf_document,1813,263,low_background,,,,,
UCHUNK_000755,DOC_B3858C187B41,cocoa_beans_quality_requirements_processing_guide.pdf,cocoa_chocolate_cocoa_butter,text_or_table,pdf_document,2200,359,low_background,,,,,
UCHUNK_000756,DOC_B3858C187B41,cocoa_beans_quality_requirements_processing_guide.pdf,cocoa_chocolate_cocoa_butter,text_or_table,pdf_document,1654,285,low_background,,,,,
UCHUNK_000757,DOC_B3858C187B41,cocoa_beans_quality_requirements_processing_guide.pdf,cocoa_chocolate_cocoa_butter,text_or_table,pdf_document,2199,399,low_background,,,,,
UCHUNK_000758,DOC_B3858C187B41,cocoa_beans_quality_requirements_processing_guide.pdf,cocoa_chocolate_cocoa_butter,text_or_table,pdf_document,2200,359,low_background,,,,,
UCHUNK_000759,DOC_B3858C187B41,cocoa_beans_quality_requirements_processing_guide.pdf,cocoa_chocolate_cocoa_butter,text_or_table,pdf_document,2200,327,low_background,,,,,
UCHUNK_000760,DOC_B3858C187B41,cocoa_beans_quality_requirements_processing_guide.pdf,cocoa_chocolate_cocoa_butter,text_or_table,pdf_document,2199,345,low_background,,,,,
UCHUNK_000761,DOC_B3858C187B41,cocoa_beans_quality_requirements_processing_guide.pdf,cocoa_chocolate_cocoa_butter,text_or_table,pdf_document,2200,357,low_background,,,,,
UCHUNK_000762,DOC_B3858C187B41,cocoa_beans_quality_requirements_processing_guide.pdf,cocoa_chocolate_cocoa_butter,text_or_table,pdf_document,2200,337,low_background,,,,,
UCHUNK_000763,DOC_B3858C187B41,cocoa_beans_quality_requirements_processing_guide.pdf,cocoa_chocolate_cocoa_butter,text_or_table,pdf_document,2199,359,low_background,,,,,
UCHUNK_000764,DOC_B3858C187B41,cocoa_beans_quality_requirements_processing_guide.pdf,cocoa_chocolate_cocoa_butter,text_or_table,pdf_document,1545,246,low_background,,,,,
UCHUNK_000765,DOC_B3858C187B41,cocoa_beans_quality_requirements_processing_guide.pdf,cocoa_chocolate_cocoa_butter,text_or_table,pdf_document,2199,339,low_background,,,,,
UCHUNK_000766,DOC_B3858C187B41,cocoa_beans_quality_requirements_processing_guide.pdf,cocoa_chocolate_cocoa_butter,text_or_table,pdf_document,2088,329,low_background,,,,,
UCHUNK_000767,DOC_B3858C187B41,cocoa_beans_quality_requirements_processing_guide.pdf,cocoa_chocolate_cocoa_butter,text_or_table,pdf_document,2199,358,low_background,,,,,
UCHUNK_000768,DOC_B3858C187B41,cocoa_beans_quality_requirements_processing_guide.pdf,cocoa_chocolate_cocoa_butter,text_or_table,pdf_document,2200,351,low_background,,,,,
UCHUNK_000769,DOC_B3858C187B41,cocoa_beans_quality_requirements_processing_guide.pdf,cocoa_chocolate_cocoa_butter,text_or_table,pdf_document,2199,351,low_background,,,,,
UCHUNK_000770,DOC_B3858C187B41,cocoa_beans_quality_requirements_processing_guide.pdf,cocoa_chocolate_cocoa_butter,text_or_table,pdf_document,1347,217,low_background,,,,,
UCHUNK_000771,DOC_B3858C187B41,cocoa_beans_quality_requirements_processing_guide.pdf,cocoa_chocolate_cocoa_butter,text_or_table,pdf_document,2199,333,low_background,,,,,
UCHUNK_000772,DOC_B3858C187B41,cocoa_beans_quality_requirements_processing_guide.pdf,cocoa_chocolate_cocoa_butter,text_or_table,pdf_document,2200,331,low_background,,,,,
UCHUNK_000773,DOC_B3858C187B41,cocoa_beans_quality_requirements_processing_guide.pdf,cocoa_chocolate_cocoa_butter,text_or_table,pdf_document,2200,321,low_background,,,,,
UCHUNK_000774,DOC_B3858C187B41,cocoa_beans_quality_requirements_processing_guide.pdf,cocoa_chocolate_cocoa_butter,text_or_table,pdf_document,2198,331,low_background,,,,,
UCHUNK_000775,DOC_B3858C187B41,cocoa_beans_quality_requirements_processing_guide.pdf,cocoa_chocolate_cocoa_butter,text_or_table,pdf_document,2199,348,low_background,,,,,
UCHUNK_000776,DOC_B3858C187B41,cocoa_beans_quality_requirements_processing_guide.pdf,cocoa_chocolate_cocoa_butter,text_or_table,pdf_document,1638,254,low_background,,,,,
UCHUNK_000777,DOC_B3858C187B41,cocoa_beans_quality_requirements_processing_guide.pdf,cocoa_chocolate_cocoa_butter,text_or_table,pdf_document,1929,283,low_background,,,,,
UCHUNK_000778,DOC_B3858C187B41,cocoa_beans_quality_requirements_processing_guide.pdf,cocoa_chocolate_cocoa_butter,text_or_table,pdf_document,2200,288,low_background,,,,,
UCHUNK_000779,DOC_B3858C187B41,cocoa_beans_quality_requirements_processing_guide.pdf,cocoa_chocolate_cocoa_butter,text_or_table,pdf_document,1377,197,low_background,,,,,
UCHUNK_000780,DOC_B3858C187B41,cocoa_beans_quality_requirements_processing_guide.pdf,cocoa_chocolate_cocoa_butter,text_or_table,pdf_document,2199,278,low_background,,,,,
UCHUNK_000781,DOC_B3858C187B41,cocoa_beans_quality_requirements_processing_guide.pdf,cocoa_chocolate_cocoa_butter,text_or_table,pdf_document,1769,211,low_background,,,,,
UCHUNK_000782,DOC_B3858C187B41,cocoa_beans_quality_requirements_processing_guide.pdf,cocoa_chocolate_cocoa_butter,text_or_table,pdf_document,2199,302,low_background,,,,,
UCHUNK_000783,DOC_B3858C187B41,cocoa_beans_quality_requirements_processing_guide.pdf,cocoa_chocolate_cocoa_butter,text_or_table,pdf_document,2095,272,low_background,,,,,
UCHUNK_000784,DOC_B3858C187B41,cocoa_beans_quality_requirements_processing_guide.pdf,cocoa_chocolate_cocoa_butter,text_or_table,pdf_document,2200,277,low_background,,,,,
UCHUNK_000785,DOC_B3858C187B41,cocoa_beans_quality_requirements_processing_guide.pdf,cocoa_chocolate_cocoa_butter,text_or_table,pdf_document,1899,207,low_background,,,,,
UCHUNK_000786,DOC_B3858C187B41,cocoa_beans_quality_requirements_processing_guide.pdf,cocoa_chocolate_cocoa_butter,text_or_table,pdf_document,2200,222,low_background,,,,,
UCHUNK_000787,DOC_B3858C187B41,cocoa_beans_quality_requirements_processing_guide.pdf,cocoa_chocolate_cocoa_butter,text_or_table,pdf_document,2128,283,low_background,,,,,
UCHUNK_000788,DOC_B3858C187B41,cocoa_beans_quality_requirements_processing_guide.pdf,cocoa_chocolate_cocoa_butter,text_or_table,pdf_document,2200,301,low_background,,,,,
UCHUNK_000789,DOC_B3858C187B41,cocoa_beans_quality_requirements_processing_guide.pdf,cocoa_chocolate_cocoa_butter,text_or_table,pdf_document,2199,296,low_background,,,,,
UCHUNK_000790,DOC_B3858C187B41,cocoa_beans_quality_requirements_processing_guide.pdf,cocoa_chocolate_cocoa_butter,text_or_table,pdf_document,2200,282,low_background,,,,,
UCHUNK_000791,DOC_B3858C187B41,cocoa_beans_quality_requirements_processing_guide.pdf,cocoa_chocolate_cocoa_butter,text_or_table,pdf_document,2200,224,low_background,,,,,
UCHUNK_000792,DOC_B3858C187B41,cocoa_beans_quality_requirements_processing_guide.pdf,cocoa_chocolate_cocoa_butter,text_or_table,pdf_document,2200,232,low_background,,,,,
UCHUNK_000793,DOC_B3858C187B41,cocoa_beans_quality_requirements_processing_guide.pdf,cocoa_chocolate_cocoa_butter,text_or_table,pdf_document,2199,263,low_background,,,,,
UCHUNK_000794,DOC_B3858C187B41,cocoa_beans_quality_requirements_processing_guide.pdf,cocoa_chocolate_cocoa_butter,text_or_table,pdf_document,1926,214,low_background,,,,,
UCHUNK_000795,DOC_B3858C187B41,cocoa_beans_quality_requirements_processing_guide.pdf,cocoa_chocolate_cocoa_butter,text_or_table,pdf_document,2200,269,low_background,,,,,
UCHUNK_000796,DOC_B3858C187B41,cocoa_beans_quality_requirements_processing_guide.pdf,cocoa_chocolate_cocoa_butter,text_or_table,pdf_document,1435,159,low_background,,,,,
UCHUNK_000797,DOC_B3858C187B41,cocoa_beans_quality_requirements_processing_guide.pdf,cocoa_chocolate_cocoa_butter,text_or_table,pdf_document,2200,258,low_background,,,,,
UCHUNK_000798,DOC_B3858C187B41,cocoa_beans_quality_requirements_processing_guide.pdf,cocoa_chocolate_cocoa_butter,text_or_table,pdf_document,1960,280,low_background,,,,,
UCHUNK_000799,DOC_B3858C187B41,cocoa_beans_quality_requirements_processing_guide.pdf,cocoa_chocolate_cocoa_butter,text_or_table,pdf_document,675,87,low_background,,,,,
UCHUNK_000800,DOC_2D8BE31DFAC8,icco_cocoa_butter_powder_faq.pdf,cocoa_chocolate_cocoa_butter,text_or_table,pdf_document,1893,274,low_background,,,,,
UCHUNK_000801,DOC_2D8BE31DFAC8,icco_cocoa_butter_powder_faq.pdf,cocoa_chocolate_cocoa_butter,text_or_table,pdf_document,2065,295,low_background,,,,,
UCHUNK_000802,DOC_2D8BE31DFAC8,icco_cocoa_butter_powder_faq.pdf,cocoa_chocolate_cocoa_butter,text_or_table,pdf_document,2175,309,low_background,,,,,
UCHUNK_000803,DOC_1E80FF9B816E,icco_processing_cocoa_page.pdf,cocoa_chocolate_cocoa_butter,text_or_table,pdf_document,14,4,low_short_text,,,,,
UCHUNK_000804,DOC_3FF97ACFA90D,hershey_dairy_sourcing_page.pdf,dairy_milk_skim_milk_milk_fat,text_or_table,pdf_document,14,4,low_short_text,,,,,
UCHUNK_000805,DOC_3DACF0FBC836,hershey_latest_esg_dairy_section.pdf,dairy_milk_skim_milk_milk_fat,text_or_table,pdf_document,2200,336,low_background,,,,,
UCHUNK_000806,DOC_3DACF0FBC836,hershey_latest_esg_dairy_section.pdf,dairy_milk_skim_milk_milk_fat,text_or_table,pdf_document,1652,255,low_background,,,,,
UCHUNK_000807,DOC_3DACF0FBC836,hershey_latest_esg_dairy_section.pdf,dairy_milk_skim_milk_milk_fat,text_or_table,pdf_document,1231,198,low_background,,,,,
UCHUNK_000808,DOC_3DACF0FBC836,hershey_latest_esg_dairy_section.pdf,dairy_milk_skim_milk_milk_fat,text_or_table,pdf_document,2198,335,low_background,,,,,
UCHUNK_000809,DOC_3DACF0FBC836,hershey_latest_esg_dairy_section.pdf,dairy_milk_skim_milk_milk_fat,text_or_table,pdf_document,2200,342,low_background,,,,,
UCHUNK_000810,DOC_3DACF0FBC836,hershey_latest_esg_dairy_section.pdf,dairy_milk_skim_milk_milk_fat,text_or_table,pdf_document,2198,326,low_background,,,,,
UCHUNK_000811,DOC_3DACF0FBC836,hershey_latest_esg_dairy_section.pdf,dairy_milk_skim_milk_milk_fat,text_or_table,pdf_document,2200,336,low_background,,,,,
UCHUNK_000812,DOC_3DACF0FBC836,hershey_latest_esg_dairy_section.pdf,dairy_milk_skim_milk_milk_fat,text_or_table,pdf_document,1656,251,low_background,,,,,
UCHUNK_000813,DOC_3DACF0FBC836,hershey_latest_esg_dairy_section.pdf,dairy_milk_skim_milk_milk_fat,text_or_table,pdf_document,2200,327,low_background,,,,,
UCHUNK_000814,DOC_3DACF0FBC836,hershey_latest_esg_dairy_section.pdf,dairy_milk_skim_milk_milk_fat,text_or_table,pdf_document,2200,348,low_background,,,,,
UCHUNK_000815,DOC_3DACF0FBC836,hershey_latest_esg_dairy_section.pdf,dairy_milk_skim_milk_milk_fat,text_or_table,pdf_document,2186,337,low_background,,,,,
UCHUNK_000816,DOC_3DACF0FBC836,hershey_latest_esg_dairy_section.pdf,dairy_milk_skim_milk_milk_fat,text_or_table,pdf_document,1905,294,low_background,,,,,
UCHUNK_000817,DOC_3DACF0FBC836,hershey_latest_esg_dairy_section.pdf,dairy_milk_skim_milk_milk_fat,text_or_table,pdf_document,2200,322,low_background,,,,,
UCHUNK_000818,DOC_3DACF0FBC836,hershey_latest_esg_dairy_section.pdf,dairy_milk_skim_milk_milk_fat,text_or_table,pdf_document,2200,296,low_background,,,,,
UCHUNK_000819,DOC_3DACF0FBC836,hershey_latest_esg_dairy_section.pdf,dairy_milk_skim_milk_milk_fat,text_or_table,pdf_document,2016,293,low_background,,,,,
UCHUNK_000820,DOC_3DACF0FBC836,hershey_latest_esg_dairy_section.pdf,dairy_milk_skim_milk_milk_fat,text_or_table,pdf_document,2200,330,low_background,,,,,
UCHUNK_000821,DOC_3DACF0FBC836,hershey_latest_esg_dairy_section.pdf,dairy_milk_skim_milk_milk_fat,text_or_table,pdf_document,2200,326,low_background,,,,,
UCHUNK_000822,DOC_3DACF0FBC836,hershey_latest_esg_dairy_section.pdf,dairy_milk_skim_milk_milk_fat,text_or_table,pdf_document,2199,302,low_background,,,,,
UCHUNK_000823,DOC_3DACF0FBC836,hershey_latest_esg_dairy_section.pdf,dairy_milk_skim_milk_milk_fat,text_or_table,pdf_document,2200,340,low_background,,,,,
UCHUNK_000824,DOC_3DACF0FBC836,hershey_latest_esg_dairy_section.pdf,dairy_milk_skim_milk_milk_fat,text_or_table,pdf_document,2199,339,low_background,,,,,
UCHUNK_000825,DOC_3DACF0FBC836,hershey_latest_esg_dairy_section.pdf,dairy_milk_skim_milk_milk_fat,text_or_table,pdf_document,2200,322,low_background,,,,,
UCHUNK_000826,DOC_3DACF0FBC836,hershey_latest_esg_dairy_section.pdf,dairy_milk_skim_milk_milk_fat,text_or_table,pdf_document,1962,285,low_background,,,,,
UCHUNK_000827,DOC_3DACF0FBC836,hershey_latest_esg_dairy_section.pdf,dairy_milk_skim_milk_milk_fat,text_or_table,pdf_document,2200,323,low_background,,,,,
UCHUNK_000828,DOC_3DACF0FBC836,hershey_latest_esg_dairy_section.pdf,dairy_milk_skim_milk_milk_fat,text_or_table,pdf_document,1566,241,low_background,,,,,
UCHUNK_000829,DOC_3DACF0FBC836,hershey_latest_esg_dairy_section.pdf,dairy_milk_skim_milk_milk_fat,text_or_table,pdf_document,2198,324,low_background,,,,,
UCHUNK_000830,DOC_3DACF0FBC836,hershey_latest_esg_dairy_section.pdf,dairy_milk_skim_milk_milk_fat,text_or_table,pdf_document,2200,337,low_background,,,,,
UCHUNK_000831,DOC_3DACF0FBC836,hershey_latest_esg_dairy_section.pdf,dairy_milk_skim_milk_milk_fat,text_or_table,pdf_document,1770,266,low_background,,,,,
UCHUNK_000832,DOC_3DACF0FBC836,hershey_latest_esg_dairy_section.pdf,dairy_milk_skim_milk_milk_fat,text_or_table,pdf_document,2200,303,low_background,,,,,
UCHUNK_000833,DOC_3DACF0FBC836,hershey_latest_esg_dairy_section.pdf,dairy_milk_skim_milk_milk_fat,text_or_table,pdf_document,2200,299,low_background,,,,,
UCHUNK_000834,DOC_3DACF0FBC836,hershey_latest_esg_dairy_section.pdf,dairy_milk_skim_milk_milk_fat,text_or_table,pdf_document,2200,322,low_background,,,,,
UCHUNK_000835,DOC_3DACF0FBC836,hershey_latest_esg_dairy_section.pdf,dairy_milk_skim_milk_milk_fat,text_or_table,pdf_document,1919,285,low_background,,,,,
UCHUNK_000836,DOC_3DACF0FBC836,hershey_latest_esg_dairy_section.pdf,dairy_milk_skim_milk_milk_fat,text_or_table,pdf_document,1805,260,low_background,,,,,
UCHUNK_000837,DOC_3DACF0FBC836,hershey_latest_esg_dairy_section.pdf,dairy_milk_skim_milk_milk_fat,text_or_table,pdf_document,2200,334,low_background,,,,,
UCHUNK_000838,DOC_3DACF0FBC836,hershey_latest_esg_dairy_section.pdf,dairy_milk_skim_milk_milk_fat,text_or_table,pdf_document,2199,322,low_background,,,,,
UCHUNK_000839,DOC_3DACF0FBC836,hershey_latest_esg_dairy_section.pdf,dairy_milk_skim_milk_milk_fat,text_or_table,pdf_document,1521,231,low_background,,,,,
UCHUNK_000840,DOC_3DACF0FBC836,hershey_latest_esg_dairy_section.pdf,dairy_milk_skim_milk_milk_fat,text_or_table,pdf_document,2199,338,low_background,,,,,
UCHUNK_000841,DOC_3DACF0FBC836,hershey_latest_esg_dairy_section.pdf,dairy_milk_skim_milk_milk_fat,text_or_table,pdf_document,2200,335,low_background,,,,,
UCHUNK_000842,DOC_3DACF0FBC836,hershey_latest_esg_dairy_section.pdf,dairy_milk_skim_milk_milk_fat,text_or_table,pdf_document,2199,328,low_background,,,,,
UCHUNK_000843,DOC_3DACF0FBC836,hershey_latest_esg_dairy_section.pdf,dairy_milk_skim_milk_milk_fat,text_or_table,pdf_document,2199,321,low_background,,,,,
UCHUNK_000844,DOC_3DACF0FBC836,hershey_latest_esg_dairy_section.pdf,dairy_milk_skim_milk_milk_fat,text_or_table,pdf_document,1951,280,low_background,,,,,
UCHUNK_000845,DOC_3DACF0FBC836,hershey_latest_esg_dairy_section.pdf,dairy_milk_skim_milk_milk_fat,text_or_table,pdf_document,2200,324,low_background,,,,,
UCHUNK_000846,DOC_3DACF0FBC836,hershey_latest_esg_dairy_section.pdf,dairy_milk_skim_milk_milk_fat,text_or_table,pdf_document,1931,296,low_background,,,,,
UCHUNK_000847,DOC_3DACF0FBC836,hershey_latest_esg_dairy_section.pdf,dairy_milk_skim_milk_milk_fat,text_or_table,pdf_document,2200,320,low_background,,,,,
UCHUNK_000848,DOC_3DACF0FBC836,hershey_latest_esg_dairy_section.pdf,dairy_milk_skim_milk_milk_fat,text_or_table,pdf_document,2184,307,low_background,,,,,
UCHUNK_000849,DOC_3DACF0FBC836,hershey_latest_esg_dairy_section.pdf,dairy_milk_skim_milk_milk_fat,text_or_table,pdf_document,2200,305,low_background,,,,,
UCHUNK_000850,DOC_3DACF0FBC836,hershey_latest_esg_dairy_section.pdf,dairy_milk_skim_milk_milk_fat,text_or_table,pdf_document,1738,258,low_background,,,,,
UCHUNK_000851,DOC_3DACF0FBC836,hershey_latest_esg_dairy_section.pdf,dairy_milk_skim_milk_milk_fat,text_or_table,pdf_document,2200,333,low_background,,,,,
UCHUNK_000852,DOC_3DACF0FBC836,hershey_latest_esg_dairy_section.pdf,dairy_milk_skim_milk_milk_fat,text_or_table,pdf_document,2199,335,low_background,,,,,
UCHUNK_000853,DOC_3DACF0FBC836,hershey_latest_esg_dairy_section.pdf,dairy_milk_skim_milk_milk_fat,text_or_table,pdf_document,2034,330,low_background,,,,,
UCHUNK_000854,DOC_3DACF0FBC836,hershey_latest_esg_dairy_section.pdf,dairy_milk_skim_milk_milk_fat,text_or_table,pdf_document,2200,349,low_background,,,,,
UCHUNK_000855,DOC_3DACF0FBC836,hershey_latest_esg_dairy_section.pdf,dairy_milk_skim_milk_milk_fat,text_or_table,pdf_document,2200,343,low_background,,,,,
UCHUNK_000856,DOC_3DACF0FBC836,hershey_latest_esg_dairy_section.pdf,dairy_milk_skim_milk_milk_fat,text_or_table,pdf_document,2200,396,low_background,,,,,
UCHUNK_000857,DOC_3DACF0FBC836,hershey_latest_esg_dairy_section.pdf,dairy_milk_skim_milk_milk_fat,text_or_table,pdf_document,2200,320,low_background,,,,,
UCHUNK_000858,DOC_3DACF0FBC836,hershey_latest_esg_dairy_section.pdf,dairy_milk_skim_milk_milk_fat,text_or_table,pdf_document,2199,330,low_background,,,,,
UCHUNK_000859,DOC_3DACF0FBC836,hershey_latest_esg_dairy_section.pdf,dairy_milk_skim_milk_milk_fat,text_or_table,pdf_document,2132,324,low_background,,,,,
UCHUNK_000860,DOC_3DACF0FBC836,hershey_latest_esg_dairy_section.pdf,dairy_milk_skim_milk_milk_fat,text_or_table,pdf_document,2200,339,low_background,,,,,
UCHUNK_000861,DOC_3DACF0FBC836,hershey_latest_esg_dairy_section.pdf,dairy_milk_skim_milk_milk_fat,text_or_table,pdf_document,1909,314,low_background,,,,,
UCHUNK_000862,DOC_3DACF0FBC836,hershey_latest_esg_dairy_section.pdf,dairy_milk_skim_milk_milk_fat,text_or_table,pdf_document,2200,313,low_background,,,,,
UCHUNK_000863,DOC_3DACF0FBC836,hershey_latest_esg_dairy_section.pdf,dairy_milk_skim_milk_milk_fat,text_or_table,pdf_document,2199,308,low_background,,,,,
UCHUNK_000864,DOC_3DACF0FBC836,hershey_latest_esg_dairy_section.pdf,dairy_milk_skim_milk_milk_fat,text_or_table,pdf_document,2200,308,low_background,,,,,
UCHUNK_000865,DOC_3DACF0FBC836,hershey_latest_esg_dairy_section.pdf,dairy_milk_skim_milk_milk_fat,text_or_table,pdf_document,1993,275,low_background,,,,,
UCHUNK_000866,DOC_3DACF0FBC836,hershey_latest_esg_dairy_section.pdf,dairy_milk_skim_milk_milk_fat,text_or_table,pdf_document,2200,348,low_background,,,,,
UCHUNK_000867,DOC_3DACF0FBC836,hershey_latest_esg_dairy_section.pdf,dairy_milk_skim_milk_milk_fat,text_or_table,pdf_document,2200,322,low_background,,,,,
UCHUNK_000868,DOC_3DACF0FBC836,hershey_latest_esg_dairy_section.pdf,dairy_milk_skim_milk_milk_fat,text_or_table,pdf_document,1996,304,low_background,,,,,
UCHUNK_000869,DOC_3DACF0FBC836,hershey_latest_esg_dairy_section.pdf,dairy_milk_skim_milk_milk_fat,text_or_table,pdf_document,2199,329,low_background,,,,,
UCHUNK_000870,DOC_3DACF0FBC836,hershey_latest_esg_dairy_section.pdf,dairy_milk_skim_milk_milk_fat,text_or_table,pdf_document,2200,327,low_background,,,,,
UCHUNK_000871,DOC_3DACF0FBC836,hershey_latest_esg_dairy_section.pdf,dairy_milk_skim_milk_milk_fat,text_or_table,pdf_document,2200,340,low_background,,,,,
UCHUNK_000872,DOC_3DACF0FBC836,hershey_latest_esg_dairy_section.pdf,dairy_milk_skim_milk_milk_fat,text_or_table,pdf_document,2026,339,low_background,,,,,
UCHUNK_000873,DOC_3DACF0FBC836,hershey_latest_esg_dairy_section.pdf,dairy_milk_skim_milk_milk_fat,text_or_table,pdf_document,1957,305,low_background,,,,,
UCHUNK_000874,DOC_3DACF0FBC836,hershey_latest_esg_dairy_section.pdf,dairy_milk_skim_milk_milk_fat,text_or_table,pdf_document,2200,333,low_background,,,,,
UCHUNK_000875,DOC_3DACF0FBC836,hershey_latest_esg_dairy_section.pdf,dairy_milk_skim_milk_milk_fat,text_or_table,pdf_document,2019,315,low_background,,,,,
UCHUNK_000876,DOC_3DACF0FBC836,hershey_latest_esg_dairy_section.pdf,dairy_milk_skim_milk_milk_fat,text_or_table,pdf_document,1217,192,low_background,,,,,
UCHUNK_000877,DOC_3DACF0FBC836,hershey_latest_esg_dairy_section.pdf,dairy_milk_skim_milk_milk_fat,text_or_table,pdf_document,2181,336,low_background,,,,,
UCHUNK_000878,DOC_3DACF0FBC836,hershey_latest_esg_dairy_section.pdf,dairy_milk_skim_milk_milk_fat,text_or_table,pdf_document,2200,317,low_background,,,,,
UCHUNK_000879,DOC_3DACF0FBC836,hershey_latest_esg_dairy_section.pdf,dairy_milk_skim_milk_milk_fat,text_or_table,pdf_document,1468,225,low_background,,,,,
UCHUNK_000880,DOC_3DACF0FBC836,hershey_latest_esg_dairy_section.pdf,dairy_milk_skim_milk_milk_fat,text_or_table,pdf_document,2200,334,low_background,,,,,
UCHUNK_000881,DOC_3DACF0FBC836,hershey_latest_esg_dairy_section.pdf,dairy_milk_skim_milk_milk_fat,text_or_table,pdf_document,1873,266,low_background,,,,,
UCHUNK_000882,DOC_3DACF0FBC836,hershey_latest_esg_dairy_section.pdf,dairy_milk_skim_milk_milk_fat,text_or_table,pdf_document,2200,327,low_background,,,,,
UCHUNK_000883,DOC_3DACF0FBC836,hershey_latest_esg_dairy_section.pdf,dairy_milk_skim_milk_milk_fat,text_or_table,pdf_document,1212,191,low_background,,,,,
UCHUNK_000884,DOC_3DACF0FBC836,hershey_latest_esg_dairy_section.pdf,dairy_milk_skim_milk_milk_fat,text_or_table,pdf_document,2200,338,low_background,,,,,
UCHUNK_000885,DOC_3DACF0FBC836,hershey_latest_esg_dairy_section.pdf,dairy_milk_skim_milk_milk_fat,text_or_table,pdf_document,1562,228,low_background,,,,,
UCHUNK_000886,DOC_3DACF0FBC836,hershey_latest_esg_dairy_section.pdf,dairy_milk_skim_milk_milk_fat,text_or_table,pdf_document,2200,315,low_background,,,,,
UCHUNK_000887,DOC_3DACF0FBC836,hershey_latest_esg_dairy_section.pdf,dairy_milk_skim_milk_milk_fat,text_or_table,pdf_document,2200,331,low_background,,,,,
UCHUNK_000888,DOC_3DACF0FBC836,hershey_latest_esg_dairy_section.pdf,dairy_milk_skim_milk_milk_fat,text_or_table,pdf_document,2199,352,low_background,,,,,
UCHUNK_000889,DOC_3DACF0FBC836,hershey_latest_esg_dairy_section.pdf,dairy_milk_skim_milk_milk_fat,text_or_table,pdf_document,1243,193,low_background,,,,,
UCHUNK_000890,DOC_3DACF0FBC836,hershey_latest_esg_dairy_section.pdf,dairy_milk_skim_milk_milk_fat,text_or_table,pdf_document,2199,330,low_background,,,,,
UCHUNK_000891,DOC_3DACF0FBC836,hershey_latest_esg_dairy_section.pdf,dairy_milk_skim_milk_milk_fat,text_or_table,pdf_document,1930,286,low_background,,,,,
UCHUNK_000892,DOC_3DACF0FBC836,hershey_latest_esg_dairy_section.pdf,dairy_milk_skim_milk_milk_fat,text_or_table,pdf_document,2199,338,low_background,,,,,
UCHUNK_000893,DOC_3DACF0FBC836,hershey_latest_esg_dairy_section.pdf,dairy_milk_skim_milk_milk_fat,text_or_table,pdf_document,2199,333,low_background,,,,,
UCHUNK_000894,DOC_3DACF0FBC836,hershey_latest_esg_dairy_section.pdf,dairy_milk_skim_milk_milk_fat,text_or_table,pdf_document,1670,257,low_background,,,,,
UCHUNK_000895,DOC_3DACF0FBC836,hershey_latest_esg_dairy_section.pdf,dairy_milk_skim_milk_milk_fat,text_or_table,pdf_document,1822,272,low_background,,,,,
UCHUNK_000896,DOC_3DACF0FBC836,hershey_latest_esg_dairy_section.pdf,dairy_milk_skim_milk_milk_fat,text_or_table,pdf_document,2200,340,low_background,,,,,
UCHUNK_000897,DOC_3DACF0FBC836,hershey_latest_esg_dairy_section.pdf,dairy_milk_skim_milk_milk_fat,text_or_table,pdf_document,2018,318,low_background,,,,,
UCHUNK_000898,DOC_3DACF0FBC836,hershey_latest_esg_dairy_section.pdf,dairy_milk_skim_milk_milk_fat,text_or_table,pdf_document,2199,329,low_background,,,,,
UCHUNK_000899,DOC_3DACF0FBC836,hershey_latest_esg_dairy_section.pdf,dairy_milk_skim_milk_milk_fat,text_or_table,pdf_document,2200,338,low_background,,,,,
UCHUNK_000900,DOC_3DACF0FBC836,hershey_latest_esg_dairy_section.pdf,dairy_milk_skim_milk_milk_fat,text_or_table,pdf_document,2200,345,low_background,,,,,
UCHUNK_000901,DOC_3DACF0FBC836,hershey_latest_esg_dairy_section.pdf,dairy_milk_skim_milk_milk_fat,text_or_table,pdf_document,2200,334,low_background,,,,,
UCHUNK_000902,DOC_3DACF0FBC836,hershey_latest_esg_dairy_section.pdf,dairy_milk_skim_milk_milk_fat,text_or_table,pdf_document,2200,324,low_background,,,,,
UCHUNK_000903,DOC_3DACF0FBC836,hershey_latest_esg_dairy_section.pdf,dairy_milk_skim_milk_milk_fat,text_or_table,pdf_document,1668,251,low_background,,,,,
UCHUNK_000904,DOC_3DACF0FBC836,hershey_latest_esg_dairy_section.pdf,dairy_milk_skim_milk_milk_fat,text_or_table,pdf_document,2200,323,low_background,,,,,
UCHUNK_000905,DOC_3DACF0FBC836,hershey_latest_esg_dairy_section.pdf,dairy_milk_skim_milk_milk_fat,text_or_table,pdf_document,2199,337,low_background,,,,,
UCHUNK_000906,DOC_3DACF0FBC836,hershey_latest_esg_dairy_section.pdf,dairy_milk_skim_milk_milk_fat,text_or_table,pdf_document,2200,337,low_background,,,,,
UCHUNK_000907,DOC_3DACF0FBC836,hershey_latest_esg_dairy_section.pdf,dairy_milk_skim_milk_milk_fat,text_or_table,pdf_document,2200,359,low_background,,,,,
UCHUNK_000908,DOC_3DACF0FBC836,hershey_latest_esg_dairy_section.pdf,dairy_milk_skim_milk_milk_fat,text_or_table,pdf_document,2199,359,low_background,,,,,
UCHUNK_000909,DOC_3DACF0FBC836,hershey_latest_esg_dairy_section.pdf,dairy_milk_skim_milk_milk_fat,text_or_table,pdf_document,2199,347,low_background,,,,,
UCHUNK_000910,DOC_3DACF0FBC836,hershey_latest_esg_dairy_section.pdf,dairy_milk_skim_milk_milk_fat,text_or_table,pdf_document,1648,260,low_background,,,,,
UCHUNK_000911,DOC_3DACF0FBC836,hershey_latest_esg_dairy_section.pdf,dairy_milk_skim_milk_milk_fat,text_or_table,pdf_document,2200,327,low_background,,,,,
UCHUNK_000912,DOC_3DACF0FBC836,hershey_latest_esg_dairy_section.pdf,dairy_milk_skim_milk_milk_fat,text_or_table,pdf_document,1863,277,low_background,,,,,
UCHUNK_000913,DOC_3DACF0FBC836,hershey_latest_esg_dairy_section.pdf,dairy_milk_skim_milk_milk_fat,text_or_table,pdf_document,2200,317,low_background,,,,,
UCHUNK_000914,DOC_3DACF0FBC836,hershey_latest_esg_dairy_section.pdf,dairy_milk_skim_milk_milk_fat,text_or_table,pdf_document,1370,199,low_background,,,,,
UCHUNK_000915,DOC_3DACF0FBC836,hershey_latest_esg_dairy_section.pdf,dairy_milk_skim_milk_milk_fat,text_or_table,pdf_document,2199,329,low_background,,,,,
UCHUNK_000916,DOC_3DACF0FBC836,hershey_latest_esg_dairy_section.pdf,dairy_milk_skim_milk_milk_fat,text_or_table,pdf_document,2200,321,low_background,,,,,
UCHUNK_000917,DOC_3DACF0FBC836,hershey_latest_esg_dairy_section.pdf,dairy_milk_skim_milk_milk_fat,text_or_table,pdf_document,2200,342,low_background,,,,,
UCHUNK_000918,DOC_3DACF0FBC836,hershey_latest_esg_dairy_section.pdf,dairy_milk_skim_milk_milk_fat,text_or_table,pdf_document,2198,311,low_background,,,,,
UCHUNK_000919,DOC_3DACF0FBC836,hershey_latest_esg_dairy_section.pdf,dairy_milk_skim_milk_milk_fat,text_or_table,pdf_document,2200,351,low_background,,,,,
UCHUNK_000920,DOC_3DACF0FBC836,hershey_latest_esg_dairy_section.pdf,dairy_milk_skim_milk_milk_fat,text_or_table,pdf_document,2199,344,low_background,,,,,
UCHUNK_000921,DOC_3DACF0FBC836,hershey_latest_esg_dairy_section.pdf,dairy_milk_skim_milk_milk_fat,text_or_table,pdf_document,2200,339,low_background,,,,,
UCHUNK_000922,DOC_3DACF0FBC836,hershey_latest_esg_dairy_section.pdf,dairy_milk_skim_milk_milk_fat,text_or_table,pdf_document,2200,367,low_background,,,,,
UCHUNK_000923,DOC_3DACF0FBC836,hershey_latest_esg_dairy_section.pdf,dairy_milk_skim_milk_milk_fat,text_or_table,pdf_document,1765,280,low_background,,,,,
UCHUNK_000924,DOC_3DACF0FBC836,hershey_latest_esg_dairy_section.pdf,dairy_milk_skim_milk_milk_fat,text_or_table,pdf_document,2200,330,low_background,,,,,
UCHUNK_000925,DOC_3DACF0FBC836,hershey_latest_esg_dairy_section.pdf,dairy_milk_skim_milk_milk_fat,text_or_table,pdf_document,1534,237,low_background,,,,,
UCHUNK_000926,DOC_3DACF0FBC836,hershey_latest_esg_dairy_section.pdf,dairy_milk_skim_milk_milk_fat,text_or_table,pdf_document,2199,332,low_background,,,,,
UCHUNK_000927,DOC_3DACF0FBC836,hershey_latest_esg_dairy_section.pdf,dairy_milk_skim_milk_milk_fat,text_or_table,pdf_document,2200,351,low_background,,,,,
UCHUNK_000928,DOC_3DACF0FBC836,hershey_latest_esg_dairy_section.pdf,dairy_milk_skim_milk_milk_fat,text_or_table,pdf_document,1556,239,low_background,,,,,
UCHUNK_000929,DOC_3DACF0FBC836,hershey_latest_esg_dairy_section.pdf,dairy_milk_skim_milk_milk_fat,text_or_table,pdf_document,2199,328,low_background,,,,,
UCHUNK_000930,DOC_3DACF0FBC836,hershey_latest_esg_dairy_section.pdf,dairy_milk_skim_milk_milk_fat,text_or_table,pdf_document,1885,284,low_background,,,,,
UCHUNK_000931,DOC_3DACF0FBC836,hershey_latest_esg_dairy_section.pdf,dairy_milk_skim_milk_milk_fat,text_or_table,pdf_document,2200,317,low_background,,,,,
UCHUNK_000932,DOC_3DACF0FBC836,hershey_latest_esg_dairy_section.pdf,dairy_milk_skim_milk_milk_fat,text_or_table,pdf_document,1901,281,low_background,,,,,
UCHUNK_000933,DOC_3DACF0FBC836,hershey_latest_esg_dairy_section.pdf,dairy_milk_skim_milk_milk_fat,text_or_table,pdf_document,2199,353,low_background,,,,,
UCHUNK_000934,DOC_3DACF0FBC836,hershey_latest_esg_dairy_section.pdf,dairy_milk_skim_milk_milk_fat,text_or_table,pdf_document,1927,275,low_background,,,,,
UCHUNK_000935,DOC_3DACF0FBC836,hershey_latest_esg_dairy_section.pdf,dairy_milk_skim_milk_milk_fat,text_or_table,pdf_document,2198,334,low_background,,,,,
UCHUNK_000936,DOC_3DACF0FBC836,hershey_latest_esg_dairy_section.pdf,dairy_milk_skim_milk_milk_fat,text_or_table,pdf_document,1471,203,low_background,,,,,
UCHUNK_000937,DOC_3DACF0FBC836,hershey_latest_esg_dairy_section.pdf,dairy_milk_skim_milk_milk_fat,text_or_table,pdf_document,1886,301,low_background,,,,,
UCHUNK_000938,DOC_3DACF0FBC836,hershey_latest_esg_dairy_section.pdf,dairy_milk_skim_milk_milk_fat,text_or_table,pdf_document,2200,333,low_background,,,,,
UCHUNK_000939,DOC_3DACF0FBC836,hershey_latest_esg_dairy_section.pdf,dairy_milk_skim_milk_milk_fat,text_or_table,pdf_document,2161,319,low_background,,,,,
UCHUNK_000940,DOC_3DACF0FBC836,hershey_latest_esg_dairy_section.pdf,dairy_milk_skim_milk_milk_fat,text_or_table,pdf_document,2200,321,low_background,,,,,
UCHUNK_000941,DOC_3DACF0FBC836,hershey_latest_esg_dairy_section.pdf,dairy_milk_skim_milk_milk_fat,text_or_table,pdf_document,1872,283,low_background,,,,,
UCHUNK_000942,DOC_3DACF0FBC836,hershey_latest_esg_dairy_section.pdf,dairy_milk_skim_milk_milk_fat,text_or_table,pdf_document,2200,337,low_background,,,,,
UCHUNK_000943,DOC_3DACF0FBC836,hershey_latest_esg_dairy_section.pdf,dairy_milk_skim_milk_milk_fat,text_or_table,pdf_document,2199,302,low_background,,,,,
UCHUNK_000944,DOC_3DACF0FBC836,hershey_latest_esg_dairy_section.pdf,dairy_milk_skim_milk_milk_fat,text_or_table,pdf_document,329,53,low_background,,,,,
UCHUNK_000945,DOC_75DA5EE841E9,hershey_sustainable_dairy_pa_2021_press_release.pdf,dairy_milk_skim_milk_milk_fat,text_or_table,pdf_document,14,4,low_short_text,,,,,
UCHUNK_000946,DOC_DC5C9E72C77A,land_o_lakes_2025_annual_report.pdf,dairy_milk_skim_milk_milk_fat,text_or_table,pdf_document,2084,362,low_background,,,,,
UCHUNK_000947,DOC_DC5C9E72C77A,land_o_lakes_2025_annual_report.pdf,dairy_milk_skim_milk_milk_fat,text_or_table,pdf_document,2200,338,low_background,,,,,
UCHUNK_000948,DOC_DC5C9E72C77A,land_o_lakes_2025_annual_report.pdf,dairy_milk_skim_milk_milk_fat,text_or_table,pdf_document,1843,269,low_background,,,,,
UCHUNK_000949,DOC_DC5C9E72C77A,land_o_lakes_2025_annual_report.pdf,dairy_milk_skim_milk_milk_fat,text_or_table,pdf_document,1910,285,low_background,,,,,
UCHUNK_000950,DOC_DC5C9E72C77A,land_o_lakes_2025_annual_report.pdf,dairy_milk_skim_milk_milk_fat,text_or_table,pdf_document,1710,255,low_background,,,,,
UCHUNK_000951,DOC_DC5C9E72C77A,land_o_lakes_2025_annual_report.pdf,dairy_milk_skim_milk_milk_fat,text_or_table,pdf_document,1767,253,low_background,,,,,
UCHUNK_000952,DOC_DC5C9E72C77A,land_o_lakes_2025_annual_report.pdf,dairy_milk_skim_milk_milk_fat,text_or_table,pdf_document,1523,204,low_background,,,,,
UCHUNK_000953,DOC_DC5C9E72C77A,land_o_lakes_2025_annual_report.pdf,dairy_milk_skim_milk_milk_fat,text_or_table,pdf_document,2200,304,low_background,,,,,
UCHUNK_000954,DOC_DC5C9E72C77A,land_o_lakes_2025_annual_report.pdf,dairy_milk_skim_milk_milk_fat,text_or_table,pdf_document,1250,170,low_background,,,,,
UCHUNK_000955,DOC_DC5C9E72C77A,land_o_lakes_2025_annual_report.pdf,dairy_milk_skim_milk_milk_fat,text_or_table,pdf_document,1737,255,low_background,,,,,
UCHUNK_000956,DOC_DC5C9E72C77A,land_o_lakes_2025_annual_report.pdf,dairy_milk_skim_milk_milk_fat,text_or_table,pdf_document,2200,315,low_background,,,,,
UCHUNK_000957,DOC_DC5C9E72C77A,land_o_lakes_2025_annual_report.pdf,dairy_milk_skim_milk_milk_fat,text_or_table,pdf_document,2200,301,low_background,,,,,
UCHUNK_000958,DOC_DC5C9E72C77A,land_o_lakes_2025_annual_report.pdf,dairy_milk_skim_milk_milk_fat,text_or_table,pdf_document,1826,265,low_background,,,,,
UCHUNK_000959,DOC_DC5C9E72C77A,land_o_lakes_2025_annual_report.pdf,dairy_milk_skim_milk_milk_fat,text_or_table,pdf_document,2197,340,low_background,,,,,
UCHUNK_000960,DOC_DC5C9E72C77A,land_o_lakes_2025_annual_report.pdf,dairy_milk_skim_milk_milk_fat,text_or_table,pdf_document,1215,194,low_background,,,,,
UCHUNK_000961,DOC_DC5C9E72C77A,land_o_lakes_2025_annual_report.pdf,dairy_milk_skim_milk_milk_fat,text_or_table,pdf_document,1322,213,low_background,,,,,
UCHUNK_000962,DOC_DC5C9E72C77A,land_o_lakes_2025_annual_report.pdf,dairy_milk_skim_milk_milk_fat,text_or_table,pdf_document,1695,265,low_background,,,,,
UCHUNK_000963,DOC_DC5C9E72C77A,land_o_lakes_2025_annual_report.pdf,dairy_milk_skim_milk_milk_fat,text_or_table,pdf_document,2200,342,low_background,,,,,
UCHUNK_000964,DOC_DC5C9E72C77A,land_o_lakes_2025_annual_report.pdf,dairy_milk_skim_milk_milk_fat,text_or_table,pdf_document,2200,341,low_background,,,,,
UCHUNK_000965,DOC_DC5C9E72C77A,land_o_lakes_2025_annual_report.pdf,dairy_milk_skim_milk_milk_fat,text_or_table,pdf_document,1843,284,low_background,,,,,
UCHUNK_000966,DOC_DC5C9E72C77A,land_o_lakes_2025_annual_report.pdf,dairy_milk_skim_milk_milk_fat,text_or_table,pdf_document,1840,290,low_background,,,,,
UCHUNK_000967,DOC_DC5C9E72C77A,land_o_lakes_2025_annual_report.pdf,dairy_milk_skim_milk_milk_fat,text_or_table,pdf_document,1554,232,low_background,,,,,
UCHUNK_000968,DOC_DC5C9E72C77A,land_o_lakes_2025_annual_report.pdf,dairy_milk_skim_milk_milk_fat,text_or_table,pdf_document,1987,298,low_background,,,,,
UCHUNK_000969,DOC_DC5C9E72C77A,land_o_lakes_2025_annual_report.pdf,dairy_milk_skim_milk_milk_fat,text_or_table,pdf_document,2200,346,low_background,,,,,
UCHUNK_000970,DOC_DC5C9E72C77A,land_o_lakes_2025_annual_report.pdf,dairy_milk_skim_milk_milk_fat,text_or_table,pdf_document,2200,337,low_background,,,,,
UCHUNK_000971,DOC_DC5C9E72C77A,land_o_lakes_2025_annual_report.pdf,dairy_milk_skim_milk_milk_fat,text_or_table,pdf_document,2125,335,low_background,,,,,
UCHUNK_000972,DOC_DC5C9E72C77A,land_o_lakes_2025_annual_report.pdf,dairy_milk_skim_milk_milk_fat,text_or_table,pdf_document,1545,252,low_background,,,,,
UCHUNK_000973,DOC_DC5C9E72C77A,land_o_lakes_2025_annual_report.pdf,dairy_milk_skim_milk_milk_fat,text_or_table,pdf_document,1955,319,low_background,,,,,
UCHUNK_000974,DOC_BA82764C244F,land_o_lakes_community_impact_report.pdf,dairy_milk_skim_milk_milk_fat,text_or_table,pdf_document,14,4,low_short_text,,,,,
UCHUNK_000975,DOC_3C5045700A98,land_o_lakes_hershey_chesapeake_bay_page.pdf,dairy_milk_skim_milk_milk_fat,text_or_table,pdf_document,14,4,low_short_text,,,,,
UCHUNK_000976,DOC_D9B23C06662B,land_o_lakes_home_page.pdf,dairy_milk_skim_milk_milk_fat,text_or_table,pdf_document,14,4,low_short_text,,,,,
UCHUNK_000977,DOC_2F8EE4491545,land_o_lakes_who_we_are_page.pdf,dairy_milk_skim_milk_milk_fat,text_or_table,pdf_document,14,4,low_short_text,,,,,
UCHUNK_000978,DOC_FEA243351909,alliance_sustainable_dairy_pa_page.pdf,dairy_milk_skim_milk_milk_fat,text_or_table,pdf_document,14,4,low_short_text,,,,,
UCHUNK_000979,DOC_6ECEDE6AFBC2,epa_hershey_land_o_lakes_pa_dairy_farms_2m_commitment.pdf,dairy_milk_skim_milk_milk_fat,text_or_table,pdf_document,14,4,low_short_text,,,,,
UCHUNK_000980,DOC_9C88D07C6DBF,usda_ams_advanced_class_prices_latest.pdf,dairy_milk_skim_milk_milk_fat,text_or_table,pdf_document,2132,339,low_background,,,,,
UCHUNK_000981,DOC_9C88D07C6DBF,usda_ams_advanced_class_prices_latest.pdf,dairy_milk_skim_milk_milk_fat,text_or_table,pdf_document,2001,332,low_background,,,,,
UCHUNK_000982,DOC_9C88D07C6DBF,usda_ams_advanced_class_prices_latest.pdf,dairy_milk_skim_milk_milk_fat,text_or_table,pdf_document,2132,340,low_background,,,,,
UCHUNK_000983,DOC_9C88D07C6DBF,usda_ams_advanced_class_prices_latest.pdf,dairy_milk_skim_milk_milk_fat,text_or_table,pdf_document,2200,345,low_background,,,,,
UCHUNK_000984,DOC_9C88D07C6DBF,usda_ams_advanced_class_prices_latest.pdf,dairy_milk_skim_milk_milk_fat,text_or_table,pdf_document,2200,383,low_background,,,,,
UCHUNK_000985,DOC_9C88D07C6DBF,usda_ams_advanced_class_prices_latest.pdf,dairy_milk_skim_milk_milk_fat,text_or_table,pdf_document,2198,282,low_background,,,,,
UCHUNK_000986,DOC_9C88D07C6DBF,usda_ams_advanced_class_prices_latest.pdf,dairy_milk_skim_milk_milk_fat,text_or_table,pdf_document,838,117,low_background,,,,,
UCHUNK_000987,DOC_E2BE0206EF0C,usda_ams_class_iv_milk_price_reference.pdf,dairy_milk_skim_milk_milk_fat,text_or_table,pdf_document,1342,215,low_background,,,,,
UCHUNK_000988,DOC_7FED8B7042EA,usda_ams_dairy_market_news_weekly_report_latest.pdf,dairy_milk_skim_milk_milk_fat,text_or_table,pdf_document,2200,348,low_background,,,,,
UCHUNK_000989,DOC_7FED8B7042EA,usda_ams_dairy_market_news_weekly_report_latest.pdf,dairy_milk_skim_milk_milk_fat,text_or_table,pdf_document,2200,359,low_background,,,,,
UCHUNK_000990,DOC_7FED8B7042EA,usda_ams_dairy_market_news_weekly_report_latest.pdf,dairy_milk_skim_milk_milk_fat,text_or_table,pdf_document,2200,347,low_background,,,,,
UCHUNK_000991,DOC_7FED8B7042EA,usda_ams_dairy_market_news_weekly_report_latest.pdf,dairy_milk_skim_milk_milk_fat,text_or_table,pdf_document,2200,346,low_background,,,,,
UCHUNK_000992,DOC_7FED8B7042EA,usda_ams_dairy_market_news_weekly_report_latest.pdf,dairy_milk_skim_milk_milk_fat,text_or_table,pdf_document,2199,325,low_background,,,,,
UCHUNK_000993,DOC_7FED8B7042EA,usda_ams_dairy_market_news_weekly_report_latest.pdf,dairy_milk_skim_milk_milk_fat,text_or_table,pdf_document,2200,328,low_background,,,,,
UCHUNK_000994,DOC_7FED8B7042EA,usda_ams_dairy_market_news_weekly_report_latest.pdf,dairy_milk_skim_milk_milk_fat,text_or_table,pdf_document,2200,339,low_background,,,,,
UCHUNK_000995,DOC_7FED8B7042EA,usda_ams_dairy_market_news_weekly_report_latest.pdf,dairy_milk_skim_milk_milk_fat,text_or_table,pdf_document,2200,328,low_background,,,,,
UCHUNK_000996,DOC_7FED8B7042EA,usda_ams_dairy_market_news_weekly_report_latest.pdf,dairy_milk_skim_milk_milk_fat,text_or_table,pdf_document,2200,355,low_background,,,,,
UCHUNK_000997,DOC_7FED8B7042EA,usda_ams_dairy_market_news_weekly_report_latest.pdf,dairy_milk_skim_milk_milk_fat,text_or_table,pdf_document,2200,354,low_background,,,,,
UCHUNK_000998,DOC_7FED8B7042EA,usda_ams_dairy_market_news_weekly_report_latest.pdf,dairy_milk_skim_milk_milk_fat,text_or_table,pdf_document,1690,261,low_background,,,,,
UCHUNK_000999,DOC_7FED8B7042EA,usda_ams_dairy_market_news_weekly_report_latest.pdf,dairy_milk_skim_milk_milk_fat,text_or_table,pdf_document,2200,366,low_background,,,,,
UCHUNK_001000,DOC_7FED8B7042EA,usda_ams_dairy_market_news_weekly_report_latest.pdf,dairy_milk_skim_milk_milk_fat,text_or_table,pdf_document,2200,345,low_background,,,,,
UCHUNK_001001,DOC_7FED8B7042EA,usda_ams_dairy_market_news_weekly_report_latest.pdf,dairy_milk_skim_milk_milk_fat,text_or_table,pdf_document,2199,351,low_background,,,,,
UCHUNK_001002,DOC_7FED8B7042EA,usda_ams_dairy_market_news_weekly_report_latest.pdf,dairy_milk_skim_milk_milk_fat,text_or_table,pdf_document,2200,345,low_background,,,,,
UCHUNK_001003,DOC_7FED8B7042EA,usda_ams_dairy_market_news_weekly_report_latest.pdf,dairy_milk_skim_milk_milk_fat,text_or_table,pdf_document,2199,339,low_background,,,,,
UCHUNK_001004,DOC_7FED8B7042EA,usda_ams_dairy_market_news_weekly_report_latest.pdf,dairy_milk_skim_milk_milk_fat,text_or_table,pdf_document,2198,330,low_background,,,,,
UCHUNK_001005,DOC_7FED8B7042EA,usda_ams_dairy_market_news_weekly_report_latest.pdf,dairy_milk_skim_milk_milk_fat,text_or_table,pdf_document,2199,328,low_background,,,,,
UCHUNK_001006,DOC_7FED8B7042EA,usda_ams_dairy_market_news_weekly_report_latest.pdf,dairy_milk_skim_milk_milk_fat,text_or_table,pdf_document,2200,336,low_background,,,,,
UCHUNK_001007,DOC_7FED8B7042EA,usda_ams_dairy_market_news_weekly_report_latest.pdf,dairy_milk_skim_milk_milk_fat,text_or_table,pdf_document,2200,321,low_background,,,,,
UCHUNK_001008,DOC_7FED8B7042EA,usda_ams_dairy_market_news_weekly_report_latest.pdf,dairy_milk_skim_milk_milk_fat,text_or_table,pdf_document,2200,358,low_background,,,,,
UCHUNK_001009,DOC_7FED8B7042EA,usda_ams_dairy_market_news_weekly_report_latest.pdf,dairy_milk_skim_milk_milk_fat,text_or_table,pdf_document,2200,357,low_background,,,,,
UCHUNK_001010,DOC_7FED8B7042EA,usda_ams_dairy_market_news_weekly_report_latest.pdf,dairy_milk_skim_milk_milk_fat,text_or_table,pdf_document,2200,360,low_background,,,,,
UCHUNK_001011,DOC_7FED8B7042EA,usda_ams_dairy_market_news_weekly_report_latest.pdf,dairy_milk_skim_milk_milk_fat,text_or_table,pdf_document,1633,278,low_background,,,,,
UCHUNK_001012,DOC_7FED8B7042EA,usda_ams_dairy_market_news_weekly_report_latest.pdf,dairy_milk_skim_milk_milk_fat,text_or_table,pdf_document,2200,391,low_background,,,,,
UCHUNK_001013,DOC_7FED8B7042EA,usda_ams_dairy_market_news_weekly_report_latest.pdf,dairy_milk_skim_milk_milk_fat,text_or_table,pdf_document,2198,329,low_background,,,,,
UCHUNK_001014,DOC_7FED8B7042EA,usda_ams_dairy_market_news_weekly_report_latest.pdf,dairy_milk_skim_milk_milk_fat,text_or_table,pdf_document,2200,330,low_background,,,,,
UCHUNK_001015,DOC_7FED8B7042EA,usda_ams_dairy_market_news_weekly_report_latest.pdf,dairy_milk_skim_milk_milk_fat,text_or_table,pdf_document,2200,350,low_background,,,,,
UCHUNK_001016,DOC_7FED8B7042EA,usda_ams_dairy_market_news_weekly_report_latest.pdf,dairy_milk_skim_milk_milk_fat,text_or_table,pdf_document,2200,342,low_background,,,,,
UCHUNK_001017,DOC_7FED8B7042EA,usda_ams_dairy_market_news_weekly_report_latest.pdf,dairy_milk_skim_milk_milk_fat,text_or_table,pdf_document,2199,340,low_background,,,,,
UCHUNK_001018,DOC_7FED8B7042EA,usda_ams_dairy_market_news_weekly_report_latest.pdf,dairy_milk_skim_milk_milk_fat,text_or_table,pdf_document,2199,359,low_background,,,,,
UCHUNK_001019,DOC_7FED8B7042EA,usda_ams_dairy_market_news_weekly_report_latest.pdf,dairy_milk_skim_milk_milk_fat,text_or_table,pdf_document,2059,358,low_background,,,,,
UCHUNK_001020,DOC_7FED8B7042EA,usda_ams_dairy_market_news_weekly_report_latest.pdf,dairy_milk_skim_milk_milk_fat,text_or_table,pdf_document,2088,390,low_background,,,,,
UCHUNK_001021,DOC_7FED8B7042EA,usda_ams_dairy_market_news_weekly_report_latest.pdf,dairy_milk_skim_milk_milk_fat,text_or_table,pdf_document,2199,358,low_background,,,,,
UCHUNK_001022,DOC_7FED8B7042EA,usda_ams_dairy_market_news_weekly_report_latest.pdf,dairy_milk_skim_milk_milk_fat,text_or_table,pdf_document,2199,404,low_background,,,,,
UCHUNK_001023,DOC_7FED8B7042EA,usda_ams_dairy_market_news_weekly_report_latest.pdf,dairy_milk_skim_milk_milk_fat,text_or_table,pdf_document,2199,448,low_background,,,,,
UCHUNK_001024,DOC_7FED8B7042EA,usda_ams_dairy_market_news_weekly_report_latest.pdf,dairy_milk_skim_milk_milk_fat,text_or_table,pdf_document,2199,459,low_background,,,,,
UCHUNK_001025,DOC_7FED8B7042EA,usda_ams_dairy_market_news_weekly_report_latest.pdf,dairy_milk_skim_milk_milk_fat,text_or_table,pdf_document,2199,476,low_background,,,,,
UCHUNK_001026,DOC_7FED8B7042EA,usda_ams_dairy_market_news_weekly_report_latest.pdf,dairy_milk_skim_milk_milk_fat,text_or_table,pdf_document,2200,454,low_background,,,,,
UCHUNK_001027,DOC_7FED8B7042EA,usda_ams_dairy_market_news_weekly_report_latest.pdf,dairy_milk_skim_milk_milk_fat,text_or_table,pdf_document,2200,465,low_background,,,,,
UCHUNK_001028,DOC_7FED8B7042EA,usda_ams_dairy_market_news_weekly_report_latest.pdf,dairy_milk_skim_milk_milk_fat,text_or_table,pdf_document,2161,352,low_background,,,,,
UCHUNK_001029,DOC_7FED8B7042EA,usda_ams_dairy_market_news_weekly_report_latest.pdf,dairy_milk_skim_milk_milk_fat,text_or_table,pdf_document,1445,190,low_background,,,,,
UCHUNK_001030,DOC_9232C3E84540,usda_ams_dairy_monthly_averages_latest.pdf,dairy_milk_skim_milk_milk_fat,text_or_table,pdf_document,1356,212,low_background,,,,,
UCHUNK_001031,DOC_9232C3E84540,usda_ams_dairy_monthly_averages_latest.pdf,dairy_milk_skim_milk_milk_fat,text_or_table,pdf_document,1649,247,low_background,,,,,
UCHUNK_001032,DOC_9232C3E84540,usda_ams_dairy_monthly_averages_latest.pdf,dairy_milk_skim_milk_milk_fat,text_or_table,pdf_document,1263,193,low_background,,,,,
UCHUNK_001033,DOC_A5418FB79897,usda_ams_national_dairy_products_sales_report_latest.pdf,dairy_milk_skim_milk_milk_fat,text_or_table,pdf_document,1542,240,low_background,,,,,
UCHUNK_001034,DOC_A5418FB79897,usda_ams_national_dairy_products_sales_report_latest.pdf,dairy_milk_skim_milk_milk_fat,text_or_table,pdf_document,2200,309,low_background,,,,,
UCHUNK_001035,DOC_A5418FB79897,usda_ams_national_dairy_products_sales_report_latest.pdf,dairy_milk_skim_milk_milk_fat,text_or_table,pdf_document,1887,267,low_background,,,,,
UCHUNK_001036,DOC_A5418FB79897,usda_ams_national_dairy_products_sales_report_latest.pdf,dairy_milk_skim_milk_milk_fat,text_or_table,pdf_document,2200,283,low_background,,,,,
UCHUNK_001037,DOC_A5418FB79897,usda_ams_national_dairy_products_sales_report_latest.pdf,dairy_milk_skim_milk_milk_fat,text_or_table,pdf_document,538,76,low_background,,,,,
UCHUNK_001038,DOC_B28013FB1CA9,dairy_ingredients_in_chocolate_explanation.pdf,dairy_milk_skim_milk_milk_fat,text_or_table,pdf_document,14,4,low_short_text,,,,,
UCHUNK_001039,DOC_C041385635A5,milk_fat_butterfat_explanation.pdf,dairy_milk_skim_milk_milk_fat,text_or_table,pdf_document,14,4,low_short_text,,,,,
UCHUNK_001040,DOC_E3E6C7C84910,milk_processing_separation_explanation.pdf,dairy_milk_skim_milk_milk_fat,text_or_table,pdf_document,2200,329,low_background,,,,,
UCHUNK_001041,DOC_E3E6C7C84910,milk_processing_separation_explanation.pdf,dairy_milk_skim_milk_milk_fat,text_or_table,pdf_document,2199,342,low_background,,,,,
UCHUNK_001042,DOC_E3E6C7C84910,milk_processing_separation_explanation.pdf,dairy_milk_skim_milk_milk_fat,text_or_table,pdf_document,1392,234,low_background,,,,,
UCHUNK_001043,DOC_E3E6C7C84910,milk_processing_separation_explanation.pdf,dairy_milk_skim_milk_milk_fat,text_or_table,pdf_document,2200,344,low_background,,,,,
UCHUNK_001044,DOC_E3E6C7C84910,milk_processing_separation_explanation.pdf,dairy_milk_skim_milk_milk_fat,text_or_table,pdf_document,2199,324,low_background,,,,,
UCHUNK_001045,DOC_E3E6C7C84910,milk_processing_separation_explanation.pdf,dairy_milk_skim_milk_milk_fat,text_or_table,pdf_document,1918,287,low_background,,,,,
UCHUNK_001046,DOC_E3E6C7C84910,milk_processing_separation_explanation.pdf,dairy_milk_skim_milk_milk_fat,text_or_table,pdf_document,2200,366,low_background,,,,,
UCHUNK_001047,DOC_E3E6C7C84910,milk_processing_separation_explanation.pdf,dairy_milk_skim_milk_milk_fat,text_or_table,pdf_document,1368,249,low_background,,,,,
UCHUNK_001048,DOC_E3E6C7C84910,milk_processing_separation_explanation.pdf,dairy_milk_skim_milk_milk_fat,text_or_table,pdf_document,2199,354,low_background,,,,,
UCHUNK_001049,DOC_E3E6C7C84910,milk_processing_separation_explanation.pdf,dairy_milk_skim_milk_milk_fat,text_or_table,pdf_document,2200,373,low_background,,,,,
UCHUNK_001050,DOC_E3E6C7C84910,milk_processing_separation_explanation.pdf,dairy_milk_skim_milk_milk_fat,text_or_table,pdf_document,1695,280,low_background,,,,,
UCHUNK_001051,DOC_E3E6C7C84910,milk_processing_separation_explanation.pdf,dairy_milk_skim_milk_milk_fat,text_or_table,pdf_document,2200,361,low_background,,,,,
UCHUNK_001052,DOC_E3E6C7C84910,milk_processing_separation_explanation.pdf,dairy_milk_skim_milk_milk_fat,text_or_table,pdf_document,1394,228,low_background,,,,,
UCHUNK_001053,DOC_E3E6C7C84910,milk_processing_separation_explanation.pdf,dairy_milk_skim_milk_milk_fat,text_or_table,pdf_document,2200,360,low_background,,,,,
UCHUNK_001054,DOC_E3E6C7C84910,milk_processing_separation_explanation.pdf,dairy_milk_skim_milk_milk_fat,text_or_table,pdf_document,1680,271,low_background,,,,,
UCHUNK_001055,DOC_E3E6C7C84910,milk_processing_separation_explanation.pdf,dairy_milk_skim_milk_milk_fat,text_or_table,pdf_document,2200,358,low_background,,,,,
UCHUNK_001056,DOC_E3E6C7C84910,milk_processing_separation_explanation.pdf,dairy_milk_skim_milk_milk_fat,text_or_table,pdf_document,2200,330,low_background,,,,,
UCHUNK_001057,DOC_E3E6C7C84910,milk_processing_separation_explanation.pdf,dairy_milk_skim_milk_milk_fat,text_or_table,pdf_document,2080,323,low_background,,,,,
UCHUNK_001058,DOC_E3E6C7C84910,milk_processing_separation_explanation.pdf,dairy_milk_skim_milk_milk_fat,text_or_table,pdf_document,2200,348,low_background,,,,,
UCHUNK_001059,DOC_E3E6C7C84910,milk_processing_separation_explanation.pdf,dairy_milk_skim_milk_milk_fat,text_or_table,pdf_document,2198,360,low_background,,,,,
UCHUNK_001060,DOC_E3E6C7C84910,milk_processing_separation_explanation.pdf,dairy_milk_skim_milk_milk_fat,text_or_table,pdf_document,1860,310,low_background,,,,,
UCHUNK_001061,DOC_E3E6C7C84910,milk_processing_separation_explanation.pdf,dairy_milk_skim_milk_milk_fat,text_or_table,pdf_document,2198,385,low_background,,,,,
UCHUNK_001062,DOC_E3E6C7C84910,milk_processing_separation_explanation.pdf,dairy_milk_skim_milk_milk_fat,text_or_table,pdf_document,1509,249,low_background,,,,,
UCHUNK_001063,DOC_E3E6C7C84910,milk_processing_separation_explanation.pdf,dairy_milk_skim_milk_milk_fat,text_or_table,pdf_document,2200,366,low_background,,,,,
UCHUNK_001064,DOC_E3E6C7C84910,milk_processing_separation_explanation.pdf,dairy_milk_skim_milk_milk_fat,text_or_table,pdf_document,1865,308,low_background,,,,,
UCHUNK_001065,DOC_E3E6C7C84910,milk_processing_separation_explanation.pdf,dairy_milk_skim_milk_milk_fat,text_or_table,pdf_document,2199,345,low_background,,,,,
UCHUNK_001066,DOC_E3E6C7C84910,milk_processing_separation_explanation.pdf,dairy_milk_skim_milk_milk_fat,text_or_table,pdf_document,1712,271,low_background,,,,,
UCHUNK_001067,DOC_E3E6C7C84910,milk_processing_separation_explanation.pdf,dairy_milk_skim_milk_milk_fat,text_or_table,pdf_document,2200,341,low_background,,,,,
UCHUNK_001068,DOC_E3E6C7C84910,milk_processing_separation_explanation.pdf,dairy_milk_skim_milk_milk_fat,text_or_table,pdf_document,1313,207,low_background,,,,,
UCHUNK_001069,DOC_E3E6C7C84910,milk_processing_separation_explanation.pdf,dairy_milk_skim_milk_milk_fat,text_or_table,pdf_document,2200,353,low_background,,,,,
UCHUNK_001070,DOC_E3E6C7C84910,milk_processing_separation_explanation.pdf,dairy_milk_skim_milk_milk_fat,text_or_table,pdf_document,1932,285,low_background,,,,,
UCHUNK_001071,DOC_E3E6C7C84910,milk_processing_separation_explanation.pdf,dairy_milk_skim_milk_milk_fat,text_or_table,pdf_document,2200,339,low_background,,,,,
UCHUNK_001072,DOC_E3E6C7C84910,milk_processing_separation_explanation.pdf,dairy_milk_skim_milk_milk_fat,text_or_table,pdf_document,1981,305,low_background,,,,,
UCHUNK_001073,DOC_E3E6C7C84910,milk_processing_separation_explanation.pdf,dairy_milk_skim_milk_milk_fat,text_or_table,pdf_document,2200,339,low_background,,,,,
UCHUNK_001074,DOC_E3E6C7C84910,milk_processing_separation_explanation.pdf,dairy_milk_skim_milk_milk_fat,text_or_table,pdf_document,1554,248,low_background,,,,,
UCHUNK_001075,DOC_E3E6C7C84910,milk_processing_separation_explanation.pdf,dairy_milk_skim_milk_milk_fat,text_or_table,pdf_document,2199,334,low_background,,,,,
UCHUNK_001076,DOC_E3E6C7C84910,milk_processing_separation_explanation.pdf,dairy_milk_skim_milk_milk_fat,text_or_table,pdf_document,1989,316,low_background,,,,,
UCHUNK_001077,DOC_E3E6C7C84910,milk_processing_separation_explanation.pdf,dairy_milk_skim_milk_milk_fat,text_or_table,pdf_document,2200,328,low_background,,,,,
UCHUNK_001078,DOC_E3E6C7C84910,milk_processing_separation_explanation.pdf,dairy_milk_skim_milk_milk_fat,text_or_table,pdf_document,1926,282,low_background,,,,,
UCHUNK_001079,DOC_E3E6C7C84910,milk_processing_separation_explanation.pdf,dairy_milk_skim_milk_milk_fat,text_or_table,pdf_document,2199,327,low_background,,,,,
UCHUNK_001080,DOC_E3E6C7C84910,milk_processing_separation_explanation.pdf,dairy_milk_skim_milk_milk_fat,text_or_table,pdf_document,1328,205,low_background,,,,,
UCHUNK_001081,DOC_E3E6C7C84910,milk_processing_separation_explanation.pdf,dairy_milk_skim_milk_milk_fat,text_or_table,pdf_document,2200,348,low_background,,,,,
UCHUNK_001082,DOC_E3E6C7C84910,milk_processing_separation_explanation.pdf,dairy_milk_skim_milk_milk_fat,text_or_table,pdf_document,1767,286,low_background,,,,,
UCHUNK_001083,DOC_E3E6C7C84910,milk_processing_separation_explanation.pdf,dairy_milk_skim_milk_milk_fat,text_or_table,pdf_document,2199,353,low_background,,,,,
UCHUNK_001084,DOC_E3E6C7C84910,milk_processing_separation_explanation.pdf,dairy_milk_skim_milk_milk_fat,text_or_table,pdf_document,1256,200,low_background,,,,,
UCHUNK_001085,DOC_E3E6C7C84910,milk_processing_separation_explanation.pdf,dairy_milk_skim_milk_milk_fat,text_or_table,pdf_document,2200,346,low_background,,,,,
UCHUNK_001086,DOC_E3E6C7C84910,milk_processing_separation_explanation.pdf,dairy_milk_skim_milk_milk_fat,text_or_table,pdf_document,1621,240,low_background,,,,,
UCHUNK_001087,DOC_E3E6C7C84910,milk_processing_separation_explanation.pdf,dairy_milk_skim_milk_milk_fat,text_or_table,pdf_document,2199,328,low_background,,,,,
UCHUNK_001088,DOC_E3E6C7C84910,milk_processing_separation_explanation.pdf,dairy_milk_skim_milk_milk_fat,text_or_table,pdf_document,1786,293,low_background,,,,,
UCHUNK_001089,DOC_E3E6C7C84910,milk_processing_separation_explanation.pdf,dairy_milk_skim_milk_milk_fat,text_or_table,pdf_document,2199,349,low_background,,,,,
UCHUNK_001090,DOC_E3E6C7C84910,milk_processing_separation_explanation.pdf,dairy_milk_skim_milk_milk_fat,text_or_table,pdf_document,2200,335,low_background,,,,,
UCHUNK_001091,DOC_E3E6C7C84910,milk_processing_separation_explanation.pdf,dairy_milk_skim_milk_milk_fat,text_or_table,pdf_document,2199,347,low_background,,,,,
UCHUNK_001092,DOC_E3E6C7C84910,milk_processing_separation_explanation.pdf,dairy_milk_skim_milk_milk_fat,text_or_table,pdf_document,2200,353,low_background,,,,,
UCHUNK_001093,DOC_E3E6C7C84910,milk_processing_separation_explanation.pdf,dairy_milk_skim_milk_milk_fat,text_or_table,pdf_document,1514,235,low_background,,,,,
UCHUNK_001094,DOC_E3E6C7C84910,milk_processing_separation_explanation.pdf,dairy_milk_skim_milk_milk_fat,text_or_table,pdf_document,2200,361,low_background,,,,,
UCHUNK_001095,DOC_E3E6C7C84910,milk_processing_separation_explanation.pdf,dairy_milk_skim_milk_milk_fat,text_or_table,pdf_document,1872,301,low_background,,,,,
UCHUNK_001096,DOC_E3E6C7C84910,milk_processing_separation_explanation.pdf,dairy_milk_skim_milk_milk_fat,text_or_table,pdf_document,2200,345,low_background,,,,,
UCHUNK_001097,DOC_E3E6C7C84910,milk_processing_separation_explanation.pdf,dairy_milk_skim_milk_milk_fat,text_or_table,pdf_document,1385,214,low_background,,,,,
UCHUNK_001098,DOC_E3E6C7C84910,milk_processing_separation_explanation.pdf,dairy_milk_skim_milk_milk_fat,text_or_table,pdf_document,2200,361,low_background,,,,,
UCHUNK_001099,DOC_E3E6C7C84910,milk_processing_separation_explanation.pdf,dairy_milk_skim_milk_milk_fat,text_or_table,pdf_document,1311,203,low_background,,,,,
UCHUNK_001100,DOC_E3E6C7C84910,milk_processing_separation_explanation.pdf,dairy_milk_skim_milk_milk_fat,text_or_table,pdf_document,2200,341,low_background,,,,,
UCHUNK_001101,DOC_E3E6C7C84910,milk_processing_separation_explanation.pdf,dairy_milk_skim_milk_milk_fat,text_or_table,pdf_document,2031,331,low_background,,,,,
UCHUNK_001102,DOC_E3E6C7C84910,milk_processing_separation_explanation.pdf,dairy_milk_skim_milk_milk_fat,text_or_table,pdf_document,2200,350,low_background,,,,,
UCHUNK_001103,DOC_E3E6C7C84910,milk_processing_separation_explanation.pdf,dairy_milk_skim_milk_milk_fat,text_or_table,pdf_document,1229,198,low_background,,,,,
UCHUNK_001104,DOC_E3E6C7C84910,milk_processing_separation_explanation.pdf,dairy_milk_skim_milk_milk_fat,text_or_table,pdf_document,2200,336,low_background,,,,,
UCHUNK_001105,DOC_E3E6C7C84910,milk_processing_separation_explanation.pdf,dairy_milk_skim_milk_milk_fat,text_or_table,pdf_document,1349,202,low_background,,,,,
UCHUNK_001106,DOC_E3E6C7C84910,milk_processing_separation_explanation.pdf,dairy_milk_skim_milk_milk_fat,text_or_table,pdf_document,2199,343,low_background,,,,,
UCHUNK_001107,DOC_E3E6C7C84910,milk_processing_separation_explanation.pdf,dairy_milk_skim_milk_milk_fat,text_or_table,pdf_document,1372,224,low_background,,,,,
UCHUNK_001108,DOC_E3E6C7C84910,milk_processing_separation_explanation.pdf,dairy_milk_skim_milk_milk_fat,text_or_table,pdf_document,2200,346,low_background,,,,,
UCHUNK_001109,DOC_E3E6C7C84910,milk_processing_separation_explanation.pdf,dairy_milk_skim_milk_milk_fat,text_or_table,pdf_document,1323,202,low_background,,,,,
UCHUNK_001110,DOC_E3E6C7C84910,milk_processing_separation_explanation.pdf,dairy_milk_skim_milk_milk_fat,text_or_table,pdf_document,2200,356,low_background,,,,,
UCHUNK_001111,DOC_E3E6C7C84910,milk_processing_separation_explanation.pdf,dairy_milk_skim_milk_milk_fat,text_or_table,pdf_document,2200,351,low_background,,,,,
UCHUNK_001112,DOC_E3E6C7C84910,milk_processing_separation_explanation.pdf,dairy_milk_skim_milk_milk_fat,text_or_table,pdf_document,2200,343,low_background,,,,,
UCHUNK_001113,DOC_E3E6C7C84910,milk_processing_separation_explanation.pdf,dairy_milk_skim_milk_milk_fat,text_or_table,pdf_document,2200,354,low_background,,,,,
UCHUNK_001114,DOC_E3E6C7C84910,milk_processing_separation_explanation.pdf,dairy_milk_skim_milk_milk_fat,text_or_table,pdf_document,1575,260,low_background,,,,,
UCHUNK_001115,DOC_E3E6C7C84910,milk_processing_separation_explanation.pdf,dairy_milk_skim_milk_milk_fat,text_or_table,pdf_document,2200,357,low_background,,,,,
UCHUNK_001116,DOC_E3E6C7C84910,milk_processing_separation_explanation.pdf,dairy_milk_skim_milk_milk_fat,text_or_table,pdf_document,1619,270,low_background,,,,,
UCHUNK_001117,DOC_E3E6C7C84910,milk_processing_separation_explanation.pdf,dairy_milk_skim_milk_milk_fat,text_or_table,pdf_document,2198,341,low_background,,,,,
UCHUNK_001118,DOC_E3E6C7C84910,milk_processing_separation_explanation.pdf,dairy_milk_skim_milk_milk_fat,text_or_table,pdf_document,2199,344,low_background,,,,,
UCHUNK_001119,DOC_E3E6C7C84910,milk_processing_separation_explanation.pdf,dairy_milk_skim_milk_milk_fat,text_or_table,pdf_document,2199,357,low_background,,,,,
UCHUNK_001120,DOC_E3E6C7C84910,milk_processing_separation_explanation.pdf,dairy_milk_skim_milk_milk_fat,text_or_table,pdf_document,2200,347,low_background,,,,,
UCHUNK_001121,DOC_E3E6C7C84910,milk_processing_separation_explanation.pdf,dairy_milk_skim_milk_milk_fat,text_or_table,pdf_document,1538,236,low_background,,,,,
UCHUNK_001122,DOC_E3E6C7C84910,milk_processing_separation_explanation.pdf,dairy_milk_skim_milk_milk_fat,text_or_table,pdf_document,2200,345,low_background,,,,,
UCHUNK_001123,DOC_E3E6C7C84910,milk_processing_separation_explanation.pdf,dairy_milk_skim_milk_milk_fat,text_or_table,pdf_document,1249,190,low_background,,,,,
UCHUNK_001124,DOC_E3E6C7C84910,milk_processing_separation_explanation.pdf,dairy_milk_skim_milk_milk_fat,text_or_table,pdf_document,2200,358,low_background,,,,,
UCHUNK_001125,DOC_E3E6C7C84910,milk_processing_separation_explanation.pdf,dairy_milk_skim_milk_milk_fat,text_or_table,pdf_document,2124,335,low_background,,,,,
UCHUNK_001126,DOC_E3E6C7C84910,milk_processing_separation_explanation.pdf,dairy_milk_skim_milk_milk_fat,text_or_table,pdf_document,2200,359,low_background,,,,,
UCHUNK_001127,DOC_E3E6C7C84910,milk_processing_separation_explanation.pdf,dairy_milk_skim_milk_milk_fat,text_or_table,pdf_document,1469,226,low_background,,,,,
UCHUNK_001128,DOC_E3E6C7C84910,milk_processing_separation_explanation.pdf,dairy_milk_skim_milk_milk_fat,text_or_table,pdf_document,2200,331,low_background,,,,,
UCHUNK_001129,DOC_E3E6C7C84910,milk_processing_separation_explanation.pdf,dairy_milk_skim_milk_milk_fat,text_or_table,pdf_document,805,112,low_background,,,,,
UCHUNK_001130,DOC_400268FDC92A,nonfat_dry_milk_skim_milk_explanation.pdf,dairy_milk_skim_milk_milk_fat,text_or_table,pdf_document,14,4,low_short_text,,,,,
UCHUNK_001131,DOC_C5E013D8DC8A,fda_21_cfr_101_22_natural_flavor_definition.pdf,natural_flavor,text_or_table,pdf_document,150,36,low_background,,,,,
UCHUNK_001132,DOC_1D4C129E0BD4,fda_flavor_labeling_regulation_reference.pdf,natural_flavor,text_or_table,pdf_document,2199,315,low_background,,,,,
UCHUNK_001133,DOC_1D4C129E0BD4,fda_flavor_labeling_regulation_reference.pdf,natural_flavor,text_or_table,pdf_document,2200,333,low_background,,,,,
UCHUNK_001134,DOC_1D4C129E0BD4,fda_flavor_labeling_regulation_reference.pdf,natural_flavor,text_or_table,pdf_document,2199,369,low_background,,,,,
UCHUNK_001135,DOC_1D4C129E0BD4,fda_flavor_labeling_regulation_reference.pdf,natural_flavor,text_or_table,pdf_document,2200,379,low_background,,,,,
UCHUNK_001136,DOC_1D4C129E0BD4,fda_flavor_labeling_regulation_reference.pdf,natural_flavor,text_or_table,pdf_document,1890,321,low_background,,,,,
UCHUNK_001137,DOC_1D4C129E0BD4,fda_flavor_labeling_regulation_reference.pdf,natural_flavor,text_or_table,pdf_document,2200,400,low_background,,,,,
UCHUNK_001138,DOC_1D4C129E0BD4,fda_flavor_labeling_regulation_reference.pdf,natural_flavor,text_or_table,pdf_document,1216,220,low_background,,,,,
UCHUNK_001139,DOC_1D4C129E0BD4,fda_flavor_labeling_regulation_reference.pdf,natural_flavor,text_or_table,pdf_document,2200,364,low_background,,,,,
UCHUNK_001140,DOC_1D4C129E0BD4,fda_flavor_labeling_regulation_reference.pdf,natural_flavor,text_or_table,pdf_document,1307,225,low_background,,,,,
UCHUNK_001141,DOC_1D4C129E0BD4,fda_flavor_labeling_regulation_reference.pdf,natural_flavor,text_or_table,pdf_document,2200,383,low_background,,,,,
UCHUNK_001142,DOC_1D4C129E0BD4,fda_flavor_labeling_regulation_reference.pdf,natural_flavor,text_or_table,pdf_document,1375,239,low_background,,,,,
UCHUNK_001143,DOC_1D4C129E0BD4,fda_flavor_labeling_regulation_reference.pdf,natural_flavor,text_or_table,pdf_document,2200,382,low_background,,,,,
UCHUNK_001144,DOC_1D4C129E0BD4,fda_flavor_labeling_regulation_reference.pdf,natural_flavor,text_or_table,pdf_document,1620,280,low_background,,,,,
UCHUNK_001145,DOC_1D4C129E0BD4,fda_flavor_labeling_regulation_reference.pdf,natural_flavor,text_or_table,pdf_document,2200,378,low_background,,,,,
UCHUNK_001146,DOC_1D4C129E0BD4,fda_flavor_labeling_regulation_reference.pdf,natural_flavor,text_or_table,pdf_document,1564,271,low_background,,,,,
UCHUNK_001147,DOC_1D4C129E0BD4,fda_flavor_labeling_regulation_reference.pdf,natural_flavor,text_or_table,pdf_document,2200,408,low_background,,,,,
UCHUNK_001148,DOC_1D4C129E0BD4,fda_flavor_labeling_regulation_reference.pdf,natural_flavor,text_or_table,pdf_document,1589,277,low_background,,,,,
UCHUNK_001149,DOC_1D4C129E0BD4,fda_flavor_labeling_regulation_reference.pdf,natural_flavor,text_or_table,pdf_document,2200,387,low_background,,,,,
UCHUNK_001150,DOC_1D4C129E0BD4,fda_flavor_labeling_regulation_reference.pdf,natural_flavor,text_or_table,pdf_document,1659,287,low_background,,,,,
UCHUNK_001151,DOC_1D4C129E0BD4,fda_flavor_labeling_regulation_reference.pdf,natural_flavor,text_or_table,pdf_document,2200,397,low_background,,,,,
UCHUNK_001152,DOC_1D4C129E0BD4,fda_flavor_labeling_regulation_reference.pdf,natural_flavor,text_or_table,pdf_document,2199,415,low_background,,,,,
UCHUNK_001153,DOC_1D4C129E0BD4,fda_flavor_labeling_regulation_reference.pdf,natural_flavor,text_or_table,pdf_document,2051,377,low_background,,,,,
UCHUNK_001154,DOC_1D4C129E0BD4,fda_flavor_labeling_regulation_reference.pdf,natural_flavor,text_or_table,pdf_document,2198,378,low_background,,,,,
UCHUNK_001155,DOC_1D4C129E0BD4,fda_flavor_labeling_regulation_reference.pdf,natural_flavor,text_or_table,pdf_document,2200,373,low_background,,,,,
UCHUNK_001156,DOC_1D4C129E0BD4,fda_flavor_labeling_regulation_reference.pdf,natural_flavor,text_or_table,pdf_document,2112,346,low_background,,,,,
UCHUNK_001157,DOC_1D4C129E0BD4,fda_flavor_labeling_regulation_reference.pdf,natural_flavor,text_or_table,pdf_document,2198,376,low_background,,,,,
UCHUNK_001158,DOC_1D4C129E0BD4,fda_flavor_labeling_regulation_reference.pdf,natural_flavor,text_or_table,pdf_document,1646,266,low_background,,,,,
UCHUNK_001159,DOC_1D4C129E0BD4,fda_flavor_labeling_regulation_reference.pdf,natural_flavor,text_or_table,pdf_document,2200,359,low_background,,,,,
UCHUNK_001160,DOC_1D4C129E0BD4,fda_flavor_labeling_regulation_reference.pdf,natural_flavor,text_or_table,pdf_document,2200,337,low_background,,,,,
UCHUNK_001161,DOC_1D4C129E0BD4,fda_flavor_labeling_regulation_reference.pdf,natural_flavor,text_or_table,pdf_document,1524,227,low_background,,,,,
UCHUNK_001162,DOC_1D4C129E0BD4,fda_flavor_labeling_regulation_reference.pdf,natural_flavor,text_or_table,pdf_document,2199,358,low_background,,,,,
UCHUNK_001163,DOC_1D4C129E0BD4,fda_flavor_labeling_regulation_reference.pdf,natural_flavor,text_or_table,pdf_document,1286,172,low_background,,,,,
UCHUNK_001164,DOC_1D4C129E0BD4,fda_flavor_labeling_regulation_reference.pdf,natural_flavor,text_or_table,pdf_document,2200,315,low_background,,,,,
UCHUNK_001165,DOC_1D4C129E0BD4,fda_flavor_labeling_regulation_reference.pdf,natural_flavor,text_or_table,pdf_document,2199,336,low_background,,,,,
UCHUNK_001166,DOC_1D4C129E0BD4,fda_flavor_labeling_regulation_reference.pdf,natural_flavor,text_or_table,pdf_document,2200,359,low_background,,,,,
UCHUNK_001167,DOC_1D4C129E0BD4,fda_flavor_labeling_regulation_reference.pdf,natural_flavor,text_or_table,pdf_document,1587,282,low_background,,,,,
UCHUNK_001168,DOC_1D4C129E0BD4,fda_flavor_labeling_regulation_reference.pdf,natural_flavor,text_or_table,pdf_document,2200,390,low_background,,,,,
UCHUNK_001169,DOC_1D4C129E0BD4,fda_flavor_labeling_regulation_reference.pdf,natural_flavor,text_or_table,pdf_document,1390,243,low_background,,,,,
UCHUNK_001170,DOC_1D4C129E0BD4,fda_flavor_labeling_regulation_reference.pdf,natural_flavor,text_or_table,pdf_document,2198,346,low_background,,,,,
UCHUNK_001171,DOC_1D4C129E0BD4,fda_flavor_labeling_regulation_reference.pdf,natural_flavor,text_or_table,pdf_document,2199,351,low_background,,,,,
UCHUNK_001172,DOC_1D4C129E0BD4,fda_flavor_labeling_regulation_reference.pdf,natural_flavor,text_or_table,pdf_document,2112,353,low_background,,,,,
UCHUNK_001173,DOC_1D4C129E0BD4,fda_flavor_labeling_regulation_reference.pdf,natural_flavor,text_or_table,pdf_document,2199,399,low_background,,,,,
UCHUNK_001174,DOC_1D4C129E0BD4,fda_flavor_labeling_regulation_reference.pdf,natural_flavor,text_or_table,pdf_document,2200,395,low_background,,,,,
UCHUNK_001175,DOC_1D4C129E0BD4,fda_flavor_labeling_regulation_reference.pdf,natural_flavor,text_or_table,pdf_document,1903,345,low_background,,,,,
UCHUNK_001176,DOC_1D4C129E0BD4,fda_flavor_labeling_regulation_reference.pdf,natural_flavor,text_or_table,pdf_document,2200,403,low_background,,,,,
UCHUNK_001177,DOC_1D4C129E0BD4,fda_flavor_labeling_regulation_reference.pdf,natural_flavor,text_or_table,pdf_document,1686,293,low_background,,,,,
UCHUNK_001178,DOC_1D4C129E0BD4,fda_flavor_labeling_regulation_reference.pdf,natural_flavor,text_or_table,pdf_document,2200,370,low_background,,,,,
UCHUNK_001179,DOC_1D4C129E0BD4,fda_flavor_labeling_regulation_reference.pdf,natural_flavor,text_or_table,pdf_document,1501,252,low_background,,,,,
UCHUNK_001180,DOC_1D4C129E0BD4,fda_flavor_labeling_regulation_reference.pdf,natural_flavor,text_or_table,pdf_document,2200,344,low_background,,,,,
UCHUNK_001181,DOC_1D4C129E0BD4,fda_flavor_labeling_regulation_reference.pdf,natural_flavor,text_or_table,pdf_document,1681,284,low_background,,,,,
UCHUNK_001182,DOC_1D4C129E0BD4,fda_flavor_labeling_regulation_reference.pdf,natural_flavor,text_or_table,pdf_document,2200,371,low_background,,,,,
UCHUNK_001183,DOC_1D4C129E0BD4,fda_flavor_labeling_regulation_reference.pdf,natural_flavor,text_or_table,pdf_document,1767,292,low_background,,,,,
UCHUNK_001184,DOC_1D4C129E0BD4,fda_flavor_labeling_regulation_reference.pdf,natural_flavor,text_or_table,pdf_document,2200,376,low_background,,,,,
UCHUNK_001185,DOC_1D4C129E0BD4,fda_flavor_labeling_regulation_reference.pdf,natural_flavor,text_or_table,pdf_document,2124,346,low_background,,,,,
UCHUNK_001186,DOC_1D4C129E0BD4,fda_flavor_labeling_regulation_reference.pdf,natural_flavor,text_or_table,pdf_document,2200,370,low_background,,,,,
UCHUNK_001187,DOC_1D4C129E0BD4,fda_flavor_labeling_regulation_reference.pdf,natural_flavor,text_or_table,pdf_document,1426,254,low_background,,,,,
UCHUNK_001188,DOC_1D4C129E0BD4,fda_flavor_labeling_regulation_reference.pdf,natural_flavor,text_or_table,pdf_document,1517,275,low_background,,,,,
UCHUNK_001189,DOC_1D4C129E0BD4,fda_flavor_labeling_regulation_reference.pdf,natural_flavor,text_or_table,pdf_document,2199,373,low_background,,,,,
UCHUNK_001190,DOC_1D4C129E0BD4,fda_flavor_labeling_regulation_reference.pdf,natural_flavor,text_or_table,pdf_document,1896,291,low_background,,,,,
UCHUNK_001191,DOC_1D4C129E0BD4,fda_flavor_labeling_regulation_reference.pdf,natural_flavor,text_or_table,pdf_document,2200,369,low_background,,,,,
UCHUNK_001192,DOC_1D4C129E0BD4,fda_flavor_labeling_regulation_reference.pdf,natural_flavor,text_or_table,pdf_document,1847,311,low_background,,,,,
UCHUNK_001193,DOC_1D4C129E0BD4,fda_flavor_labeling_regulation_reference.pdf,natural_flavor,text_or_table,pdf_document,1485,242,low_background,,,,,
UCHUNK_001194,DOC_1D4C129E0BD4,fda_flavor_labeling_regulation_reference.pdf,natural_flavor,text_or_table,pdf_document,2200,376,low_background,,,,,
UCHUNK_001195,DOC_1D4C129E0BD4,fda_flavor_labeling_regulation_reference.pdf,natural_flavor,text_or_table,pdf_document,1873,321,low_background,,,,,
UCHUNK_001196,DOC_1D4C129E0BD4,fda_flavor_labeling_regulation_reference.pdf,natural_flavor,text_or_table,pdf_document,2199,401,low_background,,,,,
UCHUNK_001197,DOC_1D4C129E0BD4,fda_flavor_labeling_regulation_reference.pdf,natural_flavor,text_or_table,pdf_document,1588,261,low_background,,,,,
UCHUNK_001198,DOC_1D4C129E0BD4,fda_flavor_labeling_regulation_reference.pdf,natural_flavor,text_or_table,pdf_document,2198,359,low_background,,,,,
UCHUNK_001199,DOC_1D4C129E0BD4,fda_flavor_labeling_regulation_reference.pdf,natural_flavor,text_or_table,pdf_document,2199,353,low_background,,,,,
UCHUNK_001200,DOC_1D4C129E0BD4,fda_flavor_labeling_regulation_reference.pdf,natural_flavor,text_or_table,pdf_document,2199,359,low_background,,,,,
UCHUNK_001201,DOC_1D4C129E0BD4,fda_flavor_labeling_regulation_reference.pdf,natural_flavor,text_or_table,pdf_document,1251,211,low_background,,,,,
UCHUNK_001202,DOC_1D4C129E0BD4,fda_flavor_labeling_regulation_reference.pdf,natural_flavor,text_or_table,pdf_document,2199,398,low_background,,,,,
UCHUNK_001203,DOC_1D4C129E0BD4,fda_flavor_labeling_regulation_reference.pdf,natural_flavor,text_or_table,pdf_document,1911,346,low_background,,,,,
UCHUNK_001204,DOC_1D4C129E0BD4,fda_flavor_labeling_regulation_reference.pdf,natural_flavor,text_or_table,pdf_document,2199,389,low_background,,,,,
UCHUNK_001205,DOC_1D4C129E0BD4,fda_flavor_labeling_regulation_reference.pdf,natural_flavor,text_or_table,pdf_document,1682,266,low_background,,,,,
UCHUNK_001206,DOC_1D4C129E0BD4,fda_flavor_labeling_regulation_reference.pdf,natural_flavor,text_or_table,pdf_document,2200,356,low_background,,,,,
UCHUNK_001207,DOC_1D4C129E0BD4,fda_flavor_labeling_regulation_reference.pdf,natural_flavor,text_or_table,pdf_document,2200,368,low_background,,,,,
UCHUNK_001208,DOC_1D4C129E0BD4,fda_flavor_labeling_regulation_reference.pdf,natural_flavor,text_or_table,pdf_document,2200,361,low_background,,,,,
UCHUNK_001209,DOC_1D4C129E0BD4,fda_flavor_labeling_regulation_reference.pdf,natural_flavor,text_or_table,pdf_document,2200,395,low_background,,,,,
UCHUNK_001210,DOC_1D4C129E0BD4,fda_flavor_labeling_regulation_reference.pdf,natural_flavor,text_or_table,pdf_document,2200,412,low_background,,,,,
UCHUNK_001211,DOC_1D4C129E0BD4,fda_flavor_labeling_regulation_reference.pdf,natural_flavor,text_or_table,pdf_document,2200,372,low_background,,,,,
UCHUNK_001212,DOC_1D4C129E0BD4,fda_flavor_labeling_regulation_reference.pdf,natural_flavor,text_or_table,pdf_document,2200,405,low_background,,,,,
UCHUNK_001213,DOC_1D4C129E0BD4,fda_flavor_labeling_regulation_reference.pdf,natural_flavor,text_or_table,pdf_document,1660,292,low_background,,,,,
UCHUNK_001214,DOC_1D4C129E0BD4,fda_flavor_labeling_regulation_reference.pdf,natural_flavor,text_or_table,pdf_document,2200,384,low_background,,,,,
UCHUNK_001215,DOC_1D4C129E0BD4,fda_flavor_labeling_regulation_reference.pdf,natural_flavor,text_or_table,pdf_document,1551,263,low_background,,,,,
UCHUNK_001216,DOC_1D4C129E0BD4,fda_flavor_labeling_regulation_reference.pdf,natural_flavor,text_or_table,pdf_document,2199,380,low_background,,,,,
UCHUNK_001217,DOC_1D4C129E0BD4,fda_flavor_labeling_regulation_reference.pdf,natural_flavor,text_or_table,pdf_document,1772,315,low_background,,,,,
UCHUNK_001218,DOC_1D4C129E0BD4,fda_flavor_labeling_regulation_reference.pdf,natural_flavor,text_or_table,pdf_document,2200,367,low_background,,,,,
UCHUNK_001219,DOC_1D4C129E0BD4,fda_flavor_labeling_regulation_reference.pdf,natural_flavor,text_or_table,pdf_document,1825,305,low_background,,,,,
UCHUNK_001220,DOC_1D4C129E0BD4,fda_flavor_labeling_regulation_reference.pdf,natural_flavor,text_or_table,pdf_document,2200,403,low_background,,,,,
UCHUNK_001221,DOC_1D4C129E0BD4,fda_flavor_labeling_regulation_reference.pdf,natural_flavor,text_or_table,pdf_document,1453,281,low_background,,,,,
UCHUNK_001222,DOC_1D4C129E0BD4,fda_flavor_labeling_regulation_reference.pdf,natural_flavor,text_or_table,pdf_document,2200,434,low_background,,,,,
UCHUNK_001223,DOC_1D4C129E0BD4,fda_flavor_labeling_regulation_reference.pdf,natural_flavor,text_or_table,pdf_document,1472,290,low_background,,,,,
UCHUNK_001224,DOC_1D4C129E0BD4,fda_flavor_labeling_regulation_reference.pdf,natural_flavor,text_or_table,pdf_document,2200,407,low_background,,,,,
UCHUNK_001225,DOC_1D4C129E0BD4,fda_flavor_labeling_regulation_reference.pdf,natural_flavor,text_or_table,pdf_document,1522,288,low_background,,,,,
UCHUNK_001226,DOC_1D4C129E0BD4,fda_flavor_labeling_regulation_reference.pdf,natural_flavor,text_or_table,pdf_document,2198,405,low_background,,,,,
UCHUNK_001227,DOC_1D4C129E0BD4,fda_flavor_labeling_regulation_reference.pdf,natural_flavor,text_or_table,pdf_document,1645,280,low_background,,,,,
UCHUNK_001228,DOC_1D4C129E0BD4,fda_flavor_labeling_regulation_reference.pdf,natural_flavor,text_or_table,pdf_document,2200,352,low_background,,,,,
UCHUNK_001229,DOC_1D4C129E0BD4,fda_flavor_labeling_regulation_reference.pdf,natural_flavor,text_or_table,pdf_document,2198,375,low_background,,,,,
UCHUNK_001230,DOC_1D4C129E0BD4,fda_flavor_labeling_regulation_reference.pdf,natural_flavor,text_or_table,pdf_document,2200,367,low_background,,,,,
UCHUNK_001231,DOC_1D4C129E0BD4,fda_flavor_labeling_regulation_reference.pdf,natural_flavor,text_or_table,pdf_document,2200,367,low_background,,,,,
UCHUNK_001232,DOC_1D4C129E0BD4,fda_flavor_labeling_regulation_reference.pdf,natural_flavor,text_or_table,pdf_document,1459,238,low_background,,,,,
UCHUNK_001233,DOC_1D4C129E0BD4,fda_flavor_labeling_regulation_reference.pdf,natural_flavor,text_or_table,pdf_document,2200,380,low_background,,,,,
UCHUNK_001234,DOC_1D4C129E0BD4,fda_flavor_labeling_regulation_reference.pdf,natural_flavor,text_or_table,pdf_document,1715,281,low_background,,,,,
UCHUNK_001235,DOC_1D4C129E0BD4,fda_flavor_labeling_regulation_reference.pdf,natural_flavor,text_or_table,pdf_document,2200,246,low_background,,,,,
UCHUNK_001236,DOC_1D4C129E0BD4,fda_flavor_labeling_regulation_reference.pdf,natural_flavor,text_or_table,pdf_document,2200,343,low_background,,,,,
UCHUNK_001237,DOC_1D4C129E0BD4,fda_flavor_labeling_regulation_reference.pdf,natural_flavor,text_or_table,pdf_document,1630,288,low_background,,,,,
UCHUNK_001238,DOC_1D4C129E0BD4,fda_flavor_labeling_regulation_reference.pdf,natural_flavor,text_or_table,pdf_document,2199,277,low_background,,,,,
UCHUNK_001239,DOC_1D4C129E0BD4,fda_flavor_labeling_regulation_reference.pdf,natural_flavor,text_or_table,pdf_document,1606,269,low_background,,,,,
UCHUNK_001240,DOC_1D4C129E0BD4,fda_flavor_labeling_regulation_reference.pdf,natural_flavor,text_or_table,pdf_document,2199,364,low_background,,,,,
UCHUNK_001241,DOC_1D4C129E0BD4,fda_flavor_labeling_regulation_reference.pdf,natural_flavor,text_or_table,pdf_document,1232,205,low_background,,,,,
UCHUNK_001242,DOC_1D4C129E0BD4,fda_flavor_labeling_regulation_reference.pdf,natural_flavor,text_or_table,pdf_document,2200,377,low_background,,,,,
UCHUNK_001243,DOC_1D4C129E0BD4,fda_flavor_labeling_regulation_reference.pdf,natural_flavor,text_or_table,pdf_document,1507,232,low_background,,,,,
UCHUNK_001244,DOC_1D4C129E0BD4,fda_flavor_labeling_regulation_reference.pdf,natural_flavor,text_or_table,pdf_document,2200,361,low_background,,,,,
UCHUNK_001245,DOC_1D4C129E0BD4,fda_flavor_labeling_regulation_reference.pdf,natural_flavor,text_or_table,pdf_document,1636,271,low_background,,,,,
UCHUNK_001246,DOC_1D4C129E0BD4,fda_flavor_labeling_regulation_reference.pdf,natural_flavor,text_or_table,pdf_document,2200,354,low_background,,,,,
UCHUNK_001247,DOC_1D4C129E0BD4,fda_flavor_labeling_regulation_reference.pdf,natural_flavor,text_or_table,pdf_document,1696,288,low_background,,,,,
UCHUNK_001248,DOC_1D4C129E0BD4,fda_flavor_labeling_regulation_reference.pdf,natural_flavor,text_or_table,pdf_document,1302,234,low_background,,,,,
UCHUNK_001249,DOC_1D4C129E0BD4,fda_flavor_labeling_regulation_reference.pdf,natural_flavor,text_or_table,pdf_document,2200,397,low_background,,,,,
UCHUNK_001250,DOC_1D4C129E0BD4,fda_flavor_labeling_regulation_reference.pdf,natural_flavor,text_or_table,pdf_document,2199,370,low_background,,,,,
UCHUNK_001251,DOC_1D4C129E0BD4,fda_flavor_labeling_regulation_reference.pdf,natural_flavor,text_or_table,pdf_document,1910,327,low_background,,,,,
UCHUNK_001252,DOC_1D4C129E0BD4,fda_flavor_labeling_regulation_reference.pdf,natural_flavor,text_or_table,pdf_document,2200,407,low_background,,,,,
UCHUNK_001253,DOC_1D4C129E0BD4,fda_flavor_labeling_regulation_reference.pdf,natural_flavor,text_or_table,pdf_document,2200,388,low_background,,,,,
UCHUNK_001254,DOC_1D4C129E0BD4,fda_flavor_labeling_regulation_reference.pdf,natural_flavor,text_or_table,pdf_document,2153,393,low_background,,,,,
UCHUNK_001255,DOC_1D4C129E0BD4,fda_flavor_labeling_regulation_reference.pdf,natural_flavor,text_or_table,pdf_document,2200,390,low_background,,,,,
UCHUNK_001256,DOC_1D4C129E0BD4,fda_flavor_labeling_regulation_reference.pdf,natural_flavor,text_or_table,pdf_document,1606,288,low_background,,,,,
UCHUNK_001257,DOC_1D4C129E0BD4,fda_flavor_labeling_regulation_reference.pdf,natural_flavor,text_or_table,pdf_document,2198,382,low_background,,,,,
UCHUNK_001258,DOC_1D4C129E0BD4,fda_flavor_labeling_regulation_reference.pdf,natural_flavor,text_or_table,pdf_document,1379,249,low_background,,,,,
UCHUNK_001259,DOC_1D4C129E0BD4,fda_flavor_labeling_regulation_reference.pdf,natural_flavor,text_or_table,pdf_document,2200,378,low_background,,,,,
UCHUNK_001260,DOC_1D4C129E0BD4,fda_flavor_labeling_regulation_reference.pdf,natural_flavor,text_or_table,pdf_document,1481,249,low_background,,,,,
UCHUNK_001261,DOC_1D4C129E0BD4,fda_flavor_labeling_regulation_reference.pdf,natural_flavor,text_or_table,pdf_document,2197,380,low_background,,,,,
UCHUNK_001262,DOC_1D4C129E0BD4,fda_flavor_labeling_regulation_reference.pdf,natural_flavor,text_or_table,pdf_document,2200,376,low_background,,,,,
UCHUNK_001263,DOC_1D4C129E0BD4,fda_flavor_labeling_regulation_reference.pdf,natural_flavor,text_or_table,pdf_document,2200,347,low_background,,,,,
UCHUNK_001264,DOC_1D4C129E0BD4,fda_flavor_labeling_regulation_reference.pdf,natural_flavor,text_or_table,pdf_document,2200,363,low_background,,,,,
UCHUNK_001265,DOC_1D4C129E0BD4,fda_flavor_labeling_regulation_reference.pdf,natural_flavor,text_or_table,pdf_document,1800,309,low_background,,,,,
UCHUNK_001266,DOC_1D4C129E0BD4,fda_flavor_labeling_regulation_reference.pdf,natural_flavor,text_or_table,pdf_document,2200,347,low_background,,,,,
UCHUNK_001267,DOC_1D4C129E0BD4,fda_flavor_labeling_regulation_reference.pdf,natural_flavor,text_or_table,pdf_document,1713,288,low_background,,,,,
UCHUNK_001268,DOC_1D4C129E0BD4,fda_flavor_labeling_regulation_reference.pdf,natural_flavor,text_or_table,pdf_document,2200,387,low_background,,,,,
UCHUNK_001269,DOC_1D4C129E0BD4,fda_flavor_labeling_regulation_reference.pdf,natural_flavor,text_or_table,pdf_document,1488,249,low_background,,,,,
UCHUNK_001270,DOC_1D4C129E0BD4,fda_flavor_labeling_regulation_reference.pdf,natural_flavor,text_or_table,pdf_document,2199,405,low_background,,,,,
UCHUNK_001271,DOC_1D4C129E0BD4,fda_flavor_labeling_regulation_reference.pdf,natural_flavor,text_or_table,pdf_document,1594,429,low_background,,,,,
UCHUNK_001272,DOC_1D4C129E0BD4,fda_flavor_labeling_regulation_reference.pdf,natural_flavor,text_or_table,pdf_document,2199,464,low_background,,,,,
UCHUNK_001273,DOC_1D4C129E0BD4,fda_flavor_labeling_regulation_reference.pdf,natural_flavor,text_or_table,pdf_document,1627,279,low_background,,,,,
UCHUNK_001274,DOC_1D4C129E0BD4,fda_flavor_labeling_regulation_reference.pdf,natural_flavor,text_or_table,pdf_document,2200,368,low_background,,,,,
UCHUNK_001275,DOC_1D4C129E0BD4,fda_flavor_labeling_regulation_reference.pdf,natural_flavor,text_or_table,pdf_document,1488,279,low_background,,,,,
UCHUNK_001276,DOC_1D4C129E0BD4,fda_flavor_labeling_regulation_reference.pdf,natural_flavor,text_or_table,pdf_document,2199,388,low_background,,,,,
UCHUNK_001277,DOC_1D4C129E0BD4,fda_flavor_labeling_regulation_reference.pdf,natural_flavor,text_or_table,pdf_document,2199,406,low_background,,,,,
UCHUNK_001278,DOC_1D4C129E0BD4,fda_flavor_labeling_regulation_reference.pdf,natural_flavor,text_or_table,pdf_document,2098,386,low_background,,,,,
UCHUNK_001279,DOC_1D4C129E0BD4,fda_flavor_labeling_regulation_reference.pdf,natural_flavor,text_or_table,pdf_document,2200,311,low_background,,,,,
UCHUNK_001280,DOC_1D4C129E0BD4,fda_flavor_labeling_regulation_reference.pdf,natural_flavor,text_or_table,pdf_document,1324,237,low_background,,,,,
UCHUNK_001281,DOC_1D4C129E0BD4,fda_flavor_labeling_regulation_reference.pdf,natural_flavor,text_or_table,pdf_document,2200,355,low_background,,,,,
UCHUNK_001282,DOC_1D4C129E0BD4,fda_flavor_labeling_regulation_reference.pdf,natural_flavor,text_or_table,pdf_document,2200,409,low_background,,,,,
UCHUNK_001283,DOC_1D4C129E0BD4,fda_flavor_labeling_regulation_reference.pdf,natural_flavor,text_or_table,pdf_document,1535,275,low_background,,,,,
UCHUNK_001284,DOC_1D4C129E0BD4,fda_flavor_labeling_regulation_reference.pdf,natural_flavor,text_or_table,pdf_document,2041,357,low_background,,,,,
UCHUNK_001285,DOC_1D4C129E0BD4,fda_flavor_labeling_regulation_reference.pdf,natural_flavor,text_or_table,pdf_document,2200,314,low_background,,,,,
UCHUNK_001286,DOC_1D4C129E0BD4,fda_flavor_labeling_regulation_reference.pdf,natural_flavor,text_or_table,pdf_document,2198,339,low_background,,,,,
UCHUNK_001287,DOC_1D4C129E0BD4,fda_flavor_labeling_regulation_reference.pdf,natural_flavor,text_or_table,pdf_document,2200,333,low_background,,,,,
UCHUNK_001288,DOC_1D4C129E0BD4,fda_flavor_labeling_regulation_reference.pdf,natural_flavor,text_or_table,pdf_document,2200,352,low_background,,,,,
UCHUNK_001289,DOC_1D4C129E0BD4,fda_flavor_labeling_regulation_reference.pdf,natural_flavor,text_or_table,pdf_document,2200,347,low_background,,,,,
UCHUNK_001290,DOC_1D4C129E0BD4,fda_flavor_labeling_regulation_reference.pdf,natural_flavor,text_or_table,pdf_document,2200,336,low_background,,,,,
UCHUNK_001291,DOC_1D4C129E0BD4,fda_flavor_labeling_regulation_reference.pdf,natural_flavor,text_or_table,pdf_document,2199,379,low_background,,,,,
UCHUNK_001292,DOC_1D4C129E0BD4,fda_flavor_labeling_regulation_reference.pdf,natural_flavor,text_or_table,pdf_document,2200,398,low_background,,,,,
UCHUNK_001293,DOC_1D4C129E0BD4,fda_flavor_labeling_regulation_reference.pdf,natural_flavor,text_or_table,pdf_document,2199,406,low_background,,,,,
UCHUNK_001294,DOC_1D4C129E0BD4,fda_flavor_labeling_regulation_reference.pdf,natural_flavor,text_or_table,pdf_document,1647,226,low_background,,,,,
UCHUNK_001295,DOC_1D4C129E0BD4,fda_flavor_labeling_regulation_reference.pdf,natural_flavor,text_or_table,pdf_document,2200,380,low_background,,,,,
UCHUNK_001296,DOC_1D4C129E0BD4,fda_flavor_labeling_regulation_reference.pdf,natural_flavor,text_or_table,pdf_document,2042,360,low_background,,,,,
UCHUNK_001297,DOC_1D4C129E0BD4,fda_flavor_labeling_regulation_reference.pdf,natural_flavor,text_or_table,pdf_document,1895,314,low_background,,,,,
UCHUNK_001298,DOC_1D4C129E0BD4,fda_flavor_labeling_regulation_reference.pdf,natural_flavor,text_or_table,pdf_document,2200,351,low_background,,,,,
UCHUNK_001299,DOC_1D4C129E0BD4,fda_flavor_labeling_regulation_reference.pdf,natural_flavor,text_or_table,pdf_document,2200,367,low_background,,,,,
UCHUNK_001300,DOC_1D4C129E0BD4,fda_flavor_labeling_regulation_reference.pdf,natural_flavor,text_or_table,pdf_document,2200,350,low_background,,,,,
UCHUNK_001301,DOC_1D4C129E0BD4,fda_flavor_labeling_regulation_reference.pdf,natural_flavor,text_or_table,pdf_document,1490,216,low_background,,,,,
UCHUNK_001302,DOC_1D4C129E0BD4,fda_flavor_labeling_regulation_reference.pdf,natural_flavor,text_or_table,pdf_document,2200,354,low_background,,,,,
UCHUNK_001303,DOC_1D4C129E0BD4,fda_flavor_labeling_regulation_reference.pdf,natural_flavor,text_or_table,pdf_document,1576,271,low_background,,,,,
UCHUNK_001304,DOC_1D4C129E0BD4,fda_flavor_labeling_regulation_reference.pdf,natural_flavor,text_or_table,pdf_document,1887,314,low_background,,,,,
UCHUNK_001305,DOC_1D4C129E0BD4,fda_flavor_labeling_regulation_reference.pdf,natural_flavor,text_or_table,pdf_document,2200,347,low_background,,,,,
UCHUNK_001306,DOC_1D4C129E0BD4,fda_flavor_labeling_regulation_reference.pdf,natural_flavor,text_or_table,pdf_document,2200,381,low_background,,,,,
UCHUNK_001307,DOC_1D4C129E0BD4,fda_flavor_labeling_regulation_reference.pdf,natural_flavor,text_or_table,pdf_document,2199,362,low_background,,,,,
UCHUNK_001308,DOC_1D4C129E0BD4,fda_flavor_labeling_regulation_reference.pdf,natural_flavor,text_or_table,pdf_document,2200,360,low_background,,,,,
UCHUNK_001309,DOC_1D4C129E0BD4,fda_flavor_labeling_regulation_reference.pdf,natural_flavor,text_or_table,pdf_document,2200,354,low_background,,,,,
UCHUNK_001310,DOC_1D4C129E0BD4,fda_flavor_labeling_regulation_reference.pdf,natural_flavor,text_or_table,pdf_document,1624,288,low_background,,,,,
UCHUNK_001311,DOC_1D4C129E0BD4,fda_flavor_labeling_regulation_reference.pdf,natural_flavor,text_or_table,pdf_document,2198,402,low_background,,,,,
UCHUNK_001312,DOC_1D4C129E0BD4,fda_flavor_labeling_regulation_reference.pdf,natural_flavor,text_or_table,pdf_document,2197,325,low_background,,,,,
UCHUNK_001313,DOC_1D4C129E0BD4,fda_flavor_labeling_regulation_reference.pdf,natural_flavor,text_or_table,pdf_document,2200,338,low_background,,,,,
UCHUNK_001314,DOC_1D4C129E0BD4,fda_flavor_labeling_regulation_reference.pdf,natural_flavor,text_or_table,pdf_document,2200,378,low_background,,,,,
UCHUNK_001315,DOC_1D4C129E0BD4,fda_flavor_labeling_regulation_reference.pdf,natural_flavor,text_or_table,pdf_document,2200,396,low_background,,,,,
UCHUNK_001316,DOC_1D4C129E0BD4,fda_flavor_labeling_regulation_reference.pdf,natural_flavor,text_or_table,pdf_document,2199,361,low_background,,,,,
UCHUNK_001317,DOC_1D4C129E0BD4,fda_flavor_labeling_regulation_reference.pdf,natural_flavor,text_or_table,pdf_document,2198,368,low_background,,,,,
UCHUNK_001318,DOC_1D4C129E0BD4,fda_flavor_labeling_regulation_reference.pdf,natural_flavor,text_or_table,pdf_document,2200,346,low_background,,,,,
UCHUNK_001319,DOC_1D4C129E0BD4,fda_flavor_labeling_regulation_reference.pdf,natural_flavor,text_or_table,pdf_document,1947,342,low_background,,,,,
UCHUNK_001320,DOC_1D4C129E0BD4,fda_flavor_labeling_regulation_reference.pdf,natural_flavor,text_or_table,pdf_document,2200,380,low_background,,,,,
UCHUNK_001321,DOC_1D4C129E0BD4,fda_flavor_labeling_regulation_reference.pdf,natural_flavor,text_or_table,pdf_document,1687,317,low_background,,,,,
UCHUNK_001322,DOC_1D4C129E0BD4,fda_flavor_labeling_regulation_reference.pdf,natural_flavor,text_or_table,pdf_document,2199,370,low_background,,,,,
UCHUNK_001323,DOC_1D4C129E0BD4,fda_flavor_labeling_regulation_reference.pdf,natural_flavor,text_or_table,pdf_document,2200,356,low_background,,,,,
UCHUNK_001324,DOC_1D4C129E0BD4,fda_flavor_labeling_regulation_reference.pdf,natural_flavor,text_or_table,pdf_document,1518,283,low_background,,,,,
UCHUNK_001325,DOC_1D4C129E0BD4,fda_flavor_labeling_regulation_reference.pdf,natural_flavor,text_or_table,pdf_document,2199,432,low_background,,,,,
UCHUNK_001326,DOC_1D4C129E0BD4,fda_flavor_labeling_regulation_reference.pdf,natural_flavor,text_or_table,pdf_document,2200,292,low_background,,,,,
UCHUNK_001327,DOC_1D4C129E0BD4,fda_flavor_labeling_regulation_reference.pdf,natural_flavor,text_or_table,pdf_document,2200,258,low_background,,,,,
UCHUNK_001328,DOC_1D4C129E0BD4,fda_flavor_labeling_regulation_reference.pdf,natural_flavor,text_or_table,pdf_document,2200,349,low_background,,,,,
UCHUNK_001329,DOC_1D4C129E0BD4,fda_flavor_labeling_regulation_reference.pdf,natural_flavor,text_or_table,pdf_document,1640,254,low_background,,,,,
UCHUNK_001330,DOC_1D4C129E0BD4,fda_flavor_labeling_regulation_reference.pdf,natural_flavor,text_or_table,pdf_document,1641,313,low_background,,,,,
UCHUNK_001331,DOC_1D4C129E0BD4,fda_flavor_labeling_regulation_reference.pdf,natural_flavor,text_or_table,pdf_document,2090,441,low_background,,,,,
UCHUNK_001332,DOC_1D4C129E0BD4,fda_flavor_labeling_regulation_reference.pdf,natural_flavor,text_or_table,pdf_document,2192,389,low_background,,,,,
UCHUNK_001333,DOC_1D4C129E0BD4,fda_flavor_labeling_regulation_reference.pdf,natural_flavor,text_or_table,pdf_document,522,109,low_background,,,,,
UCHUNK_001334,DOC_F0190DCF0884,natural_flavor_declaration_fda_definition_reference.pdf,natural_flavor,text_or_table,pdf_document,2200,311,low_background,,,,,
UCHUNK_001335,DOC_F0190DCF0884,natural_flavor_declaration_fda_definition_reference.pdf,natural_flavor,text_or_table,pdf_document,2199,307,low_background,,,,,
UCHUNK_001336,DOC_F0190DCF0884,natural_flavor_declaration_fda_definition_reference.pdf,natural_flavor,text_or_table,pdf_document,2200,319,low_background,,,,,
UCHUNK_001337,DOC_F0190DCF0884,natural_flavor_declaration_fda_definition_reference.pdf,natural_flavor,text_or_table,pdf_document,2200,297,low_background,,,,,
UCHUNK_001338,DOC_F0190DCF0884,natural_flavor_declaration_fda_definition_reference.pdf,natural_flavor,text_or_table,pdf_document,2200,312,low_background,,,,,
UCHUNK_001339,DOC_F0190DCF0884,natural_flavor_declaration_fda_definition_reference.pdf,natural_flavor,text_or_table,pdf_document,2200,301,low_background,,,,,
UCHUNK_001340,DOC_F0190DCF0884,natural_flavor_declaration_fda_definition_reference.pdf,natural_flavor,text_or_table,pdf_document,730,46,low_background,,,,,
UCHUNK_001341,DOC_B690BF25DADF,fema_flavor_ingredient_library_page.pdf,natural_flavor,text_or_table,pdf_document,2200,311,low_background,,,,,
UCHUNK_001342,DOC_B690BF25DADF,fema_flavor_ingredient_library_page.pdf,natural_flavor,text_or_table,pdf_document,2200,342,low_background,,,,,
UCHUNK_001343,DOC_B690BF25DADF,fema_flavor_ingredient_library_page.pdf,natural_flavor,text_or_table,pdf_document,1361,195,low_background,,,,,
UCHUNK_001344,DOC_B690BF25DADF,fema_flavor_ingredient_library_page.pdf,natural_flavor,text_or_table,pdf_document,2075,284,low_background,,,,,
UCHUNK_001345,DOC_B690BF25DADF,fema_flavor_ingredient_library_page.pdf,natural_flavor,text_or_table,pdf_document,1473,213,low_background,,,,,
UCHUNK_001346,DOC_B690BF25DADF,fema_flavor_ingredient_library_page.pdf,natural_flavor,text_or_table,pdf_document,2198,296,low_background,,,,,
UCHUNK_001347,DOC_B690BF25DADF,fema_flavor_ingredient_library_page.pdf,natural_flavor,text_or_table,pdf_document,1092,156,low_background,,,,,
UCHUNK_001348,DOC_DAEB12849174,fema_gras_program_page.pdf,natural_flavor,text_or_table,pdf_document,14,4,low_short_text,,,,,
UCHUNK_001349,DOC_12314C1C49CF,interim_gras_33_apr_2026.pdf,natural_flavor,text_or_table,pdf_document,2200,311,low_background,,,,,
UCHUNK_001350,DOC_12314C1C49CF,interim_gras_33_apr_2026.pdf,natural_flavor,text_or_table,pdf_document,2200,342,low_background,,,,,
UCHUNK_001351,DOC_12314C1C49CF,interim_gras_33_apr_2026.pdf,natural_flavor,text_or_table,pdf_document,1361,195,low_background,,,,,
UCHUNK_001352,DOC_12314C1C49CF,interim_gras_33_apr_2026.pdf,natural_flavor,text_or_table,pdf_document,2075,284,low_background,,,,,
UCHUNK_001353,DOC_12314C1C49CF,interim_gras_33_apr_2026.pdf,natural_flavor,text_or_table,pdf_document,1473,213,low_background,,,,,
UCHUNK_001354,DOC_12314C1C49CF,interim_gras_33_apr_2026.pdf,natural_flavor,text_or_table,pdf_document,2198,296,low_background,,,,,
UCHUNK_001355,DOC_12314C1C49CF,interim_gras_33_apr_2026.pdf,natural_flavor,text_or_table,pdf_document,1092,156,low_background,,,,,
UCHUNK_001356,DOC_1164AEC6C38C,natural_flavor_function_in_food_explanation.pdf,natural_flavor,text_or_table,pdf_document,14,4,low_short_text,,,,,
UCHUNK_001357,DOC_0DD09547ACD4,natural_flavor_extraction_distillation_fermentation_explanation.pdf,natural_flavor,text_or_table,pdf_document,14,4,low_short_text,,,,,
UCHUNK_001358,DOC_399D89EF9892,natural_flavor_market_overview_reference.pdf,natural_flavor,text_or_table,pdf_document,14,4,low_short_text,,,,,
UCHUNK_001359,DOC_F89879677373,hershey_latest_esg_packaging_section.pdf,packaging_wrapper,text_or_table,pdf_document,2200,349,low_background,,,,,
UCHUNK_001360,DOC_F89879677373,hershey_latest_esg_packaging_section.pdf,packaging_wrapper,text_or_table,pdf_document,2200,339,low_background,,,,,
UCHUNK_001361,DOC_F89879677373,hershey_latest_esg_packaging_section.pdf,packaging_wrapper,text_or_table,pdf_document,2200,329,low_background,,,,,
UCHUNK_001362,DOC_F89879677373,hershey_latest_esg_packaging_section.pdf,packaging_wrapper,text_or_table,pdf_document,1656,257,low_background,,,,,
UCHUNK_001363,DOC_F89879677373,hershey_latest_esg_packaging_section.pdf,packaging_wrapper,text_or_table,pdf_document,2200,334,low_background,,,,,
UCHUNK_001364,DOC_F89879677373,hershey_latest_esg_packaging_section.pdf,packaging_wrapper,text_or_table,pdf_document,2200,344,low_background,,,,,
UCHUNK_001365,DOC_F89879677373,hershey_latest_esg_packaging_section.pdf,packaging_wrapper,text_or_table,pdf_document,1628,254,low_background,,,,,
UCHUNK_001366,DOC_F89879677373,hershey_latest_esg_packaging_section.pdf,packaging_wrapper,text_or_table,pdf_document,2200,337,low_background,,,,,
UCHUNK_001367,DOC_F89879677373,hershey_latest_esg_packaging_section.pdf,packaging_wrapper,text_or_table,pdf_document,2199,309,low_background,,,,,
UCHUNK_001368,DOC_F89879677373,hershey_latest_esg_packaging_section.pdf,packaging_wrapper,text_or_table,pdf_document,1891,265,low_background,,,,,
UCHUNK_001369,DOC_F89879677373,hershey_latest_esg_packaging_section.pdf,packaging_wrapper,text_or_table,pdf_document,2198,341,low_background,,,,,
UCHUNK_001370,DOC_F89879677373,hershey_latest_esg_packaging_section.pdf,packaging_wrapper,text_or_table,pdf_document,2198,334,low_background,,,,,
UCHUNK_001371,DOC_F89879677373,hershey_latest_esg_packaging_section.pdf,packaging_wrapper,text_or_table,pdf_document,1502,234,low_background,,,,,
UCHUNK_001372,DOC_F89879677373,hershey_latest_esg_packaging_section.pdf,packaging_wrapper,text_or_table,pdf_document,2200,317,low_background,,,,,
UCHUNK_001373,DOC_F89879677373,hershey_latest_esg_packaging_section.pdf,packaging_wrapper,text_or_table,pdf_document,2188,322,low_background,,,,,
UCHUNK_001374,DOC_F89879677373,hershey_latest_esg_packaging_section.pdf,packaging_wrapper,text_or_table,pdf_document,2200,314,low_background,,,,,
UCHUNK_001375,DOC_F89879677373,hershey_latest_esg_packaging_section.pdf,packaging_wrapper,text_or_table,pdf_document,2199,298,low_background,,,,,
UCHUNK_001376,DOC_F89879677373,hershey_latest_esg_packaging_section.pdf,packaging_wrapper,text_or_table,pdf_document,2199,307,low_background,,,,,
UCHUNK_001377,DOC_F89879677373,hershey_latest_esg_packaging_section.pdf,packaging_wrapper,text_or_table,pdf_document,1809,273,low_background,,,,,
UCHUNK_001378,DOC_F89879677373,hershey_latest_esg_packaging_section.pdf,packaging_wrapper,text_or_table,pdf_document,2200,332,low_background,,,,,
UCHUNK_001379,DOC_F89879677373,hershey_latest_esg_packaging_section.pdf,packaging_wrapper,text_or_table,pdf_document,2200,350,low_background,,,,,
UCHUNK_001380,DOC_F89879677373,hershey_latest_esg_packaging_section.pdf,packaging_wrapper,text_or_table,pdf_document,1733,256,low_background,,,,,
UCHUNK_001381,DOC_F89879677373,hershey_latest_esg_packaging_section.pdf,packaging_wrapper,text_or_table,pdf_document,2200,323,low_background,,,,,
UCHUNK_001382,DOC_F89879677373,hershey_latest_esg_packaging_section.pdf,packaging_wrapper,text_or_table,pdf_document,2200,344,low_background,,,,,
UCHUNK_001383,DOC_F89879677373,hershey_latest_esg_packaging_section.pdf,packaging_wrapper,text_or_table,pdf_document,2200,349,low_background,,,,,
UCHUNK_001384,DOC_F89879677373,hershey_latest_esg_packaging_section.pdf,packaging_wrapper,text_or_table,pdf_document,2199,331,low_background,,,,,
UCHUNK_001385,DOC_F89879677373,hershey_latest_esg_packaging_section.pdf,packaging_wrapper,text_or_table,pdf_document,1541,218,low_background,,,,,
UCHUNK_001386,DOC_F89879677373,hershey_latest_esg_packaging_section.pdf,packaging_wrapper,text_or_table,pdf_document,2200,312,low_background,,,,,
UCHUNK_001387,DOC_F89879677373,hershey_latest_esg_packaging_section.pdf,packaging_wrapper,text_or_table,pdf_document,2199,335,low_background,,,,,
UCHUNK_001388,DOC_F89879677373,hershey_latest_esg_packaging_section.pdf,packaging_wrapper,text_or_table,pdf_document,2200,320,low_background,,,,,
UCHUNK_001389,DOC_F89879677373,hershey_latest_esg_packaging_section.pdf,packaging_wrapper,text_or_table,pdf_document,2019,296,low_background,,,,,
UCHUNK_001390,DOC_F89879677373,hershey_latest_esg_packaging_section.pdf,packaging_wrapper,text_or_table,pdf_document,1936,305,low_background,,,,,
UCHUNK_001391,DOC_F89879677373,hershey_latest_esg_packaging_section.pdf,packaging_wrapper,text_or_table,pdf_document,2055,326,low_background,,,,,
UCHUNK_001392,DOC_F89879677373,hershey_latest_esg_packaging_section.pdf,packaging_wrapper,text_or_table,pdf_document,1413,218,low_background,,,,,
UCHUNK_001393,DOC_F89879677373,hershey_latest_esg_packaging_section.pdf,packaging_wrapper,text_or_table,pdf_document,2200,334,low_background,,,,,
UCHUNK_001394,DOC_F89879677373,hershey_latest_esg_packaging_section.pdf,packaging_wrapper,text_or_table,pdf_document,2172,318,low_background,,,,,
UCHUNK_001395,DOC_F89879677373,hershey_latest_esg_packaging_section.pdf,packaging_wrapper,text_or_table,pdf_document,2200,350,low_background,,,,,
UCHUNK_001396,DOC_F89879677373,hershey_latest_esg_packaging_section.pdf,packaging_wrapper,text_or_table,pdf_document,2199,334,low_background,,,,,
UCHUNK_001397,DOC_F89879677373,hershey_latest_esg_packaging_section.pdf,packaging_wrapper,text_or_table,pdf_document,2200,324,low_background,,,,,
UCHUNK_001398,DOC_F89879677373,hershey_latest_esg_packaging_section.pdf,packaging_wrapper,text_or_table,pdf_document,2199,328,low_background,,,,,
UCHUNK_001399,DOC_F89879677373,hershey_latest_esg_packaging_section.pdf,packaging_wrapper,text_or_table,pdf_document,2200,320,low_background,,,,,
UCHUNK_001400,DOC_F89879677373,hershey_latest_esg_packaging_section.pdf,packaging_wrapper,text_or_table,pdf_document,2200,332,low_background,,,,,
UCHUNK_001401,DOC_F89879677373,hershey_latest_esg_packaging_section.pdf,packaging_wrapper,text_or_table,pdf_document,2200,340,low_background,,,,,
UCHUNK_001402,DOC_F89879677373,hershey_latest_esg_packaging_section.pdf,packaging_wrapper,text_or_table,pdf_document,2161,313,low_background,,,,,
UCHUNK_001403,DOC_F89879677373,hershey_latest_esg_packaging_section.pdf,packaging_wrapper,text_or_table,pdf_document,2199,316,low_background,,,,,
UCHUNK_001404,DOC_F89879677373,hershey_latest_esg_packaging_section.pdf,packaging_wrapper,text_or_table,pdf_document,2200,321,low_background,,,,,
UCHUNK_001405,DOC_F89879677373,hershey_latest_esg_packaging_section.pdf,packaging_wrapper,text_or_table,pdf_document,2199,330,low_background,,,,,
UCHUNK_001406,DOC_F89879677373,hershey_latest_esg_packaging_section.pdf,packaging_wrapper,text_or_table,pdf_document,1473,225,low_background,,,,,
UCHUNK_001407,DOC_F89879677373,hershey_latest_esg_packaging_section.pdf,packaging_wrapper,text_or_table,pdf_document,2200,333,low_background,,,,,
UCHUNK_001408,DOC_F89879677373,hershey_latest_esg_packaging_section.pdf,packaging_wrapper,text_or_table,pdf_document,2200,334,low_background,,,,,
UCHUNK_001409,DOC_F89879677373,hershey_latest_esg_packaging_section.pdf,packaging_wrapper,text_or_table,pdf_document,1944,285,low_background,,,,,
UCHUNK_001410,DOC_F89879677373,hershey_latest_esg_packaging_section.pdf,packaging_wrapper,text_or_table,pdf_document,2199,313,low_background,,,,,
UCHUNK_001411,DOC_F89879677373,hershey_latest_esg_packaging_section.pdf,packaging_wrapper,text_or_table,pdf_document,2200,334,low_background,,,,,
UCHUNK_001412,DOC_F89879677373,hershey_latest_esg_packaging_section.pdf,packaging_wrapper,text_or_table,pdf_document,1713,258,low_background,,,,,
UCHUNK_001413,DOC_F89879677373,hershey_latest_esg_packaging_section.pdf,packaging_wrapper,text_or_table,pdf_document,2200,337,low_background,,,,,
UCHUNK_001414,DOC_F89879677373,hershey_latest_esg_packaging_section.pdf,packaging_wrapper,text_or_table,pdf_document,2200,341,low_background,,,,,
UCHUNK_001415,DOC_F89879677373,hershey_latest_esg_packaging_section.pdf,packaging_wrapper,text_or_table,pdf_document,2199,348,low_background,,,,,
UCHUNK_001416,DOC_F89879677373,hershey_latest_esg_packaging_section.pdf,packaging_wrapper,text_or_table,pdf_document,1804,278,low_background,,,,,
UCHUNK_001417,DOC_F89879677373,hershey_latest_esg_packaging_section.pdf,packaging_wrapper,text_or_table,pdf_document,2200,342,low_background,,,,,
UCHUNK_001418,DOC_F89879677373,hershey_latest_esg_packaging_section.pdf,packaging_wrapper,text_or_table,pdf_document,2198,335,low_background,,,,,
UCHUNK_001419,DOC_F89879677373,hershey_latest_esg_packaging_section.pdf,packaging_wrapper,text_or_table,pdf_document,1874,291,low_background,,,,,
UCHUNK_001420,DOC_F89879677373,hershey_latest_esg_packaging_section.pdf,packaging_wrapper,text_or_table,pdf_document,2199,313,low_background,,,,,
UCHUNK_001421,DOC_F89879677373,hershey_latest_esg_packaging_section.pdf,packaging_wrapper,text_or_table,pdf_document,2200,324,low_background,,,,,
UCHUNK_001422,DOC_F89879677373,hershey_latest_esg_packaging_section.pdf,packaging_wrapper,text_or_table,pdf_document,2200,324,low_background,,,,,
UCHUNK_001423,DOC_F89879677373,hershey_latest_esg_packaging_section.pdf,packaging_wrapper,text_or_table,pdf_document,2199,321,low_background,,,,,
UCHUNK_001424,DOC_F89879677373,hershey_latest_esg_packaging_section.pdf,packaging_wrapper,text_or_table,pdf_document,2200,325,low_background,,,,,
UCHUNK_001425,DOC_F89879677373,hershey_latest_esg_packaging_section.pdf,packaging_wrapper,text_or_table,pdf_document,1435,206,low_background,,,,,
UCHUNK_001426,DOC_F89879677373,hershey_latest_esg_packaging_section.pdf,packaging_wrapper,text_or_table,pdf_document,2199,335,low_background,,,,,
UCHUNK_001427,DOC_F89879677373,hershey_latest_esg_packaging_section.pdf,packaging_wrapper,text_or_table,pdf_document,1330,208,low_background,,,,,
UCHUNK_001428,DOC_F89879677373,hershey_latest_esg_packaging_section.pdf,packaging_wrapper,text_or_table,pdf_document,2200,315,low_background,,,,,
UCHUNK_001429,DOC_F89879677373,hershey_latest_esg_packaging_section.pdf,packaging_wrapper,text_or_table,pdf_document,2200,306,low_background,,,,,
UCHUNK_001430,DOC_F89879677373,hershey_latest_esg_packaging_section.pdf,packaging_wrapper,text_or_table,pdf_document,2200,310,low_background,,,,,
UCHUNK_001431,DOC_F89879677373,hershey_latest_esg_packaging_section.pdf,packaging_wrapper,text_or_table,pdf_document,2200,328,low_background,,,,,
UCHUNK_001432,DOC_F89879677373,hershey_latest_esg_packaging_section.pdf,packaging_wrapper,text_or_table,pdf_document,2200,322,low_background,,,,,
UCHUNK_001433,DOC_F89879677373,hershey_latest_esg_packaging_section.pdf,packaging_wrapper,text_or_table,pdf_document,2200,340,low_background,,,,,
UCHUNK_001434,DOC_F89879677373,hershey_latest_esg_packaging_section.pdf,packaging_wrapper,text_or_table,pdf_document,2198,314,low_background,,,,,
UCHUNK_001435,DOC_F89879677373,hershey_latest_esg_packaging_section.pdf,packaging_wrapper,text_or_table,pdf_document,2130,307,low_background,,,,,
UCHUNK_001436,DOC_F89879677373,hershey_latest_esg_packaging_section.pdf,packaging_wrapper,text_or_table,pdf_document,2200,309,low_background,,,,,
UCHUNK_001437,DOC_F89879677373,hershey_latest_esg_packaging_section.pdf,packaging_wrapper,text_or_table,pdf_document,2200,312,low_background,,,,,
UCHUNK_001438,DOC_F89879677373,hershey_latest_esg_packaging_section.pdf,packaging_wrapper,text_or_table,pdf_document,1365,199,low_background,,,,,
UCHUNK_001439,DOC_F89879677373,hershey_latest_esg_packaging_section.pdf,packaging_wrapper,text_or_table,pdf_document,2200,313,low_background,,,,,
UCHUNK_001440,DOC_F89879677373,hershey_latest_esg_packaging_section.pdf,packaging_wrapper,text_or_table,pdf_document,2200,326,low_background,,,,,
UCHUNK_001441,DOC_F89879677373,hershey_latest_esg_packaging_section.pdf,packaging_wrapper,text_or_table,pdf_document,2199,322,low_background,,,,,
UCHUNK_001442,DOC_F89879677373,hershey_latest_esg_packaging_section.pdf,packaging_wrapper,text_or_table,pdf_document,2198,320,low_background,,,,,
UCHUNK_001443,DOC_F89879677373,hershey_latest_esg_packaging_section.pdf,packaging_wrapper,text_or_table,pdf_document,1798,278,low_background,,,,,
UCHUNK_001444,DOC_F89879677373,hershey_latest_esg_packaging_section.pdf,packaging_wrapper,text_or_table,pdf_document,2200,327,low_background,,,,,
UCHUNK_001445,DOC_F89879677373,hershey_latest_esg_packaging_section.pdf,packaging_wrapper,text_or_table,pdf_document,2200,303,low_background,,,,,
UCHUNK_001446,DOC_F89879677373,hershey_latest_esg_packaging_section.pdf,packaging_wrapper,text_or_table,pdf_document,2200,320,low_background,,,,,
UCHUNK_001447,DOC_F89879677373,hershey_latest_esg_packaging_section.pdf,packaging_wrapper,text_or_table,pdf_document,1828,279,low_background,,,,,
UCHUNK_001448,DOC_F89879677373,hershey_latest_esg_packaging_section.pdf,packaging_wrapper,text_or_table,pdf_document,2063,316,low_background,,,,,
UCHUNK_001449,DOC_F89879677373,hershey_latest_esg_packaging_section.pdf,packaging_wrapper,text_or_table,pdf_document,2200,367,low_background,,,,,
UCHUNK_001450,DOC_F89879677373,hershey_latest_esg_packaging_section.pdf,packaging_wrapper,text_or_table,pdf_document,2200,369,low_background,,,,,
UCHUNK_001451,DOC_F89879677373,hershey_latest_esg_packaging_section.pdf,packaging_wrapper,text_or_table,pdf_document,2052,333,low_background,,,,,
UCHUNK_001452,DOC_F89879677373,hershey_latest_esg_packaging_section.pdf,packaging_wrapper,text_or_table,pdf_document,1688,304,low_background,,,,,
UCHUNK_001453,DOC_F89879677373,hershey_latest_esg_packaging_section.pdf,packaging_wrapper,text_or_table,pdf_document,2200,392,low_background,,,,,
UCHUNK_001454,DOC_F89879677373,hershey_latest_esg_packaging_section.pdf,packaging_wrapper,text_or_table,pdf_document,2103,334,low_background,,,,,
UCHUNK_001455,DOC_F89879677373,hershey_latest_esg_packaging_section.pdf,packaging_wrapper,text_or_table,pdf_document,1908,288,low_background,,,,,
UCHUNK_001456,DOC_F89879677373,hershey_latest_esg_packaging_section.pdf,packaging_wrapper,text_or_table,pdf_document,2200,333,low_background,,,,,
UCHUNK_001457,DOC_F89879677373,hershey_latest_esg_packaging_section.pdf,packaging_wrapper,text_or_table,pdf_document,1294,204,low_background,,,,,
UCHUNK_001458,DOC_F89879677373,hershey_latest_esg_packaging_section.pdf,packaging_wrapper,text_or_table,pdf_document,2200,335,low_background,,,,,
UCHUNK_001459,DOC_F89879677373,hershey_latest_esg_packaging_section.pdf,packaging_wrapper,text_or_table,pdf_document,2200,319,low_background,,,,,
UCHUNK_001460,DOC_F89879677373,hershey_latest_esg_packaging_section.pdf,packaging_wrapper,text_or_table,pdf_document,2199,343,low_background,,,,,
UCHUNK_001461,DOC_F89879677373,hershey_latest_esg_packaging_section.pdf,packaging_wrapper,text_or_table,pdf_document,2200,318,low_background,,,,,
UCHUNK_001462,DOC_F89879677373,hershey_latest_esg_packaging_section.pdf,packaging_wrapper,text_or_table,pdf_document,2200,322,low_background,,,,,
UCHUNK_001463,DOC_F89879677373,hershey_latest_esg_packaging_section.pdf,packaging_wrapper,text_or_table,pdf_document,2200,316,low_background,,,,,
UCHUNK_001464,DOC_F89879677373,hershey_latest_esg_packaging_section.pdf,packaging_wrapper,text_or_table,pdf_document,1529,225,low_background,,,,,
UCHUNK_001465,DOC_F89879677373,hershey_latest_esg_packaging_section.pdf,packaging_wrapper,text_or_table,pdf_document,2198,332,low_background,,,,,
UCHUNK_001466,DOC_F89879677373,hershey_latest_esg_packaging_section.pdf,packaging_wrapper,text_or_table,pdf_document,2200,329,low_background,,,,,
UCHUNK_001467,DOC_F89879677373,hershey_latest_esg_packaging_section.pdf,packaging_wrapper,text_or_table,pdf_document,2199,321,low_background,,,,,
UCHUNK_001468,DOC_F89879677373,hershey_latest_esg_packaging_section.pdf,packaging_wrapper,text_or_table,pdf_document,1555,230,low_background,,,,,
UCHUNK_001469,DOC_F89879677373,hershey_latest_esg_packaging_section.pdf,packaging_wrapper,text_or_table,pdf_document,2200,315,low_background,,,,,
UCHUNK_001470,DOC_F89879677373,hershey_latest_esg_packaging_section.pdf,packaging_wrapper,text_or_table,pdf_document,2200,339,low_background,,,,,
UCHUNK_001471,DOC_F89879677373,hershey_latest_esg_packaging_section.pdf,packaging_wrapper,text_or_table,pdf_document,2199,323,low_background,,,,,
UCHUNK_001472,DOC_F89879677373,hershey_latest_esg_packaging_section.pdf,packaging_wrapper,text_or_table,pdf_document,2198,328,low_background,,,,,
UCHUNK_001473,DOC_F89879677373,hershey_latest_esg_packaging_section.pdf,packaging_wrapper,text_or_table,pdf_document,2200,323,low_background,,,,,
UCHUNK_001474,DOC_F89879677373,hershey_latest_esg_packaging_section.pdf,packaging_wrapper,text_or_table,pdf_document,2097,323,low_background,,,,,
UCHUNK_001475,DOC_F89879677373,hershey_latest_esg_packaging_section.pdf,packaging_wrapper,text_or_table,pdf_document,2200,324,low_background,,,,,
UCHUNK_001476,DOC_F89879677373,hershey_latest_esg_packaging_section.pdf,packaging_wrapper,text_or_table,pdf_document,1533,228,low_background,,,,,
UCHUNK_001477,DOC_F89879677373,hershey_latest_esg_packaging_section.pdf,packaging_wrapper,text_or_table,pdf_document,2200,323,low_background,,,,,
UCHUNK_001478,DOC_F89879677373,hershey_latest_esg_packaging_section.pdf,packaging_wrapper,text_or_table,pdf_document,1570,232,low_background,,,,,
UCHUNK_001479,DOC_F89879677373,hershey_latest_esg_packaging_section.pdf,packaging_wrapper,text_or_table,pdf_document,2200,334,low_background,,,,,
UCHUNK_001480,DOC_F89879677373,hershey_latest_esg_packaging_section.pdf,packaging_wrapper,text_or_table,pdf_document,2199,319,low_background,,,,,
UCHUNK_001481,DOC_F89879677373,hershey_latest_esg_packaging_section.pdf,packaging_wrapper,text_or_table,pdf_document,1779,268,low_background,,,,,
UCHUNK_001482,DOC_F89879677373,hershey_latest_esg_packaging_section.pdf,packaging_wrapper,text_or_table,pdf_document,2200,338,low_background,,,,,
UCHUNK_001483,DOC_F89879677373,hershey_latest_esg_packaging_section.pdf,packaging_wrapper,text_or_table,pdf_document,2082,331,low_background,,,,,
UCHUNK_001484,DOC_F89879677373,hershey_latest_esg_packaging_section.pdf,packaging_wrapper,text_or_table,pdf_document,2200,345,low_background,,,,,
UCHUNK_001485,DOC_F89879677373,hershey_latest_esg_packaging_section.pdf,packaging_wrapper,text_or_table,pdf_document,2200,326,low_background,,,,,
UCHUNK_001486,DOC_F89879677373,hershey_latest_esg_packaging_section.pdf,packaging_wrapper,text_or_table,pdf_document,2200,358,low_background,,,,,
UCHUNK_001487,DOC_F89879677373,hershey_latest_esg_packaging_section.pdf,packaging_wrapper,text_or_table,pdf_document,2200,337,low_background,,,,,
UCHUNK_001488,DOC_F89879677373,hershey_latest_esg_packaging_section.pdf,packaging_wrapper,text_or_table,pdf_document,2200,332,low_background,,,,,
UCHUNK_001489,DOC_F89879677373,hershey_latest_esg_packaging_section.pdf,packaging_wrapper,text_or_table,pdf_document,2200,332,low_background,,,,,
UCHUNK_001490,DOC_F89879677373,hershey_latest_esg_packaging_section.pdf,packaging_wrapper,text_or_table,pdf_document,2200,328,low_background,,,,,
UCHUNK_001491,DOC_F89879677373,hershey_latest_esg_packaging_section.pdf,packaging_wrapper,text_or_table,pdf_document,2063,323,low_background,,,,,
UCHUNK_001492,DOC_F89879677373,hershey_latest_esg_packaging_section.pdf,packaging_wrapper,text_or_table,pdf_document,2200,366,low_background,,,,,
UCHUNK_001493,DOC_F89879677373,hershey_latest_esg_packaging_section.pdf,packaging_wrapper,text_or_table,pdf_document,2200,369,low_background,,,,,
UCHUNK_001494,DOC_F89879677373,hershey_latest_esg_packaging_section.pdf,packaging_wrapper,text_or_table,pdf_document,1659,255,low_background,,,,,
UCHUNK_001495,DOC_F89879677373,hershey_latest_esg_packaging_section.pdf,packaging_wrapper,text_or_table,pdf_document,1845,291,low_background,,,,,
UCHUNK_001496,DOC_F89879677373,hershey_latest_esg_packaging_section.pdf,packaging_wrapper,text_or_table,pdf_document,2200,396,low_background,,,,,
UCHUNK_001497,DOC_F89879677373,hershey_latest_esg_packaging_section.pdf,packaging_wrapper,text_or_table,pdf_document,2199,420,low_background,,,,,
UCHUNK_001498,DOC_F89879677373,hershey_latest_esg_packaging_section.pdf,packaging_wrapper,text_or_table,pdf_document,1835,290,low_background,,,,,
UCHUNK_001499,DOC_F89879677373,hershey_latest_esg_packaging_section.pdf,packaging_wrapper,text_or_table,pdf_document,2199,333,low_background,,,,,
UCHUNK_001500,DOC_F89879677373,hershey_latest_esg_packaging_section.pdf,packaging_wrapper,text_or_table,pdf_document,2200,331,low_background,,,,,
UCHUNK_001501,DOC_F89879677373,hershey_latest_esg_packaging_section.pdf,packaging_wrapper,text_or_table,pdf_document,2200,318,low_background,,,,,
UCHUNK_001502,DOC_F89879677373,hershey_latest_esg_packaging_section.pdf,packaging_wrapper,text_or_table,pdf_document,2200,332,low_background,,,,,
UCHUNK_001503,DOC_F89879677373,hershey_latest_esg_packaging_section.pdf,packaging_wrapper,text_or_table,pdf_document,1432,209,low_background,,,,,
UCHUNK_001504,DOC_F89879677373,hershey_latest_esg_packaging_section.pdf,packaging_wrapper,text_or_table,pdf_document,2200,334,low_background,,,,,
UCHUNK_001505,DOC_F89879677373,hershey_latest_esg_packaging_section.pdf,packaging_wrapper,text_or_table,pdf_document,2199,335,low_background,,,,,
UCHUNK_001506,DOC_F89879677373,hershey_latest_esg_packaging_section.pdf,packaging_wrapper,text_or_table,pdf_document,2200,321,low_background,,,,,
UCHUNK_001507,DOC_F89879677373,hershey_latest_esg_packaging_section.pdf,packaging_wrapper,text_or_table,pdf_document,2200,333,low_background,,,,,
UCHUNK_001508,DOC_F89879677373,hershey_latest_esg_packaging_section.pdf,packaging_wrapper,text_or_table,pdf_document,2200,312,low_background,,,,,
UCHUNK_001509,DOC_F89879677373,hershey_latest_esg_packaging_section.pdf,packaging_wrapper,text_or_table,pdf_document,2200,334,low_background,,,,,
UCHUNK_001510,DOC_F89879677373,hershey_latest_esg_packaging_section.pdf,packaging_wrapper,text_or_table,pdf_document,2200,340,low_background,,,,,
UCHUNK_001511,DOC_F89879677373,hershey_latest_esg_packaging_section.pdf,packaging_wrapper,text_or_table,pdf_document,2198,324,low_background,,,,,
UCHUNK_001512,DOC_F89879677373,hershey_latest_esg_packaging_section.pdf,packaging_wrapper,text_or_table,pdf_document,2200,331,low_background,,,,,
UCHUNK_001513,DOC_F89879677373,hershey_latest_esg_packaging_section.pdf,packaging_wrapper,text_or_table,pdf_document,2199,322,low_background,,,,,
UCHUNK_001514,DOC_F89879677373,hershey_latest_esg_packaging_section.pdf,packaging_wrapper,text_or_table,pdf_document,1745,252,low_background,,,,,
UCHUNK_001515,DOC_F89879677373,hershey_latest_esg_packaging_section.pdf,packaging_wrapper,text_or_table,pdf_document,2199,352,low_background,,,,,
UCHUNK_001516,DOC_F89879677373,hershey_latest_esg_packaging_section.pdf,packaging_wrapper,text_or_table,pdf_document,2200,339,low_background,,,,,
UCHUNK_001517,DOC_F89879677373,hershey_latest_esg_packaging_section.pdf,packaging_wrapper,text_or_table,pdf_document,1700,265,low_background,,,,,
UCHUNK_001518,DOC_F89879677373,hershey_latest_esg_packaging_section.pdf,packaging_wrapper,text_or_table,pdf_document,2199,327,low_background,,,,,
UCHUNK_001519,DOC_F89879677373,hershey_latest_esg_packaging_section.pdf,packaging_wrapper,text_or_table,pdf_document,2200,319,low_background,,,,,
UCHUNK_001520,DOC_F89879677373,hershey_latest_esg_packaging_section.pdf,packaging_wrapper,text_or_table,pdf_document,2200,320,low_background,,,,,
UCHUNK_001521,DOC_F89879677373,hershey_latest_esg_packaging_section.pdf,packaging_wrapper,text_or_table,pdf_document,2200,333,low_background,,,,,
UCHUNK_001522,DOC_F89879677373,hershey_latest_esg_packaging_section.pdf,packaging_wrapper,text_or_table,pdf_document,2199,348,low_background,,,,,
UCHUNK_001523,DOC_F89879677373,hershey_latest_esg_packaging_section.pdf,packaging_wrapper,text_or_table,pdf_document,2200,334,low_background,,,,,
UCHUNK_001524,DOC_F89879677373,hershey_latest_esg_packaging_section.pdf,packaging_wrapper,text_or_table,pdf_document,2200,345,low_background,,,,,
UCHUNK_001525,DOC_F89879677373,hershey_latest_esg_packaging_section.pdf,packaging_wrapper,text_or_table,pdf_document,1339,218,low_background,,,,,
UCHUNK_001526,DOC_F89879677373,hershey_latest_esg_packaging_section.pdf,packaging_wrapper,text_or_table,pdf_document,2200,338,low_background,,,,,
UCHUNK_001527,DOC_F89879677373,hershey_latest_esg_packaging_section.pdf,packaging_wrapper,text_or_table,pdf_document,2200,398,low_background,,,,,
UCHUNK_001528,DOC_F89879677373,hershey_latest_esg_packaging_section.pdf,packaging_wrapper,text_or_table,pdf_document,2200,387,low_background,,,,,
UCHUNK_001529,DOC_F89879677373,hershey_latest_esg_packaging_section.pdf,packaging_wrapper,text_or_table,pdf_document,2200,397,low_background,,,,,
UCHUNK_001530,DOC_F89879677373,hershey_latest_esg_packaging_section.pdf,packaging_wrapper,text_or_table,pdf_document,1621,295,low_background,,,,,
UCHUNK_001531,DOC_F89879677373,hershey_latest_esg_packaging_section.pdf,packaging_wrapper,text_or_table,pdf_document,2199,394,low_background,,,,,
UCHUNK_001532,DOC_F89879677373,hershey_latest_esg_packaging_section.pdf,packaging_wrapper,text_or_table,pdf_document,2199,400,low_background,,,,,
UCHUNK_001533,DOC_F89879677373,hershey_latest_esg_packaging_section.pdf,packaging_wrapper,text_or_table,pdf_document,2200,357,low_background,,,,,
UCHUNK_001534,DOC_F89879677373,hershey_latest_esg_packaging_section.pdf,packaging_wrapper,text_or_table,pdf_document,1611,268,low_background,,,,,
UCHUNK_001535,DOC_F89879677373,hershey_latest_esg_packaging_section.pdf,packaging_wrapper,text_or_table,pdf_document,1590,251,low_background,,,,,
UCHUNK_001536,DOC_F89879677373,hershey_latest_esg_packaging_section.pdf,packaging_wrapper,text_or_table,pdf_document,2200,332,low_background,,,,,
UCHUNK_001537,DOC_F89879677373,hershey_latest_esg_packaging_section.pdf,packaging_wrapper,text_or_table,pdf_document,2200,329,low_background,,,,,
UCHUNK_001538,DOC_F89879677373,hershey_latest_esg_packaging_section.pdf,packaging_wrapper,text_or_table,pdf_document,2199,328,low_background,,,,,
UCHUNK_001539,DOC_F89879677373,hershey_latest_esg_packaging_section.pdf,packaging_wrapper,text_or_table,pdf_document,2053,317,low_background,,,,,
UCHUNK_001540,DOC_F89879677373,hershey_latest_esg_packaging_section.pdf,packaging_wrapper,text_or_table,pdf_document,2200,332,low_background,,,,,
UCHUNK_001541,DOC_F89879677373,hershey_latest_esg_packaging_section.pdf,packaging_wrapper,text_or_table,pdf_document,2200,345,low_background,,,,,
UCHUNK_001542,DOC_F89879677373,hershey_latest_esg_packaging_section.pdf,packaging_wrapper,text_or_table,pdf_document,2200,323,low_background,,,,,
UCHUNK_001543,DOC_F89879677373,hershey_latest_esg_packaging_section.pdf,packaging_wrapper,text_or_table,pdf_document,1690,245,low_background,,,,,
UCHUNK_001544,DOC_F89879677373,hershey_latest_esg_packaging_section.pdf,packaging_wrapper,text_or_table,pdf_document,1754,265,low_background,,,,,
UCHUNK_001545,DOC_F89879677373,hershey_latest_esg_packaging_section.pdf,packaging_wrapper,text_or_table,pdf_document,2200,328,low_background,,,,,
UCHUNK_001546,DOC_F89879677373,hershey_latest_esg_packaging_section.pdf,packaging_wrapper,text_or_table,pdf_document,2200,307,low_background,,,,,
UCHUNK_001547,DOC_F89879677373,hershey_latest_esg_packaging_section.pdf,packaging_wrapper,text_or_table,pdf_document,1839,264,low_background,,,,,
UCHUNK_001548,DOC_F89879677373,hershey_latest_esg_packaging_section.pdf,packaging_wrapper,text_or_table,pdf_document,2199,312,low_background,,,,,
UCHUNK_001549,DOC_F89879677373,hershey_latest_esg_packaging_section.pdf,packaging_wrapper,text_or_table,pdf_document,1378,195,low_background,,,,,
UCHUNK_001550,DOC_F89879677373,hershey_latest_esg_packaging_section.pdf,packaging_wrapper,text_or_table,pdf_document,2200,317,low_background,,,,,
UCHUNK_001551,DOC_F89879677373,hershey_latest_esg_packaging_section.pdf,packaging_wrapper,text_or_table,pdf_document,2200,336,low_background,,,,,
UCHUNK_001552,DOC_F89879677373,hershey_latest_esg_packaging_section.pdf,packaging_wrapper,text_or_table,pdf_document,2200,335,low_background,,,,,
UCHUNK_001553,DOC_F89879677373,hershey_latest_esg_packaging_section.pdf,packaging_wrapper,text_or_table,pdf_document,1270,186,low_background,,,,,
UCHUNK_001554,DOC_F89879677373,hershey_latest_esg_packaging_section.pdf,packaging_wrapper,text_or_table,pdf_document,2035,320,low_background,,,,,
UCHUNK_001555,DOC_F89879677373,hershey_latest_esg_packaging_section.pdf,packaging_wrapper,text_or_table,pdf_document,2200,310,low_background,,,,,
UCHUNK_001556,DOC_F89879677373,hershey_latest_esg_packaging_section.pdf,packaging_wrapper,text_or_table,pdf_document,2200,306,low_background,,,,,
UCHUNK_001557,DOC_F89879677373,hershey_latest_esg_packaging_section.pdf,packaging_wrapper,text_or_table,pdf_document,2200,289,low_background,,,,,
UCHUNK_001558,DOC_F89879677373,hershey_latest_esg_packaging_section.pdf,packaging_wrapper,text_or_table,pdf_document,2200,287,low_background,,,,,
UCHUNK_001559,DOC_F89879677373,hershey_latest_esg_packaging_section.pdf,packaging_wrapper,text_or_table,pdf_document,1218,155,low_background,,,,,
UCHUNK_001560,DOC_F89879677373,hershey_latest_esg_packaging_section.pdf,packaging_wrapper,text_or_table,pdf_document,2200,292,low_background,,,,,
UCHUNK_001561,DOC_F89879677373,hershey_latest_esg_packaging_section.pdf,packaging_wrapper,text_or_table,pdf_document,2200,274,low_background,,,,,
UCHUNK_001562,DOC_F89879677373,hershey_latest_esg_packaging_section.pdf,packaging_wrapper,text_or_table,pdf_document,2199,322,low_background,,,,,
UCHUNK_001563,DOC_F89879677373,hershey_latest_esg_packaging_section.pdf,packaging_wrapper,text_or_table,pdf_document,1249,184,low_background,,,,,
UCHUNK_001564,DOC_26064332B82F,hershey_pulp_paper_page.pdf,packaging_wrapper,text_or_table,pdf_document,14,4,low_short_text,,,,,
UCHUNK_001565,DOC_1ED749BEB0B8,pulp-and-paper-sourcing-policy.pdf,packaging_wrapper,text_or_table,pdf_document,2200,323,low_background,,,,,
UCHUNK_001566,DOC_1ED749BEB0B8,pulp-and-paper-sourcing-policy.pdf,packaging_wrapper,text_or_table,pdf_document,2200,330,low_background,,,,,
UCHUNK_001567,DOC_1ED749BEB0B8,pulp-and-paper-sourcing-policy.pdf,packaging_wrapper,text_or_table,pdf_document,2199,317,low_background,,,,,
UCHUNK_001568,DOC_1ED749BEB0B8,pulp-and-paper-sourcing-policy.pdf,packaging_wrapper,text_or_table,pdf_document,1546,235,low_background,,,,,
UCHUNK_001569,DOC_66F839469130,hershey_pulp_and_paper_sourcing_data.pdf,packaging_wrapper,text_or_table,pdf_document,2200,344,low_background,,,,,
UCHUNK_001570,DOC_66F839469130,hershey_pulp_and_paper_sourcing_data.pdf,packaging_wrapper,text_or_table,pdf_document,2200,338,low_background,,,,,
UCHUNK_001571,DOC_66F839469130,hershey_pulp_and_paper_sourcing_data.pdf,packaging_wrapper,text_or_table,pdf_document,1407,204,low_background,,,,,
UCHUNK_001572,DOC_C5BF7969016D,hershey_pulp_paper_supplier_mill_list.pdf,packaging_wrapper,text_or_table,pdf_document,2200,344,low_background,,,,,
UCHUNK_001573,DOC_C5BF7969016D,hershey_pulp_paper_supplier_mill_list.pdf,packaging_wrapper,text_or_table,pdf_document,2200,338,low_background,,,,,
UCHUNK_001574,DOC_C5BF7969016D,hershey_pulp_paper_supplier_mill_list.pdf,packaging_wrapper,text_or_table,pdf_document,1407,204,low_background,,,,,
UCHUNK_001575,DOC_D22719A8CDC8,flexible_packaging_market_overview_reference.pdf,packaging_wrapper,text_or_table,pdf_document,204,48,low_background,,,,,
UCHUNK_001576,DOC_FE10C8C34BF6,bls_ppi_packaging_materials_benchmark.pdf,packaging_wrapper,text_or_table,pdf_document,14,4,low_short_text,,,,,
UCHUNK_001577,DOC_BCA0BB066D42,paperboard_packaging_market_overview_reference.pdf,packaging_wrapper,text_or_table,pdf_document,14,4,low_short_text,,,,,
UCHUNK_001578,DOC_8E60E28B0A31,efsa_pgpr_e476_reevaluation.pdf,pgpr,text_or_table,pdf_document,1903,424,low_background,,,,,
UCHUNK_001579,DOC_9F0DF6069C86,fda_pgpr_gras_notice_inventory_page.pdf,pgpr,text_or_table,pdf_document,2200,346,low_background,,,,,
UCHUNK_001580,DOC_9F0DF6069C86,fda_pgpr_gras_notice_inventory_page.pdf,pgpr,text_or_table,pdf_document,2200,351,low_background,,,,,
UCHUNK_001581,DOC_9F0DF6069C86,fda_pgpr_gras_notice_inventory_page.pdf,pgpr,text_or_table,pdf_document,2200,345,low_background,,,,,
UCHUNK_001582,DOC_9F0DF6069C86,fda_pgpr_gras_notice_inventory_page.pdf,pgpr,text_or_table,pdf_document,2200,345,low_background,,,,,
UCHUNK_001583,DOC_9F0DF6069C86,fda_pgpr_gras_notice_inventory_page.pdf,pgpr,text_or_table,pdf_document,1686,255,low_background,,,,,
UCHUNK_001584,DOC_101588EC345D,fda_pgpr_gras_response_letter.pdf,pgpr,text_or_table,pdf_document,2200,346,low_background,,,,,
UCHUNK_001585,DOC_101588EC345D,fda_pgpr_gras_response_letter.pdf,pgpr,text_or_table,pdf_document,2200,351,low_background,,,,,
UCHUNK_001586,DOC_101588EC345D,fda_pgpr_gras_response_letter.pdf,pgpr,text_or_table,pdf_document,2200,345,low_background,,,,,
UCHUNK_001587,DOC_101588EC345D,fda_pgpr_gras_response_letter.pdf,pgpr,text_or_table,pdf_document,2200,345,low_background,,,,,
UCHUNK_001588,DOC_101588EC345D,fda_pgpr_gras_response_letter.pdf,pgpr,text_or_table,pdf_document,1686,255,low_background,,,,,
UCHUNK_001589,DOC_A6A693D3495F,pgpr_and_lecithin_chocolate_emulsifier_use.pdf,pgpr,text_or_table,pdf_document,14,4,low_short_text,,,,,
UCHUNK_001590,DOC_F398FB109346,pgpr_function_in_chocolate_explanation.pdf,pgpr,text_or_table,pdf_document,14,4,low_short_text,,,,,
UCHUNK_001591,DOC_1BE15D0DAB2F,castor_oil_ricinoleic_acid_pgpr_origin_reference.pdf,pgpr,text_or_table,pdf_document,14,4,low_short_text,,,,,
UCHUNK_001592,DOC_5EE6EEAC2420,pgpr_processing_polyglycerol_ricinoleic_acid_explanation.pdf,pgpr,text_or_table,pdf_document,14,4,low_short_text,,,,,
UCHUNK_001593,DOC_5BC712652F98,pgpr_market_overview_reference.pdf,pgpr,text_or_table,pdf_document,2200,301,low_background,,,,,
UCHUNK_001594,DOC_5BC712652F98,pgpr_market_overview_reference.pdf,pgpr,text_or_table,pdf_document,2200,288,low_background,,,,,
UCHUNK_001595,DOC_5BC712652F98,pgpr_market_overview_reference.pdf,pgpr,text_or_table,pdf_document,2200,312,low_background,,,,,
UCHUNK_001596,DOC_5BC712652F98,pgpr_market_overview_reference.pdf,pgpr,text_or_table,pdf_document,2198,295,low_background,,,,,
UCHUNK_001597,DOC_5BC712652F98,pgpr_market_overview_reference.pdf,pgpr,text_or_table,pdf_document,1770,241,low_background,,,,,
UCHUNK_001598,DOC_5BC712652F98,pgpr_market_overview_reference.pdf,pgpr,text_or_table,pdf_document,2199,288,low_background,,,,,
UCHUNK_001599,DOC_5BC712652F98,pgpr_market_overview_reference.pdf,pgpr,text_or_table,pdf_document,2200,282,low_background,,,,,
UCHUNK_001600,DOC_5BC712652F98,pgpr_market_overview_reference.pdf,pgpr,text_or_table,pdf_document,1953,249,low_background,,,,,
UCHUNK_001601,DOC_5BC712652F98,pgpr_market_overview_reference.pdf,pgpr,text_or_table,pdf_document,2200,286,low_background,,,,,
UCHUNK_001602,DOC_5BC712652F98,pgpr_market_overview_reference.pdf,pgpr,text_or_table,pdf_document,1228,153,low_background,,,,,
UCHUNK_001603,DOC_5BC712652F98,pgpr_market_overview_reference.pdf,pgpr,text_or_table,pdf_document,2199,285,low_background,,,,,
UCHUNK_001604,DOC_5BC712652F98,pgpr_market_overview_reference.pdf,pgpr,text_or_table,pdf_document,1285,171,low_background,,,,,
UCHUNK_001605,DOC_5BC712652F98,pgpr_market_overview_reference.pdf,pgpr,text_or_table,pdf_document,1547,210,low_background,,,,,
UCHUNK_001606,DOC_23BD14F34CEF,pgpr_market_price_reference.pdf,pgpr,text_or_table,pdf_document,14,4,low_short_text,,,,,
UCHUNK_001607,DOC_A2C285FFEE37,pgpr_industry_supplier_function_reference.pdf,pgpr,text_or_table,pdf_document,14,4,low_short_text,,,,,
UCHUNK_001608,DOC_C341E0016B61,fda_lecithin_food_additive_or_gras_reference.pdf,soy_lecithin,text_or_table,pdf_document,14,4,low_short_text,,,,,
UCHUNK_001609,DOC_51C8BD35B96E,lecithin_emulsifier_chocolate_use.pdf,soy_lecithin,text_or_table,pdf_document,14,4,low_short_text,,,,,
UCHUNK_001610,DOC_2FB8D1A92FFF,soy_lecithin_function_in_chocolate_explanation.pdf,soy_lecithin,text_or_table,pdf_document,14,4,low_short_text,,,,,
UCHUNK_001611,DOC_B544BFB9CF00,soybean_to_soy_lecithin_processing_explanation.pdf,soy_lecithin,text_or_table,pdf_document,14,4,low_short_text,,,,,
UCHUNK_001612,DOC_7A2EEB1A9F31,soy_lecithin_market_price_reference.pdf,soy_lecithin,text_or_table,pdf_document,14,4,low_short_text,,,,,
UCHUNK_001613,DOC_A632502DE1F8,usda_soybean_soybean_oil_price_benchmark.pdf,soy_lecithin,text_or_table,pdf_document,14,4,low_short_text,,,,,
UCHUNK_001614,DOC_C035EBC878BA,soy_lecithin_industry_supplier_reference.pdf,soy_lecithin,text_or_table,pdf_document,14,4,low_short_text,,,,,
UCHUNK_001615,DOC_0E5990AC3AEF,asr_belize_sugar_industries_page.pdf,sugar,text_or_table,pdf_document,14,4,low_short_text,,,,,
UCHUNK_001616,DOC_4FB6669959F5,asr_fy23_sustainability_report.pdf,sugar,text_or_table,pdf_document,2200,296,low_background,,,,,
UCHUNK_001617,DOC_4FB6669959F5,asr_fy23_sustainability_report.pdf,sugar,text_or_table,pdf_document,1906,276,low_background,,,,,
UCHUNK_001618,DOC_4FB6669959F5,asr_fy23_sustainability_report.pdf,sugar,text_or_table,pdf_document,2200,299,low_background,,,,,
UCHUNK_001619,DOC_4FB6669959F5,asr_fy23_sustainability_report.pdf,sugar,text_or_table,pdf_document,1868,248,low_background,,,,,
UCHUNK_001620,DOC_4FB6669959F5,asr_fy23_sustainability_report.pdf,sugar,text_or_table,pdf_document,1303,181,low_background,,,,,
UCHUNK_001621,DOC_4FB6669959F5,asr_fy23_sustainability_report.pdf,sugar,text_or_table,pdf_document,2200,322,low_background,,,,,
UCHUNK_001622,DOC_4FB6669959F5,asr_fy23_sustainability_report.pdf,sugar,text_or_table,pdf_document,2196,325,low_background,,,,,
UCHUNK_001623,DOC_4FB6669959F5,asr_fy23_sustainability_report.pdf,sugar,text_or_table,pdf_document,1232,181,low_background,,,,,
UCHUNK_001624,DOC_4FB6669959F5,asr_fy23_sustainability_report.pdf,sugar,text_or_table,pdf_document,1347,174,low_background,,,,,
UCHUNK_001625,DOC_4FB6669959F5,asr_fy23_sustainability_report.pdf,sugar,text_or_table,pdf_document,2199,288,low_background,,,,,
UCHUNK_001626,DOC_4FB6669959F5,asr_fy23_sustainability_report.pdf,sugar,text_or_table,pdf_document,2200,316,low_background,,,,,
UCHUNK_001627,DOC_4FB6669959F5,asr_fy23_sustainability_report.pdf,sugar,text_or_table,pdf_document,1363,196,low_background,,,,,
UCHUNK_001628,DOC_4FB6669959F5,asr_fy23_sustainability_report.pdf,sugar,text_or_table,pdf_document,1573,204,low_background,,,,,
UCHUNK_001629,DOC_4FB6669959F5,asr_fy23_sustainability_report.pdf,sugar,text_or_table,pdf_document,2200,305,low_background,,,,,
UCHUNK_001630,DOC_4FB6669959F5,asr_fy23_sustainability_report.pdf,sugar,text_or_table,pdf_document,2200,300,low_background,,,,,
UCHUNK_001631,DOC_4FB6669959F5,asr_fy23_sustainability_report.pdf,sugar,text_or_table,pdf_document,2200,306,low_background,,,,,
UCHUNK_001632,DOC_4FB6669959F5,asr_fy23_sustainability_report.pdf,sugar,text_or_table,pdf_document,2200,310,low_background,,,,,
UCHUNK_001633,DOC_4FB6669959F5,asr_fy23_sustainability_report.pdf,sugar,text_or_table,pdf_document,2200,309,low_background,,,,,
UCHUNK_001634,DOC_4FB6669959F5,asr_fy23_sustainability_report.pdf,sugar,text_or_table,pdf_document,1751,251,low_background,,,,,
UCHUNK_001635,DOC_4FB6669959F5,asr_fy23_sustainability_report.pdf,sugar,text_or_table,pdf_document,2200,338,low_background,,,,,
UCHUNK_001636,DOC_4FB6669959F5,asr_fy23_sustainability_report.pdf,sugar,text_or_table,pdf_document,1587,228,low_background,,,,,
UCHUNK_001637,DOC_4FB6669959F5,asr_fy23_sustainability_report.pdf,sugar,text_or_table,pdf_document,2200,315,low_background,,,,,
UCHUNK_001638,DOC_4FB6669959F5,asr_fy23_sustainability_report.pdf,sugar,text_or_table,pdf_document,2200,322,low_background,,,,,
UCHUNK_001639,DOC_4FB6669959F5,asr_fy23_sustainability_report.pdf,sugar,text_or_table,pdf_document,2199,302,low_background,,,,,
UCHUNK_001640,DOC_4FB6669959F5,asr_fy23_sustainability_report.pdf,sugar,text_or_table,pdf_document,2200,315,low_background,,,,,
UCHUNK_001641,DOC_4FB6669959F5,asr_fy23_sustainability_report.pdf,sugar,text_or_table,pdf_document,2200,335,low_background,,,,,
UCHUNK_001642,DOC_4FB6669959F5,asr_fy23_sustainability_report.pdf,sugar,text_or_table,pdf_document,2200,320,low_background,,,,,
UCHUNK_001643,DOC_4FB6669959F5,asr_fy23_sustainability_report.pdf,sugar,text_or_table,pdf_document,2084,356,low_background,,,,,
UCHUNK_001644,DOC_4FB6669959F5,asr_fy23_sustainability_report.pdf,sugar,text_or_table,pdf_document,1655,269,low_background,,,,,
UCHUNK_001645,DOC_4FB6669959F5,asr_fy23_sustainability_report.pdf,sugar,text_or_table,pdf_document,2200,298,low_background,,,,,
UCHUNK_001646,DOC_4FB6669959F5,asr_fy23_sustainability_report.pdf,sugar,text_or_table,pdf_document,1578,243,low_background,,,,,
UCHUNK_001647,DOC_4FB6669959F5,asr_fy23_sustainability_report.pdf,sugar,text_or_table,pdf_document,2199,321,low_background,,,,,
UCHUNK_001648,DOC_4FB6669959F5,asr_fy23_sustainability_report.pdf,sugar,text_or_table,pdf_document,2200,319,low_background,,,,,
UCHUNK_001649,DOC_4FB6669959F5,asr_fy23_sustainability_report.pdf,sugar,text_or_table,pdf_document,2199,373,low_background,,,,,
UCHUNK_001650,DOC_4FB6669959F5,asr_fy23_sustainability_report.pdf,sugar,text_or_table,pdf_document,2200,354,low_background,,,,,
UCHUNK_001651,DOC_4FB6669959F5,asr_fy23_sustainability_report.pdf,sugar,text_or_table,pdf_document,1988,293,low_background,,,,,
UCHUNK_001652,DOC_4FB6669959F5,asr_fy23_sustainability_report.pdf,sugar,text_or_table,pdf_document,1315,188,low_background,,,,,
UCHUNK_001653,DOC_4FB6669959F5,asr_fy23_sustainability_report.pdf,sugar,text_or_table,pdf_document,2175,309,low_background,,,,,
UCHUNK_001654,DOC_4FB6669959F5,asr_fy23_sustainability_report.pdf,sugar,text_or_table,pdf_document,2199,320,low_background,,,,,
UCHUNK_001655,DOC_4FB6669959F5,asr_fy23_sustainability_report.pdf,sugar,text_or_table,pdf_document,2200,330,low_background,,,,,
UCHUNK_001656,DOC_4FB6669959F5,asr_fy23_sustainability_report.pdf,sugar,text_or_table,pdf_document,2200,330,low_background,,,,,
UCHUNK_001657,DOC_4FB6669959F5,asr_fy23_sustainability_report.pdf,sugar,text_or_table,pdf_document,2199,328,low_background,,,,,
UCHUNK_001658,DOC_4FB6669959F5,asr_fy23_sustainability_report.pdf,sugar,text_or_table,pdf_document,1960,264,low_background,,,,,
UCHUNK_001659,DOC_4FB6669959F5,asr_fy23_sustainability_report.pdf,sugar,text_or_table,pdf_document,1760,255,low_background,,,,,
UCHUNK_001660,DOC_4FB6669959F5,asr_fy23_sustainability_report.pdf,sugar,text_or_table,pdf_document,2200,382,low_background,,,,,
UCHUNK_001661,DOC_4FB6669959F5,asr_fy23_sustainability_report.pdf,sugar,text_or_table,pdf_document,1712,308,low_background,,,,,
UCHUNK_001662,DOC_4FB6669959F5,asr_fy23_sustainability_report.pdf,sugar,text_or_table,pdf_document,2200,345,low_background,,,,,
UCHUNK_001663,DOC_4FB6669959F5,asr_fy23_sustainability_report.pdf,sugar,text_or_table,pdf_document,2200,335,low_background,,,,,
UCHUNK_001664,DOC_4FB6669959F5,asr_fy23_sustainability_report.pdf,sugar,text_or_table,pdf_document,2199,312,low_background,,,,,
UCHUNK_001665,DOC_4FB6669959F5,asr_fy23_sustainability_report.pdf,sugar,text_or_table,pdf_document,2161,358,low_background,,,,,
UCHUNK_001666,DOC_4FB6669959F5,asr_fy23_sustainability_report.pdf,sugar,text_or_table,pdf_document,2200,334,low_background,,,,,
UCHUNK_001667,DOC_4FB6669959F5,asr_fy23_sustainability_report.pdf,sugar,text_or_table,pdf_document,2200,318,low_background,,,,,
UCHUNK_001668,DOC_4FB6669959F5,asr_fy23_sustainability_report.pdf,sugar,text_or_table,pdf_document,1914,295,low_background,,,,,
UCHUNK_001669,DOC_4FB6669959F5,asr_fy23_sustainability_report.pdf,sugar,text_or_table,pdf_document,1537,215,low_background,,,,,
UCHUNK_001670,DOC_4FB6669959F5,asr_fy23_sustainability_report.pdf,sugar,text_or_table,pdf_document,2046,301,low_background,,,,,
UCHUNK_001671,DOC_4FB6669959F5,asr_fy23_sustainability_report.pdf,sugar,text_or_table,pdf_document,1957,285,low_background,,,,,
UCHUNK_001672,DOC_4FB6669959F5,asr_fy23_sustainability_report.pdf,sugar,text_or_table,pdf_document,2199,320,low_background,,,,,
UCHUNK_001673,DOC_4FB6669959F5,asr_fy23_sustainability_report.pdf,sugar,text_or_table,pdf_document,1652,227,low_background,,,,,
UCHUNK_001674,DOC_4FB6669959F5,asr_fy23_sustainability_report.pdf,sugar,text_or_table,pdf_document,2199,311,low_background,,,,,
UCHUNK_001675,DOC_4FB6669959F5,asr_fy23_sustainability_report.pdf,sugar,text_or_table,pdf_document,2200,324,low_background,,,,,
UCHUNK_001676,DOC_4FB6669959F5,asr_fy23_sustainability_report.pdf,sugar,text_or_table,pdf_document,1487,221,low_background,,,,,
UCHUNK_001677,DOC_4FB6669959F5,asr_fy23_sustainability_report.pdf,sugar,text_or_table,pdf_document,2200,319,low_background,,,,,
UCHUNK_001678,DOC_4FB6669959F5,asr_fy23_sustainability_report.pdf,sugar,text_or_table,pdf_document,2200,310,low_background,,,,,
UCHUNK_001679,DOC_4FB6669959F5,asr_fy23_sustainability_report.pdf,sugar,text_or_table,pdf_document,1359,195,low_background,,,,,
UCHUNK_001680,DOC_4FB6669959F5,asr_fy23_sustainability_report.pdf,sugar,text_or_table,pdf_document,2200,308,low_background,,,,,
UCHUNK_001681,DOC_4FB6669959F5,asr_fy23_sustainability_report.pdf,sugar,text_or_table,pdf_document,1257,176,low_background,,,,,
UCHUNK_001682,DOC_4FB6669959F5,asr_fy23_sustainability_report.pdf,sugar,text_or_table,pdf_document,2200,317,low_background,,,,,
UCHUNK_001683,DOC_4FB6669959F5,asr_fy23_sustainability_report.pdf,sugar,text_or_table,pdf_document,2200,329,low_background,,,,,
UCHUNK_001684,DOC_4FB6669959F5,asr_fy23_sustainability_report.pdf,sugar,text_or_table,pdf_document,2200,323,low_background,,,,,
UCHUNK_001685,DOC_4FB6669959F5,asr_fy23_sustainability_report.pdf,sugar,text_or_table,pdf_document,2119,287,low_background,,,,,
UCHUNK_001686,DOC_4FB6669959F5,asr_fy23_sustainability_report.pdf,sugar,text_or_table,pdf_document,1774,231,low_background,,,,,
UCHUNK_001687,DOC_4FB6669959F5,asr_fy23_sustainability_report.pdf,sugar,text_or_table,pdf_document,1427,206,low_background,,,,,
UCHUNK_001688,DOC_4FB6669959F5,asr_fy23_sustainability_report.pdf,sugar,text_or_table,pdf_document,2200,332,low_background,,,,,
UCHUNK_001689,DOC_4FB6669959F5,asr_fy23_sustainability_report.pdf,sugar,text_or_table,pdf_document,2200,323,low_background,,,,,
UCHUNK_001690,DOC_4FB6669959F5,asr_fy23_sustainability_report.pdf,sugar,text_or_table,pdf_document,2200,317,low_background,,,,,
UCHUNK_001691,DOC_4FB6669959F5,asr_fy23_sustainability_report.pdf,sugar,text_or_table,pdf_document,2057,286,low_background,,,,,
UCHUNK_001692,DOC_4FB6669959F5,asr_fy23_sustainability_report.pdf,sugar,text_or_table,pdf_document,2199,304,low_background,,,,,
UCHUNK_001693,DOC_4FB6669959F5,asr_fy23_sustainability_report.pdf,sugar,text_or_table,pdf_document,2198,340,low_background,,,,,
UCHUNK_001694,DOC_4FB6669959F5,asr_fy23_sustainability_report.pdf,sugar,text_or_table,pdf_document,2199,364,low_background,,,,,
UCHUNK_001695,DOC_4FB6669959F5,asr_fy23_sustainability_report.pdf,sugar,text_or_table,pdf_document,2200,349,low_background,,,,,
UCHUNK_001696,DOC_4FB6669959F5,asr_fy23_sustainability_report.pdf,sugar,text_or_table,pdf_document,2199,328,low_background,,,,,
UCHUNK_001697,DOC_4FB6669959F5,asr_fy23_sustainability_report.pdf,sugar,text_or_table,pdf_document,2199,331,low_background,,,,,
UCHUNK_001698,DOC_4FB6669959F5,asr_fy23_sustainability_report.pdf,sugar,text_or_table,pdf_document,2199,327,low_background,,,,,
UCHUNK_001699,DOC_4FB6669959F5,asr_fy23_sustainability_report.pdf,sugar,text_or_table,pdf_document,2200,331,low_background,,,,,
UCHUNK_001700,DOC_4FB6669959F5,asr_fy23_sustainability_report.pdf,sugar,text_or_table,pdf_document,2200,336,low_background,,,,,
UCHUNK_001701,DOC_4FB6669959F5,asr_fy23_sustainability_report.pdf,sugar,text_or_table,pdf_document,2199,323,low_background,,,,,
UCHUNK_001702,DOC_4FB6669959F5,asr_fy23_sustainability_report.pdf,sugar,text_or_table,pdf_document,2153,332,low_background,,,,,
UCHUNK_001703,DOC_4FB6669959F5,asr_fy23_sustainability_report.pdf,sugar,text_or_table,pdf_document,2200,312,low_background,,,,,
UCHUNK_001704,DOC_4FB6669959F5,asr_fy23_sustainability_report.pdf,sugar,text_or_table,pdf_document,2200,307,low_background,,,,,
UCHUNK_001705,DOC_4FB6669959F5,asr_fy23_sustainability_report.pdf,sugar,text_or_table,pdf_document,2200,311,low_background,,,,,
UCHUNK_001706,DOC_4FB6669959F5,asr_fy23_sustainability_report.pdf,sugar,text_or_table,pdf_document,2200,304,low_background,,,,,
UCHUNK_001707,DOC_4FB6669959F5,asr_fy23_sustainability_report.pdf,sugar,text_or_table,pdf_document,2200,300,low_background,,,,,
UCHUNK_001708,DOC_4FB6669959F5,asr_fy23_sustainability_report.pdf,sugar,text_or_table,pdf_document,1607,247,low_background,,,,,
UCHUNK_001709,DOC_4FB6669959F5,asr_fy23_sustainability_report.pdf,sugar,text_or_table,pdf_document,2069,304,low_background,,,,,
UCHUNK_001710,DOC_4FB6669959F5,asr_fy23_sustainability_report.pdf,sugar,text_or_table,pdf_document,2200,311,low_background,,,,,
UCHUNK_001711,DOC_4FB6669959F5,asr_fy23_sustainability_report.pdf,sugar,text_or_table,pdf_document,2200,332,low_background,,,,,
UCHUNK_001712,DOC_4FB6669959F5,asr_fy23_sustainability_report.pdf,sugar,text_or_table,pdf_document,1246,194,low_background,,,,,
UCHUNK_001713,DOC_4FB6669959F5,asr_fy23_sustainability_report.pdf,sugar,text_or_table,pdf_document,2200,320,low_background,,,,,
UCHUNK_001714,DOC_4FB6669959F5,asr_fy23_sustainability_report.pdf,sugar,text_or_table,pdf_document,2199,324,low_background,,,,,
UCHUNK_001715,DOC_4FB6669959F5,asr_fy23_sustainability_report.pdf,sugar,text_or_table,pdf_document,2200,322,low_background,,,,,
UCHUNK_001716,DOC_4FB6669959F5,asr_fy23_sustainability_report.pdf,sugar,text_or_table,pdf_document,2200,325,low_background,,,,,
UCHUNK_001717,DOC_4FB6669959F5,asr_fy23_sustainability_report.pdf,sugar,text_or_table,pdf_document,2200,332,low_background,,,,,
UCHUNK_001718,DOC_4FB6669959F5,asr_fy23_sustainability_report.pdf,sugar,text_or_table,pdf_document,1255,201,low_background,,,,,
UCHUNK_001719,DOC_4FB6669959F5,asr_fy23_sustainability_report.pdf,sugar,text_or_table,pdf_document,1999,313,low_background,,,,,
UCHUNK_001720,DOC_4FB6669959F5,asr_fy23_sustainability_report.pdf,sugar,text_or_table,pdf_document,2102,296,low_background,,,,,
UCHUNK_001721,DOC_4FB6669959F5,asr_fy23_sustainability_report.pdf,sugar,text_or_table,pdf_document,1656,220,low_background,,,,,
UCHUNK_001722,DOC_4FB6669959F5,asr_fy23_sustainability_report.pdf,sugar,text_or_table,pdf_document,2200,289,low_background,,,,,
UCHUNK_001723,DOC_4FB6669959F5,asr_fy23_sustainability_report.pdf,sugar,text_or_table,pdf_document,2094,295,low_background,,,,,
UCHUNK_001724,DOC_4FB6669959F5,asr_fy23_sustainability_report.pdf,sugar,text_or_table,pdf_document,2187,274,low_background,,,,,
UCHUNK_001725,DOC_4FB6669959F5,asr_fy23_sustainability_report.pdf,sugar,text_or_table,pdf_document,2200,300,low_background,,,,,
UCHUNK_001726,DOC_4FB6669959F5,asr_fy23_sustainability_report.pdf,sugar,text_or_table,pdf_document,1764,247,low_background,,,,,
UCHUNK_001727,DOC_4FB6669959F5,asr_fy23_sustainability_report.pdf,sugar,text_or_table,pdf_document,2131,285,low_background,,,,,
UCHUNK_001728,DOC_4FB6669959F5,asr_fy23_sustainability_report.pdf,sugar,text_or_table,pdf_document,2199,313,low_background,,,,,
UCHUNK_001729,DOC_4FB6669959F5,asr_fy23_sustainability_report.pdf,sugar,text_or_table,pdf_document,1750,250,low_background,,,,,
UCHUNK_001730,DOC_4FB6669959F5,asr_fy23_sustainability_report.pdf,sugar,text_or_table,pdf_document,2047,290,low_background,,,,,
UCHUNK_001731,DOC_4FB6669959F5,asr_fy23_sustainability_report.pdf,sugar,text_or_table,pdf_document,1323,207,low_background,,,,,
UCHUNK_001732,DOC_4FB6669959F5,asr_fy23_sustainability_report.pdf,sugar,text_or_table,pdf_document,2200,336,low_background,,,,,
UCHUNK_001733,DOC_4FB6669959F5,asr_fy23_sustainability_report.pdf,sugar,text_or_table,pdf_document,1278,212,low_background,,,,,
UCHUNK_001734,DOC_4FB6669959F5,asr_fy23_sustainability_report.pdf,sugar,text_or_table,pdf_document,1601,251,low_background,,,,,
UCHUNK_001735,DOC_4FB6669959F5,asr_fy23_sustainability_report.pdf,sugar,text_or_table,pdf_document,2200,331,low_background,,,,,
UCHUNK_001736,DOC_4FB6669959F5,asr_fy23_sustainability_report.pdf,sugar,text_or_table,pdf_document,2200,357,low_background,,,,,
UCHUNK_001737,DOC_4FB6669959F5,asr_fy23_sustainability_report.pdf,sugar,text_or_table,pdf_document,1543,247,low_background,,,,,
UCHUNK_001738,DOC_4FB6669959F5,asr_fy23_sustainability_report.pdf,sugar,text_or_table,pdf_document,2200,338,low_background,,,,,
UCHUNK_001739,DOC_4FB6669959F5,asr_fy23_sustainability_report.pdf,sugar,text_or_table,pdf_document,1358,257,low_background,,,,,
UCHUNK_001740,DOC_4FB6669959F5,asr_fy23_sustainability_report.pdf,sugar,text_or_table,pdf_document,2199,357,low_background,,,,,
UCHUNK_001741,DOC_4FB6669959F5,asr_fy23_sustainability_report.pdf,sugar,text_or_table,pdf_document,1325,201,low_background,,,,,
UCHUNK_001742,DOC_4FB6669959F5,asr_fy23_sustainability_report.pdf,sugar,text_or_table,pdf_document,2043,295,low_background,,,,,
UCHUNK_001743,DOC_4FB6669959F5,asr_fy23_sustainability_report.pdf,sugar,text_or_table,pdf_document,1323,207,low_background,,,,,
UCHUNK_001744,DOC_4FB6669959F5,asr_fy23_sustainability_report.pdf,sugar,text_or_table,pdf_document,2200,332,low_background,,,,,
UCHUNK_001745,DOC_4FB6669959F5,asr_fy23_sustainability_report.pdf,sugar,text_or_table,pdf_document,1297,215,low_background,,,,,
UCHUNK_001746,DOC_4FB6669959F5,asr_fy23_sustainability_report.pdf,sugar,text_or_table,pdf_document,1601,251,low_background,,,,,
UCHUNK_001747,DOC_4FB6669959F5,asr_fy23_sustainability_report.pdf,sugar,text_or_table,pdf_document,2200,331,low_background,,,,,
UCHUNK_001748,DOC_4FB6669959F5,asr_fy23_sustainability_report.pdf,sugar,text_or_table,pdf_document,2200,358,low_background,,,,,
UCHUNK_001749,DOC_4FB6669959F5,asr_fy23_sustainability_report.pdf,sugar,text_or_table,pdf_document,1541,247,low_background,,,,,
UCHUNK_001750,DOC_4FB6669959F5,asr_fy23_sustainability_report.pdf,sugar,text_or_table,pdf_document,2200,337,low_background,,,,,
UCHUNK_001751,DOC_4FB6669959F5,asr_fy23_sustainability_report.pdf,sugar,text_or_table,pdf_document,1355,258,low_background,,,,,
UCHUNK_001752,DOC_4FB6669959F5,asr_fy23_sustainability_report.pdf,sugar,text_or_table,pdf_document,2199,357,low_background,,,,,
UCHUNK_001753,DOC_4FB6669959F5,asr_fy23_sustainability_report.pdf,sugar,text_or_table,pdf_document,1325,201,low_background,,,,,
UCHUNK_001754,DOC_4FB6669959F5,asr_fy23_sustainability_report.pdf,sugar,text_or_table,pdf_document,1804,262,low_background,,,,,
UCHUNK_001755,DOC_4FB6669959F5,asr_fy23_sustainability_report.pdf,sugar,text_or_table,pdf_document,2200,323,low_background,,,,,
UCHUNK_001756,DOC_4FB6669959F5,asr_fy23_sustainability_report.pdf,sugar,text_or_table,pdf_document,1429,210,low_background,,,,,
UCHUNK_001757,DOC_4FB6669959F5,asr_fy23_sustainability_report.pdf,sugar,text_or_table,pdf_document,1912,288,low_background,,,,,
UCHUNK_001758,DOC_4FB6669959F5,asr_fy23_sustainability_report.pdf,sugar,text_or_table,pdf_document,1812,295,low_background,,,,,
UCHUNK_001759,DOC_4FB6669959F5,asr_fy23_sustainability_report.pdf,sugar,text_or_table,pdf_document,2195,320,low_background,,,,,
UCHUNK_001760,DOC_4FB6669959F5,asr_fy23_sustainability_report.pdf,sugar,text_or_table,pdf_document,1815,260,low_background,,,,,
UCHUNK_001761,DOC_4FB6669959F5,asr_fy23_sustainability_report.pdf,sugar,text_or_table,pdf_document,2065,278,low_background,,,,,
UCHUNK_001762,DOC_4FB6669959F5,asr_fy23_sustainability_report.pdf,sugar,text_or_table,pdf_document,2200,316,low_background,,,,,
UCHUNK_001763,DOC_4FB6669959F5,asr_fy23_sustainability_report.pdf,sugar,text_or_table,pdf_document,2200,283,low_background,,,,,
UCHUNK_001764,DOC_4FB6669959F5,asr_fy23_sustainability_report.pdf,sugar,text_or_table,pdf_document,2200,276,low_background,,,,,
UCHUNK_001765,DOC_4FB6669959F5,asr_fy23_sustainability_report.pdf,sugar,text_or_table,pdf_document,1024,138,low_background,,,,,
UCHUNK_001766,DOC_535DD6E652B7,asr_group_about_page.pdf,sugar,text_or_table,pdf_document,14,4,low_short_text,,,,,
UCHUNK_001767,DOC_DB66DBC968F9,asr_group_home_page.pdf,sugar,text_or_table,pdf_document,14,4,low_short_text,,,,,
UCHUNK_001768,DOC_1E0944AC1DC5,asr_hershey_learn_to_grow_belize.pdf,sugar,text_or_table,pdf_document,14,4,low_short_text,,,,,
UCHUNK_001769,DOC_02F4A4A84A57,asr_refined_sugar_process_or_products.pdf,sugar,text_or_table,pdf_document,14,4,low_short_text,,,,,
UCHUNK_001770,DOC_C2BD8E23F83C,asr_sustainable_supply_chain_page.pdf,sugar,text_or_table,pdf_document,14,4,low_short_text,,,,,
UCHUNK_001771,DOC_EBE512C33BCD,domino_sugar_asr_brand_page.pdf,sugar,text_or_table,pdf_document,14,4,low_short_text,,,,,
UCHUNK_001772,DOC_74966F03A6A3,hershey_sugar_sourcing_page.pdf,sugar,text_or_table,pdf_document,14,4,low_short_text,,,,,
UCHUNK_001773,DOC_672F3875D726,hershey_sustainable_sugar_sourcing_policy.pdf,sugar,text_or_table,pdf_document,1885,279,low_background,,,,,
UCHUNK_001774,DOC_E5889DB5914A,Sugar-The-Hershey-Company-05-06-2026_02_22_PM.pdf,sugar,text_or_table,pdf_document,14,4,low_short_text,,,,,
UCHUNK_001775,DOC_257C2CABB7C1,Group3-Tables-US-Sugar-Crop-Production-and-Sugar-Production-Deliveries-and-Stocks.csv,sugar,text_or_table,csv_table,2200,301,low_background,,,,,
UCHUNK_001776,DOC_257C2CABB7C1,Group3-Tables-US-Sugar-Crop-Production-and-Sugar-Production-Deliveries-and-Stocks.csv,sugar,text_or_table,csv_table,2199,336,low_background,,,,,
UCHUNK_001777,DOC_257C2CABB7C1,Group3-Tables-US-Sugar-Crop-Production-and-Sugar-Production-Deliveries-and-Stocks.csv,sugar,text_or_table,csv_table,2200,339,low_background,,,,,
UCHUNK_001778,DOC_257C2CABB7C1,Group3-Tables-US-Sugar-Crop-Production-and-Sugar-Production-Deliveries-and-Stocks.csv,sugar,text_or_table,csv_table,1826,281,low_background,,,,,
UCHUNK_001779,DOC_D24FEC8E2E35,usda_ers_sugar_market_outlook_latest.pdf,sugar,text_or_table,pdf_document,14,4,low_short_text,,,,,
UCHUNK_001780,DOC_E2CBD160658D,usda_ers_sugar_outlook_latest_pdf.pdf,sugar,text_or_table,pdf_document,1620,249,low_background,,,,,
UCHUNK_001781,DOC_E2CBD160658D,usda_ers_sugar_outlook_latest_pdf.pdf,sugar,text_or_table,pdf_document,2200,328,low_background,,,,,
UCHUNK_001782,DOC_E2CBD160658D,usda_ers_sugar_outlook_latest_pdf.pdf,sugar,text_or_table,pdf_document,2200,349,low_background,,,,,
UCHUNK_001783,DOC_E2CBD160658D,usda_ers_sugar_outlook_latest_pdf.pdf,sugar,text_or_table,pdf_document,1457,285,low_background,,,,,
UCHUNK_001784,DOC_E2CBD160658D,usda_ers_sugar_outlook_latest_pdf.pdf,sugar,text_or_table,pdf_document,2200,348,low_background,,,,,
UCHUNK_001785,DOC_E2CBD160658D,usda_ers_sugar_outlook_latest_pdf.pdf,sugar,text_or_table,pdf_document,1658,270,low_background,,,,,
UCHUNK_001786,DOC_E2CBD160658D,usda_ers_sugar_outlook_latest_pdf.pdf,sugar,text_or_table,pdf_document,2200,337,low_background,,,,,
UCHUNK_001787,DOC_E2CBD160658D,usda_ers_sugar_outlook_latest_pdf.pdf,sugar,text_or_table,pdf_document,1786,295,low_background,,,,,
UCHUNK_001788,DOC_E2CBD160658D,usda_ers_sugar_outlook_latest_pdf.pdf,sugar,text_or_table,pdf_document,2200,345,low_background,,,,,
UCHUNK_001789,DOC_E2CBD160658D,usda_ers_sugar_outlook_latest_pdf.pdf,sugar,text_or_table,pdf_document,2200,348,low_background,,,,,
UCHUNK_001790,DOC_E2CBD160658D,usda_ers_sugar_outlook_latest_pdf.pdf,sugar,text_or_table,pdf_document,1657,283,low_background,,,,,
UCHUNK_001791,DOC_E2CBD160658D,usda_ers_sugar_outlook_latest_pdf.pdf,sugar,text_or_table,pdf_document,2199,332,low_background,,,,,
UCHUNK_001792,DOC_E2CBD160658D,usda_ers_sugar_outlook_latest_pdf.pdf,sugar,text_or_table,pdf_document,1273,212,low_background,,,,,
UCHUNK_001793,DOC_E2CBD160658D,usda_ers_sugar_outlook_latest_pdf.pdf,sugar,text_or_table,pdf_document,1819,282,low_background,,,,,
UCHUNK_001794,DOC_E2CBD160658D,usda_ers_sugar_outlook_latest_pdf.pdf,sugar,text_or_table,pdf_document,2199,320,low_background,,,,,
UCHUNK_001795,DOC_E2CBD160658D,usda_ers_sugar_outlook_latest_pdf.pdf,sugar,text_or_table,pdf_document,685,99,low_background,,,,,
UCHUNK_001796,DOC_6F01C5426EEB,usda_ers_sugar_sweeteners_yearbook_tables.xlsx,sugar,text_or_table,excel_workbook,1729,260,low_background,,,,,
UCHUNK_001797,DOC_6F01C5426EEB,usda_ers_sugar_sweeteners_yearbook_tables.xlsx,sugar,text_or_table,excel_workbook,2200,337,low_background,,,,,
UCHUNK_001798,DOC_6F01C5426EEB,usda_ers_sugar_sweeteners_yearbook_tables.xlsx,sugar,text_or_table,excel_workbook,2200,429,low_background,,,,,
UCHUNK_001799,DOC_6F01C5426EEB,usda_ers_sugar_sweeteners_yearbook_tables.xlsx,sugar,text_or_table,excel_workbook,2199,466,low_background,,,,,
UCHUNK_001800,DOC_6F01C5426EEB,usda_ers_sugar_sweeteners_yearbook_tables.xlsx,sugar,text_or_table,excel_workbook,2199,412,low_background,,,,,
UCHUNK_001801,DOC_6F01C5426EEB,usda_ers_sugar_sweeteners_yearbook_tables.xlsx,sugar,text_or_table,excel_workbook,1922,325,low_background,,,,,
UCHUNK_001802,DOC_6F01C5426EEB,usda_ers_sugar_sweeteners_yearbook_tables.xlsx,sugar,text_or_table,excel_workbook,1855,306,low_background,,,,,
UCHUNK_001803,DOC_6F01C5426EEB,usda_ers_sugar_sweeteners_yearbook_tables.xlsx,sugar,text_or_table,excel_workbook,2199,352,low_background,,,,,
UCHUNK_001804,DOC_6F01C5426EEB,usda_ers_sugar_sweeteners_yearbook_tables.xlsx,sugar,text_or_table,excel_workbook,1647,275,low_background,,,,,
UCHUNK_001805,DOC_6F01C5426EEB,usda_ers_sugar_sweeteners_yearbook_tables.xlsx,sugar,text_or_table,excel_workbook,2200,368,low_background,,,,,
UCHUNK_001806,DOC_6F01C5426EEB,usda_ers_sugar_sweeteners_yearbook_tables.xlsx,sugar,text_or_table,excel_workbook,1876,310,low_background,,,,,
UCHUNK_001807,DOC_6F01C5426EEB,usda_ers_sugar_sweeteners_yearbook_tables.xlsx,sugar,text_or_table,excel_workbook,2200,336,low_background,,,,,
UCHUNK_001808,DOC_6F01C5426EEB,usda_ers_sugar_sweeteners_yearbook_tables.xlsx,sugar,text_or_table,excel_workbook,2200,295,low_background,,,,,
UCHUNK_001809,DOC_6F01C5426EEB,usda_ers_sugar_sweeteners_yearbook_tables.xlsx,sugar,text_or_table,excel_workbook,1488,199,low_background,,,,,
UCHUNK_001810,DOC_6F01C5426EEB,usda_ers_sugar_sweeteners_yearbook_tables.xlsx,sugar,text_or_table,excel_workbook,2200,317,low_background,,,,,
UCHUNK_001811,DOC_6F01C5426EEB,usda_ers_sugar_sweeteners_yearbook_tables.xlsx,sugar,text_or_table,excel_workbook,2036,296,low_background,,,,,
UCHUNK_001812,DOC_6F01C5426EEB,usda_ers_sugar_sweeteners_yearbook_tables.xlsx,sugar,text_or_table,excel_workbook,2200,313,low_background,,,,,
UCHUNK_001813,DOC_6F01C5426EEB,usda_ers_sugar_sweeteners_yearbook_tables.xlsx,sugar,text_or_table,excel_workbook,2105,282,low_background,,,,,
UCHUNK_001814,DOC_6F01C5426EEB,usda_ers_sugar_sweeteners_yearbook_tables.xlsx,sugar,text_or_table,excel_workbook,2199,340,low_background,,,,,
UCHUNK_001815,DOC_6F01C5426EEB,usda_ers_sugar_sweeteners_yearbook_tables.xlsx,sugar,text_or_table,excel_workbook,2200,320,low_background,,,,,
UCHUNK_001816,DOC_6F01C5426EEB,usda_ers_sugar_sweeteners_yearbook_tables.xlsx,sugar,text_or_table,excel_workbook,1305,170,low_background,,,,,
UCHUNK_001817,DOC_6F01C5426EEB,usda_ers_sugar_sweeteners_yearbook_tables.xlsx,sugar,text_or_table,excel_workbook,1993,353,low_background,,,,,
UCHUNK_001818,DOC_32FA1CD834CD,sugar_cane_beet_processing_explanation.pdf,sugar,text_or_table,pdf_document,2200,312,low_background,,,,,
UCHUNK_001819,DOC_32FA1CD834CD,sugar_cane_beet_processing_explanation.pdf,sugar,text_or_table,pdf_document,2200,324,low_background,,,,,
UCHUNK_001820,DOC_32FA1CD834CD,sugar_cane_beet_processing_explanation.pdf,sugar,text_or_table,pdf_document,1561,210,low_background,,,,,
UCHUNK_001821,DOC_32FA1CD834CD,sugar_cane_beet_processing_explanation.pdf,sugar,text_or_table,pdf_document,2194,239,low_background,,,,,
UCHUNK_001822,DOC_32FA1CD834CD,sugar_cane_beet_processing_explanation.pdf,sugar,text_or_table,pdf_document,2200,265,low_background,,,,,
UCHUNK_001823,DOC_32FA1CD834CD,sugar_cane_beet_processing_explanation.pdf,sugar,text_or_table,pdf_document,1569,230,low_background,,,,,
UCHUNK_001824,DOC_32FA1CD834CD,sugar_cane_beet_processing_explanation.pdf,sugar,text_or_table,pdf_document,2199,285,low_background,,,,,
UCHUNK_001825,DOC_32FA1CD834CD,sugar_cane_beet_processing_explanation.pdf,sugar,text_or_table,pdf_document,2200,278,low_background,,,,,
UCHUNK_001826,DOC_32FA1CD834CD,sugar_cane_beet_processing_explanation.pdf,sugar,text_or_table,pdf_document,2200,348,low_background,,,,,
UCHUNK_001827,DOC_32FA1CD834CD,sugar_cane_beet_processing_explanation.pdf,sugar,text_or_table,pdf_document,2200,297,low_background,,,,,
UCHUNK_001828,DOC_32FA1CD834CD,sugar_cane_beet_processing_explanation.pdf,sugar,text_or_table,pdf_document,2129,323,low_background,,,,,
UCHUNK_001829,DOC_32FA1CD834CD,sugar_cane_beet_processing_explanation.pdf,sugar,text_or_table,pdf_document,1825,315,low_background,,,,,
UCHUNK_001830,DOC_32FA1CD834CD,sugar_cane_beet_processing_explanation.pdf,sugar,text_or_table,pdf_document,2200,319,low_background,,,,,
UCHUNK_001831,DOC_32FA1CD834CD,sugar_cane_beet_processing_explanation.pdf,sugar,text_or_table,pdf_document,2200,342,low_background,,,,,
UCHUNK_001832,DOC_32FA1CD834CD,sugar_cane_beet_processing_explanation.pdf,sugar,text_or_table,pdf_document,2200,329,low_background,,,,,
UCHUNK_001833,DOC_32FA1CD834CD,sugar_cane_beet_processing_explanation.pdf,sugar,text_or_table,pdf_document,1778,245,low_background,,,,,
UCHUNK_001834,DOC_32FA1CD834CD,sugar_cane_beet_processing_explanation.pdf,sugar,text_or_table,pdf_document,1836,269,low_background,,,,,
UCHUNK_001835,DOC_32FA1CD834CD,sugar_cane_beet_processing_explanation.pdf,sugar,text_or_table,pdf_document,2007,300,low_background,,,,,
UCHUNK_001836,DOC_32FA1CD834CD,sugar_cane_beet_processing_explanation.pdf,sugar,text_or_table,pdf_document,2059,305,low_background,,,,,
UCHUNK_001837,DOC_32FA1CD834CD,sugar_cane_beet_processing_explanation.pdf,sugar,text_or_table,pdf_document,2096,314,low_background,,,,,
UCHUNK_001838,DOC_32FA1CD834CD,sugar_cane_beet_processing_explanation.pdf,sugar,text_or_table,pdf_document,2200,322,low_background,,,,,
UCHUNK_001839,DOC_32FA1CD834CD,sugar_cane_beet_processing_explanation.pdf,sugar,text_or_table,pdf_document,2087,281,low_background,,,,,
UCHUNK_001840,DOC_32FA1CD834CD,sugar_cane_beet_processing_explanation.pdf,sugar,text_or_table,pdf_document,2199,330,low_background,,,,,
UCHUNK_001841,DOC_32FA1CD834CD,sugar_cane_beet_processing_explanation.pdf,sugar,text_or_table,pdf_document,2199,299,low_background,,,,,
UCHUNK_001842,DOC_32FA1CD834CD,sugar_cane_beet_processing_explanation.pdf,sugar,text_or_table,pdf_document,2200,304,low_background,,,,,
UCHUNK_001843,DOC_32FA1CD834CD,sugar_cane_beet_processing_explanation.pdf,sugar,text_or_table,pdf_document,1953,261,low_background,,,,,
UCHUNK_001844,DOC_32FA1CD834CD,sugar_cane_beet_processing_explanation.pdf,sugar,text_or_table,pdf_document,1831,258,low_background,,,,,
UCHUNK_001845,DOC_71CE92D20645,hershey_distribution_center_logistics_reference.pdf,logistics_distribution,text_or_table,pdf_document,116,28,low_background,,,,,
UCHUNK_001846,DOC_FDA0D8F4DCE2,mclane_company_facts_reference.pdf,logistics_distribution,text_or_table,pdf_document,14,4,low_short_text,,,,,
UCHUNK_001847,DOC_050BBCAC6B3F,mclane_company_profile.pdf,logistics_distribution,text_or_table,pdf_document,14,4,low_short_text,,,,,
UCHUNK_001848,DOC_0C6FF4D0AACE,mclane_grocery_retail_distribution_page.pdf,logistics_distribution,text_or_table,pdf_document,14,4,low_short_text,,,,,
UCHUNK_001849,DOC_940D070C225C,bls_warehousing_storage_ppi_benchmark.pdf,logistics_distribution,text_or_table,pdf_document,14,4,low_short_text,,,,,
UCHUNK_001850,DOC_1EB5146FBACE,bls_truck_transportation_ppi_benchmark.pdf,logistics_distribution,text_or_table,pdf_document,14,4,low_short_text,,,,,
UCHUNK_001851,DOC_89FEEC7103A9,eia_diesel_price_benchmark.pdf,logistics_distribution,text_or_table,pdf_document,14,4,low_short_text,,,,,
UCHUNK_001852,DOC_C1E296D7AAAC,trucking_rate_market_reference.pdf,logistics_distribution,text_or_table,pdf_document,14,4,low_short_text,,,,,
UCHUNK_001853,DOC_55B0E1DB0BD6,common_carrier_freight_explanation.pdf,logistics_distribution,text_or_table,pdf_document,14,4,low_short_text,,,,,
UCHUNK_001854,DOC_88DAB6FD44D8,cpg_distribution_center_explanation.pdf,logistics_distribution,text_or_table,pdf_document,204,48,low_background,,,,,
UCHUNK_001855,DOC_41FA1AC07EDD,retail_wholesale_distribution_explanation.pdf,logistics_distribution,text_or_table,pdf_document,82,20,low_background,,,,,
UCHUNK_001856,DOC_F203E734500B,PCU484484.xlsx,logistics_distribution,text_or_table,excel_workbook,1121,139,low_background,,,,,
UCHUNK_001857,DOC_11A00D6495C0,PCU49314931.xlsx,logistics_distribution,text_or_table,excel_workbook,1130,140,low_background,,,,,
UCHUNK_001858,DOC_4ED7D04B1CB5,pswrgvwall.xls,logistics_distribution,text_or_table,excel_workbook,1451,237,low_background,,,,,
UCHUNK_001859,DOC_4ED7D04B1CB5,pswrgvwall.xls,logistics_distribution,text_or_table,excel_workbook,2200,280,low_background,,,,,
UCHUNK_001860,DOC_4ED7D04B1CB5,pswrgvwall.xls,logistics_distribution,text_or_table,excel_workbook,2200,372,low_background,,,,,
UCHUNK_001861,DOC_4ED7D04B1CB5,pswrgvwall.xls,logistics_distribution,text_or_table,excel_workbook,2200,365,low_background,,,,,
UCHUNK_001862,DOC_4ED7D04B1CB5,pswrgvwall.xls,logistics_distribution,text_or_table,excel_workbook,2200,263,low_background,,,,,
UCHUNK_001863,DOC_4ED7D04B1CB5,pswrgvwall.xls,logistics_distribution,text_or_table,excel_workbook,2200,407,low_background,,,,,
UCHUNK_001864,DOC_4ED7D04B1CB5,pswrgvwall.xls,logistics_distribution,text_or_table,excel_workbook,2200,296,low_background,,,,,
UCHUNK_001865,DOC_4ED7D04B1CB5,pswrgvwall.xls,logistics_distribution,text_or_table,excel_workbook,2199,291,low_background,,,,,
UCHUNK_001866,DOC_4ED7D04B1CB5,pswrgvwall.xls,logistics_distribution,text_or_table,excel_workbook,2200,440,low_background,,,,,
UCHUNK_001867,DOC_4ED7D04B1CB5,pswrgvwall.xls,logistics_distribution,text_or_table,excel_workbook,2199,374,low_background,,,,,
UCHUNK_001868,DOC_4ED7D04B1CB5,pswrgvwall.xls,logistics_distribution,text_or_table,excel_workbook,2199,269,low_background,,,,,
UCHUNK_001869,DOC_4ED7D04B1CB5,pswrgvwall.xls,logistics_distribution,text_or_table,excel_workbook,2194,410,low_background,,,,,
UCHUNK_001870,DOC_4ED7D04B1CB5,pswrgvwall.xls,logistics_distribution,text_or_table,excel_workbook,2200,286,low_background,,,,,
UCHUNK_001871,DOC_4ED7D04B1CB5,pswrgvwall.xls,logistics_distribution,text_or_table,excel_workbook,2200,338,low_background,,,,,
UCHUNK_001872,DOC_4ED7D04B1CB5,pswrgvwall.xls,logistics_distribution,text_or_table,excel_workbook,1606,308,low_background,,,,,
UCHUNK_001873,DOC_4ED7D04B1CB5,pswrgvwall.xls,logistics_distribution,text_or_table,excel_workbook,2200,287,low_background,,,,,
UCHUNK_001874,DOC_4ED7D04B1CB5,pswrgvwall.xls,logistics_distribution,text_or_table,excel_workbook,2199,292,low_background,,,,,
UCHUNK_001875,DOC_4ED7D04B1CB5,pswrgvwall.xls,logistics_distribution,text_or_table,excel_workbook,2199,412,low_background,,,,,
UCHUNK_001876,DOC_4ED7D04B1CB5,pswrgvwall.xls,logistics_distribution,text_or_table,excel_workbook,1236,251,low_background,,,,,
UCHUNK_001877,DOC_4ED7D04B1CB5,pswrgvwall.xls,logistics_distribution,text_or_table,excel_workbook,2200,290,low_background,,,,,
UCHUNK_001878,DOC_4ED7D04B1CB5,pswrgvwall.xls,logistics_distribution,text_or_table,excel_workbook,2200,346,low_background,,,,,
UCHUNK_001879,DOC_4ED7D04B1CB5,pswrgvwall.xls,logistics_distribution,text_or_table,excel_workbook,1362,258,low_background,,,,,
UCHUNK_001880,DOC_4ED7D04B1CB5,pswrgvwall.xls,logistics_distribution,text_or_table,excel_workbook,2200,286,low_background,,,,,
UCHUNK_001881,DOC_4ED7D04B1CB5,pswrgvwall.xls,logistics_distribution,text_or_table,excel_workbook,2200,340,low_background,,,,,
UCHUNK_001882,DOC_4ED7D04B1CB5,pswrgvwall.xls,logistics_distribution,text_or_table,excel_workbook,1591,302,low_background,,,,,
UCHUNK_001883,DOC_4ED7D04B1CB5,pswrgvwall.xls,logistics_distribution,text_or_table,excel_workbook,2200,288,low_background,,,,,
UCHUNK_001884,DOC_4ED7D04B1CB5,pswrgvwall.xls,logistics_distribution,text_or_table,excel_workbook,2200,296,low_background,,,,,
UCHUNK_001885,DOC_4ED7D04B1CB5,pswrgvwall.xls,logistics_distribution,text_or_table,excel_workbook,2200,417,low_background,,,,,
UCHUNK_001886,DOC_4ED7D04B1CB5,pswrgvwall.xls,logistics_distribution,text_or_table,excel_workbook,2200,363,low_background,,,,,
UCHUNK_001887,DOC_4ED7D04B1CB5,pswrgvwall.xls,logistics_distribution,text_or_table,excel_workbook,2200,267,low_background,,,,,
UCHUNK_001888,DOC_4ED7D04B1CB5,pswrgvwall.xls,logistics_distribution,text_or_table,excel_workbook,2200,402,low_background,,,,,
UCHUNK_001889,DOC_4ED7D04B1CB5,pswrgvwall.xls,logistics_distribution,text_or_table,excel_workbook,2200,299,low_background,,,,,
UCHUNK_001890,DOC_4ED7D04B1CB5,pswrgvwall.xls,logistics_distribution,text_or_table,excel_workbook,2200,335,low_background,,,,,
UCHUNK_001891,DOC_4ED7D04B1CB5,pswrgvwall.xls,logistics_distribution,text_or_table,excel_workbook,1798,345,low_background,,,,,
UCHUNK_001892,DOC_4ED7D04B1CB5,pswrgvwall.xls,logistics_distribution,text_or_table,excel_workbook,2200,291,low_background,,,,,
UCHUNK_001893,DOC_4ED7D04B1CB5,pswrgvwall.xls,logistics_distribution,text_or_table,excel_workbook,2200,310,low_background,,,,,
UCHUNK_001894,DOC_4ED7D04B1CB5,pswrgvwall.xls,logistics_distribution,text_or_table,excel_workbook,2200,411,low_background,,,,,
UCHUNK_001895,DOC_4ED7D04B1CB5,pswrgvwall.xls,logistics_distribution,text_or_table,excel_workbook,1289,263,low_background,,,,,
UCHUNK_001896,DOC_01971A613130,WPU09150336.csv,logistics_distribution,text_or_table,csv_table,472,52,low_background,,,,,
UCHUNK_001897,DOC_0D21678E3116,cvs_hershey_1_55oz_price_page.pdf,retail_price_evidence,text_or_table,pdf_document,14,4,low_short_text,,,,,
UCHUNK_001898,DOC_4D6583498B7A,target_hershey_1_55oz_price_page.pdf,retail_price_evidence,text_or_table,pdf_document,14,4,low_short_text,,,,,
UCHUNK_001899,DOC_5E90ED0F32AB,walgreens_hershey_1_55oz_price_page.pdf,retail_price_evidence,text_or_table,pdf_document,14,4,low_short_text,,,,,
UCHUNK_001900,DOC_1F6D46FB75CC,walmart_hershey_1_55oz_price_page.pdf,retail_price_evidence,text_or_table,pdf_document,14,4,low_short_text,,,,,
UCHUNK_001901,DOC_7AD7B5853282,Hersheyland-Explore-Hershey-Products.pdf,reference_only,text_or_table,pdf_document,14,4,low_short_text,,,,,
UCHUNK_001902,DOC_02F4A4A84A57,asr_refined_sugar_process_or_products.pdf,sugar,visual_ocr,pdf_document,2180,332,medium_context_evidence,asr; domino,,,,
UCHUNK_001903,DOC_02F4A4A84A57,asr_refined_sugar_process_or_products.pdf,sugar,visual_ocr,pdf_document,2090,345,medium_context_evidence,asr,,,,
UCHUNK_001904,DOC_02F4A4A84A57,asr_refined_sugar_process_or_products.pdf,sugar,visual_ocr,pdf_document,2171,377,medium_context_evidence,asr; asr group,,,,
UCHUNK_001905,DOC_050BBCAC6B3F,mclane_company_profile.pdf,logistics_distribution,visual_ocr,pdf_document,2200,462,medium_context_evidence,mclane; walgreens,,,,
UCHUNK_001906,DOC_050BBCAC6B3F,mclane_company_profile.pdf,logistics_distribution,visual_ocr,pdf_document,1269,209,medium_context_evidence,mclane,,,,
UCHUNK_001907,DOC_08137C490006,ice_cocoa_futures_optional_screenshot.pdf,cocoa_chocolate_cocoa_butter,visual_ocr,pdf_document,2200,365,medium_context_evidence,,sugar; cocoa,,,
UCHUNK_001908,DOC_08137C490006,ice_cocoa_futures_optional_screenshot.pdf,cocoa_chocolate_cocoa_butter,visual_ocr,pdf_document,1519,240,medium_context_evidence,,sugar; cocoa,,,
UCHUNK_001909,DOC_0C6FF4D0AACE,mclane_grocery_retail_distribution_page.pdf,logistics_distribution,visual_ocr,pdf_document,2200,396,medium_context_evidence,mclane,,,,
UCHUNK_001910,DOC_0C6FF4D0AACE,mclane_grocery_retail_distribution_page.pdf,logistics_distribution,visual_ocr,pdf_document,533,85,medium_context_evidence,mclane,,,,
UCHUNK_001911,DOC_0D21678E3116,cvs_hershey_1_55oz_price_page.pdf,retail_price_evidence,visual_ocr,pdf_document,965,188,high_sku_evidence,hershey; cvs,chocolate; milk,,1.55 oz; milk chocolate,
UCHUNK_001912,DOC_0DD09547ACD4,natural_flavor_extraction_distillation_fermentation_explanation.pdf,natural_flavor,visual_ocr,pdf_document,2039,290,high_sku_evidence,fda,natural flavor,,ingredients,
UCHUNK_001913,DOC_0DD09547ACD4,natural_flavor_extraction_distillation_fermentation_explanation.pdf,natural_flavor,visual_ocr,pdf_document,1003,150,high_sku_evidence,usda; fda,cocoa; natural flavor,,ingredients,
UCHUNK_001914,DOC_0E5990AC3AEF,asr_belize_sugar_industries_page.pdf,sugar,visual_ocr,pdf_document,2146,420,medium_context_evidence,asr; asr group; domino,sugar,,,
UCHUNK_001915,DOC_1164AEC6C38C,natural_flavor_function_in_food_explanation.pdf,natural_flavor,visual_ocr,pdf_document,2200,363,high_sku_evidence,fda,cocoa; chocolate; milk; natural flavor,,ingredients,
UCHUNK_001916,DOC_1164AEC6C38C,natural_flavor_function_in_food_explanation.pdf,natural_flavor,visual_ocr,pdf_document,2200,334,medium_context_evidence,fda,sugar; cocoa; chocolate; natural flavor,,,
UCHUNK_001917,DOC_1164AEC6C38C,natural_flavor_function_in_food_explanation.pdf,natural_flavor,visual_ocr,pdf_document,577,91,medium_context_evidence,,sugar; chocolate,,,
UCHUNK_001918,DOC_1BE15D0DAB2F,castor_oil_ricinoleic_acid_pgpr_origin_reference.pdf,pgpr,visual_ocr,pdf_document,2200,320,low_background,,,,,
UCHUNK_001919,DOC_1BE15D0DAB2F,castor_oil_ricinoleic_acid_pgpr_origin_reference.pdf,pgpr,visual_ocr,pdf_document,2200,334,low_background,,,,,
UCHUNK_001920,DOC_1BE15D0DAB2F,castor_oil_ricinoleic_acid_pgpr_origin_reference.pdf,pgpr,visual_ocr,pdf_document,2200,320,low_background,,,,,
UCHUNK_001921,DOC_1BE15D0DAB2F,castor_oil_ricinoleic_acid_pgpr_origin_reference.pdf,pgpr,visual_ocr,pdf_document,2199,348,low_background,,,,,
UCHUNK_001922,DOC_1BE15D0DAB2F,castor_oil_ricinoleic_acid_pgpr_origin_reference.pdf,pgpr,visual_ocr,pdf_document,2200,311,low_background,,,,,
UCHUNK_001923,DOC_1BE15D0DAB2F,castor_oil_ricinoleic_acid_pgpr_origin_reference.pdf,pgpr,visual_ocr,pdf_document,2200,324,low_background,,,,,
UCHUNK_001924,DOC_1BE15D0DAB2F,castor_oil_ricinoleic_acid_pgpr_origin_reference.pdf,pgpr,visual_ocr,pdf_document,2199,317,low_background,,,,,
UCHUNK_001925,DOC_1BE15D0DAB2F,castor_oil_ricinoleic_acid_pgpr_origin_reference.pdf,pgpr,visual_ocr,pdf_document,2200,321,low_background,,,,,
UCHUNK_001926,DOC_1BE15D0DAB2F,castor_oil_ricinoleic_acid_pgpr_origin_reference.pdf,pgpr,visual_ocr,pdf_document,2200,333,low_background,,,,,
UCHUNK_001927,DOC_1BE15D0DAB2F,castor_oil_ricinoleic_acid_pgpr_origin_reference.pdf,pgpr,visual_ocr,pdf_document,2200,319,low_background,,,,,
UCHUNK_001928,DOC_1BE15D0DAB2F,castor_oil_ricinoleic_acid_pgpr_origin_reference.pdf,pgpr,visual_ocr,pdf_document,2200,327,medium_context_evidence,,lecithin,,,
UCHUNK_001929,DOC_1BE15D0DAB2F,castor_oil_ricinoleic_acid_pgpr_origin_reference.pdf,pgpr,visual_ocr,pdf_document,887,126,low_background,,,,,
UCHUNK_001930,DOC_1D4C129E0BD4,fda_flavor_labeling_regulation_reference.pdf,natural_flavor,visual_ocr,pdf_document,228,35,low_background,,,,,
UCHUNK_001931,DOC_1E0944AC1DC5,asr_hershey_learn_to_grow_belize.pdf,sugar,visual_ocr,pdf_document,2200,375,medium_context_evidence,,sugar,,,
UCHUNK_001932,DOC_1E0944AC1DC5,asr_hershey_learn_to_grow_belize.pdf,sugar,visual_ocr,pdf_document,1198,178,medium_context_evidence,hershey; asr; asr group,sugar,,,
UCHUNK_001933,DOC_1E80FF9B816E,icco_processing_cocoa_page.pdf,cocoa_chocolate_cocoa_butter,visual_ocr,pdf_document,2200,351,medium_context_evidence,,sugar; cocoa; chocolate,,,
UCHUNK_001934,DOC_1E80FF9B816E,icco_processing_cocoa_page.pdf,cocoa_chocolate_cocoa_butter,visual_ocr,pdf_document,2198,377,medium_context_evidence,,cocoa; chocolate,,,
UCHUNK_001935,DOC_1E80FF9B816E,icco_processing_cocoa_page.pdf,cocoa_chocolate_cocoa_butter,visual_ocr,pdf_document,2200,374,high_sku_evidence,target,sugar; cocoa; chocolate; cocoa butter,,ingredients,
UCHUNK_001936,DOC_1E80FF9B816E,icco_processing_cocoa_page.pdf,cocoa_chocolate_cocoa_butter,visual_ocr,pdf_document,1981,316,high_sku_evidence,icco,sugar; cocoa; chocolate; cocoa butter; milk,,milk chocolate; ingredients,
UCHUNK_001937,DOC_1EB5146FBACE,bls_truck_transportation_ppi_benchmark.pdf,logistics_distribution,visual_ocr,pdf_document,883,167,low_background,,,,,
UCHUNK_001938,DOC_1EC92FF65460,barry_callebaut_company_profile.pdf,cocoa_chocolate_cocoa_butter,visual_ocr,pdf_document,2200,573,high_sku_evidence,barry callebaut,chocolate,,ingredients,
UCHUNK_001939,DOC_1EC92FF65460,barry_callebaut_company_profile.pdf,cocoa_chocolate_cocoa_butter,visual_ocr,pdf_document,2199,502,medium_context_evidence,barry callebaut,cocoa; chocolate,,,
UCHUNK_001940,DOC_1EC92FF65460,barry_callebaut_company_profile.pdf,cocoa_chocolate_cocoa_butter,visual_ocr,pdf_document,1057,177,medium_context_evidence,barry callebaut,cocoa; chocolate,,,
UCHUNK_001941,DOC_1F6D46FB75CC,walmart_hershey_1_55oz_price_page.pdf,retail_price_evidence,visual_ocr,pdf_document,2200,399,high_sku_evidence,hershey; walmart,chocolate; milk,,1.55 oz; milk chocolate; ingredients,
UCHUNK_001942,DOC_1F6D46FB75CC,walmart_hershey_1_55oz_price_page.pdf,retail_price_evidence,visual_ocr,pdf_document,2200,395,high_sku_evidence,hershey; walmart,chocolate; milk,,milk chocolate,
UCHUNK_001943,DOC_1F6D46FB75CC,walmart_hershey_1_55oz_price_page.pdf,retail_price_evidence,visual_ocr,pdf_document,694,119,high_sku_evidence,hershey,chocolate; milk,,milk chocolate,
UCHUNK_001944,DOC_23BD14F34CEF,pgpr_market_price_reference.pdf,pgpr,visual_ocr,pdf_document,1354,214,medium_context_evidence,,chocolate; pgpr,,,
UCHUNK_001945,DOC_26064332B82F,hershey_pulp_paper_page.pdf,packaging_wrapper,visual_ocr,pdf_document,2200,329,medium_context_evidence,hershey,packaging,,,
UCHUNK_001946,DOC_26064332B82F,hershey_pulp_paper_page.pdf,packaging_wrapper,visual_ocr,pdf_document,1345,228,medium_context_evidence,hershey,chocolate; packaging,,,
UCHUNK_001947,DOC_260B1720A1EF,hershey_cocoa_sustainability_page.pdf,cocoa_chocolate_cocoa_butter,visual_ocr,pdf_document,2199,449,high_sku_evidence,hershey,cocoa,,ingredients,
UCHUNK_001948,DOC_260B1720A1EF,hershey_cocoa_sustainability_page.pdf,cocoa_chocolate_cocoa_butter,visual_ocr,pdf_document,2199,412,high_sku_evidence,hershey,cocoa,,ingredients,
UCHUNK_001949,DOC_260B1720A1EF,hershey_cocoa_sustainability_page.pdf,cocoa_chocolate_cocoa_butter,visual_ocr,pdf_document,1050,186,medium_context_evidence,hershey,chocolate,,,
UCHUNK_001950,DOC_2D8BE31DFAC8,icco_cocoa_butter_powder_faq.pdf,cocoa_chocolate_cocoa_butter,visual_ocr,pdf_document,515,80,medium_context_evidence,,cocoa; chocolate,,,
UCHUNK_001951,DOC_2F8EE4491545,land_o_lakes_who_we_are_page.pdf,dairy_milk_skim_milk_milk_fat,visual_ocr,pdf_document,2200,489,low_background,,,,,
UCHUNK_001952,DOC_2F8EE4491545,land_o_lakes_who_we_are_page.pdf,dairy_milk_skim_milk_milk_fat,visual_ocr,pdf_document,1411,295,medium_context_evidence,land o'lakes,,,,
UCHUNK_001953,DOC_2FB8D1A92FFF,soy_lecithin_function_in_chocolate_explanation.pdf,soy_lecithin,visual_ocr,pdf_document,2200,349,medium_context_evidence,,lecithin,,,
UCHUNK_001954,DOC_2FB8D1A92FFF,soy_lecithin_function_in_chocolate_explanation.pdf,soy_lecithin,visual_ocr,pdf_document,2199,328,medium_context_evidence,usda,lecithin,,,
UCHUNK_001955,DOC_2FB8D1A92FFF,soy_lecithin_function_in_chocolate_explanation.pdf,soy_lecithin,visual_ocr,pdf_document,2200,330,medium_context_evidence,,soy lecithin; lecithin,,,
UCHUNK_001956,DOC_2FB8D1A92FFF,soy_lecithin_function_in_chocolate_explanation.pdf,soy_lecithin,visual_ocr,pdf_document,2200,326,high_sku_evidence,,cocoa; chocolate; milk; lecithin,,ingredients,
UCHUNK_001957,DOC_2FB8D1A92FFF,soy_lecithin_function_in_chocolate_explanation.pdf,soy_lecithin,visual_ocr,pdf_document,2200,337,medium_context_evidence,,cocoa; chocolate; cocoa butter; milk; lecithin,,,
UCHUNK_001958,DOC_2FB8D1A92FFF,soy_lecithin_function_in_chocolate_explanation.pdf,soy_lecithin,visual_ocr,pdf_document,2200,347,high_sku_evidence,,cocoa; chocolate; soy lecithin; lecithin,,ingredients,
UCHUNK_001959,DOC_2FB8D1A92FFF,soy_lecithin_function_in_chocolate_explanation.pdf,soy_lecithin,visual_ocr,pdf_document,2199,312,high_sku_evidence,fda,lecithin,,ingredients,
UCHUNK_001960,DOC_2FB8D1A92FFF,soy_lecithin_function_in_chocolate_explanation.pdf,soy_lecithin,visual_ocr,pdf_document,2200,332,high_sku_evidence,,cocoa; lecithin,,ingredients,
UCHUNK_001961,DOC_2FB8D1A92FFF,soy_lecithin_function_in_chocolate_explanation.pdf,soy_lecithin,visual_ocr,pdf_document,2200,352,medium_context_evidence,,milk; lecithin,,,
UCHUNK_001962,DOC_2FB8D1A92FFF,soy_lecithin_function_in_chocolate_explanation.pdf,soy_lecithin,visual_ocr,pdf_document,668,96,low_background,,,,,
UCHUNK_001963,DOC_35AC43ECE38F,Hershey back.webp,product_sku_1_55oz,visual_ocr,image_or_logo,420,76,medium_context_evidence,hershey,sugar,,,
UCHUNK_001964,DOC_381414594006,Pulp-Paper-The-Hershey-Company-05-06-2026_02_23_PM.pdf,hershey_company,visual_ocr,pdf_document,2200,329,medium_context_evidence,hershey,packaging,,,
UCHUNK_001965,DOC_381414594006,Pulp-Paper-The-Hershey-Company-05-06-2026_02_23_PM.pdf,hershey_company,visual_ocr,pdf_document,1345,228,medium_context_evidence,hershey,chocolate; packaging,,,
UCHUNK_001966,DOC_399D89EF9892,natural_flavor_market_overview_reference.pdf,natural_flavor,visual_ocr,pdf_document,2199,363,medium_context_evidence,,natural flavor,,,
UCHUNK_001967,DOC_399D89EF9892,natural_flavor_market_overview_reference.pdf,natural_flavor,visual_ocr,pdf_document,2200,317,high_sku_evidence,,natural flavor,,ingredients,
UCHUNK_001968,DOC_399D89EF9892,natural_flavor_market_overview_reference.pdf,natural_flavor,visual_ocr,pdf_document,2199,294,high_sku_evidence,,natural flavor,,ingredients,
UCHUNK_001969,DOC_399D89EF9892,natural_flavor_market_overview_reference.pdf,natural_flavor,visual_ocr,pdf_document,2199,352,medium_context_evidence,,natural flavor,,,
UCHUNK_001970,DOC_399D89EF9892,natural_flavor_market_overview_reference.pdf,natural_flavor,visual_ocr,pdf_document,2199,334,high_sku_evidence,,natural flavor,,ingredients,
UCHUNK_001971,DOC_399D89EF9892,natural_flavor_market_overview_reference.pdf,natural_flavor,visual_ocr,pdf_document,2200,335,high_sku_evidence,,milk; natural flavor,,ingredients,
UCHUNK_001972,DOC_399D89EF9892,natural_flavor_market_overview_reference.pdf,natural_flavor,visual_ocr,pdf_document,2200,328,high_sku_evidence,,natural flavor,,ingredients,
UCHUNK_001973,DOC_399D89EF9892,natural_flavor_market_overview_reference.pdf,natural_flavor,visual_ocr,pdf_document,2200,318,medium_context_evidence,,natural flavor,,,
UCHUNK_001974,DOC_399D89EF9892,natural_flavor_market_overview_reference.pdf,natural_flavor,visual_ocr,pdf_document,2200,372,medium_context_evidence,,natural flavor,,,
UCHUNK_001975,DOC_399D89EF9892,natural_flavor_market_overview_reference.pdf,natural_flavor,visual_ocr,pdf_document,1088,183,low_background,,,,,
UCHUNK_001976,DOC_3A67DADA572A,barry_callebaut_annual_report_or_full_year_results_2024_25.pdf,cocoa_chocolate_cocoa_butter,visual_ocr,pdf_document,131,41,low_background,,,,,
UCHUNK_001977,DOC_3C5045700A98,land_o_lakes_hershey_chesapeake_bay_page.pdf,dairy_milk_skim_milk_milk_fat,visual_ocr,pdf_document,2199,446,medium_context_evidence,hershey; land o'lakes,,,,
UCHUNK_001978,DOC_3C5045700A98,land_o_lakes_hershey_chesapeake_bay_page.pdf,dairy_milk_skim_milk_milk_fat,visual_ocr,pdf_document,2199,400,high_sku_evidence,hershey; land o'lakes,milk,,ingredients,
UCHUNK_001979,DOC_3C5045700A98,land_o_lakes_hershey_chesapeake_bay_page.pdf,dairy_milk_skim_milk_milk_fat,visual_ocr,pdf_document,2200,321,high_sku_evidence,hershey; land o'lakes,,,ingredients,
UCHUNK_001980,DOC_3C5045700A98,land_o_lakes_hershey_chesapeake_bay_page.pdf,dairy_milk_skim_milk_milk_fat,visual_ocr,pdf_document,1517,259,medium_context_evidence,land o'lakes,,,,
UCHUNK_001981,DOC_3DACF0FBC836,hershey_latest_esg_dairy_section.pdf,dairy_milk_skim_milk_milk_fat,visual_ocr,pdf_document,66,11,low_short_text,hershey,,,,
UCHUNK_001982,DOC_3FF97ACFA90D,hershey_dairy_sourcing_page.pdf,dairy_milk_skim_milk_milk_fat,visual_ocr,pdf_document,2199,324,high_sku_evidence,hershey; target,chocolate; milk,,milk chocolate; ingredients,
UCHUNK_001983,DOC_3FF97ACFA90D,hershey_dairy_sourcing_page.pdf,dairy_milk_skim_milk_milk_fat,visual_ocr,pdf_document,2200,339,high_sku_evidence,hershey; land o'lakes,chocolate; milk,,ingredients,
UCHUNK_001984,DOC_3FF97ACFA90D,hershey_dairy_sourcing_page.pdf,dairy_milk_skim_milk_milk_fat,visual_ocr,pdf_document,1989,331,medium_context_evidence,hershey; land o'lakes,chocolate; milk,,,
UCHUNK_001985,DOC_400268FDC92A,nonfat_dry_milk_skim_milk_explanation.pdf,dairy_milk_skim_milk_milk_fat,visual_ocr,pdf_document,2200,366,high_sku_evidence,,milk; skim milk,,ingredients,
UCHUNK_001986,DOC_400268FDC92A,nonfat_dry_milk_skim_milk_explanation.pdf,dairy_milk_skim_milk_milk_fat,visual_ocr,pdf_document,2199,322,medium_context_evidence,,milk; packaging,,,
UCHUNK_001987,DOC_400268FDC92A,nonfat_dry_milk_skim_milk_explanation.pdf,dairy_milk_skim_milk_milk_fat,visual_ocr,pdf_document,1227,186,medium_context_evidence,,chocolate; milk; skim milk,,,
UCHUNK_001988,DOC_41FA1AC07EDD,retail_wholesale_distribution_explanation.pdf,logistics_distribution,visual_ocr,pdf_document,2144,313,low_background,,,,,
UCHUNK_001989,DOC_41FA1AC07EDD,retail_wholesale_distribution_explanation.pdf,logistics_distribution,visual_ocr,pdf_document,1518,223,low_background,,,,,
UCHUNK_001990,DOC_41FA1AC07EDD,retail_wholesale_distribution_explanation.pdf,logistics_distribution,visual_ocr,pdf_document,2200,317,low_background,,,,,
UCHUNK_001991,DOC_41FA1AC07EDD,retail_wholesale_distribution_explanation.pdf,logistics_distribution,visual_ocr,pdf_document,2198,295,low_background,,,,,
UCHUNK_001992,DOC_41FA1AC07EDD,retail_wholesale_distribution_explanation.pdf,logistics_distribution,visual_ocr,pdf_document,2200,295,low_background,,,,,
UCHUNK_001993,DOC_41FA1AC07EDD,retail_wholesale_distribution_explanation.pdf,logistics_distribution,visual_ocr,pdf_document,2199,310,low_background,,,,,
UCHUNK_001994,DOC_41FA1AC07EDD,retail_wholesale_distribution_explanation.pdf,logistics_distribution,visual_ocr,pdf_document,2200,297,low_background,,,,,
UCHUNK_001995,DOC_41FA1AC07EDD,retail_wholesale_distribution_explanation.pdf,logistics_distribution,visual_ocr,pdf_document,2200,314,low_background,,,,upc,
UCHUNK_001996,DOC_41FA1AC07EDD,retail_wholesale_distribution_explanation.pdf,logistics_distribution,visual_ocr,pdf_document,2200,280,low_background,,,,,
UCHUNK_001997,DOC_41FA1AC07EDD,retail_wholesale_distribution_explanation.pdf,logistics_distribution,visual_ocr,pdf_document,2200,298,low_background,,,,,
UCHUNK_001998,DOC_41FA1AC07EDD,retail_wholesale_distribution_explanation.pdf,logistics_distribution,visual_ocr,pdf_document,2122,291,low_background,,,,,
UCHUNK_001999,DOC_41FA1AC07EDD,retail_wholesale_distribution_explanation.pdf,logistics_distribution,visual_ocr,pdf_document,1512,254,low_background,,,,,
UCHUNK_002000,DOC_444A249CB5CF,barry_callebaut_social_environmental_impact_report_2024_25.pdf,cocoa_chocolate_cocoa_butter,visual_ocr,pdf_document,145,38,low_background,,,,,
UCHUNK_002001,DOC_463FD3B8EDC9,Hershey Front.webp,product_sku_1_55oz,visual_ocr,image_or_logo,78,11,low_short_text,hershey,chocolate; milk,,milk chocolate,
UCHUNK_002002,DOC_4798F11F2524,Palm-Oil-The-Hershey-Company-05-06-2026_02_22_PM.pdf,hershey_company,visual_ocr,pdf_document,2200,340,high_sku_evidence,hershey,,,ingredients,
UCHUNK_002003,DOC_4798F11F2524,Palm-Oil-The-Hershey-Company-05-06-2026_02_22_PM.pdf,hershey_company,visual_ocr,pdf_document,1830,276,medium_context_evidence,hershey,,,,
UCHUNK_002004,DOC_4798F11F2524,Palm-Oil-The-Hershey-Company-05-06-2026_02_22_PM.pdf,hershey_company,visual_ocr,pdf_document,2200,333,medium_context_evidence,hershey,,,,
UCHUNK_002005,DOC_4798F11F2524,Palm-Oil-The-Hershey-Company-05-06-2026_02_22_PM.pdf,hershey_company,visual_ocr,pdf_document,1864,293,medium_context_evidence,hershey,,,,
UCHUNK_002006,DOC_4798F11F2524,Palm-Oil-The-Hershey-Company-05-06-2026_02_22_PM.pdf,hershey_company,visual_ocr,pdf_document,2200,323,medium_context_evidence,hershey,,,,
UCHUNK_002007,DOC_4798F11F2524,Palm-Oil-The-Hershey-Company-05-06-2026_02_22_PM.pdf,hershey_company,visual_ocr,pdf_document,2200,315,medium_context_evidence,hershey,,,,
UCHUNK_002008,DOC_4798F11F2524,Palm-Oil-The-Hershey-Company-05-06-2026_02_22_PM.pdf,hershey_company,visual_ocr,pdf_document,2199,329,low_background,,,,,
UCHUNK_002009,DOC_4798F11F2524,Palm-Oil-The-Hershey-Company-05-06-2026_02_22_PM.pdf,hershey_company,visual_ocr,pdf_document,2121,330,medium_context_evidence,hershey,,,,
UCHUNK_002010,DOC_4798F11F2524,Palm-Oil-The-Hershey-Company-05-06-2026_02_22_PM.pdf,hershey_company,visual_ocr,pdf_document,1142,178,medium_context_evidence,hershey,chocolate,,,
UCHUNK_002011,DOC_4D6583498B7A,target_hershey_1_55oz_price_page.pdf,retail_price_evidence,visual_ocr,pdf_document,1493,297,high_sku_evidence,hershey; target,sugar; cocoa; chocolate; cocoa butter; milk; milk fat; lecithin; pgpr,,milk chocolate; ingredients,
UCHUNK_002012,DOC_4FB6669959F5,asr_fy23_sustainability_report.pdf,sugar,visual_ocr,pdf_document,236,61,low_background,,,,,
UCHUNK_002013,DOC_51C8BD35B96E,lecithin_emulsifier_chocolate_use.pdf,soy_lecithin,visual_ocr,pdf_document,2200,399,high_sku_evidence,,sugar; cocoa; chocolate; cocoa butter; milk; lecithin; wrapper,,ingredients,
UCHUNK_002014,DOC_51C8BD35B96E,lecithin_emulsifier_chocolate_use.pdf,soy_lecithin,visual_ocr,pdf_document,2199,410,medium_context_evidence,,cocoa; chocolate; cocoa butter; lecithin,,,
UCHUNK_002015,DOC_51C8BD35B96E,lecithin_emulsifier_chocolate_use.pdf,soy_lecithin,visual_ocr,pdf_document,1857,318,medium_context_evidence,,cocoa; chocolate; cocoa butter; lecithin,,,
UCHUNK_002016,DOC_535DD6E652B7,asr_group_about_page.pdf,sugar,visual_ocr,pdf_document,2200,386,medium_context_evidence,asr; asr group; domino,sugar,,,
UCHUNK_002017,DOC_535DD6E652B7,asr_group_about_page.pdf,sugar,visual_ocr,pdf_document,951,203,medium_context_evidence,asr; asr group,,,,
UCHUNK_002018,DOC_55B0E1DB0BD6,common_carrier_freight_explanation.pdf,logistics_distribution,visual_ocr,pdf_document,2163,331,low_background,,,,,
UCHUNK_002019,DOC_5E90ED0F32AB,walgreens_hershey_1_55oz_price_page.pdf,retail_price_evidence,visual_ocr,pdf_document,2200,374,high_sku_evidence,hershey; walgreens,chocolate; milk,,milk chocolate; nutrition facts; ingredients,
UCHUNK_002020,DOC_5E90ED0F32AB,walgreens_hershey_1_55oz_price_page.pdf,retail_price_evidence,visual_ocr,pdf_document,2200,387,high_sku_evidence,hershey,chocolate; milk; packaging,,milk chocolate; upc,
UCHUNK_002021,DOC_5E90ED0F32AB,walgreens_hershey_1_55oz_price_page.pdf,retail_price_evidence,visual_ocr,pdf_document,1189,206,medium_context_evidence,hershey,chocolate,,,
UCHUNK_002022,DOC_5EE6EEAC2420,pgpr_processing_polyglycerol_ricinoleic_acid_explanation.pdf,pgpr,visual_ocr,pdf_document,2200,348,medium_context_evidence,,cocoa; chocolate; cocoa butter; lecithin; pgpr,,,
UCHUNK_002023,DOC_5EE6EEAC2420,pgpr_processing_polyglycerol_ricinoleic_acid_explanation.pdf,pgpr,visual_ocr,pdf_document,2200,334,medium_context_evidence,,cocoa; chocolate; lecithin; pgpr,,,
UCHUNK_002024,DOC_5EE6EEAC2420,pgpr_processing_polyglycerol_ricinoleic_acid_explanation.pdf,pgpr,visual_ocr,pdf_document,2200,300,medium_context_evidence,,chocolate; lecithin; pgpr,,,
UCHUNK_002025,DOC_5EE6EEAC2420,pgpr_processing_polyglycerol_ricinoleic_acid_explanation.pdf,pgpr,visual_ocr,pdf_document,2200,317,low_background,,,,,
UCHUNK_002026,DOC_5EE6EEAC2420,pgpr_processing_polyglycerol_ricinoleic_acid_explanation.pdf,pgpr,visual_ocr,pdf_document,2199,319,medium_context_evidence,,pgpr,,,
UCHUNK_002027,DOC_5EE6EEAC2420,pgpr_processing_polyglycerol_ricinoleic_acid_explanation.pdf,pgpr,visual_ocr,pdf_document,2199,336,medium_context_evidence,,soy lecithin; lecithin; pgpr,,,
UCHUNK_002028,DOC_5EE6EEAC2420,pgpr_processing_polyglycerol_ricinoleic_acid_explanation.pdf,pgpr,visual_ocr,pdf_document,2200,292,medium_context_evidence,,cocoa; milk; pgpr,,,
UCHUNK_002029,DOC_5EE6EEAC2420,pgpr_processing_polyglycerol_ricinoleic_acid_explanation.pdf,pgpr,visual_ocr,pdf_document,2200,316,medium_context_evidence,,sugar; chocolate; lecithin,,,
UCHUNK_002030,DOC_5EE6EEAC2420,pgpr_processing_polyglycerol_ricinoleic_acid_explanation.pdf,pgpr,visual_ocr,pdf_document,1500,213,medium_context_evidence,,cocoa; chocolate; cocoa butter; lecithin,,,
UCHUNK_002031,DOC_6152C93503AC,hershey_responsible_sourcing_cocoa_page.pdf,hershey_company,visual_ocr,pdf_document,2199,411,high_sku_evidence,hershey,,,ingredients,
UCHUNK_002032,DOC_6152C93503AC,hershey_responsible_sourcing_cocoa_page.pdf,hershey_company,visual_ocr,pdf_document,2198,498,high_sku_evidence,hershey,,,ingredients,
UCHUNK_002033,DOC_6152C93503AC,hershey_responsible_sourcing_cocoa_page.pdf,hershey_company,visual_ocr,pdf_document,2200,331,high_sku_evidence,hershey; target,sugar; cocoa,,ingredients,
UCHUNK_002034,DOC_6152C93503AC,hershey_responsible_sourcing_cocoa_page.pdf,hershey_company,visual_ocr,pdf_document,1658,280,high_sku_evidence,hershey,sugar; cocoa; chocolate,,ingredients,
UCHUNK_002035,DOC_6ECEDE6AFBC2,epa_hershey_land_o_lakes_pa_dairy_farms_2m_commitment.pdf,dairy_milk_skim_milk_milk_fat,visual_ocr,pdf_document,2200,377,high_sku_evidence,hershey; land o'lakes; usda,chocolate; milk,,milk chocolate,
UCHUNK_002036,DOC_6ECEDE6AFBC2,epa_hershey_land_o_lakes_pa_dairy_farms_2m_commitment.pdf,dairy_milk_skim_milk_milk_fat,visual_ocr,pdf_document,2200,357,high_sku_evidence,hershey; land o'lakes,chocolate; milk,,milk chocolate,
UCHUNK_002037,DOC_6ECEDE6AFBC2,epa_hershey_land_o_lakes_pa_dairy_farms_2m_commitment.pdf,dairy_milk_skim_milk_milk_fat,visual_ocr,pdf_document,2169,356,medium_context_evidence,target; usda,chocolate,,,
UCHUNK_002038,DOC_71BF5D9AF123,barry_callebaut_hershey_supply_agreement_page.pdf,cocoa_chocolate_cocoa_butter,visual_ocr,pdf_document,2200,372,medium_context_evidence,hershey; barry callebaut,cocoa; chocolate,,,
UCHUNK_002039,DOC_71BF5D9AF123,barry_callebaut_hershey_supply_agreement_page.pdf,cocoa_chocolate_cocoa_butter,visual_ocr,pdf_document,2200,343,medium_context_evidence,barry callebaut,cocoa; chocolate,,,
UCHUNK_002040,DOC_71BF5D9AF123,barry_callebaut_hershey_supply_agreement_page.pdf,cocoa_chocolate_cocoa_butter,visual_ocr,pdf_document,421,62,medium_context_evidence,barry callebaut,chocolate,,,
UCHUNK_002041,DOC_71CE92D20645,hershey_distribution_center_logistics_reference.pdf,logistics_distribution,visual_ocr,pdf_document,2199,533,medium_context_evidence,hershey,packaging,,,
UCHUNK_002042,DOC_71CE92D20645,hershey_distribution_center_logistics_reference.pdf,logistics_distribution,visual_ocr,pdf_document,1624,280,medium_context_evidence,hershey,chocolate; packaging,,,
UCHUNK_002043,DOC_71CE92D20645,hershey_distribution_center_logistics_reference.pdf,logistics_distribution,visual_ocr,pdf_document,1859,277,medium_context_evidence,hershey,,,,
UCHUNK_002044,DOC_71CE92D20645,hershey_distribution_center_logistics_reference.pdf,logistics_distribution,visual_ocr,pdf_document,1496,190,medium_context_evidence,hershey,,,,
UCHUNK_002045,DOC_71CE92D20645,hershey_distribution_center_logistics_reference.pdf,logistics_distribution,visual_ocr,pdf_document,1974,249,medium_context_evidence,hershey,packaging,,,
UCHUNK_002046,DOC_71CE92D20645,hershey_distribution_center_logistics_reference.pdf,logistics_distribution,visual_ocr,pdf_document,2192,295,medium_context_evidence,hershey,,,,
UCHUNK_002047,DOC_71CE92D20645,hershey_distribution_center_logistics_reference.pdf,logistics_distribution,visual_ocr,pdf_document,525,65,medium_context_evidence,hershey,,,,
UCHUNK_002048,DOC_73F44125570A,hershey_latest_esg_sugar_section.pdf,hershey_company,visual_ocr,pdf_document,71,14,low_short_text,hershey,,,,
UCHUNK_002049,DOC_74966F03A6A3,hershey_sugar_sourcing_page.pdf,sugar,visual_ocr,pdf_document,2200,335,medium_context_evidence,hershey; target,sugar,,,
UCHUNK_002050,DOC_74966F03A6A3,hershey_sugar_sourcing_page.pdf,sugar,visual_ocr,pdf_document,2200,326,high_sku_evidence,hershey,sugar,,ingredients,
UCHUNK_002051,DOC_74966F03A6A3,hershey_sugar_sourcing_page.pdf,sugar,visual_ocr,pdf_document,2199,336,medium_context_evidence,hershey; asr; american sugar refining,sugar; chocolate,,,
UCHUNK_002052,DOC_74966F03A6A3,hershey_sugar_sourcing_page.pdf,sugar,visual_ocr,pdf_document,484,71,medium_context_evidence,hershey,chocolate,,,
UCHUNK_002053,DOC_75DA5EE841E9,hershey_sustainable_dairy_pa_2021_press_release.pdf,dairy_milk_skim_milk_milk_fat,visual_ocr,pdf_document,2200,344,medium_context_evidence,hershey; land o'lakes,milk,,,
UCHUNK_002054,DOC_75DA5EE841E9,hershey_sustainable_dairy_pa_2021_press_release.pdf,dairy_milk_skim_milk_milk_fat,visual_ocr,pdf_document,2200,335,high_sku_evidence,hershey; land o'lakes,chocolate; milk,,milk chocolate,
UCHUNK_002055,DOC_75DA5EE841E9,hershey_sustainable_dairy_pa_2021_press_release.pdf,dairy_milk_skim_milk_milk_fat,visual_ocr,pdf_document,2200,328,high_sku_evidence,hershey; land o'lakes,chocolate; milk,,milk chocolate,
UCHUNK_002056,DOC_75DA5EE841E9,hershey_sustainable_dairy_pa_2021_press_release.pdf,dairy_milk_skim_milk_milk_fat,visual_ocr,pdf_document,1242,187,medium_context_evidence,hershey; land o'lakes,chocolate,,,
UCHUNK_002057,DOC_7A2EEB1A9F31,soy_lecithin_market_price_reference.pdf,soy_lecithin,visual_ocr,pdf_document,2200,339,medium_context_evidence,,soy lecithin; lecithin,,,
UCHUNK_002058,DOC_7A2EEB1A9F31,soy_lecithin_market_price_reference.pdf,soy_lecithin,visual_ocr,pdf_document,330,53,medium_context_evidence,,soy lecithin; lecithin,,,
UCHUNK_002059,DOC_7AD7B5853282,Hersheyland-Explore-Hershey-Products.pdf,reference_only,visual_ocr,pdf_document,2200,495,high_sku_evidence,hershey,chocolate; milk,,milk chocolate; upc,
UCHUNK_002060,DOC_7AD7B5853282,Hersheyland-Explore-Hershey-Products.pdf,reference_only,visual_ocr,pdf_document,1827,417,medium_context_evidence,hershey,chocolate,,,
UCHUNK_002061,DOC_7FED8B7042EA,usda_ams_dairy_market_news_weekly_report_latest.pdf,dairy_milk_skim_milk_milk_fat,visual_ocr,pdf_document,519,94,medium_context_evidence,usda,milk,,,
UCHUNK_002062,DOC_88DAB6FD44D8,cpg_distribution_center_explanation.pdf,logistics_distribution,visual_ocr,pdf_document,1313,223,low_background,,,,,
UCHUNK_002063,DOC_88DAB6FD44D8,cpg_distribution_center_explanation.pdf,logistics_distribution,visual_ocr,pdf_document,2199,309,high_sku_evidence,,packaging,,ingredients,
UCHUNK_002064,DOC_88DAB6FD44D8,cpg_distribution_center_explanation.pdf,logistics_distribution,visual_ocr,pdf_document,2200,300,medium_context_evidence,fda,sugar; packaging,,,
UCHUNK_002065,DOC_88DAB6FD44D8,cpg_distribution_center_explanation.pdf,logistics_distribution,visual_ocr,pdf_document,1994,272,medium_context_evidence,,sugar; packaging,,,
UCHUNK_002066,DOC_88DAB6FD44D8,cpg_distribution_center_explanation.pdf,logistics_distribution,visual_ocr,pdf_document,2108,297,medium_context_evidence,,sugar,,,
UCHUNK_002067,DOC_88DAB6FD44D8,cpg_distribution_center_explanation.pdf,logistics_distribution,visual_ocr,pdf_document,2095,299,medium_context_evidence,,sugar,,,
UCHUNK_002068,DOC_88DAB6FD44D8,cpg_distribution_center_explanation.pdf,logistics_distribution,visual_ocr,pdf_document,1763,253,low_background,,,,,
UCHUNK_002069,DOC_89FEEC7103A9,eia_diesel_price_benchmark.pdf,logistics_distribution,visual_ocr,pdf_document,2200,388,low_background,,,,,
UCHUNK_002070,DOC_89FEEC7103A9,eia_diesel_price_benchmark.pdf,logistics_distribution,visual_ocr,pdf_document,2199,364,medium_context_evidence,eia,,,,
UCHUNK_002071,DOC_89FEEC7103A9,eia_diesel_price_benchmark.pdf,logistics_distribution,visual_ocr,pdf_document,706,113,medium_context_evidence,eia,,,,
UCHUNK_002072,DOC_8E60E28B0A31,efsa_pgpr_e476_reevaluation.pdf,pgpr,visual_ocr,pdf_document,2115,307,medium_context_evidence,efsa,pgpr,,,
UCHUNK_002073,DOC_8E60E28B0A31,efsa_pgpr_e476_reevaluation.pdf,pgpr,visual_ocr,pdf_document,2199,342,medium_context_evidence,,pgpr,,,
UCHUNK_002074,DOC_8E60E28B0A31,efsa_pgpr_e476_reevaluation.pdf,pgpr,visual_ocr,pdf_document,2200,359,medium_context_evidence,,pgpr,,,
UCHUNK_002075,DOC_8E60E28B0A31,efsa_pgpr_e476_reevaluation.pdf,pgpr,visual_ocr,pdf_document,2078,347,medium_context_evidence,efsa,,,,
UCHUNK_002076,DOC_8E60E28B0A31,efsa_pgpr_e476_reevaluation.pdf,pgpr,visual_ocr,pdf_document,2198,337,medium_context_evidence,,pgpr,,,
UCHUNK_002077,DOC_8E60E28B0A31,efsa_pgpr_e476_reevaluation.pdf,pgpr,visual_ocr,pdf_document,1461,231,medium_context_evidence,,pgpr,,,
UCHUNK_002078,DOC_8E60E28B0A31,efsa_pgpr_e476_reevaluation.pdf,pgpr,visual_ocr,pdf_document,2200,341,medium_context_evidence,,pgpr,,,
UCHUNK_002079,DOC_8E60E28B0A31,efsa_pgpr_e476_reevaluation.pdf,pgpr,visual_ocr,pdf_document,1585,248,medium_context_evidence,,pgpr,,,
UCHUNK_002080,DOC_8E60E28B0A31,efsa_pgpr_e476_reevaluation.pdf,pgpr,visual_ocr,pdf_document,2122,350,medium_context_evidence,,pgpr,,,
UCHUNK_002081,DOC_8E60E28B0A31,efsa_pgpr_e476_reevaluation.pdf,pgpr,visual_ocr,pdf_document,2200,339,medium_context_evidence,efsa,pgpr,,,
UCHUNK_002082,DOC_8E60E28B0A31,efsa_pgpr_e476_reevaluation.pdf,pgpr,visual_ocr,pdf_document,1535,241,medium_context_evidence,efsa,,,,
UCHUNK_002083,DOC_8E60E28B0A31,efsa_pgpr_e476_reevaluation.pdf,pgpr,visual_ocr,pdf_document,2200,337,medium_context_evidence,efsa,,,,
UCHUNK_002084,DOC_8E60E28B0A31,efsa_pgpr_e476_reevaluation.pdf,pgpr,visual_ocr,pdf_document,2200,333,medium_context_evidence,efsa,pgpr,,,
UCHUNK_002085,DOC_8E60E28B0A31,efsa_pgpr_e476_reevaluation.pdf,pgpr,visual_ocr,pdf_document,1804,298,medium_context_evidence,,pgpr,,,
UCHUNK_002086,DOC_8E60E28B0A31,efsa_pgpr_e476_reevaluation.pdf,pgpr,visual_ocr,pdf_document,2200,364,medium_context_evidence,efsa,,,,
UCHUNK_002087,DOC_8E60E28B0A31,efsa_pgpr_e476_reevaluation.pdf,pgpr,visual_ocr,pdf_document,2200,312,medium_context_evidence,efsa,pgpr,,,
UCHUNK_002088,DOC_8E60E28B0A31,efsa_pgpr_e476_reevaluation.pdf,pgpr,visual_ocr,pdf_document,1367,211,medium_context_evidence,efsa,pgpr,,,
UCHUNK_002089,DOC_8E60E28B0A31,efsa_pgpr_e476_reevaluation.pdf,pgpr,visual_ocr,pdf_document,2200,331,medium_context_evidence,efsa,pgpr,,,
UCHUNK_002090,DOC_8E60E28B0A31,efsa_pgpr_e476_reevaluation.pdf,pgpr,visual_ocr,pdf_document,1108,158,medium_context_evidence,,pgpr,,,
UCHUNK_002091,DOC_8E60E28B0A31,efsa_pgpr_e476_reevaluation.pdf,pgpr,visual_ocr,pdf_document,1643,223,medium_context_evidence,efsa,pgpr,,,
UCHUNK_002092,DOC_8E60E28B0A31,efsa_pgpr_e476_reevaluation.pdf,pgpr,visual_ocr,pdf_document,1802,247,medium_context_evidence,,pgpr,,,
UCHUNK_002093,DOC_8E60E28B0A31,efsa_pgpr_e476_reevaluation.pdf,pgpr,visual_ocr,pdf_document,1810,266,low_background,,,,,
UCHUNK_002094,DOC_8E60E28B0A31,efsa_pgpr_e476_reevaluation.pdf,pgpr,visual_ocr,pdf_document,2006,311,medium_context_evidence,efsa,pgpr,,,
UCHUNK_002095,DOC_8E60E28B0A31,efsa_pgpr_e476_reevaluation.pdf,pgpr,visual_ocr,pdf_document,2200,342,medium_context_evidence,efsa,pgpr,,,
UCHUNK_002096,DOC_8E60E28B0A31,efsa_pgpr_e476_reevaluation.pdf,pgpr,visual_ocr,pdf_document,2200,327,medium_context_evidence,efsa,pgpr,,,
UCHUNK_002097,DOC_8E60E28B0A31,efsa_pgpr_e476_reevaluation.pdf,pgpr,visual_ocr,pdf_document,1820,267,medium_context_evidence,efsa,pgpr,,,
UCHUNK_002098,DOC_8E60E28B0A31,efsa_pgpr_e476_reevaluation.pdf,pgpr,visual_ocr,pdf_document,2200,343,medium_context_evidence,efsa,pgpr,,,
UCHUNK_002099,DOC_8E60E28B0A31,efsa_pgpr_e476_reevaluation.pdf,pgpr,visual_ocr,pdf_document,1328,186,medium_context_evidence,efsa,chocolate; pgpr,,,
UCHUNK_002100,DOC_8E60E28B0A31,efsa_pgpr_e476_reevaluation.pdf,pgpr,visual_ocr,pdf_document,2200,340,high_sku_evidence,efsa,chocolate; milk; pgpr,,milk chocolate,
UCHUNK_002101,DOC_8E60E28B0A31,efsa_pgpr_e476_reevaluation.pdf,pgpr,visual_ocr,pdf_document,1755,272,medium_context_evidence,efsa,chocolate; pgpr,,,
UCHUNK_002102,DOC_8E60E28B0A31,efsa_pgpr_e476_reevaluation.pdf,pgpr,visual_ocr,pdf_document,2028,308,medium_context_evidence,,cocoa; chocolate; pgpr,,,
UCHUNK_002103,DOC_8E60E28B0A31,efsa_pgpr_e476_reevaluation.pdf,pgpr,visual_ocr,pdf_document,2068,335,medium_context_evidence,efsa,milk; pgpr,,,
UCHUNK_002104,DOC_8E60E28B0A31,efsa_pgpr_e476_reevaluation.pdf,pgpr,visual_ocr,pdf_document,2200,340,medium_context_evidence,efsa,chocolate; pgpr,,,
UCHUNK_002105,DOC_8E60E28B0A31,efsa_pgpr_e476_reevaluation.pdf,pgpr,visual_ocr,pdf_document,2200,323,medium_context_evidence,efsa,chocolate; pgpr,,,
UCHUNK_002106,DOC_8E60E28B0A31,efsa_pgpr_e476_reevaluation.pdf,pgpr,visual_ocr,pdf_document,2200,320,medium_context_evidence,efsa,pgpr,,,
UCHUNK_002107,DOC_8E60E28B0A31,efsa_pgpr_e476_reevaluation.pdf,pgpr,visual_ocr,pdf_document,1751,258,medium_context_evidence,efsa,pgpr,,,
UCHUNK_002108,DOC_8E60E28B0A31,efsa_pgpr_e476_reevaluation.pdf,pgpr,visual_ocr,pdf_document,1916,291,medium_context_evidence,efsa,cocoa; chocolate; milk; pgpr,,,
UCHUNK_002109,DOC_8E60E28B0A31,efsa_pgpr_e476_reevaluation.pdf,pgpr,visual_ocr,pdf_document,2200,339,medium_context_evidence,,milk; pgpr,,,
UCHUNK_002110,DOC_8E60E28B0A31,efsa_pgpr_e476_reevaluation.pdf,pgpr,visual_ocr,pdf_document,2200,340,medium_context_evidence,efsa,pgpr,,,
UCHUNK_002111,DOC_8E60E28B0A31,efsa_pgpr_e476_reevaluation.pdf,pgpr,visual_ocr,pdf_document,1442,222,medium_context_evidence,,pgpr,,,
UCHUNK_002112,DOC_8F85C09572BC,hershey_cocoa_for_good_strategy.pdf,cocoa_chocolate_cocoa_butter,visual_ocr,pdf_document,2200,407,medium_context_evidence,hershey,cocoa,,,
UCHUNK_002113,DOC_8F85C09572BC,hershey_cocoa_for_good_strategy.pdf,cocoa_chocolate_cocoa_butter,visual_ocr,pdf_document,2200,341,medium_context_evidence,hershey,cocoa,,,
UCHUNK_002114,DOC_8F85C09572BC,hershey_cocoa_for_good_strategy.pdf,cocoa_chocolate_cocoa_butter,visual_ocr,pdf_document,2200,340,medium_context_evidence,hershey,cocoa,,,
UCHUNK_002115,DOC_8F85C09572BC,hershey_cocoa_for_good_strategy.pdf,cocoa_chocolate_cocoa_butter,visual_ocr,pdf_document,2026,317,medium_context_evidence,hershey,cocoa; chocolate,,,
UCHUNK_002116,DOC_920988DD536E,Dairy-The-Hershey-Company-05-06-2026_02_22_PM.pdf,hershey_company,visual_ocr,pdf_document,2199,324,high_sku_evidence,hershey; target,chocolate; milk,,milk chocolate; ingredients,
UCHUNK_002117,DOC_920988DD536E,Dairy-The-Hershey-Company-05-06-2026_02_22_PM.pdf,hershey_company,visual_ocr,pdf_document,2200,339,high_sku_evidence,hershey; land o'lakes,chocolate; milk,,ingredients,
UCHUNK_002118,DOC_920988DD536E,Dairy-The-Hershey-Company-05-06-2026_02_22_PM.pdf,hershey_company,visual_ocr,pdf_document,1989,331,medium_context_evidence,hershey; land o'lakes,chocolate; milk,,,
UCHUNK_002119,DOC_940D070C225C,bls_warehousing_storage_ppi_benchmark.pdf,logistics_distribution,visual_ocr,pdf_document,1154,224,low_background,,,,,
UCHUNK_002120,DOC_A2C285FFEE37,pgpr_industry_supplier_function_reference.pdf,pgpr,visual_ocr,pdf_document,2199,560,low_background,,,,ingredients,
UCHUNK_002121,DOC_A2C285FFEE37,pgpr_industry_supplier_function_reference.pdf,pgpr,visual_ocr,pdf_document,2200,461,high_sku_evidence,,packaging,,ingredients,
UCHUNK_002122,DOC_A2C285FFEE37,pgpr_industry_supplier_function_reference.pdf,pgpr,visual_ocr,pdf_document,1517,271,high_sku_evidence,,cocoa; chocolate; packaging,,ingredients,
UCHUNK_002123,DOC_A632502DE1F8,usda_soybean_soybean_oil_price_benchmark.pdf,soy_lecithin,visual_ocr,pdf_document,2200,365,medium_context_evidence,usda,,,,
UCHUNK_002124,DOC_A632502DE1F8,usda_soybean_soybean_oil_price_benchmark.pdf,soy_lecithin,visual_ocr,pdf_document,1289,320,medium_context_evidence,usda,,,,
UCHUNK_002125,DOC_A6A693D3495F,pgpr_and_lecithin_chocolate_emulsifier_use.pdf,pgpr,visual_ocr,pdf_document,1567,236,medium_context_evidence,,cocoa; chocolate; cocoa butter; lecithin; pgpr,,,
UCHUNK_002126,DOC_AB943BE3F9BC,hershey_company_logo.png,brand_logo_assets,visual_ocr,image_or_logo,66,7,low_short_text,hershey,,,,
UCHUNK_002127,DOC_B28013FB1CA9,dairy_ingredients_in_chocolate_explanation.pdf,dairy_milk_skim_milk_milk_fat,visual_ocr,pdf_document,2200,331,high_sku_evidence,,sugar; cocoa; chocolate; milk,,calories,
UCHUNK_002128,DOC_B28013FB1CA9,dairy_ingredients_in_chocolate_explanation.pdf,dairy_milk_skim_milk_milk_fat,visual_ocr,pdf_document,2200,341,high_sku_evidence,,sugar; cocoa; chocolate; cocoa butter; milk; milk fat; packaging,,calories,
UCHUNK_002129,DOC_B28013FB1CA9,dairy_ingredients_in_chocolate_explanation.pdf,dairy_milk_skim_milk_milk_fat,visual_ocr,pdf_document,2200,345,high_sku_evidence,,sugar; cocoa; chocolate; cocoa butter; milk; milk fat; lecithin; packaging,,milk chocolate,
UCHUNK_002130,DOC_B28013FB1CA9,dairy_ingredients_in_chocolate_explanation.pdf,dairy_milk_skim_milk_milk_fat,visual_ocr,pdf_document,2200,377,medium_context_evidence,,sugar; cocoa; chocolate; cocoa butter; milk; milk fat,,,
UCHUNK_002131,DOC_B28013FB1CA9,dairy_ingredients_in_chocolate_explanation.pdf,dairy_milk_skim_milk_milk_fat,visual_ocr,pdf_document,2199,374,medium_context_evidence,,cocoa; chocolate; cocoa butter; milk,,,
UCHUNK_002132,DOC_B28013FB1CA9,dairy_ingredients_in_chocolate_explanation.pdf,dairy_milk_skim_milk_milk_fat,visual_ocr,pdf_document,2200,365,high_sku_evidence,,sugar; cocoa; chocolate; milk; skim milk,,ingredients,
UCHUNK_002133,DOC_B28013FB1CA9,dairy_ingredients_in_chocolate_explanation.pdf,dairy_milk_skim_milk_milk_fat,visual_ocr,pdf_document,2200,377,medium_context_evidence,,milk; skim milk,,,
UCHUNK_002134,DOC_B28013FB1CA9,dairy_ingredients_in_chocolate_explanation.pdf,dairy_milk_skim_milk_milk_fat,visual_ocr,pdf_document,2199,334,high_sku_evidence,,sugar; cocoa; chocolate; milk,,ingredients,
UCHUNK_002135,DOC_B28013FB1CA9,dairy_ingredients_in_chocolate_explanation.pdf,dairy_milk_skim_milk_milk_fat,visual_ocr,pdf_document,2200,339,high_sku_evidence,,cocoa; chocolate; milk,,milk chocolate,
UCHUNK_002136,DOC_B28013FB1CA9,dairy_ingredients_in_chocolate_explanation.pdf,dairy_milk_skim_milk_milk_fat,visual_ocr,pdf_document,1045,153,low_background,,,,,
UCHUNK_002137,DOC_B3858C187B41,cocoa_beans_quality_requirements_processing_guide.pdf,cocoa_chocolate_cocoa_butter,visual_ocr,pdf_document,102,16,medium_context_evidence,,cocoa; chocolate,,,
UCHUNK_002138,DOC_B544BFB9CF00,soybean_to_soy_lecithin_processing_explanation.pdf,soy_lecithin,visual_ocr,pdf_document,2200,339,medium_context_evidence,,soy lecithin; lecithin,,,
UCHUNK_002139,DOC_B544BFB9CF00,soybean_to_soy_lecithin_processing_explanation.pdf,soy_lecithin,visual_ocr,pdf_document,2200,366,medium_context_evidence,,soy lecithin; lecithin,,,
UCHUNK_002140,DOC_B544BFB9CF00,soybean_to_soy_lecithin_processing_explanation.pdf,soy_lecithin,visual_ocr,pdf_document,1399,230,medium_context_evidence,,soy lecithin; lecithin,,,
UCHUNK_002141,DOC_BA82764C244F,land_o_lakes_community_impact_report.pdf,dairy_milk_skim_milk_milk_fat,visual_ocr,pdf_document,2200,392,medium_context_evidence,land o'lakes,,,,
UCHUNK_002142,DOC_BA82764C244F,land_o_lakes_community_impact_report.pdf,dairy_milk_skim_milk_milk_fat,visual_ocr,pdf_document,789,168,medium_context_evidence,land o'lakes,,,,
UCHUNK_002143,DOC_BCA0BB066D42,paperboard_packaging_market_overview_reference.pdf,packaging_wrapper,visual_ocr,pdf_document,1910,295,medium_context_evidence,,packaging,,,
UCHUNK_002144,DOC_BCA0BB066D42,paperboard_packaging_market_overview_reference.pdf,packaging_wrapper,visual_ocr,pdf_document,1917,274,medium_context_evidence,,packaging,,,
UCHUNK_002145,DOC_BCA0BB066D42,paperboard_packaging_market_overview_reference.pdf,packaging_wrapper,visual_ocr,pdf_document,2200,316,medium_context_evidence,target,packaging,,,
UCHUNK_002146,DOC_BCA0BB066D42,paperboard_packaging_market_overview_reference.pdf,packaging_wrapper,visual_ocr,pdf_document,1306,178,medium_context_evidence,,packaging,,,
UCHUNK_002147,DOC_BCA0BB066D42,paperboard_packaging_market_overview_reference.pdf,packaging_wrapper,visual_ocr,pdf_document,2200,296,medium_context_evidence,,packaging,,,
UCHUNK_002148,DOC_BCA0BB066D42,paperboard_packaging_market_overview_reference.pdf,packaging_wrapper,visual_ocr,pdf_document,2200,303,medium_context_evidence,,packaging,,,
UCHUNK_002149,DOC_BCA0BB066D42,paperboard_packaging_market_overview_reference.pdf,packaging_wrapper,visual_ocr,pdf_document,2199,320,medium_context_evidence,,packaging,,,
UCHUNK_002150,DOC_BCA0BB066D42,paperboard_packaging_market_overview_reference.pdf,packaging_wrapper,visual_ocr,pdf_document,2144,334,medium_context_evidence,,packaging,,,
UCHUNK_002151,DOC_BF1CF5E24E2A,034000002405_3.png,product_sku_1_55oz,visual_ocr,image_or_logo,761,168,high_sku_evidence,hershey,sugar; chocolate; milk,,milk chocolate; nutrition facts; calories,
UCHUNK_002152,DOC_C035EBC878BA,soy_lecithin_industry_supplier_reference.pdf,soy_lecithin,visual_ocr,pdf_document,2198,319,medium_context_evidence,,soy lecithin; lecithin,,,
UCHUNK_002153,DOC_C041385635A5,milk_fat_butterfat_explanation.pdf,dairy_milk_skim_milk_milk_fat,visual_ocr,pdf_document,2199,413,high_sku_evidence,,milk; milk fat,,ingredients,
UCHUNK_002154,DOC_C041385635A5,milk_fat_butterfat_explanation.pdf,dairy_milk_skim_milk_milk_fat,visual_ocr,pdf_document,2199,380,medium_context_evidence,,milk; skim milk; milk fat,,,
UCHUNK_002155,DOC_C041385635A5,milk_fat_butterfat_explanation.pdf,dairy_milk_skim_milk_milk_fat,visual_ocr,pdf_document,2200,376,medium_context_evidence,eia,milk; milk fat,,,
UCHUNK_002156,DOC_C041385635A5,milk_fat_butterfat_explanation.pdf,dairy_milk_skim_milk_milk_fat,visual_ocr,pdf_document,1229,244,medium_context_evidence,eia,milk,,,
UCHUNK_002157,DOC_C1E296D7AAAC,trucking_rate_market_reference.pdf,logistics_distribution,visual_ocr,pdf_document,1611,267,low_background,,,,,
UCHUNK_002158,DOC_C2BD8E23F83C,asr_sustainable_supply_chain_page.pdf,sugar,visual_ocr,pdf_document,2174,433,medium_context_evidence,hershey; asr; asr group,sugar,,,
UCHUNK_002159,DOC_C341E0016B61,fda_lecithin_food_additive_or_gras_reference.pdf,soy_lecithin,visual_ocr,pdf_document,2200,339,high_sku_evidence,fda,lecithin; packaging,,ingredients,
UCHUNK_002160,DOC_C341E0016B61,fda_lecithin_food_additive_or_gras_reference.pdf,soy_lecithin,visual_ocr,pdf_document,1148,188,medium_context_evidence,fda,,,,
UCHUNK_002161,DOC_C5E013D8DC8A,fda_21_cfr_101_22_natural_flavor_definition.pdf,natural_flavor,visual_ocr,pdf_document,1980,301,low_background,,,,,
UCHUNK_002162,DOC_C5E013D8DC8A,fda_21_cfr_101_22_natural_flavor_definition.pdf,natural_flavor,visual_ocr,pdf_document,2194,335,medium_context_evidence,,sugar; natural flavor,,,
UCHUNK_002163,DOC_C5E013D8DC8A,fda_21_cfr_101_22_natural_flavor_definition.pdf,natural_flavor,visual_ocr,pdf_document,2199,362,medium_context_evidence,,wrapper,,,
UCHUNK_002164,DOC_C5E013D8DC8A,fda_21_cfr_101_22_natural_flavor_definition.pdf,natural_flavor,visual_ocr,pdf_document,2044,332,high_sku_evidence,,natural flavor,,ingredients,
UCHUNK_002165,DOC_C5E013D8DC8A,fda_21_cfr_101_22_natural_flavor_definition.pdf,natural_flavor,visual_ocr,pdf_document,2198,362,high_sku_evidence,,natural flavor,,ingredients,
UCHUNK_002166,DOC_C5E013D8DC8A,fda_21_cfr_101_22_natural_flavor_definition.pdf,natural_flavor,visual_ocr,pdf_document,1369,220,high_sku_evidence,,natural flavor,,ingredients,
UCHUNK_002167,DOC_C5E013D8DC8A,fda_21_cfr_101_22_natural_flavor_definition.pdf,natural_flavor,visual_ocr,pdf_document,2200,356,medium_context_evidence,,natural flavor,,,
UCHUNK_002168,DOC_C5E013D8DC8A,fda_21_cfr_101_22_natural_flavor_definition.pdf,natural_flavor,visual_ocr,pdf_document,1758,269,low_background,,,,ingredients,
UCHUNK_002169,DOC_C5E013D8DC8A,fda_21_cfr_101_22_natural_flavor_definition.pdf,natural_flavor,visual_ocr,pdf_document,2200,352,low_background,,,,,
UCHUNK_002170,DOC_C5E013D8DC8A,fda_21_cfr_101_22_natural_flavor_definition.pdf,natural_flavor,visual_ocr,pdf_document,1641,248,low_background,,,,,
UCHUNK_002171,DOC_C5E013D8DC8A,fda_21_cfr_101_22_natural_flavor_definition.pdf,natural_flavor,visual_ocr,pdf_document,2200,343,low_background,,,,,
UCHUNK_002172,DOC_C5E013D8DC8A,fda_21_cfr_101_22_natural_flavor_definition.pdf,natural_flavor,visual_ocr,pdf_document,2198,362,low_background,,,,ingredients,
UCHUNK_002173,DOC_C5E013D8DC8A,fda_21_cfr_101_22_natural_flavor_definition.pdf,natural_flavor,visual_ocr,pdf_document,1292,215,low_background,,,,,
UCHUNK_002174,DOC_C87C22CB90A7,Cocoa-The-Hershey-Company-05-06-2026_02_25_PM.pdf,cocoa_chocolate_cocoa_butter,visual_ocr,pdf_document,2200,414,high_sku_evidence,hershey,cocoa; chocolate,,ingredients,
UCHUNK_002175,DOC_C87C22CB90A7,Cocoa-The-Hershey-Company-05-06-2026_02_25_PM.pdf,cocoa_chocolate_cocoa_butter,visual_ocr,pdf_document,2199,332,medium_context_evidence,hershey,cocoa; chocolate,,,
UCHUNK_002176,DOC_C87C22CB90A7,Cocoa-The-Hershey-Company-05-06-2026_02_25_PM.pdf,cocoa_chocolate_cocoa_butter,visual_ocr,pdf_document,2200,314,medium_context_evidence,hershey,cocoa,,,
UCHUNK_002177,DOC_C87C22CB90A7,Cocoa-The-Hershey-Company-05-06-2026_02_25_PM.pdf,cocoa_chocolate_cocoa_butter,visual_ocr,pdf_document,2199,409,medium_context_evidence,,cocoa,,,
UCHUNK_002178,DOC_C87C22CB90A7,Cocoa-The-Hershey-Company-05-06-2026_02_25_PM.pdf,cocoa_chocolate_cocoa_butter,visual_ocr,pdf_document,2199,388,medium_context_evidence,hershey,cocoa,,,
UCHUNK_002179,DOC_C87C22CB90A7,Cocoa-The-Hershey-Company-05-06-2026_02_25_PM.pdf,cocoa_chocolate_cocoa_butter,visual_ocr,pdf_document,756,115,medium_context_evidence,hershey,chocolate,,,
UCHUNK_002180,DOC_CA4CD5A61616,hershey_2025_10k_full.pdf,hershey_company,visual_ocr,pdf_document,2200,360,medium_context_evidence,hershey,chocolate,,,
UCHUNK_002181,DOC_CA4CD5A61616,hershey_2025_10k_full.pdf,hershey_company,visual_ocr,pdf_document,2200,342,low_background,,,,,
UCHUNK_002182,DOC_CA4CD5A61616,hershey_2025_10k_full.pdf,hershey_company,visual_ocr,pdf_document,1428,206,low_background,,,,,
UCHUNK_002183,DOC_CA4CD5A61616,hershey_2025_10k_full.pdf,hershey_company,visual_ocr,pdf_document,1820,255,medium_context_evidence,hershey,,,,
UCHUNK_002184,DOC_CA4CD5A61616,hershey_2025_10k_full.pdf,hershey_company,visual_ocr,pdf_document,2200,307,medium_context_evidence,hershey; target,,,,
UCHUNK_002185,DOC_CA4CD5A61616,hershey_2025_10k_full.pdf,hershey_company,visual_ocr,pdf_document,2199,323,medium_context_evidence,hershey,chocolate,,,
UCHUNK_002186,DOC_CA4CD5A61616,hershey_2025_10k_full.pdf,hershey_company,visual_ocr,pdf_document,2200,324,high_sku_evidence,hershey,chocolate,,ingredients,
UCHUNK_002187,DOC_CA4CD5A61616,hershey_2025_10k_full.pdf,hershey_company,visual_ocr,pdf_document,2200,317,high_sku_evidence,hershey,chocolate,,ingredients,
UCHUNK_002188,DOC_CA4CD5A61616,hershey_2025_10k_full.pdf,hershey_company,visual_ocr,pdf_document,1960,273,medium_context_evidence,hershey; mclane,,,,
UCHUNK_002189,DOC_CA4CD5A61616,hershey_2025_10k_full.pdf,hershey_company,visual_ocr,pdf_document,2199,318,medium_context_evidence,hershey,sugar; cocoa; chocolate; cocoa butter,,,
UCHUNK_002190,DOC_CA4CD5A61616,hershey_2025_10k_full.pdf,hershey_company,visual_ocr,pdf_document,2200,324,medium_context_evidence,,packaging,,,
UCHUNK_002191,DOC_CA4CD5A61616,hershey_2025_10k_full.pdf,hershey_company,visual_ocr,pdf_document,2200,321,medium_context_evidence,hershey,milk,,,
UCHUNK_002192,DOC_CA4CD5A61616,hershey_2025_10k_full.pdf,hershey_company,visual_ocr,pdf_document,2200,327,high_sku_evidence,,milk; packaging,,ingredients,
UCHUNK_002193,DOC_CA4CD5A61616,hershey_2025_10k_full.pdf,hershey_company,visual_ocr,pdf_document,2200,290,high_sku_evidence,hershey,chocolate; packaging,,ingredients,
UCHUNK_002194,DOC_CA4CD5A61616,hershey_2025_10k_full.pdf,hershey_company,visual_ocr,pdf_document,2200,317,high_sku_evidence,hershey,chocolate,,ingredients,
UCHUNK_002195,DOC_CA4CD5A61616,hershey_2025_10k_full.pdf,hershey_company,visual_ocr,pdf_document,2045,289,low_background,,,,,
UCHUNK_002196,DOC_CA4CD5A61616,hershey_2025_10k_full.pdf,hershey_company,visual_ocr,pdf_document,1439,189,medium_context_evidence,hershey,,,,
UCHUNK_002197,DOC_CA4CD5A61616,hershey_2025_10k_full.pdf,hershey_company,visual_ocr,pdf_document,1817,252,medium_context_evidence,hershey,,,,
UCHUNK_002198,DOC_CA4CD5A61616,hershey_2025_10k_full.pdf,hershey_company,visual_ocr,pdf_document,1791,259,low_background,,,,,
UCHUNK_002199,DOC_CA4CD5A61616,hershey_2025_10k_full.pdf,hershey_company,visual_ocr,pdf_document,1238,180,medium_context_evidence,hershey,,,,
UCHUNK_002200,DOC_CA4CD5A61616,hershey_2025_10k_full.pdf,hershey_company,visual_ocr,pdf_document,2199,317,medium_context_evidence,hershey,,,,
UCHUNK_002201,DOC_CA4CD5A61616,hershey_2025_10k_full.pdf,hershey_company,visual_ocr,pdf_document,1238,185,medium_context_evidence,hershey,,,,
UCHUNK_002202,DOC_CA4CD5A61616,hershey_2025_10k_full.pdf,hershey_company,visual_ocr,pdf_document,2200,337,high_sku_evidence,hershey,packaging,,ingredients,
UCHUNK_002203,DOC_CA4CD5A61616,hershey_2025_10k_full.pdf,hershey_company,visual_ocr,pdf_document,1850,279,high_sku_evidence,,packaging,,ingredients,
UCHUNK_002204,DOC_CA4CD5A61616,hershey_2025_10k_full.pdf,hershey_company,visual_ocr,pdf_document,1525,211,medium_context_evidence,hershey,packaging,,,
UCHUNK_002205,DOC_CA4CD5A61616,hershey_2025_10k_full.pdf,hershey_company,visual_ocr,pdf_document,2200,312,low_background,,,,,
UCHUNK_002206,DOC_CA4CD5A61616,hershey_2025_10k_full.pdf,hershey_company,visual_ocr,pdf_document,2200,316,high_sku_evidence,,cocoa,,ingredients,
UCHUNK_002207,DOC_CA4CD5A61616,hershey_2025_10k_full.pdf,hershey_company,visual_ocr,pdf_document,1799,261,medium_context_evidence,hershey,,,,
UCHUNK_002208,DOC_CA4CD5A61616,hershey_2025_10k_full.pdf,hershey_company,visual_ocr,pdf_document,1803,264,medium_context_evidence,hershey,sugar; cocoa,,,
UCHUNK_002209,DOC_CA4CD5A61616,hershey_2025_10k_full.pdf,hershey_company,visual_ocr,pdf_document,2200,336,medium_context_evidence,,cocoa; packaging,,,
UCHUNK_002210,DOC_CA4CD5A61616,hershey_2025_10k_full.pdf,hershey_company,visual_ocr,pdf_document,2200,325,high_sku_evidence,hershey; mclane,packaging,,ingredients,
UCHUNK_002211,DOC_CA4CD5A61616,hershey_2025_10k_full.pdf,hershey_company,visual_ocr,pdf_document,2200,307,medium_context_evidence,mclane,,,,
UCHUNK_002212,DOC_CA4CD5A61616,hershey_2025_10k_full.pdf,hershey_company,visual_ocr,pdf_document,1864,244,medium_context_evidence,hershey,,,,
UCHUNK_002213,DOC_CA4CD5A61616,hershey_2025_10k_full.pdf,hershey_company,visual_ocr,pdf_document,2200,315,medium_context_evidence,hershey,,,,
UCHUNK_002214,DOC_CA4CD5A61616,hershey_2025_10k_full.pdf,hershey_company,visual_ocr,pdf_document,2199,320,low_background,,,,,
UCHUNK_002215,DOC_CA4CD5A61616,hershey_2025_10k_full.pdf,hershey_company,visual_ocr,pdf_document,1653,226,medium_context_evidence,hershey,,,,
UCHUNK_002216,DOC_CA4CD5A61616,hershey_2025_10k_full.pdf,hershey_company,visual_ocr,pdf_document,2199,314,medium_context_evidence,hershey,cocoa; chocolate,,,
UCHUNK_002217,DOC_CA4CD5A61616,hershey_2025_10k_full.pdf,hershey_company,visual_ocr,pdf_document,2200,326,low_background,,,,,
UCHUNK_002218,DOC_CA4CD5A61616,hershey_2025_10k_full.pdf,hershey_company,visual_ocr,pdf_document,1379,201,medium_context_evidence,hershey,,,,
UCHUNK_002219,DOC_CA4CD5A61616,hershey_2025_10k_full.pdf,hershey_company,visual_ocr,pdf_document,2200,293,medium_context_evidence,hershey; target,,,,
UCHUNK_002220,DOC_CA4CD5A61616,hershey_2025_10k_full.pdf,hershey_company,visual_ocr,pdf_document,2199,332,low_background,,,,,
UCHUNK_002221,DOC_CA4CD5A61616,hershey_2025_10k_full.pdf,hershey_company,visual_ocr,pdf_document,2078,296,medium_context_evidence,hershey,,,,
UCHUNK_002222,DOC_CA4CD5A61616,hershey_2025_10k_full.pdf,hershey_company,visual_ocr,pdf_document,2200,307,medium_context_evidence,hershey,,,,
UCHUNK_002223,DOC_CA4CD5A61616,hershey_2025_10k_full.pdf,hershey_company,visual_ocr,pdf_document,2200,308,low_background,,,,,
UCHUNK_002224,DOC_CA4CD5A61616,hershey_2025_10k_full.pdf,hershey_company,visual_ocr,pdf_document,1279,185,medium_context_evidence,hershey,,,,
UCHUNK_002225,DOC_CA4CD5A61616,hershey_2025_10k_full.pdf,hershey_company,visual_ocr,pdf_document,2200,296,medium_context_evidence,hershey,,,,
UCHUNK_002226,DOC_CA4CD5A61616,hershey_2025_10k_full.pdf,hershey_company,visual_ocr,pdf_document,2199,292,medium_context_evidence,target,,,,
UCHUNK_002227,DOC_CA4CD5A61616,hershey_2025_10k_full.pdf,hershey_company,visual_ocr,pdf_document,2199,260,medium_context_evidence,hershey,,,,
UCHUNK_002228,DOC_CA4CD5A61616,hershey_2025_10k_full.pdf,hershey_company,visual_ocr,pdf_document,2058,290,medium_context_evidence,hershey,,,,
UCHUNK_002229,DOC_CA4CD5A61616,hershey_2025_10k_full.pdf,hershey_company,visual_ocr,pdf_document,2148,297,medium_context_evidence,,chocolate,,,
UCHUNK_002230,DOC_CA4CD5A61616,hershey_2025_10k_full.pdf,hershey_company,visual_ocr,pdf_document,2200,353,medium_context_evidence,hershey,,,,
UCHUNK_002231,DOC_CA4CD5A61616,hershey_2025_10k_full.pdf,hershey_company,visual_ocr,pdf_document,2200,342,medium_context_evidence,hershey,,,,
UCHUNK_002232,DOC_CA4CD5A61616,hershey_2025_10k_full.pdf,hershey_company,visual_ocr,pdf_document,1795,300,medium_context_evidence,hershey,,,,
UCHUNK_002233,DOC_CD36102F0A4D,land_o_lakes_logo_asset.png,dairy_milk_skim_milk_milk_fat,visual_ocr,image_or_logo,88,10,medium_context_evidence,land o'lakes,,,,
UCHUNK_002234,DOC_CF8C4A1F434C,hershey 1.55 oz page.pdf,product_sku_1_55oz,visual_ocr,pdf_document,2199,363,high_sku_evidence,hershey,sugar; cocoa; chocolate; cocoa butter; milk; skim milk; lecithin; pgpr; natural flavor,,milk chocolate; calories; ingredients,
UCHUNK_002235,DOC_CF8C4A1F434C,hershey 1.55 oz page.pdf,product_sku_1_55oz,visual_ocr,pdf_document,2199,398,high_sku_evidence,hershey,chocolate; milk,,milk chocolate; upc,
UCHUNK_002236,DOC_CF8C4A1F434C,hershey 1.55 oz page.pdf,product_sku_1_55oz,visual_ocr,pdf_document,2200,365,high_sku_evidence,hershey,chocolate; milk,,milk chocolate; upc,
UCHUNK_002237,DOC_CF8C4A1F434C,hershey 1.55 oz page.pdf,product_sku_1_55oz,visual_ocr,pdf_document,2200,390,high_sku_evidence,hershey,chocolate; milk,,milk chocolate; calories,
UCHUNK_002238,DOC_CF8C4A1F434C,hershey 1.55 oz page.pdf,product_sku_1_55oz,visual_ocr,pdf_document,2200,369,high_sku_evidence,hershey,chocolate; milk; wrapper,,milk chocolate; calories,
UCHUNK_002239,DOC_CF8C4A1F434C,hershey 1.55 oz page.pdf,product_sku_1_55oz,visual_ocr,pdf_document,2175,388,high_sku_evidence,hershey,chocolate; milk,,milk chocolate,
UCHUNK_002240,DOC_D22719A8CDC8,flexible_packaging_market_overview_reference.pdf,packaging_wrapper,visual_ocr,pdf_document,2200,340,medium_context_evidence,,packaging,,,
UCHUNK_002241,DOC_D22719A8CDC8,flexible_packaging_market_overview_reference.pdf,packaging_wrapper,visual_ocr,pdf_document,2200,351,medium_context_evidence,,packaging,,,
UCHUNK_002242,DOC_D22719A8CDC8,flexible_packaging_market_overview_reference.pdf,packaging_wrapper,visual_ocr,pdf_document,2072,307,medium_context_evidence,,packaging,,,
UCHUNK_002243,DOC_D22719A8CDC8,flexible_packaging_market_overview_reference.pdf,packaging_wrapper,visual_ocr,pdf_document,2026,299,medium_context_evidence,,packaging,,,
UCHUNK_002244,DOC_D22719A8CDC8,flexible_packaging_market_overview_reference.pdf,packaging_wrapper,visual_ocr,pdf_document,1452,207,medium_context_evidence,,packaging,,,
UCHUNK_002245,DOC_D22719A8CDC8,flexible_packaging_market_overview_reference.pdf,packaging_wrapper,visual_ocr,pdf_document,1397,185,medium_context_evidence,,packaging,,,
UCHUNK_002246,DOC_D22719A8CDC8,flexible_packaging_market_overview_reference.pdf,packaging_wrapper,visual_ocr,pdf_document,2185,333,high_sku_evidence,,packaging,,upc,
UCHUNK_002247,DOC_D22719A8CDC8,flexible_packaging_market_overview_reference.pdf,packaging_wrapper,visual_ocr,pdf_document,1777,269,medium_context_evidence,,packaging,,,
UCHUNK_002248,DOC_D22719A8CDC8,flexible_packaging_market_overview_reference.pdf,packaging_wrapper,visual_ocr,pdf_document,2200,359,medium_context_evidence,,packaging,,,
UCHUNK_002249,DOC_D22719A8CDC8,flexible_packaging_market_overview_reference.pdf,packaging_wrapper,visual_ocr,pdf_document,1689,267,medium_context_evidence,,packaging,,,
UCHUNK_002250,DOC_D22719A8CDC8,flexible_packaging_market_overview_reference.pdf,packaging_wrapper,visual_ocr,pdf_document,2200,328,medium_context_evidence,,packaging,,,
UCHUNK_002251,DOC_D22719A8CDC8,flexible_packaging_market_overview_reference.pdf,packaging_wrapper,visual_ocr,pdf_document,1967,262,medium_context_evidence,,packaging,,,
UCHUNK_002252,DOC_D22719A8CDC8,flexible_packaging_market_overview_reference.pdf,packaging_wrapper,visual_ocr,pdf_document,2200,359,medium_context_evidence,,packaging,,,
UCHUNK_002253,DOC_D22719A8CDC8,flexible_packaging_market_overview_reference.pdf,packaging_wrapper,visual_ocr,pdf_document,1868,320,medium_context_evidence,,packaging,,,
UCHUNK_002254,DOC_D22719A8CDC8,flexible_packaging_market_overview_reference.pdf,packaging_wrapper,visual_ocr,pdf_document,1289,217,medium_context_evidence,,packaging,,,
UCHUNK_002255,DOC_D24FEC8E2E35,usda_ers_sugar_market_outlook_latest.pdf,sugar,visual_ocr,pdf_document,2200,443,medium_context_evidence,usda,sugar,,,
UCHUNK_002256,DOC_D24FEC8E2E35,usda_ers_sugar_market_outlook_latest.pdf,sugar,visual_ocr,pdf_document,756,198,medium_context_evidence,usda,,,,
UCHUNK_002257,DOC_D9B23C06662B,land_o_lakes_home_page.pdf,dairy_milk_skim_milk_milk_fat,visual_ocr,pdf_document,2200,514,low_background,,,,,
UCHUNK_002258,DOC_D9B23C06662B,land_o_lakes_home_page.pdf,dairy_milk_skim_milk_milk_fat,visual_ocr,pdf_document,1638,311,medium_context_evidence,land o'lakes,,,,
UCHUNK_002259,DOC_DAEB12849174,fema_gras_program_page.pdf,natural_flavor,visual_ocr,pdf_document,2164,330,low_background,,,,ingredients,
UCHUNK_002260,DOC_DAEB12849174,fema_gras_program_page.pdf,natural_flavor,visual_ocr,pdf_document,2145,335,high_sku_evidence,fda,,,ingredients,
UCHUNK_002261,DOC_DAEB12849174,fema_gras_program_page.pdf,natural_flavor,visual_ocr,pdf_document,2105,338,low_background,,,,ingredients,
UCHUNK_002262,DOC_DAEB12849174,fema_gras_program_page.pdf,natural_flavor,visual_ocr,pdf_document,1893,289,high_sku_evidence,fda,natural flavor,,ingredients,
UCHUNK_002263,DOC_DAEB12849174,fema_gras_program_page.pdf,natural_flavor,visual_ocr,pdf_document,1885,293,high_sku_evidence,fda,,,ingredients,
UCHUNK_002264,DOC_DAEB12849174,fema_gras_program_page.pdf,natural_flavor,visual_ocr,pdf_document,2015,292,high_sku_evidence,fda,,,ingredients,
UCHUNK_002265,DOC_DAEB12849174,fema_gras_program_page.pdf,natural_flavor,visual_ocr,pdf_document,2136,348,medium_context_evidence,fda,,,,
UCHUNK_002266,DOC_DAEB12849174,fema_gras_program_page.pdf,natural_flavor,visual_ocr,pdf_document,2156,334,high_sku_evidence,fda,,,ingredients,
UCHUNK_002267,DOC_DAEB12849174,fema_gras_program_page.pdf,natural_flavor,visual_ocr,pdf_document,2163,311,high_sku_evidence,fda,,,ingredients,
UCHUNK_002268,DOC_DAEB12849174,fema_gras_program_page.pdf,natural_flavor,visual_ocr,pdf_document,1417,212,high_sku_evidence,,natural flavor,,ingredients,
UCHUNK_002269,DOC_DB66DBC968F9,asr_group_home_page.pdf,sugar,visual_ocr,pdf_document,1963,464,medium_context_evidence,domino,sugar,,,
UCHUNK_002270,DOC_DB66DBC968F9,asr_group_home_page.pdf,sugar,visual_ocr,pdf_document,691,153,medium_context_evidence,asr; asr group,,,,
UCHUNK_002271,DOC_DC5C9E72C77A,land_o_lakes_2025_annual_report.pdf,dairy_milk_skim_milk_milk_fat,visual_ocr,pdf_document,1704,373,low_background,,,,,
UCHUNK_002272,DOC_DC5C9E72C77A,land_o_lakes_2025_annual_report.pdf,dairy_milk_skim_milk_milk_fat,visual_ocr,pdf_document,2200,489,medium_context_evidence,eia,,,,
UCHUNK_002273,DOC_DC5C9E72C77A,land_o_lakes_2025_annual_report.pdf,dairy_milk_skim_milk_milk_fat,visual_ocr,pdf_document,2199,501,low_background,,,,,
UCHUNK_002274,DOC_DC5C9E72C77A,land_o_lakes_2025_annual_report.pdf,dairy_milk_skim_milk_milk_fat,visual_ocr,pdf_document,2199,484,low_background,,,,,
UCHUNK_002275,DOC_DC5C9E72C77A,land_o_lakes_2025_annual_report.pdf,dairy_milk_skim_milk_milk_fat,visual_ocr,pdf_document,2200,568,low_background,,,,,
UCHUNK_002276,DOC_DC5C9E72C77A,land_o_lakes_2025_annual_report.pdf,dairy_milk_skim_milk_milk_fat,visual_ocr,pdf_document,1069,257,low_background,,,,,
UCHUNK_002277,DOC_E2BE0206EF0C,usda_ams_class_iv_milk_price_reference.pdf,dairy_milk_skim_milk_milk_fat,visual_ocr,pdf_document,2092,354,medium_context_evidence,usda,milk; skim milk,,,
UCHUNK_002278,DOC_E5889DB5914A,Sugar-The-Hershey-Company-05-06-2026_02_22_PM.pdf,sugar,visual_ocr,pdf_document,2200,335,medium_context_evidence,hershey; target,sugar,,,
UCHUNK_002279,DOC_E5889DB5914A,Sugar-The-Hershey-Company-05-06-2026_02_22_PM.pdf,sugar,visual_ocr,pdf_document,2200,326,high_sku_evidence,hershey,sugar,,ingredients,
UCHUNK_002280,DOC_E5889DB5914A,Sugar-The-Hershey-Company-05-06-2026_02_22_PM.pdf,sugar,visual_ocr,pdf_document,2199,336,medium_context_evidence,hershey; asr; american sugar refining,sugar; chocolate,,,
UCHUNK_002281,DOC_E5889DB5914A,Sugar-The-Hershey-Company-05-06-2026_02_22_PM.pdf,sugar,visual_ocr,pdf_document,484,71,medium_context_evidence,hershey,chocolate,,,
UCHUNK_002282,DOC_EBE512C33BCD,domino_sugar_asr_brand_page.pdf,sugar,visual_ocr,pdf_document,1895,349,medium_context_evidence,asr; asr group; domino,sugar; packaging,,,
UCHUNK_002283,DOC_F398FB109346,pgpr_function_in_chocolate_explanation.pdf,pgpr,visual_ocr,pdf_document,2199,389,high_sku_evidence,,sugar; cocoa; chocolate; pgpr; wrapper,,ingredients,
UCHUNK_002284,DOC_F398FB109346,pgpr_function_in_chocolate_explanation.pdf,pgpr,visual_ocr,pdf_document,2198,370,high_sku_evidence,usda,cocoa; chocolate; cocoa butter; lecithin; pgpr,,ingredients,
UCHUNK_002285,DOC_F398FB109346,pgpr_function_in_chocolate_explanation.pdf,pgpr,visual_ocr,pdf_document,2200,358,high_sku_evidence,,cocoa; chocolate; cocoa butter; milk; soy lecithin; lecithin; pgpr,,ingredients,
UCHUNK_002286,DOC_F398FB109346,pgpr_function_in_chocolate_explanation.pdf,pgpr,visual_ocr,pdf_document,2199,366,high_sku_evidence,,cocoa; chocolate; cocoa butter; lecithin; pgpr,,ingredients,
UCHUNK_002287,DOC_F398FB109346,pgpr_function_in_chocolate_explanation.pdf,pgpr,visual_ocr,pdf_document,2199,364,high_sku_evidence,,sugar; cocoa; chocolate; cocoa butter; lecithin; pgpr,,ingredients,
UCHUNK_002288,DOC_F398FB109346,pgpr_function_in_chocolate_explanation.pdf,pgpr,visual_ocr,pdf_document,2200,329,medium_context_evidence,,lecithin; pgpr,,,
UCHUNK_002289,DOC_F398FB109346,pgpr_function_in_chocolate_explanation.pdf,pgpr,visual_ocr,pdf_document,2199,311,medium_context_evidence,,chocolate; milk; soy lecithin; lecithin,,,
UCHUNK_002290,DOC_F398FB109346,pgpr_function_in_chocolate_explanation.pdf,pgpr,visual_ocr,pdf_document,2200,221,medium_context_evidence,fda,cocoa; chocolate; cocoa butter; lecithin; pgpr,,,
UCHUNK_002291,DOC_F398FB109346,pgpr_function_in_chocolate_explanation.pdf,pgpr,visual_ocr,pdf_document,833,104,medium_context_evidence,fda,cocoa; chocolate; lecithin,,,
UCHUNK_002292,DOC_F89879677373,hershey_latest_esg_packaging_section.pdf,packaging_wrapper,visual_ocr,pdf_document,71,14,low_short_text,hershey,,,,
UCHUNK_002293,DOC_FD5AB5AB5E8F,icco_cocoa_statistics_page.pdf,cocoa_chocolate_cocoa_butter,visual_ocr,pdf_document,2200,347,medium_context_evidence,icco,cocoa,,,
UCHUNK_002294,DOC_FD5AB5AB5E8F,icco_cocoa_statistics_page.pdf,cocoa_chocolate_cocoa_butter,visual_ocr,pdf_document,2200,341,medium_context_evidence,icco,cocoa,,,
UCHUNK_002295,DOC_FD5AB5AB5E8F,icco_cocoa_statistics_page.pdf,cocoa_chocolate_cocoa_butter,visual_ocr,pdf_document,2199,355,medium_context_evidence,icco,cocoa,,,
UCHUNK_002296,DOC_FD5AB5AB5E8F,icco_cocoa_statistics_page.pdf,cocoa_chocolate_cocoa_butter,visual_ocr,pdf_document,1599,291,medium_context_evidence,icco,cocoa,,,
UCHUNK_002297,DOC_FDA0D8F4DCE2,mclane_company_facts_reference.pdf,logistics_distribution,visual_ocr,pdf_document,2200,322,medium_context_evidence,mclane,,,,
UCHUNK_002298,DOC_FDA0D8F4DCE2,mclane_company_facts_reference.pdf,logistics_distribution,visual_ocr,pdf_document,2199,382,medium_context_evidence,mclane,,,,
UCHUNK_002299,DOC_FDA0D8F4DCE2,mclane_company_facts_reference.pdf,logistics_distribution,visual_ocr,pdf_document,2200,293,medium_context_evidence,mclane,,,,
UCHUNK_002300,DOC_FDA0D8F4DCE2,mclane_company_facts_reference.pdf,logistics_distribution,visual_ocr,pdf_document,1233,181,medium_context_evidence,mclane,,,,
UCHUNK_002301,DOC_FE10C8C34BF6,bls_ppi_packaging_materials_benchmark.pdf,packaging_wrapper,visual_ocr,pdf_document,939,163,medium_context_evidence,,packaging,,,
UCHUNK_002302,DOC_FEA243351909,alliance_sustainable_dairy_pa_page.pdf,dairy_milk_skim_milk_milk_fat,visual_ocr,pdf_document,2200,417,medium_context_evidence,hershey; land o'lakes,,,,
UCHUNK_002303,DOC_FEA243351909,alliance_sustainable_dairy_pa_page.pdf,dairy_milk_skim_milk_milk_fat,visual_ocr,pdf_document,1428,232,high_sku_evidence,hershey; land o'lakes,chocolate; milk,,milk chocolate,
