evidence_id,packet,file_name,source_type,source_context,primary_claim_role,evidence_type,claim_strength,relationship_strength,safe_scope,confidence_level,audit_priority,display_candidate_status,strict_audit_status,entities,ingredients,risk_flags,safe_website_wording,evidence_text_preview
EEVID_9a3a48003bf1a30b,sugar,hershey_sustainable_sugar_sourcing_policy.pdf,text_or_table,rag_retrieval_result,ingredient_confirmation,ingredient_or_label_evidence,company_level_relationship_evidence,company_level_confirmed,company_level_only,medium,high,candidate_for_strict_audit,pending_step16i,hershey,sugar,do_not_claim_sku_level_supplier; supplier_claim_not_sku_confirmed,"hershey / sugar / sugar may support ingredient, label, or product identity evidence. Use only as company-level relationship evidence. Do not claim exact 1.55 oz SKU allocation.","--- PAGE 1 ---
Sustainable Sugar Sourcing Policy 
The Hershey Company is committed to high standards in responsible and sustainable sugar sourcing. 
Hershey currently buys sugar for its operations around the world. The sugarcane industry is nuanced by 
geography, with sustainability, social, and labor practices varying by region. 
The Hershey Compa"
EEVID_327bd7cb98f47f15,sugar,asr_fy23_sustainability_report.pdf,text_or_table,rag_retrieval_result,retail_price,retail_price_evidence,background_context,modeled_context,modeled_route_context,low,medium,candidate_for_context_audit,pending_step16i,asr,sugar,do_not_claim_exact_distribution_route; retail_observation_not_margin; supplier_claim_not_sku_confirmed,asr / sugar / sugar may support observed retail page or price evidence. Use only as modeled logistics/distribution context. Do not claim exact route unless direct evidence says so.,"oduced in a 
food grade sugar mill) or sent 
to a sugar refinery for further 
processing. Both of our sugar 
mills in Mexico and Belize 
produce food grade sugar for 
direct consumption.
Our refineries in the U.S., 
Canada, the UK, Portugal, 
Italy, and Mexico process raw 
sugar from our mills and 
third-party mills. Through 
the refining process, "
EEVID_8bb5a9858e428bb9,sugar,asr_fy23_sustainability_report.pdf,text_or_table,rag_retrieval_result,ingredient_confirmation,ingredient_or_label_evidence,benchmark_context_evidence,benchmark_proxy,benchmark_only,medium,high,candidate_for_strict_audit,pending_step16i,asr,sugar,benchmark_not_invoice; do_not_claim_internal_hershey_cost; supplier_claim_not_sku_confirmed,"asr / sugar / sugar may support ingredient, label, or product identity evidence. Use only as public benchmark or market context. Do not present as Hershey internal invoice or SKU cost.","ervation 
and Circularity
Sustainable 
Agriculture
Sustainable and 
Ethical Supply Chain
Employee and Community 
Engagement
Governance, Communication 
and Reporting
Closing
Appendix
About ASR Group
ASR Group is the world’s largest 
cane sugar refining company.
7
ASR Group Sustainability Report 2023


--- PAGE 8 ---
Executive 
Summary
About ASR 
Gro"
EEVID_c11c36cda37d7f78,sugar,asr_fy23_sustainability_report.pdf,text_or_table,rag_retrieval_result,ingredient_confirmation,ingredient_or_label_evidence,medium_context_evidence,contextual_support,context_only,low_medium,medium,research_only,pending_step16i,asr,sugar,supplier_claim_not_sku_confirmed,"asr / sugar / sugar may support ingredient, label, or product identity evidence. Use only as background context. Do not use as a direct website claim without audit approval.","mpanies that collectively farm sugarcane on 285,000 acres of land in South Florida and produce raw and refined sugar. ASR Group is 
maintained as a separate legal entity, and this report is restricted to the business of ASR Group.
Our brand portfolio includes:
8
ASR Group Sustainability Report 2023


--- PAGE 9 ---
Executive 
Summary
About ASR 
Gro"
EEVID_34de3fdb19701fe0,sugar,asr_fy23_sustainability_report.pdf,text_or_table,rag_retrieval_result,ingredient_confirmation,ingredient_or_label_evidence,benchmark_context_evidence,benchmark_proxy,benchmark_only,medium,high,candidate_for_strict_audit,pending_step16i,asr,sugar,benchmark_not_invoice; do_not_claim_internal_hershey_cost; supplier_claim_not_sku_confirmed,"asr / sugar / sugar may support ingredient, label, or product identity evidence. Use only as public benchmark or market context. Do not present as Hershey internal invoice or SKU cost.","d agroforestry – offer communities opportunities to increase 
their resiliency in the face of climate change adaption requirements. ASR Group will publish 
more information on these actions as we develop our Sustainable Agriculture program.
Raw Sugar Sourcing
34
ASR Group Sustainability Report 2023


--- PAGE 35 ---
Executive 
Summary
About ASR 
Gr"
EEVID_8be6550c0cae0607,sugar,asr_fy23_sustainability_report.pdf,text_or_table,rag_retrieval_result,ingredient_confirmation,ingredient_or_label_evidence,benchmark_context_evidence,benchmark_proxy,benchmark_only,medium,high,candidate_for_strict_audit,pending_step16i,asr,sugar,benchmark_not_invoice; do_not_claim_internal_hershey_cost; supplier_claim_not_sku_confirmed,"asr / sugar / sugar may support ingredient, label, or product identity evidence. Use only as public benchmark or market context. Do not present as Hershey internal invoice or SKU cost.","ves in FY23. Projects included improving on-farm 
productivity, biodiversity, reforestation, facilitating microbusinesses for women 
and youth, worker health and safety, child labor and raising awareness about 
gender-based violence.
Our Fairtrade Commitments
67
ASR Group Sustainability Report 2023


--- PAGE 68 ---
Executive 
Summary
About ASR 
Gr"
EEVID_0639cf7cf320d87b,sugar,hershey_sugar_sourcing_page.pdf,visual_ocr,rag_retrieval_result,retail_price,retail_price_evidence,direct_visual_or_page_evidence,direct_retail_or_visual_page_evidence,retail_page_level,medium_high,high,candidate_for_strict_audit,pending_step16i,hershey; target,sugar,ocr_text_requires_visual_confidence_review; retail_observation_not_margin; retail_price_varies_by_store_date_promotion; supplier_claim_not_sku_confirmed,"hershey, target / sugar / sugar may support observed retail page or price evidence. Use for observed retailer page or price evidence only. Price may vary by store, date, and promotion.","--- VISUAL OCR PAGE 1: page_001.png ---
CAREERS MEDIA INVESTORS
HERSHEY.
f& > Home > Sustainability > Sustainability Issues
Sugar is an essential ingredient in many of our delicious snacks. Sugar production provides a
livelihood to growers and local communities. At Hershey, we are committed to a supply chain of
responsibly sourced sugar.
es
Our App"
EEVID_4ba987510e0c3e87,sugar,Sugar-The-Hershey-Company-05-06-2026_02_22_PM.pdf,visual_ocr,rag_retrieval_result,retail_price,retail_price_evidence,direct_visual_or_page_evidence,direct_retail_or_visual_page_evidence,retail_page_level,medium_high,high,candidate_for_strict_audit,pending_step16i,hershey; target,sugar,ocr_text_requires_visual_confidence_review; retail_observation_not_margin; retail_price_varies_by_store_date_promotion; supplier_claim_not_sku_confirmed,"hershey, target / sugar / sugar may support observed retail page or price evidence. Use for observed retailer page or price evidence only. Price may vary by store, date, and promotion.","--- VISUAL OCR PAGE 1: page_001.png ---
CAREERS MEDIA INVESTORS
HERSHEY.
f& > Home > Sustainability > Sustainability Issues
Sugar is an essential ingredient in many of our delicious snacks. Sugar production provides a
livelihood to growers and local communities. At Hershey, we are committed to a supply chain of
responsibly sourced sugar.
es
Our App"
EEVID_649f0300cdd8255f,sugar,asr_fy23_sustainability_report.pdf,text_or_table,rag_retrieval_result,ingredient_confirmation,ingredient_or_label_evidence,medium_context_evidence,contextual_support,context_only,low_medium,medium,research_only,pending_step16i,asr,sugar,supplier_claim_not_sku_confirmed,"asr / sugar / sugar may support ingredient, label, or product identity evidence. Use only as background context. Do not use as a direct website claim without audit approval.","munities and play a significant 
role in the local economies. We recognize 
that buying sugar from organizations in 
these regions brings specific risks and 
responsibilities. As a major buyer of 
raw sugar, we strive to use our scale to 
eliminate unethical practices while building 
capacity at the local level to support these 
communities. 
Our S"
EEVID_900e439b8c73ca76,dairy_milk_skim_milk_milk_fat,hershey_latest_esg_dairy_section.pdf,text_or_table,rag_retrieval_result,ingredient_confirmation,ingredient_or_label_evidence,company_level_relationship_evidence,company_level_confirmed,company_level_only,medium,high,candidate_for_strict_audit,pending_step16i,hershey,cocoa_chocolate; sugar,do_not_claim_sku_level_supplier; supplier_claim_not_sku_confirmed,"hershey / cocoa_chocolate, sugar / dairy_milk_skim_milk_milk_fat may support ingredient, label, or product identity evidence. Use only as company-level relationship evidence. Do not claim exact 1.55 oz SKU allocation.","o identify the specific source from where the ingredient comes in a given Hershey product.
40 
The Hershey Company | 2021 ESG Report
The Big Picture Our Company Cocoa Responsible Sourcing and Human Rights Environment Our People Youth Community About This Report
Responsible Sourcing and Human Rights


--- PAGE 41 ---
Sugar 
In 2021, we worked with o"
EEVID_bd0040f0f4a23539,cocoa_chocolate_cocoa_butter,barry_callebaut_hershey_supply_agreement_news_release.pdf,text_or_table,rag_retrieval_result,ingredient_confirmation,ingredient_or_label_evidence,company_level_relationship_evidence,company_level_confirmed,company_level_only,medium,high,candidate_for_strict_audit,pending_step16i,barry_callebaut; hershey,cocoa_chocolate,benchmark_not_invoice; do_not_claim_sku_level_supplier; supplier_claim_not_sku_confirmed,"barry_callebaut, hershey / cocoa_chocolate / cocoa_chocolate_cocoa_butter may support ingredient, label, or product identity evidence. Use only as company-level relationship evidence. Do not claim exact 1.55 oz SKU allocation.","--- PAGE 1 ---
Hershey and Barry Callebaut Announce Strategic 
Supply and Innovation Partnership 
 
• 
Barry Callebaut to supply a minimum of 80,000 tons per year of chocolate and 
finished products to Hershey under long-term global agreement 
• 
Hershey to leverage Barry Callebaut’s premium chocolate expertise, cocoa and 
origin know-how and exten"
EEVID_b99b361b486f1592,cocoa_chocolate_cocoa_butter,barry_callebaut_hershey_supply_agreement_news_release.pdf,text_or_table,rag_retrieval_result,ingredient_confirmation,ingredient_or_label_evidence,company_level_relationship_evidence,company_level_confirmed,company_level_only,medium,high,candidate_for_strict_audit,pending_step16i,barry_callebaut; hershey,cocoa_chocolate; natural_flavor,do_not_claim_sku_level_supplier; supplier_claim_not_sku_confirmed,"barry_callebaut, hershey / cocoa_chocolate, natural_flavor / cocoa_chocolate_cocoa_butter may support ingredient, label, or product identity evidence. Use only as company-level relationship evidence. Do not claim exact 1.55 oz SKU allocation.","D 50 million (CHF 65 million). 
 
The two companies also will work together on efforts aimed at building a sustainable cocoa 
supply, including the World Cocoa Foundation’s Sustainable Tree Crops Program, the 
International Cocoa Initiative Foundation and industry efforts to implement a certification 
system in West Africa. Hershey will also partic"
EEVID_e41c42cc41d0cedb,cocoa_chocolate_cocoa_butter,barry_callebaut_hershey_supply_agreement_page.pdf,visual_ocr,rag_retrieval_result,ingredient_confirmation,ingredient_or_label_evidence,company_level_relationship_evidence,company_level_confirmed,company_level_only,medium,high,candidate_for_strict_audit,pending_step16i,barry_callebaut; hershey,cocoa_chocolate,do_not_claim_sku_level_supplier; ocr_text_requires_visual_confidence_review; supplier_claim_not_sku_confirmed,"barry_callebaut, hershey / cocoa_chocolate / cocoa_chocolate_cocoa_butter may support ingredient, label, or product identity evidence. Use only as company-level relationship evidence. Do not claim exact 1.55 oz SKU allocation.","--- VISUAL OCR PAGE 1: page_001.png ---
® My Barry Callebaut Careers Contact B= United States - English Q
| BARRY (()) CALLEBAUT | Products Segments Services Brands Trends & Insights Sustainability v About Us v
f > About Us > Media > News & Stories
; oy
.
ox A OS a ihe 1 Pa
eae ee 08 » ‘ .
y fat ne “ _—_—— Le ""
Hershey and Barry Callebaut extend te"
EEVID_e78f748d363f0195,cocoa_chocolate_cocoa_butter,cocoa_beans_quality_requirements_processing_guide.pdf,visual_ocr,rag_retrieval_result,ingredient_confirmation,ingredient_or_label_evidence,background_context,background_or_low_support,context_only,low,medium,research_only,pending_step16i,,cocoa_chocolate,ocr_text_requires_visual_confidence_review,"cocoa_chocolate / cocoa_chocolate_cocoa_butter may support ingredient, label, or product identity evidence. Use only as background context. Do not use as a direct website claim without audit approval.","--- VISUAL OCR PAGE 1: page_008.png ---
Cocoa Beans: Chocolate & Cocoa Industry Quality Requirements
8"
EEVID_221cb070131bbb4a,cocoa_chocolate_cocoa_butter,barry_callebaut_social_environmental_impact_report_2024_25.pdf,text_or_table,rag_retrieval_result,retail_price,retail_price_evidence,direct_product_or_label_evidence,direct_sku_or_label_evidence,sku_or_label_level,medium_high,high,candidate_for_strict_audit,pending_step16i,barry_callebaut,cocoa_chocolate,benchmark_not_invoice; retail_observation_not_margin; supplier_claim_not_sku_confirmed,"barry_callebaut / cocoa_chocolate / cocoa_chocolate_cocoa_butter may support observed retail page or price evidence. Use for product label, wrapper, ingredient, or SKU identity evidence. Do not infer supplier allocation.","--- PAGE 1 ---
ANNUAL SOCIAL 
AND ENVIRONMENTAL 
IMPACT REPORT
2024/25


--- PAGE 2 ---
3
This is Barry Callebaut
4
Letter to Stakeholders
6
Sustainability
7
Our Sustainability Journey
8
Forever Chocolate Introduction
16
Overview of our Forever Chocolate Strategy
17
Prospering Farmers
23
Human Rights
30
Thriving Nature
39
Sustainable Ingredients
48"
EEVID_9f48a14946ea2e29,cocoa_chocolate_cocoa_butter,barry_callebaut_annual_report_or_full_year_results_2024_25.pdf,text_or_table,rag_retrieval_result,retail_price,retail_price_evidence,benchmark_context_evidence,benchmark_proxy,benchmark_only,medium,high,candidate_for_strict_audit,pending_step16i,barry_callebaut,cocoa_chocolate,benchmark_not_invoice; do_not_claim_internal_hershey_cost; retail_observation_not_margin; supplier_claim_not_sku_confirmed,barry_callebaut / cocoa_chocolate / cocoa_chocolate_cocoa_butter may support observed retail page or price evidence. Use only as public benchmark or market context. Do not present as Hershey internal invoice or SKU cost.,"--- PAGE 1 ---
ANNUAL REPORT
2024/25


--- PAGE 2 ---
3
This is Barry Callebaut
4
Key Figures
6
Fiscal Year in Brief
7
Letter to Shareholders
9
Overview
10
5-Year Overview
11
Risk Overview
20
Business Highlights
21
Financial Review
26
Business Review
28
Financial Reports
29
Consolidated Financial Statements
33
Notes to the Consolidated Financial St"
EEVID_6cf00ac0d38e13ba,cocoa_chocolate_cocoa_butter,barry_callebaut_social_environmental_impact_report_2024_25.pdf,text_or_table,rag_retrieval_result,ingredient_confirmation,ingredient_or_label_evidence,benchmark_context_evidence,benchmark_proxy,benchmark_only,medium,high,candidate_for_strict_audit,pending_step16i,barry_callebaut,cocoa_chocolate,benchmark_not_invoice; do_not_claim_internal_hershey_cost; supplier_claim_not_sku_confirmed,"barry_callebaut / cocoa_chocolate / cocoa_chocolate_cocoa_butter may support ingredient, label, or product identity evidence. Use only as public benchmark or market context. Do not present as Hershey internal invoice or SKU cost.","The principles and guidelines for behavior are set forth in our Code 
of Conduct
Supplier Code and Sustainable 
Sourcing Policies
Our Supplier Code and Sustainable Sourcing Policies lay out the framework for our 
sustainable sourcing activities and reflect our Forever Chocolate strategy and 
ambitions.
Global HR Labor Policy
This policy defines min"
EEVID_307214cf91446bc5,cocoa_chocolate_cocoa_butter,barry_callebaut_social_environmental_impact_report_2024_25.pdf,text_or_table,rag_retrieval_result,retail_price,retail_price_evidence,direct_visual_or_page_evidence,direct_retail_or_visual_page_evidence,retail_page_level,medium_high,high,candidate_for_strict_audit,pending_step16i,barry_callebaut; target,cocoa_chocolate,retail_observation_not_margin; retail_price_varies_by_store_date_promotion,"barry_callebaut, target / cocoa_chocolate / cocoa_chocolate_cocoa_butter may support observed retail page or price evidence. Use for observed retailer page or price evidence only. Price may vary by store, date, and promotion.","ot hesitate to get in 
touch with Barry Callebaut if you have any suggestions or 
comments on our efforts.
BARRY CALLEBAUT
Annual Social and Environmental 
Impact Report 2024/25
Letter to Stakeholders
Sustainability
Our People
Governance
TCFD
GRI Report
Policies
5
Peter Feld
Chief Executive Officer


--- PAGE 6 ---
SUSTAINABILITY
BARRY CALLEBAUT
An"
EEVID_b284d15142af3c24,cocoa_chocolate_cocoa_butter,barry_callebaut_social_environmental_impact_report_2024_25.pdf,text_or_table,rag_retrieval_result,ingredient_confirmation,ingredient_or_label_evidence,background_context,background_or_low_support,context_only,low,medium,research_only,pending_step16i,barry_callebaut,cocoa_chocolate,,"barry_callebaut / cocoa_chocolate / cocoa_chocolate_cocoa_butter may support ingredient, label, or product identity evidence. Use only as background context. Do not use as a direct website claim without audit approval.","shareholders of the Company are listed in Note 5.2 
to the Consolidated Financial Statements in the Annual Report 2024/25 https://www.barry-callebaut.com/en/about-us/media/news-
stories/full-year-results-fiscal-year-202425, with Jacobs Investments 2 AG (formerly held by Jacobs Holding AG) as the reference 
shareholder holding 30.1% of the issued sh"
EEVID_39fd8566b2f24aea,cocoa_chocolate_cocoa_butter,barry_callebaut_social_environmental_impact_report_2024_25.pdf,visual_ocr,rag_retrieval_result,general_context,general_context_evidence,background_context,background_or_low_support,context_only,low,medium,research_only,pending_step16i,,,ocr_text_requires_visual_confidence_review,cocoa_chocolate_cocoa_butter may support background context only. Use only as background context. Do not use as a direct website claim without audit approval.,"--- VISUAL OCR PAGE 1: page_001.png ---
BARRY ((}) CALLEBAUT
| \ iM. ae Cais
ER / » A CS + TO. FPA 2024/25
Rae get - = a
—.: ‘y ss ""a ° +
op as '"
EEVID_6528d198f82da9a1,dairy_milk_skim_milk_milk_fat,hershey_sustainable_dairy_pa_2021_press_release.pdf,visual_ocr,rag_retrieval_result,ingredient_confirmation,ingredient_or_label_evidence,company_level_relationship_evidence,company_level_confirmed,company_level_only,medium,high,candidate_for_strict_audit,pending_step16i,hershey; land_olakes,milk_dairy,do_not_claim_sku_level_supplier; ocr_text_requires_visual_confidence_review; supplier_claim_not_sku_confirmed,"hershey, land_olakes / milk_dairy / dairy_milk_skim_milk_milk_fat may support ingredient, label, or product identity evidence. Use only as company-level relationship evidence. Do not claim exact 1.55 oz SKU allocation.","king with the initial
119 farms, the partnership has the potential to reach more than 400 Land O'Lakes member farms supplying
milk to Hershey as funding and support grows.
“We recognize that global impact means teaming up with other leading organizations like The Hershey
Company and the Alliance for the Chesapeake Bay, and we're excited to support "
EEVID_20564883b9bcecfe,dairy_milk_skim_milk_milk_fat,land_o_lakes_hershey_chesapeake_bay_page.pdf,visual_ocr,rag_retrieval_result,supplier_relationship,supplier_relationship_evidence,background_context,background_or_low_support,context_only,medium_low,medium,research_only,pending_step16i,land_olakes,milk_dairy,ocr_text_requires_visual_confidence_review; supplier_claim_not_sku_confirmed,land_olakes / milk_dairy / dairy_milk_skim_milk_milk_fat may support a background or low support relationship claim. Use only as background context. Do not use as a direct website claim without audit approval.,"rative system provides an opportunity
for farmers like us to access resources and funding,” said Steve.
The hope is that the increased funding for the initiative will help more local farmers
invest in the implementation of manure storage facilities, soil health practices,
riparian forest buffers and other efforts to enhance sustainability on Land O"
EEVID_5f87471fba5c92ad,hershey_company,hershey_latest_esg_sugar_section.pdf,text_or_table,rag_retrieval_result,ingredient_confirmation,ingredient_or_label_evidence,direct_product_or_label_evidence,direct_sku_or_label_evidence,sku_or_label_level,medium_high,high,candidate_for_strict_audit,pending_step16i,hershey,milk_dairy,benchmark_not_invoice; supplier_claim_not_sku_confirmed,"hershey / milk_dairy / hershey_company may support ingredient, label, or product identity evidence. Use for product label, wrapper, ingredient, or SKU identity evidence. Do not infer supplier allocation.","airy Partnership 
(SDP) Dairy Sustainability Framework. Hershey requires 
suppliers to enroll in the SDP, undertake its evaluations 
and share progress reports with us. We are on track to 
source 100% of U.S. dairy ingredients from suppliers 
enrolled in and assessed through the SDP by the end 
of 2024. We expect to complete those steps for South 
"
EEVID_5e3e6fc735fde0dc,packaging_wrapper,hershey_latest_esg_packaging_section.pdf,text_or_table,rag_retrieval_result,ingredient_confirmation,ingredient_or_label_evidence,direct_product_or_label_evidence,direct_sku_or_label_evidence,sku_or_label_level,medium_high,high,candidate_for_strict_audit,pending_step16i,hershey,milk_dairy,benchmark_not_invoice; supplier_claim_not_sku_confirmed,"hershey / milk_dairy / packaging_wrapper may support ingredient, label, or product identity evidence. Use for product label, wrapper, ingredient, or SKU identity evidence. Do not infer supplier allocation.","airy Partnership 
(SDP) Dairy Sustainability Framework. Hershey requires 
suppliers to enroll in the SDP, undertake its evaluations 
and share progress reports with us. We are on track to 
source 100% of U.S. dairy ingredients from suppliers 
enrolled in and assessed through the SDP by the end 
of 2024. We expect to complete those steps for South 
"
EEVID_9a7e8466a68b87a5,dairy_milk_skim_milk_milk_fat,hershey_dairy_sourcing_page.pdf,visual_ocr,rag_retrieval_result,ingredient_confirmation,ingredient_or_label_evidence,direct_product_or_label_evidence,direct_sku_or_label_evidence,sku_or_label_level,medium_high,high,candidate_for_strict_audit,pending_step16i,hershey,cocoa_chocolate; milk_dairy,ocr_text_requires_visual_confidence_review; supplier_claim_not_sku_confirmed,"hershey / cocoa_chocolate, milk_dairy / dairy_milk_skim_milk_milk_fat may support ingredient, label, or product identity evidence. Use for product label, wrapper, ingredient, or SKU identity evidence. Do not infer supplier allocation.","thin a 100-mile radius of our chocolate
manufacturing plant in Hershey, PA. We also source milk-derived ingredients from suppliers
across the U.S. as well as New Zealand, and from suppliers in Brazil, India and Mexico for our
operations in those countries.
es e e
Supplier Engagement, Monitoring and
e e e
Verification through the Sustainable
Dairy P"
EEVID_c5e019397c81c0bb,hershey_company,Dairy-The-Hershey-Company-05-06-2026_02_22_PM.pdf,visual_ocr,rag_retrieval_result,ingredient_confirmation,ingredient_or_label_evidence,direct_product_or_label_evidence,direct_sku_or_label_evidence,sku_or_label_level,medium_high,high,candidate_for_strict_audit,pending_step16i,hershey,cocoa_chocolate; milk_dairy,ocr_text_requires_visual_confidence_review; supplier_claim_not_sku_confirmed,"hershey / cocoa_chocolate, milk_dairy / hershey_company may support ingredient, label, or product identity evidence. Use for product label, wrapper, ingredient, or SKU identity evidence. Do not infer supplier allocation.","thin a 100-mile radius of our chocolate
manufacturing plant in Hershey, PA. We also source milk-derived ingredients from suppliers
across the U.S. as well as New Zealand, and from suppliers in Brazil, India and Mexico for our
operations in those countries.
es e e
Supplier Engagement, Monitoring and
e e e
Verification through the Sustainable
Dairy P"
EEVID_0583b4b126023ff8,dairy_milk_skim_milk_milk_fat,land_o_lakes_logo_asset.png,visual_ocr,rag_retrieval_result,general_context,general_context_evidence,background_context,background_or_low_support,context_only,low,medium,research_only,pending_step16i,land_olakes,,ocr_text_requires_visual_confidence_review,land_olakes / dairy_milk_skim_milk_milk_fat may support background context only. Use only as background context. Do not use as a direct website claim without audit approval.,"--- VISUAL OCR image_or_logo_asset: land_o_lakes_logo_asset.png ---
ad
LAND O'LAKES INC."
EEVID_93c059bd322cf682,dairy_milk_skim_milk_milk_fat,hershey_sustainable_dairy_pa_2021_press_release.pdf,visual_ocr,rag_retrieval_result,ingredient_confirmation,ingredient_or_label_evidence,company_level_relationship_evidence,company_level_confirmed,company_level_only,medium,high,candidate_for_strict_audit,pending_step16i,hershey; land_olakes,cocoa_chocolate; milk_dairy,benchmark_not_invoice; do_not_claim_sku_level_supplier; ocr_text_requires_visual_confidence_review; supplier_claim_not_sku_confirmed,"hershey, land_olakes / cocoa_chocolate, milk_dairy / dairy_milk_skim_milk_milk_fat may support ingredient, label, or product identity evidence. Use only as company-level relationship evidence. Do not claim exact 1.55 oz SKU allocation.","a's premier agribusiness and food companies, is a member-owned
cooperative with industry-leading operations that span the spectrum from agricultural production to
consumer foods. With 2020 annual sales of $14 billion, Land O'Lakes is one of the nation’s largest
cooperatives, ranking 219 on the Fortune 500. Building on a legacy of more than 99 years"
EEVID_75810b647bbb0a06,dairy_milk_skim_milk_milk_fat,alliance_sustainable_dairy_pa_page.pdf,visual_ocr,rag_retrieval_result,supplier_relationship,supplier_relationship_evidence,company_level_relationship_evidence,company_level_confirmed,company_level_only,medium,high,candidate_for_strict_audit,pending_step16i,hershey; land_olakes,milk_dairy,do_not_claim_sku_level_supplier; ocr_text_requires_visual_confidence_review; supplier_claim_not_sku_confirmed,"hershey, land_olakes / milk_dairy / dairy_milk_skim_milk_milk_fat may support a company level confirmed relationship claim. Use only as company-level relationship evidence. Do not claim exact 1.55 oz SKU allocation.","--- VISUAL OCR PAGE 1: page_001.png ---
NEWS EVENTS = CONTACT | ONATE | Q | Select Language v
Ay for the Chesapeake Bay What We Do v Who WeAre v Get Involved v Resources V
Home / Blogs / New Initiative, Sustainable Dairy PA, Sparks Promise for More Climate-Friendly Dairy Supply Chain in Chesapeake Bay Watershed
NEW INITIATIVE, SUSTAINABLE DAIRY PA,"
EEVID_b5bb33962490743f,dairy_milk_skim_milk_milk_fat,hershey_dairy_sourcing_page.pdf,visual_ocr,rag_retrieval_result,supplier_relationship,supplier_relationship_evidence,company_level_relationship_evidence,company_level_confirmed,company_level_only,medium,high,candidate_for_strict_audit,pending_step16i,hershey; land_olakes,milk_dairy,do_not_claim_sku_level_supplier; ocr_text_requires_visual_confidence_review; supplier_claim_not_sku_confirmed,"hershey, land_olakes / milk_dairy / dairy_milk_skim_milk_milk_fat may support a company level confirmed relationship claim. Use only as company-level relationship evidence. Do not claim exact 1.55 oz SKU allocation.","ssues.
We are collaborating with Land O'Lakes, our highest-volume dairy supplier and strategic partner,
and the Alliance for the Chesapeake Bay on a three-year pilot program, Sustainable Dairy PA.
Now in its second year, this program aims to reduce GHG emissions and protect water quality
across dairy farms in our Pennsylvania supply chain. To achie"
EEVID_90ffe11178defb6f,retail_price_evidence,cvs_hershey_1_55oz_price_page.pdf,visual_ocr,rag_retrieval_result,retail_price,retail_price_evidence,direct_visual_or_page_evidence,direct_retail_or_visual_page_evidence,retail_page_level,medium_high,high,candidate_for_strict_audit,pending_step16i,cvs; hershey,cocoa_chocolate; milk_dairy,benchmark_not_invoice; ocr_text_requires_visual_confidence_review; retail_observation_not_margin; retail_price_varies_by_store_date_promotion,"cvs, hershey / cocoa_chocolate, milk_dairy / retail_price_evidence may support observed retail page or price evidence. Use for observed retailer page or price evidence only. Price may vary by store, date, and promotion.","--- VISUAL OCR PAGE 1: page_001.png ---
¥CVS {a 191 CAMBRIDG... Search CVS or ask a question Q
Open, Closes 10:00 PM
= Menu (ff Mother's Day — Manage prescriptions S Schedule a Vaccine Photo Coupons & Rewards WeeklyAd Extra Big Deals Shop MinuteClinic Services Wellness Zone —Oak Street Health
Home > Shop > Grocery > Candy, Gum & Mints >» Chocolates"
EEVID_e3626a731f77d5fc,natural_flavor,fda_flavor_labeling_regulation_reference.pdf,text_or_table,rag_retrieval_result,retail_price,retail_price_evidence,medium_context_evidence,contextual_support,context_only,low_medium,medium,research_only,pending_step16i,,packaging,retail_observation_not_margin,packaging / natural_flavor may support observed retail page or price evidence. Use only as background context. Do not use as a direct website claim without audit approval.,"n a package insert). Further, the labeling of all malt beverages, 
regardless of alcohol content, and of liquors and wines containing 7 percent 
or more by volume of alcohol is regulated by the Alcohol and Tobacco Tax 
and Trade Bureau (TTB). TTB does not require that the products it regulates 
bear nutrition labeling. 
P4. A retailer assembles gif"
EEVID_2a8ebef6ba4f60d7,hershey_company,hershey_latest_esg_sugar_section.pdf,text_or_table,rag_retrieval_result,ingredient_confirmation,ingredient_or_label_evidence,direct_product_or_label_evidence,direct_sku_or_label_evidence,sku_or_label_level,medium_high,high,candidate_for_strict_audit,pending_step16i,hershey,cocoa_chocolate,supplier_claim_not_sku_confirmed,"hershey / cocoa_chocolate / hershey_company may support ingredient, label, or product identity evidence. Use for product label, wrapper, ingredient, or SKU identity evidence. Do not infer supplier allocation.","our Supplier Program 
have demonstrated the 
importance of Hershey 
supporting suppliers 
on their continuous 
improvement journey. 
It improves the 
lives of people in our 
supply chain, so we 
remain committed to 
building supplier 
capabilities.”
Bethany Fitzgerald, Director, 
Global Responsible Sourcing, 
The Hershey Company
 Contents
Making Go"
EEVID_bd305e0a65f9038e,packaging_wrapper,hershey_latest_esg_packaging_section.pdf,text_or_table,rag_retrieval_result,ingredient_confirmation,ingredient_or_label_evidence,direct_product_or_label_evidence,direct_sku_or_label_evidence,sku_or_label_level,medium_high,high,candidate_for_strict_audit,pending_step16i,hershey,cocoa_chocolate,supplier_claim_not_sku_confirmed,"hershey / cocoa_chocolate / packaging_wrapper may support ingredient, label, or product identity evidence. Use for product label, wrapper, ingredient, or SKU identity evidence. Do not infer supplier allocation.","our Supplier Program 
have demonstrated the 
importance of Hershey 
supporting suppliers 
on their continuous 
improvement journey. 
It improves the 
lives of people in our 
supply chain, so we 
remain committed to 
building supplier 
capabilities.”
Bethany Fitzgerald, Director, 
Global Responsible Sourcing, 
The Hershey Company
 Contents
Making Go"
EEVID_08ff7774ba5739f2,sugar,hershey_sugar_sourcing_page.pdf,visual_ocr,rag_retrieval_result,ingredient_confirmation,ingredient_or_label_evidence,company_level_relationship_evidence,company_level_confirmed,company_level_only,medium,high,candidate_for_strict_audit,pending_step16i,hershey,cocoa_chocolate,do_not_claim_sku_level_supplier; ocr_text_requires_visual_confidence_review; supplier_claim_not_sku_confirmed,"hershey / cocoa_chocolate / sugar may support ingredient, label, or product identity evidence. Use only as company-level relationship evidence. Do not claim exact 1.55 oz SKU allocation.","RIENCE HERSHEY BUSINESS CUSTOMERS
HERSHEY'S CAREERS HERSHEYLAND HERSHEY PAC ANNUAL REPORT
CONTACT US HERSHEY'S CHOCOLATE WORLD PLANT LOCATIONS
FAQ HERSHEYPARK PRODUCT LOCATOR
‘Ss
f X i oe RETIREES
HERSHEY'S STORE
SLAVERY AND HUMAN TRAFFICKING STATEMENT
CAD HIGH CONTRAST OFF VISIT HERSHEY, PA
SUBMIT AN IDEA
SUPPLIERS
DO NOT SELL OR SHARE MY PERSONAL"
EEVID_61af8c11afa990c8,sugar,Sugar-The-Hershey-Company-05-06-2026_02_22_PM.pdf,visual_ocr,rag_retrieval_result,ingredient_confirmation,ingredient_or_label_evidence,company_level_relationship_evidence,company_level_confirmed,company_level_only,medium,high,candidate_for_strict_audit,pending_step16i,hershey,cocoa_chocolate,do_not_claim_sku_level_supplier; ocr_text_requires_visual_confidence_review; supplier_claim_not_sku_confirmed,"hershey / cocoa_chocolate / sugar may support ingredient, label, or product identity evidence. Use only as company-level relationship evidence. Do not claim exact 1.55 oz SKU allocation.","RIENCE HERSHEY BUSINESS CUSTOMERS
HERSHEY'S CAREERS HERSHEYLAND HERSHEY PAC ANNUAL REPORT
CONTACT US HERSHEY'S CHOCOLATE WORLD PLANT LOCATIONS
FAQ HERSHEYPARK PRODUCT LOCATOR
‘Ss
f X i oe RETIREES
HERSHEY'S STORE
SLAVERY AND HUMAN TRAFFICKING STATEMENT
CAD HIGH CONTRAST OFF VISIT HERSHEY, PA
SUBMIT AN IDEA
SUPPLIERS
DO NOT SELL OR SHARE MY PERSONAL"
EEVID_d58b4f397d8cf8ce,retail_price_evidence,walmart_hershey_1_55oz_price_page.pdf,visual_ocr,rag_retrieval_result,retail_price,retail_price_evidence,direct_visual_or_page_evidence,direct_retail_or_visual_page_evidence,retail_page_level,medium_high,high,candidate_for_strict_audit,pending_step16i,hershey; walmart,cocoa_chocolate; milk_dairy,benchmark_not_invoice; ocr_text_requires_visual_confidence_review; retail_observation_not_margin; retail_price_varies_by_store_date_promotion,"hershey, walmart / cocoa_chocolate, milk_dairy / retail_price_evidence may support observed retail page or price evidence. Use for observed retailer page or price evidence only. Price may vary by store, date, and promotion.","--- VISUAL OCR PAGE 1: page_001.png ---
Pickup or delivery? ; - - . fq) © Feorder Q, Signin =
7) Malden, 02148 + Saugus Supercenter Search everything at Walmart online andin store ~ My Items > Account $0.00
Departments v Services v Rollbacks & More Mother's Day Getit Fast Pharmacy New Arrivals Walmart Business Swim Shop Meals Made Easy My Items Onl"
EEVID_ef0546e94790e822,natural_flavor,fda_flavor_labeling_regulation_reference.pdf,text_or_table,rag_retrieval_result,ingredient_confirmation,ingredient_or_label_evidence,benchmark_context_evidence,benchmark_proxy,benchmark_only,medium,high,candidate_for_strict_audit,pending_step16i,,packaging; sugar,benchmark_not_invoice; do_not_claim_internal_hershey_cost,"packaging, sugar / natural_flavor may support ingredient, label, or product identity evidence. Use only as public benchmark or market context. Do not present as Hershey internal invoice or SKU cost.","ckground to be easy to read. Do 
not crowd the net quantity statement with artwork or other labeling 
(minimum separation requirements are specified in the regulation). 21 CFR 
101.105 and 101.15 
7. What is included in the net quantity of contents statement? 
Answer: Only the quantity of food in the container or package is stated in the 
net quant"
EEVID_fe12f312ce80ca2d,natural_flavor,fda_flavor_labeling_regulation_reference.pdf,text_or_table,rag_retrieval_result,retail_price,retail_price_evidence,medium_context_evidence,contextual_support,context_only,low_medium,medium,research_only,pending_step16i,fda,packaging,retail_observation_not_margin,fda / packaging / natural_flavor may support observed retail page or price evidence. Use only as background context. Do not use as a direct website claim without audit approval.,"nd game are exempt from 
nutrition labeling. 
21  CFR  101.9(j)(11) 
Certain egg cartons (nutrition information 
inside lid or on insert in carton) 
21  CFR  101.9(j)(14) 
Packages labeled “This unit not labeled for 
retail sale” within multiunit package, and outer 
wrapper bears all required label statements 
21  CFR  101.9(j)(15) 
Self-service bu"
EEVID_87b95c84364d2cc3,natural_flavor,fda_flavor_labeling_regulation_reference.pdf,text_or_table,rag_retrieval_result,general_context,general_context_evidence,medium_context_evidence,contextual_support,context_only,low_medium,medium,research_only,pending_step16i,,packaging,,packaging / natural_flavor may support background context only. Use only as background context. Do not use as a direct website claim without audit approval.,"forms to the shape of the product. Can I place nutrition labeling on 
the film, or must I use a paper strip label? 
Answer: The Nutrition Facts label can be placed on the film package provided 
that the color contrast of the print and the indentations made by the product 
do not prevent consumers from being able to read the information at the 
poin"
EEVID_88f69d52b87754c6,product_sku_1_55oz,Hershey Front.webp,visual_ocr,rag_retrieval_result,ingredient_confirmation,ingredient_or_label_evidence,medium_context_evidence,contextual_support,context_only,low_medium,medium,research_only,pending_step16i,hershey,cocoa_chocolate; milk_dairy,ocr_text_requires_visual_confidence_review,"hershey / cocoa_chocolate, milk_dairy / product_sku_1_55oz may support ingredient, label, or product identity evidence. Use only as background context. Do not use as a direct website claim without audit approval.","--- VISUAL OCR image_or_logo_asset: Hershey Front.webp ---
milk chocolate :
cc"
EEVID_c15620239c7faa53,retail_price_evidence,walmart_hershey_1_55oz_price_page.pdf,visual_ocr,rag_retrieval_result,ingredient_confirmation,ingredient_or_label_evidence,benchmark_context_evidence,benchmark_proxy,benchmark_only,medium,high,candidate_for_strict_audit,pending_step16i,hershey,cocoa_chocolate; milk_dairy,benchmark_not_invoice; do_not_claim_internal_hershey_cost; ocr_text_requires_visual_confidence_review,"hershey / cocoa_chocolate, milk_dairy / retail_price_evidence may support ingredient, label, or product identity evidence. Use only as public benchmark or market context. Do not present as Hershey internal invoice or SKU cost.","i118/ib $4.52 $1.48 $2.50 $278
Hershey's Milk Chocolate with Almonds XL Hershey's Milk Chocolate with Almonds KIT KAT Milk Chocolate Wafer Snack Size, Hershey's Cookies 'n' Creme King Size
Candy, Bar 4.25 oz, 16 Pieces Giant Candy, Bar 7.37 02, 25 Pieces Candy Bars, .49 oz (4 Count) Candy, Bar 2.6 0z
we wwE 2045 wk kw aRT 4929 RRRKT 534 wk wT 3029
"
EEVID_0fa6a3097d7bfe14,product_sku_1_55oz,hershey 1.55 oz page.pdf,visual_ocr,rag_retrieval_result,ingredient_confirmation,ingredient_or_label_evidence,visual_high_relevance_context,visual_context,context_only,medium_low,medium,research_only,pending_step16i,hershey,cocoa_chocolate; milk_dairy,ocr_text_requires_visual_confidence_review,"hershey / cocoa_chocolate, milk_dairy / product_sku_1_55oz may support ingredient, label, or product identity evidence. Use only as background context. Do not use as a direct website claim without audit approval.","ul? (5 (5) &P (6) Report
Q: When counting calories the nutrition label say 1 peice is 45 calories. Does that mean 1/4 of the mini bar?
Amy29
9 months ago
Originally posted on HERSHEY'S Milk Chocolate Snack Size Candy Bars
1 Answer ANSWER THIS QUESTION
A: Thank you for your question regarding the calorie count for HERSHEY'S Milk Chocolate Snack Size"
EEVID_543d1f58563e6d60,retail_price_evidence,target_hershey_1_55oz_price_page.pdf,visual_ocr,rag_retrieval_result,retail_price,retail_price_evidence,direct_visual_or_page_evidence,direct_retail_or_visual_page_evidence,retail_page_level,medium_high,high,candidate_for_strict_audit,pending_step16i,hershey; target,cocoa_chocolate; milk_dairy; sugar,benchmark_not_invoice; ocr_text_requires_visual_confidence_review; retail_observation_not_margin; retail_price_varies_by_store_date_promotion,"hershey, target / cocoa_chocolate, milk_dairy, sugar / retail_price_evidence may support observed retail page or price evidence. Use for observed retailer page or price evidence only. Price may vary by store, date, and promotion.","--- VISUAL OCR PAGE 1: page_001.png ---
© Categories Deals Pickup & delivery hershey chocolate ba... > u Q (Q) Account =!
Target > Grocery > Candy > Chocolate > Chocolate Bars
_ Shop all HERSHEY'S
(47) .
eo) Hershey's Milk Chocolate Candy Bar - 1.550z
te te tk ok Ye 3450 Vv
$1 .99 ($1.28/ounce) @
Aa 4 Lo}
_ = Pickup Delivery Shipping
Ready within 2"
EEVID_6ccf5d75ce9092fe,product_sku_1_55oz,hershey 1.55 oz page.pdf,visual_ocr,rag_retrieval_result,retail_price,retail_price_evidence,visual_high_relevance_context,visual_context,context_only,medium_low,medium,research_only,pending_step16i,hershey,cocoa_chocolate; milk_dairy,ocr_text_requires_visual_confidence_review; retail_observation_not_margin,"hershey / cocoa_chocolate, milk_dairy / product_sku_1_55oz may support observed retail page or price evidence. Use only as background context. Do not use as a direct website claim without audit approval.","S QUESTION
A: We're so sorry to learn that you're having a problem issue finding the Golden Bar. You can guarantee that your interest will be forwarded to the right team. Thank you,
Shirley.
The Hershey Company
a year ago
Helpful? (5 (4) €P (0) Report
Q: why do they taste sooocc0000000 good ???2222222222222222/
ada5
a year ago
Originally posted on "
EEVID_c7e0f8d3bd90d3c2,retail_price_evidence,walmart_hershey_1_55oz_price_page.pdf,visual_ocr,rag_retrieval_result,retail_price,retail_price_evidence,direct_visual_or_page_evidence,direct_retail_or_visual_page_evidence,retail_page_level,medium_high,high,candidate_for_strict_audit,pending_step16i,hershey; walmart,cocoa_chocolate; milk_dairy,benchmark_not_invoice; ocr_text_requires_visual_confidence_review; retail_observation_not_margin; retail_price_varies_by_store_date_promotion,"hershey, walmart / cocoa_chocolate, milk_dairy / retail_price_evidence may support observed retail page or price evidence. Use for observed retailer page or price evidence only. Price may vary by store, date, and promotion.","m offer now
Continue your search on Walmart
Similar items you might like
Based on what customers bought
= const
oO oO oO XL oO
Image not 4
Available milk chocolate tear 7
1 BAR
1 BaR
+ Add + Add + Add + Add
$5.97 5824 Now $2.50 $278 96.2¢/oz Now $1.62 $82 $1.12/oz $2.97 $10.80/lb
HERSHEY'S Milk Chocolate Standard Bar 6- Hershey's Milk Chocolate Kin"
EEVID_97ef758b0d053cb2,product_sku_1_55oz,hershey 1.55 oz page.pdf,visual_ocr,rag_retrieval_result,ingredient_confirmation,ingredient_or_label_evidence,benchmark_context_evidence,benchmark_proxy,benchmark_only,medium,high,candidate_for_strict_audit,pending_step16i,hershey,cocoa_chocolate; milk_dairy,benchmark_not_invoice; do_not_claim_internal_hershey_cost; ocr_text_requires_visual_confidence_review,"hershey / cocoa_chocolate, milk_dairy / product_sku_1_55oz may support ingredient, label, or product identity evidence. Use only as public benchmark or market context. Do not present as Hershey internal invoice or SKU cost.","Giant Bar, 7.56 oz.
Questions
Have a question? Ask people who own it.
Example: Shipping information Q
Start typing your question and we'll check if it was already asked and answered.
1-10 of 211 Questions | Sort by Vv |
Q: What is the difference between a fun size Hershey bar and a snack size Hershey bar?
Ronnie55
8 months ago
Originally posted on "
EEVID_e19758c904de00ff,product_sku_1_55oz,hershey 1.55 oz page.pdf,visual_ocr,rag_retrieval_result,retail_price,retail_price_evidence,benchmark_context_evidence,benchmark_proxy,benchmark_only,medium,high,candidate_for_strict_audit,pending_step16i,hershey,cocoa_chocolate; milk_dairy,benchmark_not_invoice; do_not_claim_internal_hershey_cost; ocr_text_requires_visual_confidence_review; retail_observation_not_margin,"hershey / cocoa_chocolate, milk_dairy / product_sku_1_55oz may support observed retail page or price evidence. Use only as public benchmark or market context. Do not present as Hershey internal invoice or SKU cost.","HEY'S Milk Chocolate Snack Size Candy Bars
jamiel434 tototcick
Perfect size.
Reviews 2
13 days ago
Votes O
Hershey's milk chocolate is always good and these are the perfect size when you just want a couple pieces to curb a craving. These
are also good for adding to cookies or cupcakes or for just a bit of melted chocolate.
influnster — Originally p"
EEVID_ab4b8be9384a4f64,pgpr,pgpr_and_lecithin_chocolate_emulsifier_use.pdf,visual_ocr,rag_retrieval_result,ingredient_confirmation,ingredient_or_label_evidence,benchmark_context_evidence,benchmark_proxy,benchmark_only,medium,high,candidate_for_strict_audit,pending_step16i,,cocoa_chocolate; pgpr; soy_lecithin,benchmark_not_invoice; do_not_claim_internal_hershey_cost; ocr_text_requires_visual_confidence_review,"cocoa_chocolate, pgpr, soy_lecithin / pgpr may support ingredient, label, or product identity evidence. Use only as public benchmark or market context. Do not present as Hershey internal invoice or SKU cost.","--- VISUAL OCR PAGE 1: page_001.png ---
+> Al Overview

Polyglycerol polyricinoleate (PGPR) and lecithin are commonly paired in chocolate
production, where lecithin reduces yield stress (viscosity) and PGPR acts as a powerful
flow enhancer, reducing the needed cocoa butter, cost, and bubbles. They act
synergistically to optimize flow, particularly "
EEVID_3918e5ba5c0e611a,pgpr,pgpr_market_overview_reference.pdf,text_or_table,rag_retrieval_result,ingredient_confirmation,ingredient_or_label_evidence,benchmark_context_evidence,benchmark_proxy,benchmark_only,medium,high,candidate_for_strict_audit,pending_step16i,,pgpr,benchmark_not_invoice; do_not_claim_internal_hershey_cost; supplier_claim_not_sku_confirmed,"pgpr / pgpr may support ingredient, label, or product identity evidence. Use only as public benchmark or market context. Do not present as Hershey internal invoice or SKU cost.","quality during storage and distribution. The processed foods 
segment, encompassing ready meals, sauces, and dressings, is also integrating 
PGPR to improve texture and extend shelf life. As consumer preferences shift 
towards convenience and health, food processors are increasingly relying on PGPR


--- PAGE 5 ---
to meet evolving functional and s"
EEVID_287feaec91e016f8,pgpr,pgpr_function_in_chocolate_explanation.pdf,visual_ocr,rag_retrieval_result,ingredient_confirmation,ingredient_or_label_evidence,direct_product_or_label_evidence,direct_sku_or_label_evidence,sku_or_label_level,medium_high,high,candidate_for_strict_audit,pending_step16i,,cocoa_chocolate; milk_dairy; soy_lecithin,ocr_text_requires_visual_confidence_review,"cocoa_chocolate, milk_dairy, soy_lecithin / pgpr may support ingredient, label, or product identity evidence. Use for product label, wrapper, ingredient, or SKU identity evidence. Do not infer supplier allocation.","tion). Its history can be traced back to Einar Viggo Schou, a
Dane who made his fortune working in the English Margarine industry in the 1900s. In 1908 he (semi) retired and purchased the Palsgaard Estate in
his home country of Denmark. The estate still exists today, and is run by a trust which, as well as controlling one of the largest emulsifier "
EEVID_876fdf3b13321b82,pgpr,pgpr_function_in_chocolate_explanation.pdf,visual_ocr,rag_retrieval_result,ingredient_confirmation,ingredient_or_label_evidence,direct_product_or_label_evidence,direct_sku_or_label_evidence,sku_or_label_level,medium_high,high,candidate_for_strict_audit,pending_step16i,,cocoa_chocolate; pgpr; soy_lecithin,benchmark_not_invoice; ocr_text_requires_visual_confidence_review,"cocoa_chocolate, pgpr, soy_lecithin / pgpr may support ingredient, label, or product identity evidence. Use for product label, wrapper, ingredient, or SKU identity evidence. Do not infer supplier allocation.","of
US soldiers melting during the Gulf Wars (side note: this was the so called “Congo” bar, which withstands temperatures over 140°F (60°C) without
melting and, unlike the WW2 “D rations” was chewy and designed to taste better rather than just be an emergency store of rations -_see here for
more).
PGPR is more important. Its genesis over 100 years "
EEVID_7cab7584c2d33195,pgpr,pgpr_function_in_chocolate_explanation.pdf,visual_ocr,rag_retrieval_result,ingredient_confirmation,ingredient_or_label_evidence,direct_product_or_label_evidence,direct_sku_or_label_evidence,sku_or_label_level,medium_high,high,candidate_for_strict_audit,pending_step16i,,cocoa_chocolate; packaging; pgpr,benchmark_not_invoice; ocr_text_requires_visual_confidence_review,"cocoa_chocolate, packaging, pgpr / pgpr may support ingredient, label, or product identity evidence. Use for product label, wrapper, ingredient, or SKU identity evidence. Do not infer supplier allocation.","--- VISUAL OCR PAGE 1: page_001.png ---
Subscribe to our newsletter & get 10% off > | Worldwide shipping “ Google Reviews www ty | Savour the finest chocolate >
COCOA RUNNERS Q a9 FR
Cocoa Runners Cluby All products v Giftingy Tastings v Cooking» Chocolists Aboutv Learny
What is PGPR, and 4584k) 4.7 6.5q |2.04
. °
why is it added to AY | 9.99 |2.U4"
EEVID_b610faa9e6d80278,pgpr,pgpr_market_overview_reference.pdf,text_or_table,rag_retrieval_result,retail_price,retail_price_evidence,direct_visual_or_page_evidence,direct_retail_or_visual_page_evidence,retail_page_level,medium_high,high,candidate_for_strict_audit,pending_step16i,target,cocoa_chocolate; pgpr,benchmark_not_invoice; retail_observation_not_margin; retail_price_varies_by_store_date_promotion; supplier_claim_not_sku_confirmed,"target / cocoa_chocolate, pgpr / pgpr may support observed retail page or price evidence. Use for observed retailer page or price evidence only. Price may vary by store, date, and promotion.","s 
primary role in stabilizing oil-in-water and water-in-oil emulsions across food 
applications. PGPR’s unique molecular structure enables it to reduce interfacial 
tension, facilitating the formation of stable, homogenous mixtures in chocolates, 
bakery creams, and processed foods. The Stabilizer and Thickener segments are 
also gaining prominenc"
EEVID_9dd26f119f3ad973,pgpr,pgpr_market_overview_reference.pdf,text_or_table,rag_retrieval_result,ingredient_confirmation,ingredient_or_label_evidence,benchmark_context_evidence,benchmark_proxy,benchmark_only,medium,high,candidate_for_strict_audit,pending_step16i,,pgpr,benchmark_not_invoice; do_not_claim_internal_hershey_cost; supplier_claim_not_sku_confirmed,"pgpr / pgpr may support ingredient, label, or product identity evidence. Use only as public benchmark or market context. Do not present as Hershey internal invoice or SKU cost.","potential. Regulatory harmonization and 
increased awareness about food safety are further accelerating market adoption in 
this region. 
Emerging markets in Latin America and the Middle East & Africa are also witnessing 
a shift, driven by regulatory reforms and demographic changes. Countries such as 
Brazil, Mexico, and South Africa are experienc"
EEVID_43d34958f2c5b9a9,pgpr,pgpr_market_overview_reference.pdf,text_or_table,rag_retrieval_result,ingredient_confirmation,ingredient_or_label_evidence,benchmark_context_evidence,benchmark_proxy,benchmark_only,medium,high,candidate_for_strict_audit,pending_step16i,fda,natural_flavor; pgpr,benchmark_not_invoice; do_not_claim_internal_hershey_cost; supplier_claim_not_sku_confirmed,"fda / natural_flavor, pgpr / pgpr may support ingredient, label, or product identity evidence. Use only as public benchmark or market context. Do not present as Hershey internal invoice or SKU cost.","e in PGPR-based solutions. The company’s revenue 
strength is driven by its global distribution network, diversified product portfolio, 
and deep customer relationships. Puratos invests heavily in application research 
and sensory analysis, enabling it to deliver PGPR products that address specific


--- PAGE 9 ---
texture, flavor, and shelf-life r"
EEVID_3eac172ea5309546,pgpr,pgpr_market_overview_reference.pdf,text_or_table,rag_retrieval_result,ingredient_confirmation,ingredient_or_label_evidence,benchmark_context_evidence,benchmark_proxy,benchmark_only,medium,high,candidate_for_strict_audit,pending_step16i,,cocoa_chocolate; milk_dairy; pgpr,benchmark_not_invoice; do_not_claim_internal_hershey_cost,"cocoa_chocolate, milk_dairy, pgpr / pgpr may support ingredient, label, or product identity evidence. Use only as public benchmark or market context. Do not present as Hershey internal invoice or SKU cost.","d functional benefits in dairy, 
beverage, and processed food applications. Startups and specialty ingredient 
companies are investing in R&D to develop powder PGPR variants that cater to 
clean-label and allergen-free product lines. However, the segment faces barriers 
related to higher production costs and technical challenges in achieving unifor"
EEVID_409e3d0d19cf455d,soy_lecithin,soy_lecithin_market_price_reference.pdf,visual_ocr,rag_retrieval_result,retail_price,retail_price_evidence,benchmark_context_evidence,benchmark_proxy,benchmark_only,medium,high,candidate_for_strict_audit,pending_step16i,,soy_lecithin,benchmark_not_invoice; do_not_claim_internal_hershey_cost; ocr_text_requires_visual_confidence_review; retail_observation_not_margin,soy_lecithin / soy_lecithin may support observed retail page or price evidence. Use only as public benchmark or market context. Do not present as Hershey internal invoice or SKU cost.,"mand
higher prices than standard soy lecithin.
+ Market Trends: Global prices are influenced by soy production, particularly in China
and the US. @ Amazon.com +4
Prices and availability are subject to change, especially for wholesale and commodity
products.
Alcan make mistakes, so double-check responses Oo < ® Q :
Ask anything
¥"
EEVID_d444ec1aa1c79c27,soy_lecithin,lecithin_emulsifier_chocolate_use.pdf,visual_ocr,rag_retrieval_result,ingredient_confirmation,ingredient_or_label_evidence,background_context,background_or_low_support,context_only,medium_low,medium,research_only,pending_step16i,,cocoa_chocolate; soy_lecithin,ocr_text_requires_visual_confidence_review,"cocoa_chocolate, soy_lecithin / soy_lecithin may support ingredient, label, or product identity evidence. Use only as background context. Do not use as a direct website claim without audit approval.","ns or sunflower oil.
Soya
The earliest known reference to lecithin is from Switzerland in 1889, leading to the filing of the
first patent for the use of soya lecithin in chocolate in 1930. Soya remains the highest-yielding
source for the production of lecithin, with many chocolatiers using it in their cocoa creations.
To produce lecithin from soya,"
EEVID_4fcc3009ee31277d,soy_lecithin,soybean_to_soy_lecithin_processing_explanation.pdf,visual_ocr,rag_retrieval_result,ingredient_confirmation,ingredient_or_label_evidence,background_context,background_or_low_support,context_only,medium_low,medium,research_only,pending_step16i,,soy_lecithin,ocr_text_requires_visual_confidence_review,"soy_lecithin / soy_lecithin may support ingredient, label, or product identity evidence. Use only as background context. Do not use as a direct website claim without audit approval.","--- VISUAL OCR PAGE 1: page_001.png ---
& JLECI PRO BRANDS: LECIPOW™/LECIOIL™
Home » Soy Lecithin production Flow Chart
. . . Search
Soy Lecithin production Flow Chart
Search
Soy Lecithin Brief
Product Catalog
Commercial soybean lecithin Liquid is a complex mixture containing ca.65-75% phospholipids together with
triglycerides and smaller amounts o"
EEVID_dd0d79ebe012b6c1,soy_lecithin,soy_lecithin_market_price_reference.pdf,visual_ocr,rag_retrieval_result,retail_price,retail_price_evidence,benchmark_context_evidence,benchmark_proxy,benchmark_only,medium,high,candidate_for_strict_audit,pending_step16i,,soy_lecithin,benchmark_not_invoice; do_not_claim_internal_hershey_cost; ocr_text_requires_visual_confidence_review; retail_observation_not_margin; supplier_claim_not_sku_confirmed,soy_lecithin / soy_lecithin may support observed retail page or price evidence. Use only as public benchmark or market context. Do not present as Hershey internal invoice or SKU cost.,"--- VISUAL OCR PAGE 1: page_001.png ---
oogle Market price page for soy lecithin if freely available x EAA
AlMode All Shopping Shortvideos Images Forums Videos More ~ Tools ~
+> Al Overview :
Market prices for soy lecithin are available through several industrial, wholesale, and
retail platforms. Prices vary based on whether it is liquid or powder,"
EEVID_a78d9dd665087d2a,cocoa_chocolate_cocoa_butter,barry_callebaut_social_environmental_impact_report_2024_25.pdf,text_or_table,rag_retrieval_result,ingredient_confirmation,ingredient_or_label_evidence,direct_product_or_label_evidence,direct_sku_or_label_evidence,sku_or_label_level,medium_high,high,candidate_for_strict_audit,pending_step16i,barry_callebaut,cocoa_chocolate,benchmark_not_invoice; supplier_claim_not_sku_confirmed,"barry_callebaut / cocoa_chocolate / cocoa_chocolate_cocoa_butter may support ingredient, label, or product identity evidence. Use for product label, wrapper, ingredient, or SKU identity evidence. Do not infer supplier allocation.","sed to 
extract coconut oil - at the cooperative level, 
enabling centralized, controlled drying. 
BARRY CALLEBAUT
Annual Social and Environmental 
Impact Report 2024/25
Letter to Stakeholders
Sustainability
Our People
Governance
TCFD
GRI Report
Policies
44
FOREVER CHOCOLATE
SUSTAINABLE INGREDIENTS


--- PAGE 45 ---
Additionally, due to their succe"
EEVID_a24c8bbf06fbb241,soy_lecithin,soy_lecithin_industry_supplier_reference.pdf,visual_ocr,rag_retrieval_result,ingredient_confirmation,ingredient_or_label_evidence,benchmark_context_evidence,benchmark_proxy,benchmark_only,medium,high,candidate_for_strict_audit,pending_step16i,,soy_lecithin,benchmark_not_invoice; do_not_claim_internal_hershey_cost; ocr_text_requires_visual_confidence_review; supplier_claim_not_sku_confirmed,"soy_lecithin / soy_lecithin may support ingredient, label, or product identity evidence. Use only as public benchmark or market context. Do not present as Hershey internal invoice or SKU cost.","--- VISUAL OCR PAGE 1: page_001.png ---
700gle Optional: major soy lecithin supplier page, like ADM/Cargill/Bunge x
AlMode All Shopping Images Shortvideos Videos Forums’ More ~ Tools ~
+e Al Overview
Major global suppliers of soy lecithin, including ADM, Cargill, and Bunge, dominate the
market with comprehensive supply chains, offering fluid, deoil"
EEVID_dc0bed1c4264d1a0,pgpr,pgpr_function_in_chocolate_explanation.pdf,visual_ocr,rag_retrieval_result,ingredient_confirmation,ingredient_or_label_evidence,background_context,background_or_low_support,context_only,medium_low,medium,research_only,pending_step16i,,milk_dairy; soy_lecithin,ocr_text_requires_visual_confidence_review,"milk_dairy, soy_lecithin / pgpr may support ingredient, label, or product identity evidence. Use only as background context. Do not use as a direct website claim without audit approval.","plant and animal tissues. It not only aids in emulsification but also
plays a biological role in cell membrane integrity and metabolism.
2. Composition
« Emulsifiers: These compounds possess both hydrophilic (water-attracting) and hydrophobic (oil-attracting) properties, allowing them to act as a
bridge between oil and water molecules. Emulsifiers "
EEVID_7eb55b58d771a8c7,soy_lecithin,soy_lecithin_function_in_chocolate_explanation.pdf,visual_ocr,rag_retrieval_result,ingredient_confirmation,ingredient_or_label_evidence,benchmark_context_evidence,benchmark_proxy,benchmark_only,medium,high,candidate_for_strict_audit,pending_step16i,,soy_lecithin,benchmark_not_invoice; do_not_claim_internal_hershey_cost; ocr_text_requires_visual_confidence_review,"soy_lecithin / soy_lecithin may support ingredient, label, or product identity evidence. Use only as public benchmark or market context. Do not present as Hershey internal invoice or SKU cost.","dustrial Uses, and Other Applications
Publisher Summary
Lecithin has long been an important component of a myriad of both food and non-food
products and is one of the most versatile and valuable byproducts of the oilseed industry. In
foods, lecithin provides about a dozen functions, including as an emulsifier, as a wetting agent,
for viscosity redu"
EEVID_3c1e849351e0b50a,soy_lecithin,soybean_to_soy_lecithin_processing_explanation.pdf,visual_ocr,rag_retrieval_result,ingredient_confirmation,ingredient_or_label_evidence,benchmark_context_evidence,benchmark_proxy,benchmark_only,medium,high,candidate_for_strict_audit,pending_step16i,,soy_lecithin,benchmark_not_invoice; do_not_claim_internal_hershey_cost; ocr_text_requires_visual_confidence_review,"soy_lecithin / soy_lecithin may support ingredient, label, or product identity evidence. Use only as public benchmark or market context. Do not present as Hershey internal invoice or SKU cost.","the most reason-
able method. Since phospholipids must prevent foam during vacuum drying, vacuum drying is difficult, the
degree of vacuum must be carefully controlled and a longer drying time (3 to 4 hours) must be used. In ad-
dition, film drying is also a very successful method. It can prevent the phospholipid from blackening through
the cooling"
EEVID_32f51a2911bb3322,soy_lecithin,lecithin_emulsifier_chocolate_use.pdf,visual_ocr,rag_retrieval_result,ingredient_confirmation,ingredient_or_label_evidence,direct_product_or_label_evidence,direct_sku_or_label_evidence,sku_or_label_level,medium_high,high,candidate_for_strict_audit,pending_step16i,,cocoa_chocolate; milk_dairy; packaging; soy_lecithin; sugar,benchmark_not_invoice; ocr_text_requires_visual_confidence_review,"cocoa_chocolate, milk_dairy, packaging, soy_lecithin, sugar / soy_lecithin may support ingredient, label, or product identity evidence. Use for product label, wrapper, ingredient, or SKU identity evidence. Do not infer supplier allocation.","--- VISUAL OCR PAGE 1: page_001.png ---
HOTEL
© tocations @ Hew A OB
WHAT'S NEW SALE VELVETISER HOT & ICED CHOCOLATE GIFT IDEAS ALL CHOCOLATE CORPORATE GIFTS
< END OF SEASON SALE 50% OFF WHILE STOCKS LAST >
BLOG CHOCOLATE KNOWLEDGE WHAT IS LECITHIN AND WHY IS IT IN CHOCOLATE?
chocolate?
12 May 2021 Chocolate Knowledge
You may have heard of lecithin"
EEVID_2913f6f7617b5270,natural_flavor,fda_21_cfr_101_22_natural_flavor_definition.pdf,visual_ocr,rag_retrieval_result,ingredient_confirmation,ingredient_or_label_evidence,background_context,background_or_low_support,context_only,medium_low,medium,research_only,pending_step16i,,natural_flavor,ocr_text_requires_visual_confidence_review,"natural_flavor / natural_flavor may support ingredient, label, or product identity evidence. Use only as background context. Do not use as a direct website claim without audit approval.","g ---
5/6/26, 6:50 PM 21 CFR § 101.22 - Foods; labeling of spices, flavorings, colorings and chemical preservatives. | Electronic Code of Federal Regulati...
characterizing flavor, e.g., “vanilla”, in letters not less than one-half the height of the
letters used in the name of the food, except that:

(i) If the food is one that is commonly expected"
EEVID_f802b95f0be780ba,natural_flavor,fda_21_cfr_101_22_natural_flavor_definition.pdf,visual_ocr,rag_retrieval_result,ingredient_confirmation,ingredient_or_label_evidence,direct_product_or_label_evidence,direct_sku_or_label_evidence,sku_or_label_level,medium_high,high,candidate_for_strict_audit,pending_step16i,,natural_flavor,ocr_text_requires_visual_confidence_review,"natural_flavor / natural_flavor may support ingredient, label, or product identity evidence. Use for product label, wrapper, ingredient, or SKU identity evidence. Do not infer supplier allocation.","enhancers, no protein hydrolysate used in food for its effects on flavor may be
declared simply as “flavor,” “natural flavor,” or “flavoring.” The ingredient shall be
declared by its specific common or usual name as provided in 8 102.22 of this
chapter.
(i) If the label, labeling, or advertising of a food makes any direct or indirect
representation"
EEVID_18cd134eb41c9343,natural_flavor,fda_21_cfr_101_22_natural_flavor_definition.pdf,visual_ocr,rag_retrieval_result,ingredient_confirmation,ingredient_or_label_evidence,direct_product_or_label_evidence,direct_sku_or_label_evidence,sku_or_label_level,medium_high,high,candidate_for_strict_audit,pending_step16i,,natural_flavor; packaging,ocr_text_requires_visual_confidence_review,"natural_flavor, packaging / natural_flavor may support ingredient, label, or product identity evidence. Use for product label, wrapper, ingredient, or SKU identity evidence. Do not infer supplier allocation.","4: page_004.png ---
5/6/26, 6:50 PM 21 CFR § 101.22 - Foods; labeling of spices, flavorings, colorings and chemical preservatives. | Electronic Code of Federal Regulati...
(h) The label of a food to which flavor is added shall declare the flavor in the
statement of ingredients in the following way:

(1) Spice, natural flavor, and artificial flavor "
EEVID_f05d352ee5187354,natural_flavor,fda_21_cfr_101_22_natural_flavor_definition.pdf,visual_ocr,rag_retrieval_result,ingredient_confirmation,ingredient_or_label_evidence,direct_product_or_label_evidence,direct_sku_or_label_evidence,sku_or_label_level,medium_high,high,candidate_for_strict_audit,pending_step16i,,natural_flavor,ocr_text_requires_visual_confidence_review,"natural_flavor / natural_flavor may support ingredient, label, or product identity evidence. Use for product label, wrapper, ingredient, or SKU identity evidence. Do not infer supplier allocation.","counter card, sign, or other appropriate device
bearing prominently and conspicuously the information required to be stated on the
label pursuant to section 403(k).
(f) A fruit or vegetable shall be exempt from compliance with the requirements of
section 403(k) of the act with respect to a chemical preservative applied to the fruit or
vegetable as "
EEVID_2c4fdf1dd0a4a596,natural_flavor,natural_flavor_declaration_fda_definition_reference.pdf,text_or_table,rag_retrieval_result,manufacturing_or_process,manufacturing_process_evidence,background_context,background_or_low_support,context_only,low,medium,research_only,pending_step16i,fda,natural_flavor,,fda / natural_flavor / natural_flavor may support background context only. Use only as background context. Do not use as a direct website claim without audit approval.,"ed by naturally occurring biological processes.  
 
All of the flavor constituents in the natural flavor product named above must comply with the following 
criteria:      
● Does the material meet the FDA definition of a natural flavor [see above, FDA 21 CFR Part 
101.22(a)(3)]?   ☐ YES    ☐ NO (not allowed) 
 
● List all sources of the flavor (e."
EEVID_ea843bb877ae68fb,natural_flavor,natural_flavor_function_in_food_explanation.pdf,visual_ocr,rag_retrieval_result,ingredient_confirmation,ingredient_or_label_evidence,visual_high_relevance_context,visual_context,context_only,medium_low,medium,research_only,pending_step16i,fda,cocoa_chocolate; milk_dairy; natural_flavor,ocr_text_requires_visual_confidence_review,"fda / cocoa_chocolate, milk_dairy, natural_flavor / natural_flavor may support ingredient, label, or product identity evidence. Use only as background context. Do not use as a direct website claim without audit approval.","--- VISUAL OCR PAGE 1: page_001.png ---
The °
HOME SHOP + ABOUT¥ STORELOCATOR THECIRCLE Conscious Qe
Bar
The Truth About “Natural Flavor” in
© Feb 26,2026 © By Yaniv Simpson
: INEAN:
If you’ve ever turned over a chocolate bar and seen the words “natural flavor’ on the ingredient list, you
probably assumed it was a good thing.
After all, “natural” s"
EEVID_6c256b6469389eb5,natural_flavor,natural_flavor_declaration_fda_definition_reference.pdf,text_or_table,rag_retrieval_result,logistics_distribution,logistics_distribution_evidence,background_context,modeled_context,modeled_route_context,low,medium,candidate_for_context_audit,pending_step16i,,natural_flavor,do_not_claim_exact_distribution_route,natural_flavor / natural_flavor may support modeled logistics or distribution context. Use only as modeled logistics/distribution context. Do not claim exact route unless direct evidence says so.,"sources 
only and must not be produced using synthetic solvents and carrier systems or any artificial preservative.” 
NOP §§205.105 (e) and (f) prohibits excluded methods and ionizing radiation, as defined in §205.2. More 
specifics on these requirements are described below. 
 
This form must be completed by the manufacturer of each natural flavor "
EEVID_326c792bac0a214d,natural_flavor,natural_flavor_extraction_distillation_fermentation_explanation.pdf,visual_ocr,rag_retrieval_result,ingredient_confirmation,ingredient_or_label_evidence,direct_product_or_label_evidence,direct_sku_or_label_evidence,sku_or_label_level,medium_high,high,candidate_for_strict_audit,pending_step16i,fda; usda,cocoa_chocolate; milk_dairy; natural_flavor,ocr_text_requires_visual_confidence_review,"fda, usda / cocoa_chocolate, milk_dairy, natural_flavor / natural_flavor may support ingredient, label, or product identity evidence. Use for product label, wrapper, ingredient, or SKU identity evidence. Do not infer supplier allocation.","3. Fermentation & Biological Processes

Microorganisms are used to transform raw ingredients into complex flavor

compounds. ® Rip Van

e Microbial Fermentation: Bacteria, yeast, or fungi are used to convert
carbohydrates, lipids, and proteins into, for example, dairy-like, fruity, or nutty
flavors.

e Roasting/Heating: Natural materials are heated"
EEVID_70e7fd655515e010,natural_flavor,natural_flavor_market_overview_reference.pdf,visual_ocr,rag_retrieval_result,ingredient_confirmation,ingredient_or_label_evidence,benchmark_context_evidence,benchmark_proxy,benchmark_only,medium,high,candidate_for_strict_audit,pending_step16i,,natural_flavor,benchmark_not_invoice; do_not_claim_internal_hershey_cost; ocr_text_requires_visual_confidence_review; supplier_claim_not_sku_confirmed,"natural_flavor / natural_flavor may support ingredient, label, or product identity evidence. Use only as public benchmark or market context. Do not present as Hershey internal invoice or SKU cost.","pose challenges in maintaining consistent and stable flavor profiles, which are typically associated with artificial flavors. 1SO 9001:2015 & 27001:2022 Certified
Sustainability and ethical considerations are becoming increasingly important, with consumers now more aware of the environmental impact and ethical implications of their food We are GDPR"
EEVID_3966097e08603397,natural_flavor,natural_flavor_function_in_food_explanation.pdf,visual_ocr,rag_retrieval_result,ingredient_confirmation,ingredient_or_label_evidence,background_context,background_or_low_support,context_only,medium_low,medium,research_only,pending_step16i,fda,cocoa_chocolate; natural_flavor; sugar,ocr_text_requires_visual_confidence_review,"fda / cocoa_chocolate, natural_flavor, sugar / natural_flavor may support ingredient, label, or product identity evidence. Use only as background context. Do not use as a direct website claim without audit approval.","colate flavor’ may not come directly from cocoa beans. It can be a blend of other natural
extracts (such as vanilla or malt derivatives) designed to replicate or enhance chocolate notes.
It's about taste, not necessarily more cacao.
Are Natural Flavors Safe?
Generally, yes.
They are classified as GRAS (Generally Recognized as Safe) by the FDA for t"
EEVID_a00320fb443bb9fe,packaging_wrapper,pulp-and-paper-sourcing-policy.pdf,text_or_table,rag_retrieval_result,supplier_relationship,supplier_relationship_evidence,company_level_relationship_evidence,company_level_confirmed,company_level_only,medium,high,candidate_for_strict_audit,pending_step16i,hershey,packaging,benchmark_not_invoice; do_not_claim_sku_level_supplier; supplier_claim_not_sku_confirmed,hershey / packaging / packaging_wrapper may support a company level confirmed relationship claim. Use only as company-level relationship evidence. Do not claim exact 1.55 oz SKU allocation.,"--- PAGE 1 ---
THE HERSHEY COMPANY RESPONSIBLE PULP & PAPER SOURCING POLICY ©The Hershey Company 2021
Hershey recognizes that forests serve as important reservoirs of greenhouse gases that would otherwise contribute to climate 
change, provide habitats for plants and animals, contribute countless other ecosystem services such as preventing soil ero"
EEVID_99d08c8ea84e0167,packaging_wrapper,hershey_pulp_paper_page.pdf,visual_ocr,rag_retrieval_result,supplier_relationship,supplier_relationship_evidence,company_level_relationship_evidence,company_level_confirmed,company_level_only,medium,high,candidate_for_strict_audit,pending_step16i,hershey,packaging,benchmark_not_invoice; do_not_claim_sku_level_supplier; ocr_text_requires_visual_confidence_review; supplier_claim_not_sku_confirmed,hershey / packaging / packaging_wrapper may support a company level confirmed relationship claim. Use only as company-level relationship evidence. Do not claim exact 1.55 oz SKU allocation.,"--- VISUAL OCR PAGE 1: page_001.png ---
CAREERS MEDIA NVESTORS
HERSHEY.
f% > Home Sustainability > Sustainability Issues
Pulp and paper-based packaging is integral to Hershey's business. We use it as food packaging,
wrapping, transportation and marketing for our well-loved brands. The forests that provide the . ee
material for these products serve "
EEVID_008ecc10c05964c1,hershey_company,Pulp-Paper-The-Hershey-Company-05-06-2026_02_23_PM.pdf,visual_ocr,rag_retrieval_result,supplier_relationship,supplier_relationship_evidence,company_level_relationship_evidence,company_level_confirmed,company_level_only,medium,high,candidate_for_strict_audit,pending_step16i,hershey,packaging,benchmark_not_invoice; do_not_claim_sku_level_supplier; ocr_text_requires_visual_confidence_review; supplier_claim_not_sku_confirmed,hershey / packaging / hershey_company may support a company level confirmed relationship claim. Use only as company-level relationship evidence. Do not claim exact 1.55 oz SKU allocation.,"--- VISUAL OCR PAGE 1: page_001.png ---
CAREERS MEDIA NVESTORS
HERSHEY.
f% > Home Sustainability > Sustainability Issues
Pulp and paper-based packaging is integral to Hershey's business. We use it as food packaging,
wrapping, transportation and marketing for our well-loved brands. The forests that provide the . ee
material for these products serve "
EEVID_f7f243f830d03002,hershey_company,hershey_latest_esg_sugar_section.pdf,text_or_table,rag_retrieval_result,ingredient_confirmation,ingredient_or_label_evidence,direct_product_or_label_evidence,direct_sku_or_label_evidence,sku_or_label_level,medium_high,high,candidate_for_strict_audit,pending_step16i,hershey,cocoa_chocolate; packaging,supplier_claim_not_sku_confirmed,"hershey / cocoa_chocolate, packaging / hershey_company may support ingredient, label, or product identity evidence. Use for product label, wrapper, ingredient, or SKU identity evidence. Do not infer supplier allocation.","r 12,000 hectares. They will 
sustainably farm the 2,000 already-cultivated 
hectares and fully protect the remaining 10,000 
hectares of forest, while continuing to sustainably 
harvest non-timber forest products. Hershey 
funding will help with activities including: 
• Equipment for patrol teams
• Conducting biodiversity surveys
• Developing biod"
EEVID_d5e2e9732fb0e173,packaging_wrapper,hershey_latest_esg_packaging_section.pdf,text_or_table,rag_retrieval_result,ingredient_confirmation,ingredient_or_label_evidence,direct_product_or_label_evidence,direct_sku_or_label_evidence,sku_or_label_level,medium_high,high,candidate_for_strict_audit,pending_step16i,hershey,cocoa_chocolate; packaging,supplier_claim_not_sku_confirmed,"hershey / cocoa_chocolate, packaging / packaging_wrapper may support ingredient, label, or product identity evidence. Use for product label, wrapper, ingredient, or SKU identity evidence. Do not infer supplier allocation.","r 12,000 hectares. They will 
sustainably farm the 2,000 already-cultivated 
hectares and fully protect the remaining 10,000 
hectares of forest, while continuing to sustainably 
harvest non-timber forest products. Hershey 
funding will help with activities including: 
• Equipment for patrol teams
• Conducting biodiversity surveys
• Developing biod"
EEVID_0b5b746160dc7010,dairy_milk_skim_milk_milk_fat,hershey_latest_esg_dairy_section.pdf,text_or_table,rag_retrieval_result,supplier_relationship,supplier_relationship_evidence,medium_context_evidence,contextual_support,context_only,low_medium,medium,research_only,pending_step16i,,packaging,supplier_claim_not_sku_confirmed,packaging / dairy_milk_skim_milk_milk_fat may support a contextual support relationship claim. Use only as background context. Do not use as a direct website claim without audit approval.,"we continue to publicly disclose our Palm 
Oil Grievance Log with monthly updates to 
increase transparency on NDPE violations 
found within our supply chain. As of March 
2022, we have suspended 18 suppliers in our 
upstream supply chain for NDPE violations, 
none of whom supplied us directly. We have not 
yet granted re-entry to any of these supp"
EEVID_d41a89b4e0f1f13c,hershey_company,hershey_latest_esg_sugar_section.pdf,text_or_table,rag_retrieval_result,ingredient_confirmation,ingredient_or_label_evidence,medium_context_evidence,contextual_support,context_only,low_medium,medium,research_only,pending_step16i,,milk_dairy; packaging; sugar,supplier_claim_not_sku_confirmed,"milk_dairy, packaging, sugar / hershey_company may support ingredient, label, or product identity evidence. Use only as background context. Do not use as a direct website claim without audit approval.","ts to: 
• Source 100% of pulp and paper packaging from recycled 
or certified sources
• Trace 100% of virgin pulp and paper packaging we source 
back to the country of harvest
In 2023, we started working with Earthworm on an annual 
supplier traceability assessment. We collected data about 
the volume of recycled and virgin fiber we source, as well"
EEVID_f5d60086a8b56f69,packaging_wrapper,hershey_latest_esg_packaging_section.pdf,text_or_table,rag_retrieval_result,ingredient_confirmation,ingredient_or_label_evidence,medium_context_evidence,contextual_support,context_only,low_medium,medium,research_only,pending_step16i,,milk_dairy; packaging; sugar,supplier_claim_not_sku_confirmed,"milk_dairy, packaging, sugar / packaging_wrapper may support ingredient, label, or product identity evidence. Use only as background context. Do not use as a direct website claim without audit approval.","ts to: 
• Source 100% of pulp and paper packaging from recycled 
or certified sources
• Trace 100% of virgin pulp and paper packaging we source 
back to the country of harvest
In 2023, we started working with Earthworm on an annual 
supplier traceability assessment. We collected data about 
the volume of recycled and virgin fiber we source, as well"
EEVID_f4676ff483e7615f,packaging_wrapper,hershey_pulp_paper_page.pdf,visual_ocr,rag_retrieval_result,ingredient_confirmation,ingredient_or_label_evidence,company_level_relationship_evidence,company_level_confirmed,company_level_only,medium,high,candidate_for_strict_audit,pending_step16i,hershey,cocoa_chocolate; packaging,do_not_claim_sku_level_supplier; ocr_text_requires_visual_confidence_review; supplier_claim_not_sku_confirmed,"hershey / cocoa_chocolate, packaging / packaging_wrapper may support ingredient, label, or product identity evidence. Use only as company-level relationship evidence. Do not claim exact 1.55 oz SKU allocation.","in 2023, through our collaboration with Earthworm Foundation, we are gathering transparent and accountable.
information on mill level data for our recycled and virgin fiber supply chains and country of
harvest data for the virgin fiber we source; and are analyzing our exposure to deforestation, forest
degradation and social conflicts.
We continue t"
EEVID_c7cb73f30fa745f6,hershey_company,Pulp-Paper-The-Hershey-Company-05-06-2026_02_23_PM.pdf,visual_ocr,rag_retrieval_result,ingredient_confirmation,ingredient_or_label_evidence,company_level_relationship_evidence,company_level_confirmed,company_level_only,medium,high,candidate_for_strict_audit,pending_step16i,hershey,cocoa_chocolate; packaging,do_not_claim_sku_level_supplier; ocr_text_requires_visual_confidence_review; supplier_claim_not_sku_confirmed,"hershey / cocoa_chocolate, packaging / hershey_company may support ingredient, label, or product identity evidence. Use only as company-level relationship evidence. Do not claim exact 1.55 oz SKU allocation.","in 2023, through our collaboration with Earthworm Foundation, we are gathering transparent and accountable.
information on mill level data for our recycled and virgin fiber supply chains and country of
harvest data for the virgin fiber we source; and are analyzing our exposure to deforestation, forest
degradation and social conflicts.
We continue t"
EEVID_edee490ed431e9c3,logistics_distribution,mclane_company_profile.pdf,visual_ocr,rag_retrieval_result,retail_price,retail_price_evidence,medium_context_evidence,modeled_context,modeled_route_context,medium_low,medium,candidate_for_context_audit,pending_step16i,mclane,,do_not_claim_exact_distribution_route; ocr_text_requires_visual_confidence_review; retail_observation_not_margin; supplier_claim_not_sku_confirmed,mclane / logistics_distribution may support observed retail page or price evidence. Use only as modeled logistics/distribution context. Do not claim exact route unless direct evidence says so.,"Year
Cee
| !
*
taying ahead to
to success.
Innovation is ingrained in everything we do, from our warehouse
design and engineering to our delivery operations, technology, and
problem-solving approach.
Careers P
es E
dyt th
If you're ready to go the
i ‘Il tak
distance, we'll take you as
far as you want to go.
There is a sense of pride and a dedicated"
EEVID_57d01d01c8747782,logistics_distribution,mclane_grocery_retail_distribution_page.pdf,visual_ocr,rag_retrieval_result,retail_price,retail_price_evidence,medium_context_evidence,modeled_context,modeled_route_context,medium_low,medium,candidate_for_context_audit,pending_step16i,mclane,,do_not_claim_exact_distribution_route; ocr_text_requires_visual_confidence_review; retail_observation_not_margin; supplier_claim_not_sku_confirmed,mclane / logistics_distribution may support observed retail page or price evidence. Use only as modeled logistics/distribution context. Do not claim exact route unless direct evidence says so.,"As an industry-leading partner to the
biggest retail and restaurant businesses, McLane buys, sells, delivers, and serves the world’s most
beloved brands. With headquarters in Temple, Texas, McLane has more than 80 distribution centers
across the country, employs more than 25,000 teammates, and delivers to nearly every zip code in the
US. McLane is "
EEVID_59ee9b8c9bf3e76d,logistics_distribution,mclane_company_facts_reference.pdf,visual_ocr,rag_retrieval_result,retail_price,retail_price_evidence,benchmark_context_evidence,benchmark_proxy,benchmark_only,medium,high,candidate_for_strict_audit,pending_step16i,mclane,,benchmark_not_invoice; do_not_claim_internal_hershey_cost; ocr_text_requires_visual_confidence_review; retail_observation_not_margin; supplier_claim_not_sku_confirmed,mclane / logistics_distribution may support observed retail page or price evidence. Use only as public benchmark or market context. Do not present as Hershey internal invoice or SKU cost.,"h Carolina, and Tennessee. technology, they can provide centralized information
Together with its associated companies, Empire management and customized solutions. For more
employs over 1,700 teammates across 14 distribution information, visit vantixlogistics.com
locations. It offers over 15,000 unique products and
sells over 10 million cases of be"
EEVID_5a7aa798d3609663,logistics_distribution,mclane_company_profile.pdf,visual_ocr,rag_retrieval_result,supplier_relationship,supplier_relationship_evidence,medium_context_evidence,modeled_context,modeled_route_context,medium_low,medium,candidate_for_context_audit,pending_step16i,mclane,,do_not_claim_exact_distribution_route; ocr_text_requires_visual_confidence_review; supplier_claim_not_sku_confirmed,mclane / logistics_distribution may support a modeled context relationship claim. Use only as modeled logistics/distribution context. Do not claim exact route unless direct evidence says so.,"--- VISUAL OCR PAGE 1: page_001.png ---
Careers Newsroom Locations Become a Customer Login
Ad About v Distribution Expertise » | C-StoreSolutions » Innovation » Suppliers Contact
McLANE.
Season Success ~— ee
: ; 4
. ; wae
Summer brings more trips, more impulse, and more ¢ ""ey
opportunity. New line extensions and LTOs from * «A a ¢ S
McLane Fresh ar"
EEVID_184339020f1ba2c6,logistics_distribution,cpg_distribution_center_explanation.pdf,visual_ocr,rag_retrieval_result,cost_or_price_benchmark,benchmark_cost_or_price_evidence,benchmark_context_evidence,benchmark_proxy,benchmark_only,medium,high,candidate_for_strict_audit,pending_step16i,,,benchmark_not_invoice; do_not_claim_internal_hershey_cost; ocr_text_requires_visual_confidence_review,logistics_distribution may support benchmark cost or market-price logic. Use only as public benchmark or market context. Do not present as Hershey internal invoice or SKU cost.,"--- VISUAL OCR PAGE 1: page_001.png ---
5/6/26, 7:22 PM CPG Distribution: Time to Market & Geo Expansion

@ simplydepo Bookademo =

Blog >» News

e e e e
CPG Distribution: Time to Market &
e

Geo Expansion

nh xX 8 ©&

5] Author Updated: Reading time:

Eugene Nesterov Feb 17,2025 é min

https://simplydepo.com/news/cpg-distribution/ 1/12

--- VISUAL"
EEVID_1e1913500b17e8a8,logistics_distribution,mclane_grocery_retail_distribution_page.pdf,visual_ocr,rag_retrieval_result,retail_price,retail_price_evidence,medium_context_evidence,modeled_context,modeled_route_context,medium_low,medium,candidate_for_context_audit,pending_step16i,mclane,,do_not_claim_exact_distribution_route; ocr_text_requires_visual_confidence_review; retail_observation_not_margin; supplier_claim_not_sku_confirmed,mclane / logistics_distribution may support observed retail page or price evidence. Use only as modeled logistics/distribution context. Do not claim exact route unless direct evidence says so.,"--- VISUAL OCR PAGE 1: page_001.png ---
Careers Newsroom Locations (| BecomeaCustomer ) (Login)
AA About ~ __ DistributionExpertise ~ | C-StoreSolutions ~ Innovation ~ Suppliers Contact
McLANE
—_ .
F basal il .
eading the Retail Industry, —
Retail
Home Distribution Expertise Retall
. .
Streamline your supply chain and boost your
.
bottom line.
For "
EEVID_e703de2645ff6d15,logistics_distribution,mclane_company_facts_reference.pdf,visual_ocr,rag_retrieval_result,retail_price,retail_price_evidence,medium_context_evidence,modeled_context,modeled_route_context,medium_low,medium,candidate_for_context_audit,pending_step16i,mclane,,do_not_claim_exact_distribution_route; ocr_text_requires_visual_confidence_review; retail_observation_not_margin; supplier_claim_not_sku_confirmed,mclane / logistics_distribution may support observed retail page or price evidence. Use only as modeled logistics/distribution context. Do not claim exact route unless direct evidence says so.,"--- VISUAL OCR PAGE 1: page_001.png ---
Careers Newsroom Locations Become a Customer Login
AA About Distribution Expertise C-Store Solutions Innovation Suppliers Contact
McLANE
U ki g McL 's St
About
McLane combines unmatched distribution expertise and scale, a proven history of strategic partnerships, and
leading innovation to help retail and rest"
EEVID_32fed5595d63ffb8,hershey_company,hershey_latest_esg_sugar_section.pdf,text_or_table,rag_retrieval_result,ingredient_confirmation,ingredient_or_label_evidence,company_level_relationship_evidence,company_level_confirmed,company_level_only,medium,high,candidate_for_strict_audit,pending_step16i,hershey,cocoa_chocolate; milk_dairy,benchmark_not_invoice; do_not_claim_sku_level_supplier; supplier_claim_not_sku_confirmed,"hershey / cocoa_chocolate, milk_dairy / hershey_company may support ingredient, label, or product identity evidence. Use only as company-level relationship evidence. Do not claim exact 1.55 oz SKU allocation.","h a milk allergy. These two recalls 
resulted in 12,125 cases, the equivalent of 90.4 metric tons of product, being recalled.
 Contents
Making Good
Our Company
Cocoa
Responsible Sourcing and Human Rights
Environment
Our People
Youth
Community
About This Report
20
The Hershey Company 2023 ESG Report


--- PAGE 21 ---
Cocoa remains Hershey’s highest "
EEVID_a5908ccffa4a75f8,packaging_wrapper,hershey_latest_esg_packaging_section.pdf,text_or_table,rag_retrieval_result,ingredient_confirmation,ingredient_or_label_evidence,company_level_relationship_evidence,company_level_confirmed,company_level_only,medium,high,candidate_for_strict_audit,pending_step16i,hershey,cocoa_chocolate; milk_dairy,benchmark_not_invoice; do_not_claim_sku_level_supplier; supplier_claim_not_sku_confirmed,"hershey / cocoa_chocolate, milk_dairy / packaging_wrapper may support ingredient, label, or product identity evidence. Use only as company-level relationship evidence. Do not claim exact 1.55 oz SKU allocation.","h a milk allergy. These two recalls 
resulted in 12,125 cases, the equivalent of 90.4 metric tons of product, being recalled.
 Contents
Making Good
Our Company
Cocoa
Responsible Sourcing and Human Rights
Environment
Our People
Youth
Community
About This Report
20
The Hershey Company 2023 ESG Report


--- PAGE 21 ---
Cocoa remains Hershey’s highest "
EEVID_46c19ffbfdea4057,logistics_distribution,cpg_distribution_center_explanation.pdf,visual_ocr,rag_retrieval_result,retail_price,retail_price_evidence,direct_product_or_label_evidence,direct_sku_or_label_evidence,sku_or_label_level,medium_high,high,candidate_for_strict_audit,pending_step16i,,packaging,benchmark_not_invoice; ocr_text_requires_visual_confidence_review; retail_observation_not_margin; supplier_claim_not_sku_confirmed,"packaging / logistics_distribution may support observed retail page or price evidence. Use for product label, wrapper, ingredient, or SKU identity evidence. Do not infer supplier allocation.","fluctuations to stay ahead.

In this article we will explore the challenges in CPG distribution, how they impact
businesses, and the solutions to overcome them efficiently.
Time to Market Challenges in CPG Distribution
1. Supply Chain Inefficiencies
https://simplydepo.com/news/cpg-distribution/ 2/12

--- VISUAL OCR PAGE 3: page_003.png ---
5/6/26, "
EEVID_58f76dff3cb44ddb,dairy_milk_skim_milk_milk_fat,hershey_latest_esg_dairy_section.pdf,text_or_table,rag_retrieval_result,ingredient_confirmation,ingredient_or_label_evidence,company_level_relationship_evidence,company_level_confirmed,company_level_only,medium,high,candidate_for_strict_audit,pending_step16i,hershey,cocoa_chocolate; milk_dairy; packaging; sugar,do_not_claim_sku_level_supplier; supplier_claim_not_sku_confirmed,"hershey / cocoa_chocolate, milk_dairy, packaging, sugar / dairy_milk_skim_milk_milk_fat may support ingredient, label, or product identity evidence. Use only as company-level relationship evidence. Do not claim exact 1.55 oz SKU allocation.","c racism is 
a human rights issue. We have a longstanding 
commitment to DEI and we are accelerating our 
efforts to be a more inclusive company 
(see page 67).
Climate Justice 
and Human Rights
Climate change poses a significant threat 
to human rights globally. Its impacts 
disrupt global food supplies and threaten 
livelihoods. Vulnerable commun"
EEVID_919a6346362f1f0a,sugar,sugar_cane_beet_processing_explanation.pdf,text_or_table,rag_retrieval_result,ingredient_confirmation,ingredient_or_label_evidence,background_context,background_or_low_support,context_only,low,medium,research_only,pending_step16i,,sugar,supplier_claim_not_sku_confirmed,"sugar / sugar may support ingredient, label, or product identity evidence. Use only as background context. Do not use as a direct website claim without audit approval.","--- PAGE 1 ---
PUBLISHED DATE – NOVEMBER 14, 2025 
TABLE OF CONTENTS 
 
 
 
 
 
 
 
 
 
 
 
 
 
 PAGE # 
 
FOREWORD AND TABLE NOTES …………………………………………………………………… II 
SEPTEMBER 2025 COMPARISON TO LAST FISCAL YEAR ……...……….....….…………..…….. III 
TABLES …………………………………………………………………………………………………….. 1-19 
 
TABLE 1: U.S. SUGAR SUPPLY AND USE, FISCAL YEAR 2025 ("
EEVID_8834b2164000152a,dairy_milk_skim_milk_milk_fat,hershey_latest_esg_dairy_section.pdf,text_or_table,rag_retrieval_result,cost_or_price_benchmark,benchmark_cost_or_price_evidence,benchmark_context_evidence,benchmark_proxy,benchmark_only,medium,high,candidate_for_strict_audit,pending_step16i,hershey,packaging,benchmark_not_invoice; do_not_claim_internal_hershey_cost,hershey / packaging / dairy_milk_skim_milk_milk_fat may support benchmark cost or market-price logic. Use only as public benchmark or market context. Do not present as Hershey internal invoice or SKU cost.,"his 
effort alone has saved almost 625,000 hours 
of energy, over 14,000 trees and almost 
two million gallons of water. It also reduced 
GHG emissions by over 12 million pounds. 
Lastly, we continue our long-standing 
commitment to reducing packaging waste to 
landfill by eliminating unnecessary packaging. 
In 2021 alone, we eliminated 9.5 million"
EEVID_8ee890600e9595e2,hershey_company,hershey_2025_10k_full.pdf,visual_ocr,rag_retrieval_result,retail_price,retail_price_evidence,company_level_relationship_evidence,company_level_confirmed,company_level_only,medium,high,candidate_for_strict_audit,pending_step16i,hershey,cocoa_chocolate,benchmark_not_invoice; do_not_claim_sku_level_supplier; ocr_text_requires_visual_confidence_review; retail_observation_not_margin; supplier_claim_not_sku_confirmed,hershey / cocoa_chocolate / hershey_company may support observed retail page or price evidence. Use only as company-level relationship evidence. Do not claim exact 1.55 oz SKU allocation.,"to deliver our products from these distribution points to our customers.
vd
Table of Contents The Hershey Company | 2024 Form 10-K | Page 3 a
https://www.sec.gov/Archives/edgar/data/47 111/000004711125000014/hsy-20241231.htm 7/142

--- VISUAL OCR PAGE 8: page_008.png ---
5/6/26, 1:25 PM hsy-20241231

Raw Materials and Pricing
Cocoa products, includ"
EEVID_a6dc1f5e2e64e41e,cocoa_chocolate_cocoa_butter,cocoa_beans_quality_requirements_processing_guide.pdf,text_or_table,rag_retrieval_result,ingredient_confirmation,ingredient_or_label_evidence,benchmark_context_evidence,benchmark_proxy,benchmark_only,medium,high,candidate_for_strict_audit,pending_step16i,,cocoa_chocolate,benchmark_not_invoice; do_not_claim_internal_hershey_cost; supplier_claim_not_sku_confirmed,"cocoa_chocolate / cocoa_chocolate_cocoa_butter may support ingredient, label, or product identity evidence. Use only as public benchmark or market context. Do not present as Hershey internal invoice or SKU cost.","Practices 
102 
 
Fumigation 
101 
 
Free Fatty Acids 
103 
 
Good Warehousing Practices 
103 
 
 
Heavy Metals 
102 
 
Mineral oil Hydrocarbons 
104 
 
 Polycyclic Aromatic Hydrocarbons (PAH) 104 
 
Mycotoxins 
104 
 
Sustainability, Traceability, Certification 
 and Geographical Indications 
105


--- PAGE 6 ---
Cocoa Beans: Chocolate & Cocoa Ind"
EEVID_cadfe760411017ef,packaging_wrapper,flexible_packaging_market_overview_reference.pdf,visual_ocr,rag_retrieval_result,cost_or_price_benchmark,benchmark_cost_or_price_evidence,benchmark_context_evidence,benchmark_proxy,benchmark_only,medium,high,candidate_for_strict_audit,pending_step16i,,packaging,benchmark_not_invoice; do_not_claim_internal_hershey_cost; ocr_text_requires_visual_confidence_review,packaging / packaging_wrapper may support benchmark cost or market-price logic. Use only as public benchmark or market context. Do not present as Hershey internal invoice or SKU cost.,"ty goals. Such initiatives will encourage the development of bioplastic
as a sustainable material for flexible packaging and highlight flexible packaging as an economical replacement for rigid packaging.
RESTRAINING FACTORS

Growing Environmental Concerns & Stringent Regulations Hinder Market Growth

This packaging is known for its ability to mold "
EEVID_4d48909303401eed,cocoa_chocolate_cocoa_butter,barry_callebaut_social_environmental_impact_report_2024_25.pdf,text_or_table,rag_retrieval_result,ingredient_confirmation,ingredient_or_label_evidence,medium_context_evidence,contextual_support,context_only,low_medium,medium,research_only,pending_step16i,,cocoa_chocolate,supplier_claim_not_sku_confirmed,"cocoa_chocolate / cocoa_chocolate_cocoa_butter may support ingredient, label, or product identity evidence. Use only as background context. Do not use as a direct website claim without audit approval.","Stakeholders
Sustainability
Our People
Governance
TCFD
GRI Report
Policies
11
3 Ameyaw, G.A. et al., 2014. Perspectives on cocoa swollen shoot virus disease (CSSVD) management in Ghana. 
4 Aka, R. et al., 2020. Cocoa Swollen Shoot Disease in Côte D’Ivoire: History of Expansion from 2008 to 2016.
“


--- PAGE 12 ---
sustainable and labor-compliant p"
EEVID_19ff4cd302ce3b85,sugar,asr_fy23_sustainability_report.pdf,text_or_table,rag_retrieval_result,retail_price,retail_price_evidence,direct_visual_or_page_evidence,direct_retail_or_visual_page_evidence,retail_page_level,medium_high,high,candidate_for_strict_audit,pending_step16i,asr; target,packaging,benchmark_not_invoice; retail_observation_not_margin; retail_price_varies_by_store_date_promotion,"asr, target / packaging / sugar may support observed retail page or price evidence. Use for observed retailer page or price evidence only. Price may vary by store, date, and promotion.","of PCR content; 84% of total ASR packaging 
weight that enters the market is of PCR content 
United Kingdom
Retail Plastic Bag Structure Change
Continued work through FY23. Anticipated project completion FY24. 
Estimated impact: 89 MT converted from non-recyclable to recyclable
United Kingdom
This pillar aims to ensure that 100% of our packaging wi"
EEVID_0544f66bea5d0955,hershey_company,hershey_latest_esg_sugar_section.pdf,text_or_table,rag_retrieval_result,retail_price,retail_price_evidence,background_context,modeled_context,modeled_route_context,low,medium,candidate_for_context_audit,pending_step16i,,packaging,do_not_claim_exact_distribution_route; retail_observation_not_margin; supplier_claim_not_sku_confirmed,packaging / hershey_company may support observed retail page or price evidence. Use only as modeled logistics/distribution context. Do not claim exact route unless direct evidence says so.,"proximately 80% achieved in 2023
Boosting energy efficiency through incremental 
improvements and capital investments in technology
Leaning into green building design as a way 
to moderate our impact as we grow
Packaging
• Designing packaging to minimize impact and for circularity, such as moving to more recyclable materials, increasing recycled co"
EEVID_6acb1a5f75dc6f60,cocoa_chocolate_cocoa_butter,Cocoa-The-Hershey-Company-05-06-2026_02_25_PM.pdf,visual_ocr,unified_memory_scan,ingredient_confirmation,ingredient_or_label_evidence,direct_product_or_label_evidence,direct_sku_or_label_evidence,sku_or_label_level,medium_high,high,candidate_for_strict_audit,pending_step16i,hershey,cocoa_chocolate,benchmark_not_invoice; ocr_text_requires_visual_confidence_review; supplier_claim_not_sku_confirmed,"hershey / cocoa_chocolate / cocoa_chocolate_cocoa_butter may support ingredient, label, or product identity evidence. Use for product label, wrapper, ingredient, or SKU identity evidence. Do not infer supplier allocation.","--- VISUAL OCR PAGE 1: page_001.png ---
CAREERS MEDIA INVESTORS
HERSHEY < ABOUTUS BRANDS INGREDIENTS SUSTAINABILITY INNOVATION NEWSROOM Q
NEWSROOM
f& > Home Sustainability > Progress on Priorities > Cocoa
OUR BLOG _
aE urate Z
PRESS RELEASES i ea, Ai %
» MEDIA CONTACTS AND RESOURC... . ‘
J N
< —— = ~~ - ~4 i 4 : Z ‘
PS ne a A SS 2 .
Cocoa Cee! es
B"
EEVID_2553a90f644ad2be,cocoa_chocolate_cocoa_butter,barry_callebaut_annual_report_or_full_year_results_2024_25.pdf,text_or_table,unified_memory_scan,ingredient_confirmation,ingredient_or_label_evidence,direct_product_or_label_evidence,direct_sku_or_label_evidence,sku_or_label_level,medium_high,high,candidate_for_strict_audit,pending_step16i,barry_callebaut,cocoa_chocolate,supplier_claim_not_sku_confirmed,"barry_callebaut / cocoa_chocolate / cocoa_chocolate_cocoa_butter may support ingredient, label, or product identity evidence. Use for product label, wrapper, ingredient, or SKU identity evidence. Do not infer supplier allocation.","f the integration of ESG considerations within risk 
management, thereby underscoring the Group's dedication to 
transparency and accountability in addressing ESG-related risks.
BARRY CALLEBAUT
Annual Report 2024/25
Letter to Shareholders
Overview
Business Highlights
Financial Reports
Governance
11


--- PAGE 12 ---
Climate-related physical risks -"
EEVID_c249d50a397d2aac,cocoa_chocolate_cocoa_butter,barry_callebaut_annual_report_or_full_year_results_2024_25.pdf,text_or_table,unified_memory_scan,ingredient_confirmation,ingredient_or_label_evidence,direct_product_or_label_evidence,direct_sku_or_label_evidence,sku_or_label_level,medium_high,high,candidate_for_strict_audit,pending_step16i,barry_callebaut,cocoa_chocolate; milk_dairy; sugar,supplier_claim_not_sku_confirmed,"barry_callebaut / cocoa_chocolate, milk_dairy, sugar / cocoa_chocolate_cocoa_butter may support ingredient, label, or product identity evidence. Use for product label, wrapper, ingredient, or SKU identity evidence. Do not infer supplier allocation.","y in a Sale and Leaseback (Amendments to IFRS 16)
January 1, 2024
Fiscal year 2024/25
Non-Current Liabilities with Covenants (Amendments to IAS 1)
January 1, 2024
Fiscal year 2024/25
Supplier Finance Arrangements (Amendments to IAS 7 and IFRS 7)
January 1, 2024
Fiscal year 2024/25
Contracts Referencing Nature-dependent Electricity (Amendments to 
I"
EEVID_c231477edfcb3324,cocoa_chocolate_cocoa_butter,barry_callebaut_annual_report_or_full_year_results_2024_25.pdf,text_or_table,unified_memory_scan,retail_price,retail_price_evidence,direct_product_or_label_evidence,direct_sku_or_label_evidence,sku_or_label_level,medium_high,high,candidate_for_strict_audit,pending_step16i,barry_callebaut,cocoa_chocolate; milk_dairy; sugar,benchmark_not_invoice; retail_observation_not_margin; supplier_claim_not_sku_confirmed,"barry_callebaut / cocoa_chocolate, milk_dairy, sugar / cocoa_chocolate_cocoa_butter may support observed retail page or price evidence. Use for product label, wrapper, ingredient, or SKU identity evidence. Do not infer supplier allocation.","nings volatility in a cost-effective manner and minimize potential 
adverse effects of such market exposures on the financial performance of the Group. The Group’s 
sourcing centers and Treasury department continuously monitor and hedge the exposures to commodity 
price risk, foreign currency and interest rate risk. The Group Commodity Risk Committ"
EEVID_ebaae9d492aab5b5,cocoa_chocolate_cocoa_butter,barry_callebaut_annual_report_or_full_year_results_2024_25.pdf,text_or_table,unified_memory_scan,retail_price,retail_price_evidence,direct_product_or_label_evidence,direct_sku_or_label_evidence,sku_or_label_level,medium_high,high,candidate_for_strict_audit,pending_step16i,,cocoa_chocolate; milk_dairy; sugar,benchmark_not_invoice; retail_observation_not_margin; supplier_claim_not_sku_confirmed,"cocoa_chocolate, milk_dairy, sugar / cocoa_chocolate_cocoa_butter may support observed retail page or price evidence. Use for product label, wrapper, ingredient, or SKU identity evidence. Do not infer supplier allocation.","-to-day relative price changes are calculated. The historical VaR is a simulation of past 
market conditions and does not predict the future movement in commodity prices. Therefore it does not 
represent actual losses. It only represents an indication of the future commodity price risks based on 
historical volatility. The VaR is applied to materia"
EEVID_86199cc05af16e35,cocoa_chocolate_cocoa_butter,barry_callebaut_annual_report_or_full_year_results_2024_25.pdf,text_or_table,unified_memory_scan,retail_price,retail_price_evidence,direct_product_or_label_evidence,direct_sku_or_label_evidence,sku_or_label_level,medium_high,high,candidate_for_strict_audit,pending_step16i,,cocoa_chocolate,benchmark_not_invoice; retail_observation_not_margin; supplier_claim_not_sku_confirmed,"cocoa_chocolate / cocoa_chocolate_cocoa_butter may support observed retail page or price evidence. Use for product label, wrapper, ingredient, or SKU identity evidence. Do not infer supplier allocation.","r each of the two areas. 
b) Cocoa price risk and the Group’s hedging strategy
The Group’s purchasing and sourcing centers make decisions regarding the procurement and risk 
management of cocoa beans, semi-finished cocoa products, and ingredients, including mitigating the risk 
associated with commodity price fluctuations. Within the limits as esta"
EEVID_5c713e3488138d38,cocoa_chocolate_cocoa_butter,barry_callebaut_annual_report_or_full_year_results_2024_25.pdf,text_or_table,unified_memory_scan,retail_price,retail_price_evidence,direct_product_or_label_evidence,direct_sku_or_label_evidence,sku_or_label_level,medium_high,high,candidate_for_strict_audit,pending_step16i,barry_callebaut,cocoa_chocolate,benchmark_not_invoice; retail_observation_not_margin,"barry_callebaut / cocoa_chocolate / cocoa_chocolate_cocoa_butter may support observed retail page or price evidence. Use for product label, wrapper, ingredient, or SKU identity evidence. Do not infer supplier allocation.","ies, purchase and sales contracts as 
well as chocolate inventories and sales contracts are hedged with exchange traded or over-the-counter 
cocoa bean derivatives applying fair value hedge accounting. The Group also applies cash flow hedge 
accounting whereby the cocoa price risk and foreign exchange risk from forecasted sales are hedged with 
coc"
EEVID_82761db6215ed1e0,cocoa_chocolate_cocoa_butter,barry_callebaut_annual_report_or_full_year_results_2024_25.pdf,text_or_table,unified_memory_scan,ingredient_confirmation,ingredient_or_label_evidence,direct_product_or_label_evidence,direct_sku_or_label_evidence,sku_or_label_level,medium_high,high,candidate_for_strict_audit,pending_step16i,barry_callebaut,cocoa_chocolate,,"barry_callebaut / cocoa_chocolate / cocoa_chocolate_cocoa_butter may support ingredient, label, or product identity evidence. Use for product label, wrapper, ingredient, or SKU identity evidence. Do not infer supplier allocation.","goce SA
Abidjan
100
XOF
3,700,000,000
Société Africaine de Cacao SA
Abidjan
100
XOF
25,695,651,316
Societe Ivoirienne de Services Agricoles SA
Abidjan
100
XOF 
10,000,000
Country
Subsidiary
Municipality of 
registration
%-owned
Currency
Capital
Czech 
Republic
Barry Callebaut Czech Republic s.r.o.
Prague
100
CZK 
200,000
Denmark
Barry Callebaut Den"
EEVID_696ddcac710d0017,cocoa_chocolate_cocoa_butter,barry_callebaut_annual_report_or_full_year_results_2024_25.pdf,text_or_table,unified_memory_scan,ingredient_confirmation,ingredient_or_label_evidence,direct_product_or_label_evidence,direct_sku_or_label_evidence,sku_or_label_level,medium_high,high,candidate_for_strict_audit,pending_step16i,barry_callebaut,cocoa_chocolate,benchmark_not_invoice,"barry_callebaut / cocoa_chocolate / cocoa_chocolate_cocoa_butter may support ingredient, label, or product identity evidence. Use for product label, wrapper, ingredient, or SKU identity evidence. Do not infer supplier allocation.","—
Israel
Barry Callebaut Israel Ltd
Tel Aviv
100
ILS
71,212
Italy
Barry Callebaut Belgium N.V., Italian branch
Milano
100
EUR
—
Barry Callebaut Manufacturing Italia S.p.A.
Milano
100
EUR
2,646,841
Country
Subsidiary
Municipality of 
registration
%-owned
Currency
Capital
BARRY CALLEBAUT
Annual Report 2024/25
Letter to Shareholders
Overview
Business "
EEVID_eb663d44b34c343e,cocoa_chocolate_cocoa_butter,barry_callebaut_annual_report_or_full_year_results_2024_25.pdf,text_or_table,unified_memory_scan,retail_price,retail_price_evidence,direct_product_or_label_evidence,direct_sku_or_label_evidence,sku_or_label_level,medium_high,high,candidate_for_strict_audit,pending_step16i,barry_callebaut,,benchmark_not_invoice; retail_observation_not_margin; supplier_claim_not_sku_confirmed,"barry_callebaut / cocoa_chocolate_cocoa_butter may support observed retail page or price evidence. Use for product label, wrapper, ingredient, or SKU identity evidence. Do not infer supplier allocation.","ng A/S, a listed 
Danish global life science company that 
develops ingredients for a variety of 
industries, including food and beverage.
Previously, Mauricio Graber was a member of the 
Executive Committee of the Swiss multinational 
manufacturer Givaudan SA, Basel, where he was 
President of the Flavour Division since 2006. 
Prior to this, he he"
EEVID_9e5d5210c396e1f9,cocoa_chocolate_cocoa_butter,barry_callebaut_company_profile.pdf,visual_ocr,unified_memory_scan,ingredient_confirmation,ingredient_or_label_evidence,direct_product_or_label_evidence,direct_sku_or_label_evidence,sku_or_label_level,medium_high,high,candidate_for_strict_audit,pending_step16i,barry_callebaut,cocoa_chocolate; natural_flavor,benchmark_not_invoice; ocr_text_requires_visual_confidence_review; supplier_claim_not_sku_confirmed,"barry_callebaut / cocoa_chocolate, natural_flavor / cocoa_chocolate_cocoa_butter may support ingredient, label, or product identity evidence. Use for product label, wrapper, ingredient, or SKU identity evidence. Do not infer supplier allocation.","--- VISUAL OCR PAGE 1: page_001.png ---
® My Barry Callebaut Careers Contact B= United States - English Q
| BARRY (()) CALLEBAUT | Products Segments Services Brands Trends & Insights Sustainability v About Us v
4 f
Confectioner q )
“ mca Son
\ SA RUN OTA NCC eyo
Beyond al mmm .
line (
LearnMore > “ | ee 7 g
e
How can we help you?
Y C)
D i eZ) =
a _"
EEVID_196049262f057c47,cocoa_chocolate_cocoa_butter,barry_callebaut_social_environmental_impact_report_2024_25.pdf,text_or_table,unified_memory_scan,ingredient_confirmation,ingredient_or_label_evidence,direct_product_or_label_evidence,direct_sku_or_label_evidence,sku_or_label_level,medium_high,high,candidate_for_strict_audit,pending_step16i,barry_callebaut,cocoa_chocolate,benchmark_not_invoice; supplier_claim_not_sku_confirmed,"barry_callebaut / cocoa_chocolate / cocoa_chocolate_cocoa_butter may support ingredient, label, or product identity evidence. Use for product label, wrapper, ingredient, or SKU identity evidence. Do not infer supplier allocation.","flect our continued progress, the reality is that 
volatile crop conditions and challenging buying environments have 
significantly impacted some of our volume-related KPIs. This 
underscores the importance of our long-term approach and 
reinforces our commitment to building resilience across the cocoa 
value chain.
BARRY CALLEBAUT
Annual Social an"
EEVID_df40343ae1cb31e8,cocoa_chocolate_cocoa_butter,barry_callebaut_social_environmental_impact_report_2024_25.pdf,text_or_table,unified_memory_scan,ingredient_confirmation,ingredient_or_label_evidence,direct_product_or_label_evidence,direct_sku_or_label_evidence,sku_or_label_level,medium_high,high,candidate_for_strict_audit,pending_step16i,,cocoa_chocolate,benchmark_not_invoice; supplier_claim_not_sku_confirmed,"cocoa_chocolate / cocoa_chocolate_cocoa_butter may support ingredient, label, or product identity evidence. Use for product label, wrapper, ingredient, or SKU identity evidence. Do not infer supplier allocation.","tainability agendas by some governments, 
institutions and corporations. This shift has raised 
questions about the future of sustainability and 
the durability of progress made so far. In this 
context, our long-term sustainability 
commitments become even more vital - not just 
to maintain momentum, but to lead where others 
hesitate and to remai"
EEVID_156945644e622d3c,cocoa_chocolate_cocoa_butter,barry_callebaut_social_environmental_impact_report_2024_25.pdf,text_or_table,unified_memory_scan,retail_price,retail_price_evidence,direct_product_or_label_evidence,direct_sku_or_label_evidence,sku_or_label_level,medium_high,high,candidate_for_strict_audit,pending_step16i,,cocoa_chocolate,benchmark_not_invoice; retail_observation_not_margin; supplier_claim_not_sku_confirmed,"cocoa_chocolate / cocoa_chocolate_cocoa_butter may support observed retail page or price evidence. Use for product label, wrapper, ingredient, or SKU identity evidence. Do not infer supplier allocation.","current 
cultivation models in several cocoa producer 
countries, notably full-sun cocoa cultivation, leave 
cocoa trees more vulnerable to the effects of 
climate change and increase the risk of soil 
erosion. As a result, farm productivity is on the 
decline, while the areas where cocoa is suitable 
for production continue to shrink. 
Compounding"
EEVID_86b1fa077d979109,cocoa_chocolate_cocoa_butter,barry_callebaut_social_environmental_impact_report_2024_25.pdf,text_or_table,unified_memory_scan,ingredient_confirmation,ingredient_or_label_evidence,direct_product_or_label_evidence,direct_sku_or_label_evidence,sku_or_label_level,medium_high,high,candidate_for_strict_audit,pending_step16i,barry_callebaut,cocoa_chocolate; packaging,supplier_claim_not_sku_confirmed,"barry_callebaut / cocoa_chocolate, packaging / cocoa_chocolate_cocoa_butter may support ingredient, label, or product identity evidence. Use for product label, wrapper, ingredient, or SKU identity evidence. Do not infer supplier allocation.","productivity to the impacts 
of CSSV and child labor. These investments 
directly inform our approach to boost cocoa 
yields, mitigate climate and social risks, combat 
pests and diseases, and foster a more resilient, 
productive, and equitable cocoa value chain.
These actions have tangible benefits for our 
stakeholders - supporting the production"
EEVID_ef3250fea5b56732,cocoa_chocolate_cocoa_butter,barry_callebaut_social_environmental_impact_report_2024_25.pdf,text_or_table,unified_memory_scan,retail_price,retail_price_evidence,direct_product_or_label_evidence,direct_sku_or_label_evidence,sku_or_label_level,medium_high,high,candidate_for_strict_audit,pending_step16i,barry_callebaut,cocoa_chocolate,benchmark_not_invoice; retail_observation_not_margin; supplier_claim_not_sku_confirmed,"barry_callebaut / cocoa_chocolate / cocoa_chocolate_cocoa_butter may support observed retail page or price evidence. Use for product label, wrapper, ingredient, or SKU identity evidence. Do not infer supplier allocation.","cial and Environmental 
Impact Report 2024/25
Letter to Stakeholders
Sustainability
Our People
Governance
TCFD
GRI Report
Policies
15
 In 2016, Barry Callebaut launched Forever 
Chocolate, the next chapter in our long-standing 
commitment to building a sustainable cocoa and 
chocolate supply chain.


--- PAGE 16 ---
BARRY CALLEBAUT
Annual Social an"
EEVID_5532e245ea102ede,cocoa_chocolate_cocoa_butter,barry_callebaut_social_environmental_impact_report_2024_25.pdf,text_or_table,unified_memory_scan,ingredient_confirmation,ingredient_or_label_evidence,direct_product_or_label_evidence,direct_sku_or_label_evidence,sku_or_label_level,medium_high,high,candidate_for_strict_audit,pending_step16i,,cocoa_chocolate; sugar,supplier_claim_not_sku_confirmed,"cocoa_chocolate, sugar / cocoa_chocolate_cocoa_butter may support ingredient, label, or product identity evidence. Use for product label, wrapper, ingredient, or SKU identity evidence. Do not infer supplier allocation.","ry Callebaut has established a 
Global Human Rights Response Protocol, which 
provides clear guidance to the Compliance team, 
employees and partners (see step 6). More 
information on our grievance mechanism can be 
found in the Business Conduct chapter.
2. Identifying and assessing adverse human 
rights impacts (UNGP 18)
Effective due diligence b"
EEVID_0cfd4224314b1efb,cocoa_chocolate_cocoa_butter,barry_callebaut_social_environmental_impact_report_2024_25.pdf,text_or_table,unified_memory_scan,ingredient_confirmation,ingredient_or_label_evidence,direct_product_or_label_evidence,direct_sku_or_label_evidence,sku_or_label_level,medium_high,high,candidate_for_strict_audit,pending_step16i,,cocoa_chocolate,supplier_claim_not_sku_confirmed,"cocoa_chocolate / cocoa_chocolate_cocoa_butter may support ingredient, label, or product identity evidence. Use for product label, wrapper, ingredient, or SKU identity evidence. Do not infer supplier allocation.","g. 
Additionally, we have mapped over 1.5 
million cocoa farms as of 2024/25.
•
Beyond this scope, we implement extensive 
due diligence - conducting country risk 
assessments across all sourcing regions and 
investing in forest protection in high-risk 
landscapes. These efforts are directly 
connected to our broader 2030 traceability 
and sustaina"
EEVID_3dd94a81ddffe6ab,cocoa_chocolate_cocoa_butter,barry_callebaut_social_environmental_impact_report_2024_25.pdf,text_or_table,unified_memory_scan,ingredient_confirmation,ingredient_or_label_evidence,direct_product_or_label_evidence,direct_sku_or_label_evidence,sku_or_label_level,medium_high,high,candidate_for_strict_audit,pending_step16i,barry_callebaut,cocoa_chocolate,benchmark_not_invoice; supplier_claim_not_sku_confirmed,"barry_callebaut / cocoa_chocolate / cocoa_chocolate_cocoa_butter may support ingredient, label, or product identity evidence. Use for product label, wrapper, ingredient, or SKU identity evidence. Do not infer supplier allocation.","aw material we source. This has helped us 
to identify materials that are grown in regions 
where risks of deforestation are negligible or for 
which production does not involve land use 
changes that impact forests or other natural 
ecosystems. As such, from 2024/25 onwards, we 
will focus on reporting on raw materials, more 
concretely soy and pa"
EEVID_f0dccbdceadd6903,cocoa_chocolate_cocoa_butter,barry_callebaut_social_environmental_impact_report_2024_25.pdf,text_or_table,unified_memory_scan,ingredient_confirmation,ingredient_or_label_evidence,direct_product_or_label_evidence,direct_sku_or_label_evidence,sku_or_label_level,medium_high,high,candidate_for_strict_audit,pending_step16i,barry_callebaut,cocoa_chocolate,supplier_claim_not_sku_confirmed,"barry_callebaut / cocoa_chocolate / cocoa_chocolate_cocoa_butter may support ingredient, label, or product identity evidence. Use for product label, wrapper, ingredient, or SKU identity evidence. Do not infer supplier allocation.","l carbon intensity per 
tonne of product without 
removals (tCO₂e)
KPIs 2024/25
81.8%
Percentage of primary 
deforestation linked sourced 
raw materials demonstrated 
not to be contributing to 
deforestation 
24,301
Hectares of agroforestry 
newly established
11.8
Total net carbon footprint incl. 
removals (million tCO₂e)
725,785
No. of plots mappe"
EEVID_5465fbb29ef28e04,cocoa_chocolate_cocoa_butter,barry_callebaut_social_environmental_impact_report_2024_25.pdf,text_or_table,unified_memory_scan,ingredient_confirmation,ingredient_or_label_evidence,direct_product_or_label_evidence,direct_sku_or_label_evidence,sku_or_label_level,medium_high,high,candidate_for_strict_audit,pending_step16i,barry_callebaut,cocoa_chocolate; sugar,supplier_claim_not_sku_confirmed,"barry_callebaut / cocoa_chocolate, sugar / cocoa_chocolate_cocoa_butter may support ingredient, label, or product identity evidence. Use for product label, wrapper, ingredient, or SKU identity evidence. Do not infer supplier allocation.","ished to identify and analyze key human 
rights and decent work issues in the sugarcane 
sector, with a focus on India, and to offer 
recommendations for progress. 
We are also founding members of the Sugar 
Collaboration Group (SCG), a pre-competitive 
forum for sugar sector companies to align on 
tools, share knowledge, and address sector-wide 
c"
EEVID_e17617415826743e,cocoa_chocolate_cocoa_butter,barry_callebaut_social_environmental_impact_report_2024_25.pdf,text_or_table,unified_memory_scan,ingredient_confirmation,ingredient_or_label_evidence,direct_product_or_label_evidence,direct_sku_or_label_evidence,sku_or_label_level,medium_high,high,candidate_for_strict_audit,pending_step16i,barry_callebaut,cocoa_chocolate; milk_dairy; sugar,benchmark_not_invoice; supplier_claim_not_sku_confirmed,"barry_callebaut / cocoa_chocolate, milk_dairy, sugar / cocoa_chocolate_cocoa_butter may support ingredient, label, or product identity evidence. Use for product label, wrapper, ingredient, or SKU identity evidence. Do not infer supplier allocation.","d hectares of 
sugar beet each. Their direct oversight across 
these areas marks a key capacity-building 
milestone for responsible sourcing in the region.
In Russia, our collaborative efforts with our 
largest beet suppliers enabled us to achieve 100% 
FSA Silver- and Gold-level verified beet sugar - a 
major milestone for regional sustainability."
EEVID_c2acd4adb6c970d8,cocoa_chocolate_cocoa_butter,barry_callebaut_social_environmental_impact_report_2024_25.pdf,text_or_table,unified_memory_scan,ingredient_confirmation,ingredient_or_label_evidence,direct_product_or_label_evidence,direct_sku_or_label_evidence,sku_or_label_level,medium_high,high,candidate_for_strict_audit,pending_step16i,barry_callebaut,cocoa_chocolate,benchmark_not_invoice; supplier_claim_not_sku_confirmed,"barry_callebaut / cocoa_chocolate / cocoa_chocolate_cocoa_butter may support ingredient, label, or product identity evidence. Use for product label, wrapper, ingredient, or SKU identity evidence. Do not infer supplier allocation.","cocoa industry.
Coconut
Industry engagement
With regard to coconut, we are founding 
members and Steering Committee members of 
the Sustainable Coconut Charter, now evolved 
into the Sustainable Coconut Partnership. This 
multi-stakeholder, industry-led platform defines 
what a sustainable coconut supply chain should 
look like. It defines sustaina"
EEVID_a1fb42e70a24ddfe,cocoa_chocolate_cocoa_butter,barry_callebaut_social_environmental_impact_report_2024_25.pdf,text_or_table,unified_memory_scan,ingredient_confirmation,ingredient_or_label_evidence,direct_product_or_label_evidence,direct_sku_or_label_evidence,sku_or_label_level,medium_high,high,candidate_for_strict_audit,pending_step16i,barry_callebaut,cocoa_chocolate; natural_flavor; soy_lecithin,supplier_claim_not_sku_confirmed,"barry_callebaut / cocoa_chocolate, natural_flavor, soy_lecithin / cocoa_chocolate_cocoa_butter may support ingredient, label, or product identity evidence. Use for product label, wrapper, ingredient, or SKU identity evidence. Do not infer supplier allocation.","agement for traceability and 
deforestation-free activities. Globally, 40.3% of 
our soy lecithin volume is now sustainably 
sourced, of which 38% is considered 
deforestation-free. We are actively working with 
our biggest suppliers to obtain an origin 
certificate for each delivery of soy lecithin, 
allowing for better traceability of the raw 
ma"
EEVID_b904b418ea85bca1,cocoa_chocolate_cocoa_butter,barry_callebaut_social_environmental_impact_report_2024_25.pdf,text_or_table,unified_memory_scan,ingredient_confirmation,ingredient_or_label_evidence,direct_product_or_label_evidence,direct_sku_or_label_evidence,sku_or_label_level,medium_high,high,candidate_for_strict_audit,pending_step16i,,cocoa_chocolate,benchmark_not_invoice; supplier_claim_not_sku_confirmed,"cocoa_chocolate / cocoa_chocolate_cocoa_butter may support ingredient, label, or product identity evidence. Use for product label, wrapper, ingredient, or SKU identity evidence. Do not infer supplier allocation.","tage of cocoa and 
chocolate products sold 
that contain certified or 
verified cocoa
KPIs 2024/25
53.9%
Percentage of certified 
or verified agricultural 
raw materials sourced
71.3%
Percentage of certified 
or verified key 
ingredients sourced
625,410
No. of farmers in our 
sustainability program


--- PAGE 48 ---
PROGRESS IN NUMBERS
Prospering F"
EEVID_248caf858bd91ed7,cocoa_chocolate_cocoa_butter,barry_callebaut_social_environmental_impact_report_2024_25.pdf,text_or_table,unified_memory_scan,ingredient_confirmation,ingredient_or_label_evidence,direct_product_or_label_evidence,direct_sku_or_label_evidence,sku_or_label_level,medium_high,high,candidate_for_strict_audit,pending_step16i,barry_callebaut,cocoa_chocolate,benchmark_not_invoice; supplier_claim_not_sku_confirmed,"barry_callebaut / cocoa_chocolate / cocoa_chocolate_cocoa_butter may support ingredient, label, or product identity evidence. Use for product label, wrapper, ingredient, or SKU identity evidence. Do not infer supplier allocation.","Carbon footprint KPI in tCO2e21
2024/25
2023/24
Variance vs 
Prior Year 
(%)
Base Year 
2021/22
Variance vs 
Base Year 
(%)
Scope 1 & 2
211,876
234,467
 (9.6) %
278,904
 (24.0) %
Scope 1 
116,077
130,657
 (11.2) %
120,998
 (4.1) %
Scope 2 (market-based)
95,799
103,810
 (7.7) %
157,906
 (39.3) %
Scope 3 gross total (w/o removals)
12,051,260
13,158,5"
EEVID_2b8fe202d4e013ff,cocoa_chocolate_cocoa_butter,barry_callebaut_social_environmental_impact_report_2024_25.pdf,text_or_table,unified_memory_scan,ingredient_confirmation,ingredient_or_label_evidence,direct_product_or_label_evidence,direct_sku_or_label_evidence,sku_or_label_level,medium_high,high,candidate_for_strict_audit,pending_step16i,barry_callebaut,cocoa_chocolate,supplier_claim_not_sku_confirmed,"barry_callebaut / cocoa_chocolate / cocoa_chocolate_cocoa_butter may support ingredient, label, or product identity evidence. Use for product label, wrapper, ingredient, or SKU identity evidence. Do not infer supplier allocation.","bon removals come from agroforestry insetting, independently verified by SustainCERT. The amount excludes a 20% withholding buffer, safeguarding against potential unforeseen losses of planted trees under our agroforestry activities.
23 Scope 3 Forest, Land and Agriculture (FLAG) removals from agroforestry insetting.
24 In our base year 2021/22, we "
EEVID_42c53186ec8fea3f,cocoa_chocolate_cocoa_butter,barry_callebaut_social_environmental_impact_report_2024_25.pdf,text_or_table,unified_memory_scan,ingredient_confirmation,ingredient_or_label_evidence,direct_product_or_label_evidence,direct_sku_or_label_evidence,sku_or_label_level,medium_high,high,candidate_for_strict_audit,pending_step16i,barry_callebaut,cocoa_chocolate,supplier_claim_not_sku_confirmed,"barry_callebaut / cocoa_chocolate / cocoa_chocolate_cocoa_butter may support ingredient, label, or product identity evidence. Use for product label, wrapper, ingredient, or SKU identity evidence. Do not infer supplier allocation.","m to 
identify the financial and business risks tied to the 
shortlisted ESG topics. In this process, the entire 
value chain was analyzed and a time horizon for 
actions up to 2030 was adopted. 
Overall, our 2023/24 double materiality 
assessment reconfirmed our commitment to the 
Forever Chocolate pillars: Prospering Farmers, 
Human Rights, Thriv"
EEVID_12b2304acac2c425,cocoa_chocolate_cocoa_butter,barry_callebaut_social_environmental_impact_report_2024_25.pdf,text_or_table,unified_memory_scan,ingredient_confirmation,ingredient_or_label_evidence,direct_product_or_label_evidence,direct_sku_or_label_evidence,sku_or_label_level,medium_high,high,candidate_for_strict_audit,pending_step16i,barry_callebaut,cocoa_chocolate,supplier_claim_not_sku_confirmed,"barry_callebaut / cocoa_chocolate / cocoa_chocolate_cocoa_butter may support ingredient, label, or product identity evidence. Use for product label, wrapper, ingredient, or SKU identity evidence. Do not infer supplier allocation.","ns within risk 
management, thereby underscoring the Group's dedication to 
transparency and accountability in addressing ESG-related risks.
BARRY CALLEBAUT
Annual Social and Environmental 
Impact Report 2024/25
Letter to Stakeholders
Sustainability
Our People
Governance
TCFD
GRI Report
Policies
58


--- PAGE 59 ---
Climate-related physical risks -"
EEVID_f265d9b7e6bc6e8c,cocoa_chocolate_cocoa_butter,barry_callebaut_social_environmental_impact_report_2024_25.pdf,text_or_table,unified_memory_scan,ingredient_confirmation,ingredient_or_label_evidence,direct_product_or_label_evidence,direct_sku_or_label_evidence,sku_or_label_level,medium_high,high,candidate_for_strict_audit,pending_step16i,barry_callebaut,,,"barry_callebaut / cocoa_chocolate_cocoa_butter may support ingredient, label, or product identity evidence. Use for product label, wrapper, ingredient, or SKU identity evidence. Do not infer supplier allocation.","holds the first fully virtual Annual Shareholders Meeting in an effort to increase inclusion and engagement of its 
international shareholder base. Barbara Richmond and Aruna Jayanthi, elected as new members of the Board of Directors. 
November 2024
Barry Callebaut has added upcycled cacaofruit products to its portfolio, offering ingredients that c"
EEVID_95229e186b73591a,cocoa_chocolate_cocoa_butter,barry_callebaut_social_environmental_impact_report_2024_25.pdf,text_or_table,unified_memory_scan,ingredient_confirmation,ingredient_or_label_evidence,direct_product_or_label_evidence,direct_sku_or_label_evidence,sku_or_label_level,medium_high,high,candidate_for_strict_audit,pending_step16i,barry_callebaut,,supplier_claim_not_sku_confirmed,"barry_callebaut / cocoa_chocolate_cocoa_butter may support ingredient, label, or product identity evidence. Use for product label, wrapper, ingredient, or SKU identity evidence. Do not infer supplier allocation.","ernance body and of 
senior executives: 
organization’s purpose, 
value or mission 
statements, strategies, 
policies, and goals;
Governance
BARRY CALLEBAUT
Annual Social and Environmental 
Impact Report 2024/25
Letter to Stakeholders
Sustainability
Our People
Governance
TCFD
GRI Report
Policies
83


--- PAGE 84 ---
Strategy, policies and practices"
EEVID_d7e3c8edb7a53376,cocoa_chocolate_cocoa_butter,barry_callebaut_social_environmental_impact_report_2024_25.pdf,text_or_table,unified_memory_scan,ingredient_confirmation,ingredient_or_label_evidence,direct_product_or_label_evidence,direct_sku_or_label_evidence,sku_or_label_level,medium_high,high,candidate_for_strict_audit,pending_step16i,barry_callebaut,,supplier_claim_not_sku_confirmed,"barry_callebaut / cocoa_chocolate_cocoa_butter may support ingredient, label, or product identity evidence. Use for product label, wrapper, ingredient, or SKU identity evidence. Do not infer supplier allocation.","track NOx and SOx emissions in their eco-
footprinting tool.
Measures of different parameters are followed depending on the equipment, size and local legislation so a variety of frequencies of control 
and parameters are tracked, in many cases beyond NOx or SOx, i.e. dust or smoke with TSP/SPM or PM10.
BARRY CALLEBAUT
Annual Social and Environmenta"
EEVID_9bd3927fa7d01b49,cocoa_chocolate_cocoa_butter,barry_callebaut_social_environmental_impact_report_2024_25.pdf,text_or_table,unified_memory_scan,ingredient_confirmation,ingredient_or_label_evidence,direct_product_or_label_evidence,direct_sku_or_label_evidence,sku_or_label_level,medium_high,high,candidate_for_strict_audit,pending_step16i,barry_callebaut,,benchmark_not_invoice; supplier_claim_not_sku_confirmed,"barry_callebaut / cocoa_chocolate_cocoa_butter may support ingredient, label, or product identity evidence. Use for product label, wrapper, ingredient, or SKU identity evidence. Do not infer supplier allocation.","ights impacts
414
Supplier Social 
Assessment
414-2
Negative social impacts in 
the supply chain and 
actions taken
Sustainable Ingredients 
BARRY CALLEBAUT
Annual Social and Environmental 
Impact Report 2024/25
Letter to Stakeholders
Sustainability
Our People
Governance
TCFD
GRI Report
Policies
88


--- PAGE 89 ---
Non-Material Disclosures
GRI 200"
EEVID_615122f76ff16fa6,cocoa_chocolate_cocoa_butter,cocoa_beans_quality_requirements_processing_guide.pdf,text_or_table,unified_memory_scan,ingredient_confirmation,ingredient_or_label_evidence,direct_product_or_label_evidence,direct_sku_or_label_evidence,sku_or_label_level,medium_high,high,candidate_for_strict_audit,pending_step16i,,cocoa_chocolate; milk_dairy; sugar,supplier_claim_not_sku_confirmed,"cocoa_chocolate, milk_dairy, sugar / cocoa_chocolate_cocoa_butter may support ingredient, label, or product identity evidence. Use for product label, wrapper, ingredient, or SKU identity evidence. Do not infer supplier allocation.","the Cacao of Excellence 
programme of the Alliance of Bioversity 
International and CIAT, in collaboration with 
the members of the Working Group on the 
development of the International Standards for 
the Assessment of Cacao Quality and Flavour 
(ISCQF). Readers are advised to check the 
website www.cacaoofexcellence.org for any 
updates to this g"
EEVID_42907b525513bce7,cocoa_chocolate_cocoa_butter,cocoa_beans_quality_requirements_processing_guide.pdf,text_or_table,unified_memory_scan,retail_price,retail_price_evidence,direct_product_or_label_evidence,direct_sku_or_label_evidence,sku_or_label_level,medium_high,high,candidate_for_strict_audit,pending_step16i,,cocoa_chocolate; milk_dairy; sugar,benchmark_not_invoice; retail_observation_not_margin,"cocoa_chocolate, milk_dairy, sugar / cocoa_chocolate_cocoa_butter may support observed retail page or price evidence. Use for product label, wrapper, ingredient, or SKU identity evidence. Do not infer supplier allocation.","tter are 
usually combined with sugar, milk and other 
ingredients to form chocolate. There are 
European and Codex standards which define the 
composition and labelling of certain of these 
cocoa products
1. The focus of this publication 
will be cocoa beans, though reference will be 
made to some quality aspects of these cocoa 
products especiall"
EEVID_8634de6de1b1153e,cocoa_chocolate_cocoa_butter,cocoa_beans_quality_requirements_processing_guide.pdf,text_or_table,unified_memory_scan,ingredient_confirmation,ingredient_or_label_evidence,direct_product_or_label_evidence,direct_sku_or_label_evidence,sku_or_label_level,medium_high,high,candidate_for_strict_audit,pending_step16i,,cocoa_chocolate,benchmark_not_invoice; supplier_claim_not_sku_confirmed,"cocoa_chocolate / cocoa_chocolate_cocoa_butter may support ingredient, label, or product identity evidence. Use for product label, wrapper, ingredient, or SKU identity evidence. Do not infer supplier allocation.","ng 
Smoky 
• 
Contamination by smoke during 
drying due to inappropriate fuel, bad 
design, faulty operation or poor 
maintenance of dryer. 
• 
By exposure of dried beans in 
store to smoke contamination 
 
Excessive bitterness and astringency 
• 
Certain planting materials 
• 
Lack of fermentation


--- PAGE 19 ---
Cocoa Beans: Chocolate & Cocoa I"
EEVID_eceec0d4b3aaa36c,cocoa_chocolate_cocoa_butter,cocoa_beans_quality_requirements_processing_guide.pdf,text_or_table,unified_memory_scan,ingredient_confirmation,ingredient_or_label_evidence,direct_product_or_label_evidence,direct_sku_or_label_evidence,sku_or_label_level,medium_high,high,candidate_for_strict_audit,pending_step16i,,cocoa_chocolate; milk_dairy,supplier_claim_not_sku_confirmed,"cocoa_chocolate, milk_dairy / cocoa_chocolate_cocoa_butter may support ingredient, label, or product identity evidence. Use for product label, wrapper, ingredient, or SKU identity evidence. Do not infer supplier allocation.","od businesses to ensure 
compliance with the legislation and traceability 
of foodstuffs at all stages of the food chain, 
from the production, processing, transport and 
distribution stages through to the supply of 
food. For further information see https://eur-
lex.europa.eu/legal-content/EN/TXT/


--- PAGE 20 ---
Cocoa Beans: Chocolate & Cocoa I"
EEVID_a4323e6a1f911530,cocoa_chocolate_cocoa_butter,cocoa_beans_quality_requirements_processing_guide.pdf,text_or_table,unified_memory_scan,ingredient_confirmation,ingredient_or_label_evidence,direct_product_or_label_evidence,direct_sku_or_label_evidence,sku_or_label_level,medium_high,high,candidate_for_strict_audit,pending_step16i,fda,cocoa_chocolate; milk_dairy,benchmark_not_invoice; supplier_claim_not_sku_confirmed,"fda / cocoa_chocolate, milk_dairy / cocoa_chocolate_cocoa_butter may support ingredient, label, or product identity evidence. Use for product label, wrapper, ingredient, or SKU identity evidence. Do not infer supplier allocation.","ery 
manufacturers face specific challenges, since 
allergens such as peanuts, treenuts, milk, eggs, 
soya and gluten-containing cereals are 
commonly used. 
 
For allergens present as an ingredient, it is a 
legal requirement that these are clearly 
labelled in the ingredients list (EU Regulation 
1169/2011)) and practical guidance on the 
impleme"
EEVID_b0e2d8f90439e670,cocoa_chocolate_cocoa_butter,cocoa_beans_quality_requirements_processing_guide.pdf,text_or_table,unified_memory_scan,ingredient_confirmation,ingredient_or_label_evidence,direct_product_or_label_evidence,direct_sku_or_label_evidence,sku_or_label_level,medium_high,high,candidate_for_strict_audit,pending_step16i,icco,cocoa_chocolate; packaging,benchmark_not_invoice,"icco / cocoa_chocolate, packaging / cocoa_chocolate_cocoa_butter may support ingredient, label, or product identity evidence. Use for product label, wrapper, ingredient, or SKU identity evidence. Do not infer supplier allocation.","n and storage (see Part III Storage 
and Part III Transportation and Shipping) and 
also by technical equipment during processing 
confectionery in Belgium Inventaire limites d'actions v15 NL 
(favv-afsca.be) 
Figure 5. MOSH and MOAH contamination sources in) 
the food chain. (Matissek et al. 2014)


--- PAGE 26 ---
Cocoa Beans: Chocolate & Cocoa I"
EEVID_f2b693c7ae5a489b,cocoa_chocolate_cocoa_butter,cocoa_beans_quality_requirements_processing_guide.pdf,text_or_table,unified_memory_scan,ingredient_confirmation,ingredient_or_label_evidence,direct_product_or_label_evidence,direct_sku_or_label_evidence,sku_or_label_level,medium_high,high,candidate_for_strict_audit,pending_step16i,,cocoa_chocolate; soy_lecithin; sugar,benchmark_not_invoice,"cocoa_chocolate, soy_lecithin, sugar / cocoa_chocolate_cocoa_butter may support ingredient, label, or product identity evidence. Use for product label, wrapper, ingredient, or SKU identity evidence. Do not infer supplier allocation.","le will have been released and that 
there is no grittiness in the sample 
which would distract the taster during the 
flavour evaluation. 
More details can be found in Chapter 13 - 
Processing cacao nibs into mass in “ Guide 
for the Assessment of Cacao Quality and 
Flavour” 
(Cacao 
of 
Excellence, 
2023) 
www.cacaoofexcellence.org 
The temperatu"
EEVID_6006962870e6cccd,cocoa_chocolate_cocoa_butter,cocoa_beans_quality_requirements_processing_guide.pdf,text_or_table,unified_memory_scan,ingredient_confirmation,ingredient_or_label_evidence,direct_product_or_label_evidence,direct_sku_or_label_evidence,sku_or_label_level,medium_high,high,candidate_for_strict_audit,pending_step16i,,cocoa_chocolate; sugar,,"cocoa_chocolate, sugar / cocoa_chocolate_cocoa_butter may support ingredient, label, or product identity evidence. Use for product label, wrapper, ingredient, or SKU identity evidence. Do not infer supplier allocation.","nd warming it to 50°C. It should be held 
for at least 1 hour at 50°C then uncapped 
and immediately smelled. An acceptable 
result is a sugar that has no inherent odour. 
 
The chocolate should be refined to less than 
20 microns measured using a micrometer. 
Conching at a low temperature (not more than 
55°C) should be kept to a minimum, if used "
EEVID_fae1725d74226cd0,cocoa_chocolate_cocoa_butter,hershey_cocoa_sustainability_page.pdf,visual_ocr,unified_memory_scan,ingredient_confirmation,ingredient_or_label_evidence,direct_product_or_label_evidence,direct_sku_or_label_evidence,sku_or_label_level,medium_high,high,candidate_for_strict_audit,pending_step16i,hershey,cocoa_chocolate,benchmark_not_invoice; ocr_text_requires_visual_confidence_review; supplier_claim_not_sku_confirmed,"hershey / cocoa_chocolate / cocoa_chocolate_cocoa_butter may support ingredient, label, or product identity evidence. Use for product label, wrapper, ingredient, or SKU identity evidence. Do not infer supplier allocation.","--- VISUAL OCR PAGE 1: page_001.png ---
CAREERS MEDIA INVESTORS
HERSHEY.
= .
» . —
-
=
— .
Fie
-_
o
GREDIENTS
Source. Make. Delight ,
u e e e s
rj
The snacks people love start with where ingredients come from and how they're made. “4,
p o> %
To lead the future of snacking, Hershey is focused on the way we source our ingredients, make our iconic 4 2"
EEVID_fe60d7fa6d874751,cocoa_chocolate_cocoa_butter,hershey_cocoa_sustainability_page.pdf,visual_ocr,unified_memory_scan,ingredient_confirmation,ingredient_or_label_evidence,direct_product_or_label_evidence,direct_sku_or_label_evidence,sku_or_label_level,medium_high,high,candidate_for_strict_audit,pending_step16i,hershey,cocoa_chocolate,benchmark_not_invoice; ocr_text_requires_visual_confidence_review; supplier_claim_not_sku_confirmed,"hershey / cocoa_chocolate / cocoa_chocolate_cocoa_butter may support ingredient, label, or product identity evidence. Use for product label, wrapper, ingredient, or SKU identity evidence. Do not infer supplier allocation.","has been central to our
that nourishes the earth and the soil in When our people thrive, so does our identity for more than 130 years.
which our ingredients grow. That's why business.
environmental stewardship continues to
be integral to our business strategy.
7 —s -
' é , >)
al ¥ is in se
a ‘>. /
> / a) ~
Youth
We believe that every child deserves"
EEVID_d562357a30562507,cocoa_chocolate_cocoa_butter,icco_processing_cocoa_page.pdf,visual_ocr,unified_memory_scan,ingredient_confirmation,ingredient_or_label_evidence,direct_product_or_label_evidence,direct_sku_or_label_evidence,sku_or_label_level,medium_high,high,candidate_for_strict_audit,pending_step16i,icco,cocoa_chocolate; milk_dairy; sugar,benchmark_not_invoice; ocr_text_requires_visual_confidence_review,"icco / cocoa_chocolate, milk_dairy, sugar / cocoa_chocolate_cocoa_butter may support ingredient, label, or product identity evidence. Use for product label, wrapper, ingredient, or SKU identity evidence. Do not infer supplier allocation.","ified market. Cocoa liquor, cocoa butter and sugar are the three major ingredients required to produce the
. . various types of chocolate found throughout the world.
5. Winnowing
. . Overall, the manufacturing of chocolate is divided into four areas:
Winnowing, cracking, fanning and hulling are some of the terms and phrases which describe
the separ"
EEVID_5889e2ac7f00be0d,dairy_milk_skim_milk_milk_fat,dairy_ingredients_in_chocolate_explanation.pdf,visual_ocr,unified_memory_scan,retail_price,retail_price_evidence,direct_product_or_label_evidence,direct_sku_or_label_evidence,sku_or_label_level,medium_high,high,candidate_for_strict_audit,pending_step16i,,cocoa_chocolate; milk_dairy; natural_flavor; sugar,benchmark_not_invoice; ocr_text_requires_visual_confidence_review; retail_observation_not_margin,"cocoa_chocolate, milk_dairy, natural_flavor, sugar / dairy_milk_skim_milk_milk_fat may support observed retail page or price evidence. Use for product label, wrapper, ingredient, or SKU identity evidence. Do not infer supplier allocation.","le cell structure, only 30%-40% of the cocoa powder is soluble, and the rest has to be es
kept in suspension by the thickener or gelling agent added, as the density of these particles is 4 ia, a "" 2
higher than that of milk. Usually, an indication is given on the container to shake the beverage iat
well before use, to redistribute sedimented cocoa "
EEVID_a386e709fb3eee25,dairy_milk_skim_milk_milk_fat,dairy_ingredients_in_chocolate_explanation.pdf,visual_ocr,unified_memory_scan,ingredient_confirmation,ingredient_or_label_evidence,direct_product_or_label_evidence,direct_sku_or_label_evidence,sku_or_label_level,medium_high,high,candidate_for_strict_audit,pending_step16i,,cocoa_chocolate; milk_dairy; natural_flavor; sugar,ocr_text_requires_visual_confidence_review,"cocoa_chocolate, milk_dairy, natural_flavor, sugar / dairy_milk_skim_milk_milk_fat may support ingredient, label, or product identity evidence. Use for product label, wrapper, ingredient, or SKU identity evidence. Do not infer supplier allocation.","re listed in Table 3.
2011,
Table 3. Milk products not covered by Codex commodity standards Encyclopedia of
Dairy Sciences
Preserved milk products Fermented milk powders, e.g., yogurt powder and buttermilk powder (Second Edition)
C. Heggum
Show more V
Chapter
Liquid Milk Products: Flavored Milks
Processing of Chocolate Milk
For a good swelling of t"
EEVID_865f1997c45a4b4d,dairy_milk_skim_milk_milk_fat,hershey_latest_esg_dairy_section.pdf,text_or_table,unified_memory_scan,retail_price,retail_price_evidence,direct_product_or_label_evidence,direct_sku_or_label_evidence,sku_or_label_level,medium_high,high,candidate_for_strict_audit,pending_step16i,hershey,cocoa_chocolate,benchmark_not_invoice; retail_observation_not_margin; supplier_claim_not_sku_confirmed,"hershey / cocoa_chocolate / dairy_milk_skim_milk_milk_fat may support observed retail page or price evidence. Use for product label, wrapper, ingredient, or SKU identity evidence. Do not infer supplier allocation.","--- PAGE 1 ---
Powered by 
 Shared 
 Goodness
2021 ESG REPORT


--- PAGE 2 ---
Welcome to Our 
2021 ESG Report 
Hershey’s purpose is to “Make More Moments 
of Goodness” for our consumers for many 
generations to come. Integral to achieving that 
is our holistic sustainability strategy: our Shared 
Goodness Promise. It guides how we empower 
the rem"
EEVID_d265af861b42bdc1,dairy_milk_skim_milk_milk_fat,hershey_latest_esg_dairy_section.pdf,text_or_table,unified_memory_scan,ingredient_confirmation,ingredient_or_label_evidence,direct_product_or_label_evidence,direct_sku_or_label_evidence,sku_or_label_level,medium_high,high,candidate_for_strict_audit,pending_step16i,hershey,cocoa_chocolate; packaging,benchmark_not_invoice; supplier_claim_not_sku_confirmed,"hershey / cocoa_chocolate, packaging / dairy_milk_skim_milk_milk_fat may support ingredient, label, or product identity evidence. Use for product label, wrapper, ingredient, or SKU identity evidence. Do not infer supplier allocation.","Innovation, Choice 
and Transparency
16 
Excellence in Food Safety
17 
Marketing Responsibly
18 
Staying Agile Through Change
19 
Our Progress
20 
Cocoa 
21 
Cocoa For Good
22 
Deeply Committed to 
Responsibly Sourcing Cocoa
23 
Accountability, Transparency 
and Due Diligence in Cocoa
24 
Working to Eliminate Child Labor
26 
Prevention Is the Pr"
EEVID_82d30c47efe85555,dairy_milk_skim_milk_milk_fat,hershey_latest_esg_dairy_section.pdf,text_or_table,unified_memory_scan,ingredient_confirmation,ingredient_or_label_evidence,direct_product_or_label_evidence,direct_sku_or_label_evidence,sku_or_label_level,medium_high,high,candidate_for_strict_audit,pending_step16i,hershey,cocoa_chocolate,benchmark_not_invoice; supplier_claim_not_sku_confirmed,"hershey / cocoa_chocolate / dairy_milk_skim_milk_milk_fat may support ingredient, label, or product identity evidence. Use for product label, wrapper, ingredient, or SKU identity evidence. Do not infer supplier allocation.","special moments in sustainability, 
creating a tomorrow that’s even 
better than today. 
 Sharing
Goodness
More
3 
The Hershey Company | 2021 ESG Report
The Big Picture Our Company Cocoa Responsible Sourcing and Human Rights Environment Our People Youth Community About This Report
The Big Picture


--- PAGE 4 ---
A Message From 
Michele Buck
For th"
EEVID_7eab47bd736e24b1,dairy_milk_skim_milk_milk_fat,hershey_latest_esg_dairy_section.pdf,text_or_table,unified_memory_scan,ingredient_confirmation,ingredient_or_label_evidence,direct_product_or_label_evidence,direct_sku_or_label_evidence,sku_or_label_level,medium_high,high,candidate_for_strict_audit,pending_step16i,hershey,cocoa_chocolate; packaging,benchmark_not_invoice; supplier_claim_not_sku_confirmed,"hershey / cocoa_chocolate, packaging / dairy_milk_skim_milk_milk_fat may support ingredient, label, or product identity evidence. Use for product label, wrapper, ingredient, or SKU identity evidence. Do not infer supplier allocation.","25 million pounds of packaging to be eliminated5
2030
On Track
9.5M
OUR PEOPLE
Achieve pay equity for similar job categories across our 
global salaried employees 
2025
On Track
In 2020, we achieved 1-to-1 
aggregate gender pay equity for 
salaried employees in the U.S. 
(excluding recent acquisitions) and 
in 2021, we achieved 1-to-1 aggregate 
PO"
EEVID_e49fd424126d2e6f,dairy_milk_skim_milk_milk_fat,hershey_latest_esg_dairy_section.pdf,text_or_table,unified_memory_scan,ingredient_confirmation,ingredient_or_label_evidence,direct_product_or_label_evidence,direct_sku_or_label_evidence,sku_or_label_level,medium_high,high,candidate_for_strict_audit,pending_step16i,hershey,cocoa_chocolate,supplier_claim_not_sku_confirmed,"hershey / cocoa_chocolate / dairy_milk_skim_milk_milk_fat may support ingredient, label, or product identity evidence. Use for product label, wrapper, ingredient, or SKU identity evidence. Do not infer supplier allocation.","curring frequently throughout the year. 
2
people 
of color
5
women
12
aged 50+
50%+
Board 
diversity 
12
Directors 
11 
The Hershey Company | 2021 ESG Report
The Big Picture Our Company Cocoa Responsible Sourcing and Human Rights Environment Our People Youth Community About This Report
Our Company


--- PAGE 12 ---
Our Policies
Our Code of Conduct"
EEVID_ee3bca6b37577db2,dairy_milk_skim_milk_milk_fat,hershey_latest_esg_dairy_section.pdf,text_or_table,unified_memory_scan,retail_price,retail_price_evidence,direct_product_or_label_evidence,direct_sku_or_label_evidence,sku_or_label_level,medium_high,high,candidate_for_strict_audit,pending_step16i,hershey,cocoa_chocolate; packaging,benchmark_not_invoice; retail_observation_not_margin; supplier_claim_not_sku_confirmed,"hershey / cocoa_chocolate, packaging / dairy_milk_skim_milk_milk_fat may support observed retail page or price evidence. Use for product label, wrapper, ingredient, or SKU identity evidence. Do not infer supplier allocation.","iness
• Responsible sourcing
Please note that all 33 issues identified on the 
matrix are important and interconnected and 
should not be considered in isolation. 
For a full list of definitions for each of our 
material topics, see pages 35 – 38 in our 
2020 GRI Report.
We also recognize that investors and other 
stakeholders are interested in wha"
EEVID_110e3100c7821d6c,dairy_milk_skim_milk_milk_fat,hershey_latest_esg_dairy_section.pdf,text_or_table,unified_memory_scan,ingredient_confirmation,ingredient_or_label_evidence,direct_product_or_label_evidence,direct_sku_or_label_evidence,sku_or_label_level,medium_high,high,candidate_for_strict_audit,pending_step16i,hershey,cocoa_chocolate; packaging,benchmark_not_invoice; supplier_claim_not_sku_confirmed,"hershey / cocoa_chocolate, packaging / dairy_milk_skim_milk_milk_fat may support ingredient, label, or product identity evidence. Use for product label, wrapper, ingredient, or SKU identity evidence. Do not infer supplier allocation.","ustainable agriculture
Impact on economy, environment and society
Influence on stakeholder decisions and assessments
13 
The Hershey Company | 2021 ESG Report
The Big Picture Our Company Cocoa Responsible Sourcing and Human Rights Environment Our People Youth Community About This Report
Our Company


--- PAGE 14 ---
Our Snacks Portfolio
We craft sn"
EEVID_0e28e57d73400d65,dairy_milk_skim_milk_milk_fat,hershey_latest_esg_dairy_section.pdf,text_or_table,unified_memory_scan,retail_price,retail_price_evidence,direct_product_or_label_evidence,direct_sku_or_label_evidence,sku_or_label_level,medium_high,high,candidate_for_strict_audit,pending_step16i,hershey,cocoa_chocolate; milk_dairy; sugar,benchmark_not_invoice; retail_observation_not_margin; supplier_claim_not_sku_confirmed,"hershey / cocoa_chocolate, milk_dairy, sugar / dairy_milk_skim_milk_milk_fat may support observed retail page or price evidence. Use for product label, wrapper, ingredient, or SKU identity evidence. Do not infer supplier allocation.","added the 
fastest growing pretzel brand in the U.S. to 
The Hershey Company when we finalized our 
acquisitions of Dot’s Pretzels, LLC (“Dot’s”) and 
Pretzels Inc. (“Pretzels”) in December 2021. 
Together, Dot’s and Pretzels manufacture and 
distribute filled, gluten-free and seasoned 
pretzels and other salty snack food products to 
retailers and"
EEVID_643cdc775b3c4bb6,dairy_milk_skim_milk_milk_fat,hershey_latest_esg_dairy_section.pdf,text_or_table,unified_memory_scan,ingredient_confirmation,ingredient_or_label_evidence,direct_product_or_label_evidence,direct_sku_or_label_evidence,sku_or_label_level,medium_high,high,candidate_for_strict_audit,pending_step16i,hershey,cocoa_chocolate,supplier_claim_not_sku_confirmed,"hershey / cocoa_chocolate / dairy_milk_skim_milk_milk_fat may support ingredient, label, or product identity evidence. Use for product label, wrapper, ingredient, or SKU identity evidence. Do not infer supplier allocation.","tLabel™ page and provided 
with a wide range of product information 
including information on nutrition, ingredients 
and their definitions, allergens and whether 
the product is gluten-free. 
DOT’S 
HOMESTYLE 
PRETZEL 
snacks
N
E
W
 
I
N
 
2
0
2
1
N
E
W
 
I
N
 
2
0
2
1
LILY’S
Sweets
15 
The Hershey Company | 2021 ESG Report
The Big Picture Our Com"
EEVID_346d41381f34d39e,dairy_milk_skim_milk_milk_fat,hershey_latest_esg_dairy_section.pdf,text_or_table,unified_memory_scan,ingredient_confirmation,ingredient_or_label_evidence,direct_product_or_label_evidence,direct_sku_or_label_evidence,sku_or_label_level,medium_high,high,candidate_for_strict_audit,pending_step16i,hershey,cocoa_chocolate,benchmark_not_invoice; supplier_claim_not_sku_confirmed,"hershey / cocoa_chocolate / dairy_milk_skim_milk_milk_fat may support ingredient, label, or product identity evidence. Use for product label, wrapper, ingredient, or SKU identity evidence. Do not infer supplier allocation.","s training 
is required for 100% of our manufacturing 
facility employees and is incorporated into 
the integration process for any acquired 
manufacturing facilities. Additionally, specific 
food safety and quality training programs 
were created and implemented for Hershey 
quality assurance, engineering, compliance and 
marketing professionals.
"
EEVID_31d9fdec32a2f19b,dairy_milk_skim_milk_milk_fat,hershey_latest_esg_dairy_section.pdf,text_or_table,unified_memory_scan,ingredient_confirmation,ingredient_or_label_evidence,direct_product_or_label_evidence,direct_sku_or_label_evidence,sku_or_label_level,medium_high,high,candidate_for_strict_audit,pending_step16i,hershey,cocoa_chocolate,benchmark_not_invoice; supplier_claim_not_sku_confirmed,"hershey / cocoa_chocolate / dairy_milk_skim_milk_milk_fat may support ingredient, label, or product identity evidence. Use for product label, wrapper, ingredient, or SKU identity evidence. Do not infer supplier allocation.","ies and ingredients suppliers do not include any facilities or suppliers associated with Lily’s, Dot’s, or Pretzels.
16 
The Hershey Company | 2021 ESG Report
The Big Picture Our Company Cocoa Responsible Sourcing and Human Rights Environment Our People Youth Community About This Report
Our Company


--- PAGE 17 ---
Marketing Responsibly
We are com"
EEVID_33c51fe88add4127,dairy_milk_skim_milk_milk_fat,hershey_latest_esg_dairy_section.pdf,text_or_table,unified_memory_scan,retail_price,retail_price_evidence,direct_product_or_label_evidence,direct_sku_or_label_evidence,sku_or_label_level,medium_high,high,candidate_for_strict_audit,pending_step16i,hershey,cocoa_chocolate,benchmark_not_invoice; retail_observation_not_margin; supplier_claim_not_sku_confirmed,"hershey / cocoa_chocolate / dairy_milk_skim_milk_milk_fat may support observed retail page or price evidence. Use for product label, wrapper, ingredient, or SKU identity evidence. Do not infer supplier allocation.","the MCIC kicked off a national 
schedule of customer visits to all channels 
starting in February 2022.
3
The Hershey Insights 
Network (HIN) 
HIN is a virtual platform for Hershey 
to remotely engage with its partners. 
Operating like a live television newsroom, it 
is equipped with a multi-camera studio and 
green-screen capabilities to deliver s"
EEVID_6c64a2747b8f5c49,dairy_milk_skim_milk_milk_fat,hershey_latest_esg_dairy_section.pdf,text_or_table,unified_memory_scan,ingredient_confirmation,ingredient_or_label_evidence,direct_product_or_label_evidence,direct_sku_or_label_evidence,sku_or_label_level,medium_high,high,candidate_for_strict_audit,pending_step16i,hershey,cocoa_chocolate,benchmark_not_invoice; supplier_claim_not_sku_confirmed,"hershey / cocoa_chocolate / dairy_milk_skim_milk_milk_fat may support ingredient, label, or product identity evidence. Use for product label, wrapper, ingredient, or SKU identity evidence. Do not infer supplier allocation.","s labeled and/or marketed to promote health and nutrition attributes 
(USD in millions)2
$644.4
$520.8
$432.3
2 These values represent revenue from our snacks portfolio, which includes ready-to-eat popcorn with no artificial ingredients, baked and trans-fat-free snacks, protein bars and other better-for-you snacks.
1 
The weight of products sold r"
EEVID_9b03b71833b3c879,dairy_milk_skim_milk_milk_fat,hershey_latest_esg_dairy_section.pdf,text_or_table,unified_memory_scan,ingredient_confirmation,ingredient_or_label_evidence,direct_product_or_label_evidence,direct_sku_or_label_evidence,sku_or_label_level,medium_high,high,candidate_for_strict_audit,pending_step16i,hershey,cocoa_chocolate; milk_dairy; packaging; sugar,benchmark_not_invoice; supplier_claim_not_sku_confirmed,"hershey / cocoa_chocolate, milk_dairy, packaging, sugar / dairy_milk_skim_milk_milk_fat may support ingredient, label, or product identity evidence. Use for product label, wrapper, ingredient, or SKU identity evidence. Do not infer supplier allocation.","c racism is 
a human rights issue. We have a longstanding 
commitment to DEI and we are accelerating our 
efforts to be a more inclusive company 
(see page 67).
Climate Justice 
and Human Rights
Climate change poses a significant threat 
to human rights globally. Its impacts 
disrupt global food supplies and threaten 
livelihoods. Vulnerable commun"
EEVID_b5d4801d2b06cb73,dairy_milk_skim_milk_milk_fat,hershey_latest_esg_dairy_section.pdf,text_or_table,unified_memory_scan,ingredient_confirmation,ingredient_or_label_evidence,direct_product_or_label_evidence,direct_sku_or_label_evidence,sku_or_label_level,medium_high,high,candidate_for_strict_audit,pending_step16i,hershey,cocoa_chocolate,supplier_claim_not_sku_confirmed,"hershey / cocoa_chocolate / dairy_milk_skim_milk_milk_fat may support ingredient, label, or product identity evidence. Use for product label, wrapper, ingredient, or SKU identity evidence. Do not infer supplier allocation.","tious goals 
and strategies across our priority ingredients 
and materials. 
Our responsible sourcing commitments 
account for social and environmental challenges 
faced in the communities and ecosystems 
where our priority ingredients and materials 
come from. While working with suppliers and 
farmers to address these issues, we implement 
a varie"
EEVID_d9d2f14f504507d6,dairy_milk_skim_milk_milk_fat,hershey_latest_esg_dairy_section.pdf,text_or_table,unified_memory_scan,retail_price,retail_price_evidence,direct_product_or_label_evidence,direct_sku_or_label_evidence,sku_or_label_level,medium_high,high,candidate_for_strict_audit,pending_step16i,hershey,cocoa_chocolate; packaging,retail_observation_not_margin; supplier_claim_not_sku_confirmed,"hershey / cocoa_chocolate, packaging / dairy_milk_skim_milk_milk_fat may support observed retail page or price evidence. Use for product label, wrapper, ingredient, or SKU identity evidence. Do not infer supplier allocation.","on page 47. 
2 The Responsible Recruitment Program applies to all labor agencies that provide contingent labor or labor services to Hershey owned and operated offices and manufacturing sites. See page 35 for program details.
43 
The Hershey Company | 2021 ESG Report
The Big Picture Our Company Cocoa Responsible Sourcing and Human Rights Environment"
EEVID_1fffd2c6e60909be,dairy_milk_skim_milk_milk_fat,hershey_latest_esg_dairy_section.pdf,text_or_table,unified_memory_scan,ingredient_confirmation,ingredient_or_label_evidence,direct_product_or_label_evidence,direct_sku_or_label_evidence,sku_or_label_level,medium_high,high,candidate_for_strict_audit,pending_step16i,hershey,cocoa_chocolate; milk_dairy; packaging; sugar,benchmark_not_invoice; supplier_claim_not_sku_confirmed,"hershey / cocoa_chocolate, milk_dairy, packaging, sugar / dairy_milk_skim_milk_milk_fat may support ingredient, label, or product identity evidence. Use for product label, wrapper, ingredient, or SKU identity evidence. Do not infer supplier allocation.","h America
0.84
0.07
0.07
Rest of Asia
2.40
0.36
0.36
Rest of Latin America 
0.00
0.00
0.00
46 
The Hershey Company | 2021 ESG Report
The Big Picture Our Company Cocoa Responsible Sourcing and Human Rights Environment Our People Youth Community About This Report
Responsible Sourcing and Human Rights


--- PAGE 47 ---
RESPONSIBLE SOURCING INGREDIENT "
EEVID_5349892356a37829,dairy_milk_skim_milk_milk_fat,hershey_latest_esg_dairy_section.pdf,text_or_table,unified_memory_scan,ingredient_confirmation,ingredient_or_label_evidence,direct_product_or_label_evidence,direct_sku_or_label_evidence,sku_or_label_level,medium_high,high,candidate_for_strict_audit,pending_step16i,hershey,cocoa_chocolate; packaging,benchmark_not_invoice; supplier_claim_not_sku_confirmed,"hershey / cocoa_chocolate, packaging / dairy_milk_skim_milk_milk_fat may support ingredient, label, or product identity evidence. Use for product label, wrapper, ingredient, or SKU identity evidence. Do not infer supplier allocation.","99.5%
100% 
Source pulp and paper packaging (by volume) from recycled or certified sources 
globally5
100% by 2025 
68.5%
Not applicable
Coconut
Source certified coconut (by volume) through Fair Trade USA6
100% by 2020 
96%
100% 
Eggs
Source certified cage-free eggs (by volume) for the U.S. and Canadian markets 
from cage-free farms that are in acc"
EEVID_88ac5e1593765f8b,dairy_milk_skim_milk_milk_fat,hershey_latest_esg_dairy_section.pdf,text_or_table,unified_memory_scan,ingredient_confirmation,ingredient_or_label_evidence,direct_product_or_label_evidence,direct_sku_or_label_evidence,sku_or_label_level,medium_high,high,candidate_for_strict_audit,pending_step16i,hershey,,supplier_claim_not_sku_confirmed,"hershey / dairy_milk_skim_milk_milk_fat may support ingredient, label, or product identity evidence. Use for product label, wrapper, ingredient, or SKU identity evidence. Do not infer supplier allocation.","ces 
Institute — we began to identify priority areas to 
create more sustainable water systems and help 
future-proof growth against climate change. 
While the SBTN pilot methodology only 
requires the use of two indicators in the 
Aqueduct tool, we chose to review all 13 
indicators of physical water quantity and quality 
risks and safe drinking w"
EEVID_716b4e19dfd16da9,dairy_milk_skim_milk_milk_fat,hershey_latest_esg_dairy_section.pdf,text_or_table,unified_memory_scan,ingredient_confirmation,ingredient_or_label_evidence,direct_product_or_label_evidence,direct_sku_or_label_evidence,sku_or_label_level,medium_high,high,candidate_for_strict_audit,pending_step16i,hershey,cocoa_chocolate,benchmark_not_invoice; supplier_claim_not_sku_confirmed,"hershey / cocoa_chocolate / dairy_milk_skim_milk_milk_fat may support ingredient, label, or product identity evidence. Use for product label, wrapper, ingredient, or SKU identity evidence. Do not infer supplier allocation.","gy for this calculation is based on mass of ingredients sourced and the Aqueduct Water Risk Atlas and WWF Water Risk Filter. This assessment was first completed for Hershey’s food ingredients in 2021.
2 The methodology for our Operational Water Footprint By Factory analysis is based on the Aqueduct Water Risk Atlas and Hershey’s internal benchmarki"
EEVID_a6ce62e19d5c31c9,dairy_milk_skim_milk_milk_fat,land_o_lakes_2025_annual_report.pdf,text_or_table,unified_memory_scan,ingredient_confirmation,ingredient_or_label_evidence,direct_product_or_label_evidence,direct_sku_or_label_evidence,sku_or_label_level,medium_high,high,candidate_for_strict_audit,pending_step16i,land_olakes,,benchmark_not_invoice; supplier_claim_not_sku_confirmed,"land_olakes / dairy_milk_skim_milk_milk_fat may support ingredient, label, or product identity evidence. Use for product label, wrapper, ingredient, or SKU identity evidence. Do not infer supplier allocation.","commitment. This includes 
showing up for our members, 
employees and their communities 
where and when it matters most. 
Whether it’s advocating for the 
ag industry, fighting hunger or 
coming together in times of need, 
our cooperative’s true strength 
lies in working together and 
giving back.


--- PAGE 26 ---
2025 ANNUAL REPORT
 24 | 
At the "
EEVID_598dc4c18d46bff4,dairy_milk_skim_milk_milk_fat,land_o_lakes_2025_annual_report.pdf,text_or_table,unified_memory_scan,retail_price,retail_price_evidence,direct_product_or_label_evidence,direct_sku_or_label_evidence,sku_or_label_level,medium_high,high,candidate_for_strict_audit,pending_step16i,hershey; land_olakes,cocoa_chocolate; milk_dairy,benchmark_not_invoice; retail_observation_not_margin; supplier_claim_not_sku_confirmed,"hershey, land_olakes / cocoa_chocolate, milk_dairy / dairy_milk_skim_milk_milk_fat may support observed retail page or price evidence. Use for product label, wrapper, ingredient, or SKU identity evidence. Do not infer supplier allocation.","vestment and really work to 
protect our corn yields from the worst 
southern rust. What I like about SECURE 
Financing is that you get to work with a 
WinField United agronomist who truly gets 
that farming is all about looking at the big 
picture and how everything works together.” 
This spirit of collaboration has extended 
to thousands of growe"
EEVID_e9b5958cdd5b163f,dairy_milk_skim_milk_milk_fat,land_o_lakes_2025_annual_report.pdf,text_or_table,unified_memory_scan,ingredient_confirmation,ingredient_or_label_evidence,direct_product_or_label_evidence,direct_sku_or_label_evidence,sku_or_label_level,medium_high,high,candidate_for_strict_audit,pending_step16i,hershey; land_olakes,cocoa_chocolate; milk_dairy,supplier_claim_not_sku_confirmed,"hershey, land_olakes / cocoa_chocolate, milk_dairy / dairy_milk_skim_milk_milk_fat may support ingredient, label, or product identity evidence. Use for product label, wrapper, ingredient, or SKU identity evidence. Do not infer supplier allocation.","ue of members’ milk production. In 2025, 
the Member Relations and Global Dairy Ingredients 
teams also worked with The Hershey Company to offer a 
unique risk management program for our member-owners 
who supply milk to the chocolate maker. 
You don’t know when a storm cloud is going to 
hit and the bottom is going to drop out. Risk 
management of"
EEVID_d520e82b3a984868,dairy_milk_skim_milk_milk_fat,land_o_lakes_hershey_chesapeake_bay_page.pdf,visual_ocr,unified_memory_scan,ingredient_confirmation,ingredient_or_label_evidence,direct_product_or_label_evidence,direct_sku_or_label_evidence,sku_or_label_level,medium_high,high,candidate_for_strict_audit,pending_step16i,hershey; land_olakes,milk_dairy,benchmark_not_invoice; ocr_text_requires_visual_confidence_review; supplier_claim_not_sku_confirmed,"hershey, land_olakes / milk_dairy / dairy_milk_skim_milk_milk_fat may support ingredient, label, or product identity evidence. Use for product label, wrapper, ingredient, or SKU identity evidence. Do not infer supplier allocation.","want to know more about how some farms can turn manure from waste to fuel
and ask us to explain the cycle of harvesting crops and then returning nutrients to
the field to fertilize the next crop. You can also see the surprise on their faces when
they see the effort and precision it takes for us to mix the correct ingredients for our
cows’ rations. "
EEVID_e6a245e45b64396b,dairy_milk_skim_milk_milk_fat,land_o_lakes_hershey_chesapeake_bay_page.pdf,visual_ocr,unified_memory_scan,ingredient_confirmation,ingredient_or_label_evidence,direct_product_or_label_evidence,direct_sku_or_label_evidence,sku_or_label_level,medium_high,high,candidate_for_strict_audit,pending_step16i,hershey; land_olakes,milk_dairy,ocr_text_requires_visual_confidence_review,"hershey, land_olakes / milk_dairy / dairy_milk_skim_milk_milk_fat may support ingredient, label, or product identity evidence. Use for product label, wrapper, ingredient, or SKU identity evidence. Do not infer supplier allocation.","armers have already implemented or are in the
process of implementing new sustainability practices.
The Alliance, Hershey, and Land O'Lakes have been working together since 2021 on
an initiative called “Sustainable Dairy PA.” The initiative takes a collaborative,
industry-led and public sector-supported approach to accelerate on-farm
conservation e"
EEVID_aae5cb9ddfc76c74,dairy_milk_skim_milk_milk_fat,milk_fat_butterfat_explanation.pdf,visual_ocr,unified_memory_scan,ingredient_confirmation,ingredient_or_label_evidence,direct_product_or_label_evidence,direct_sku_or_label_evidence,sku_or_label_level,medium_high,high,candidate_for_strict_audit,pending_step16i,,milk_dairy,benchmark_not_invoice; ocr_text_requires_visual_confidence_review,"milk_dairy / dairy_milk_skim_milk_milk_fat may support ingredient, label, or product identity evidence. Use for product label, wrapper, ingredient, or SKU identity evidence. Do not infer supplier allocation.","--- VISUAL OCR PAGE 1: page_001.png ---
ORNS About Organic Valley ~ Products Recipes Our Farmers ~ Learn ~ Q
All > Food
What Is Butterfat?
by Jackie Thesing | March 10, 2023 Read Time: 5 min
th nn. ~ = = ee A ~~ oO —— ele
a . ° a — Y | 4 = eae |
ae) +) : 7 LC) \ meds |
v4 — WEE ey i
ie 2 PD ‘SS 1. x is
= i Cary i eal / |
37 =e - — OTN Ne
Ca — am \
"
EEVID_96e3bcc353308857,dairy_milk_skim_milk_milk_fat,milk_processing_separation_explanation.pdf,text_or_table,unified_memory_scan,ingredient_confirmation,ingredient_or_label_evidence,direct_product_or_label_evidence,direct_sku_or_label_evidence,sku_or_label_level,medium_high,high,candidate_for_strict_audit,pending_step16i,,milk_dairy; packaging,supplier_claim_not_sku_confirmed,"milk_dairy, packaging / dairy_milk_skim_milk_milk_fat may support ingredient, label, or product identity evidence. Use for product label, wrapper, ingredient, or SKU identity evidence. Do not infer supplier allocation.","tely protect the product, and minimize the growth of mold. Adequate circulation of air 
shall be maintained at all times. They shall be free from rodents, insects, and pests. Shelves 
shall be kept clean and dry. Refrigeration units shall have provisions for collecting and 
disposing of condensate.


--- PAGE 20 ---
19 
 
(2) Supply Room. The suppl"
EEVID_bfad3ec395e0aa07,dairy_milk_skim_milk_milk_fat,milk_processing_separation_explanation.pdf,text_or_table,unified_memory_scan,ingredient_confirmation,ingredient_or_label_evidence,direct_product_or_label_evidence,direct_sku_or_label_evidence,sku_or_label_level,medium_high,high,candidate_for_strict_audit,pending_step16i,,milk_dairy,,"milk_dairy / dairy_milk_skim_milk_milk_fat may support ingredient, label, or product identity evidence. Use for product label, wrapper, ingredient, or SKU identity evidence. Do not infer supplier allocation.","nol value of test 
samples of pasteurized finished product shall be no greater than the maximum specified for the 
particular product as determined and specified by the phosphatase test method prescribed in the 
latest edition of ""Official Methods of Analysis of the Association of Official Agricultural 
Chemists."" 
 
E 1.11 Composition and wholesom"
EEVID_8e2ad08f05faaa89,dairy_milk_skim_milk_milk_fat,milk_processing_separation_explanation.pdf,text_or_table,unified_memory_scan,ingredient_confirmation,ingredient_or_label_evidence,direct_product_or_label_evidence,direct_sku_or_label_evidence,sku_or_label_level,medium_high,high,candidate_for_strict_audit,pending_step16i,,packaging,supplier_claim_not_sku_confirmed,"packaging / dairy_milk_skim_milk_milk_fat may support ingredient, label, or product identity evidence. Use for product label, wrapper, ingredient, or SKU identity evidence. Do not infer supplier allocation.","xcept, that the temperature for 
the vat method shall be not less than 1700 F. for not less than 30 minutes, or not less than 1900 F. 
for not less than 15 seconds or by any other temperature and holding time which will assure 
adequate pasteurization and comparable keeping-quality characteristics.


--- PAGE 39 ---
38 
 
E 3.3.2 Composition and wh"
EEVID_f64af650149e7413,dairy_milk_skim_milk_milk_fat,milk_processing_separation_explanation.pdf,text_or_table,unified_memory_scan,ingredient_confirmation,ingredient_or_label_evidence,direct_product_or_label_evidence,direct_sku_or_label_evidence,sku_or_label_level,medium_high,high,candidate_for_strict_audit,pending_step16i,,milk_dairy; packaging,supplier_claim_not_sku_confirmed,"milk_dairy, packaging / dairy_milk_skim_milk_milk_fat may support ingredient, label, or product identity evidence. Use for product label, wrapper, ingredient, or SKU identity evidence. Do not infer supplier allocation.",". Care 
shall be taken to prevent the entrance of cheese particles or ingredients after the cooker batch of 
cheese has reached the final heating temperature. After holding for the required period of time, 
the hot cheese shall be emptied from the cooker as quickly as possible. 
 
 
E 6.2.3 Forming containers. Containers either lined or unlined sha"
EEVID_d1a7211c202b98d2,dairy_milk_skim_milk_milk_fat,nonfat_dry_milk_skim_milk_explanation.pdf,visual_ocr,unified_memory_scan,ingredient_confirmation,ingredient_or_label_evidence,direct_product_or_label_evidence,direct_sku_or_label_evidence,sku_or_label_level,medium_high,high,candidate_for_strict_audit,pending_step16i,,milk_dairy,ocr_text_requires_visual_confidence_review; supplier_claim_not_sku_confirmed,"milk_dairy / dairy_milk_skim_milk_milk_fat may support ingredient, label, or product identity evidence. Use for product label, wrapper, ingredient, or SKU identity evidence. Do not infer supplier allocation.","--- VISUAL OCR PAGE 1: page_001.png ---
7 Portugués TiéngViét Espafol Baas stSO} py i a
i e e ;
! hink USA Dairy Search for LQ | ;

Discover U.S. Dairy Supplier Search Using Dairy Nutrition & Trends About USDEC
Discover U.S. Dairy U.S. DAIRY PRODUCTS > MILK POWDERS > MILK POWDER CATEGORIES
Je See eens, Non-fat Dry Milk & Skim Milk
Industry Facts an"
EEVID_97ae875ed7387602,hershey_company,Palm-Oil-The-Hershey-Company-05-06-2026_02_22_PM.pdf,visual_ocr,unified_memory_scan,ingredient_confirmation,ingredient_or_label_evidence,direct_product_or_label_evidence,direct_sku_or_label_evidence,sku_or_label_level,medium_high,high,candidate_for_strict_audit,pending_step16i,hershey,,ocr_text_requires_visual_confidence_review; supplier_claim_not_sku_confirmed,"hershey / hershey_company may support ingredient, label, or product identity evidence. Use for product label, wrapper, ingredient, or SKU identity evidence. Do not infer supplier allocation.","--- VISUAL OCR PAGE 1: page_001.png ---
CAREERS MEDIA INVESTORS
eS
HERSHEY < ABOUT US BRANDS INGREDIENTS SUSTAINABILITY INNOVATION NEWSROOM Q
f& > Home > Sustainability > Sustainability Issues
Palm Oil N
e
Our Approach to Responsibly Sourced
Palm Oil
Sustainably grown palm oil can also reduce pressure on forests and biodiversity, support
smallholde"
EEVID_afdc429d34a3f2fd,hershey_company,hershey_2025_10k_full.pdf,visual_ocr,unified_memory_scan,retail_price,retail_price_evidence,direct_product_or_label_evidence,direct_sku_or_label_evidence,sku_or_label_level,medium_high,high,candidate_for_strict_audit,pending_step16i,hershey,cocoa_chocolate,benchmark_not_invoice; ocr_text_requires_visual_confidence_review; retail_observation_not_margin,"hershey / cocoa_chocolate / hershey_company may support observed retail page or price evidence. Use for product label, wrapper, ingredient, or SKU identity evidence. Do not infer supplier allocation.","olate and non-chocolate confectionery,
gum and refreshment products, protein bars, spreads, snack bites and mixes, as well as pantry and food service lines. This
segment also includes our retail operations, including Hershey’s Chocolate World stores in Hershey, Pennsylvania; New York,
New York; Las Vegas, Nevada; Niagara Falls (Ontario) and Singapo"
EEVID_7f6e196ee0ced2dc,hershey_company,hershey_2025_10k_full.pdf,visual_ocr,unified_memory_scan,ingredient_confirmation,ingredient_or_label_evidence,direct_product_or_label_evidence,direct_sku_or_label_evidence,sku_or_label_level,medium_high,high,candidate_for_strict_audit,pending_step16i,hershey,cocoa_chocolate,benchmark_not_invoice; ocr_text_requires_visual_confidence_review,"hershey / cocoa_chocolate / hershey_company may support ingredient, label, or product identity evidence. Use for product label, wrapper, ingredient, or SKU identity evidence. Do not infer supplier allocation.","nd.
Products and Brands
Our principal product offerings include chocolate and non-chocolate confectionery products; gum and mint refreshment products and
protein bars; snack items such as popcorn, pretzels, spreads, snack bites and mixes; and pantry items, such as baking ingredients,
toppings and beverages.
¢ Within our North America Confectionery "
EEVID_1b78383b05aa1b18,hershey_company,hershey_2025_10k_full.pdf,visual_ocr,unified_memory_scan,ingredient_confirmation,ingredient_or_label_evidence,direct_product_or_label_evidence,direct_sku_or_label_evidence,sku_or_label_level,medium_high,high,candidate_for_strict_audit,pending_step16i,,milk_dairy; packaging,ocr_text_requires_visual_confidence_review; supplier_claim_not_sku_confirmed,"milk_dairy, packaging / hershey_company may support ingredient, label, or product identity evidence. Use for product label, wrapper, ingredient, or SKU identity evidence. Do not infer supplier allocation.","rights under these agreements are extendible on a long-term basis at our option. Our most significant licensing
agreements are as follows:
Company Brand Location Requirements
Kraft Foods Ireland Intellectual Property york Paul Almond Jov Worldwide None
Limited/Cadbury UK Limited ond JOY
Peter Paul Mounds
; Minimum sales
Cadbury UK Limited Cadbury U"
EEVID_8738c024ef249739,hershey_company,hershey_2025_10k_full.pdf,visual_ocr,unified_memory_scan,ingredient_confirmation,ingredient_or_label_evidence,direct_product_or_label_evidence,direct_sku_or_label_evidence,sku_or_label_level,medium_high,high,candidate_for_strict_audit,pending_step16i,hershey,cocoa_chocolate; packaging,ocr_text_requires_visual_confidence_review; supplier_claim_not_sku_confirmed,"hershey / cocoa_chocolate, packaging / hershey_company may support ingredient, label, or product identity evidence. Use for product label, wrapper, ingredient, or SKU identity evidence. Do not infer supplier allocation.","are safe, are of
high quality and comply with applicable laws and regulations.
Through our Product Excellence Program, we evaluate our supply chain including ingredients, packaging, processes, products,
distribution and the environment to determine where product quality and safety controls are necessary. We identify risks and establish
controls int"
EEVID_0f071aa9a585de14,hershey_company,hershey_2025_10k_full.pdf,visual_ocr,unified_memory_scan,ingredient_confirmation,ingredient_or_label_evidence,direct_product_or_label_evidence,direct_sku_or_label_evidence,sku_or_label_level,medium_high,high,candidate_for_strict_audit,pending_step16i,hershey,cocoa_chocolate,benchmark_not_invoice; ocr_text_requires_visual_confidence_review; supplier_claim_not_sku_confirmed,"hershey / cocoa_chocolate / hershey_company may support ingredient, label, or product identity evidence. Use for product label, wrapper, ingredient, or SKU identity evidence. Do not infer supplier allocation.","ations, capital expenditures or competitive position.
Sustainability
The Company’s commitment to sustainability started with our founder’s belief in responsible citizenship. He was a purpose-driven
leader who believed we could use chocolate to Make More Moments of Goodness in the world for our consumers today and for many
generations to come. This "
EEVID_adcf4aecead02771,hershey_company,hershey_2025_10k_full.pdf,visual_ocr,unified_memory_scan,ingredient_confirmation,ingredient_or_label_evidence,direct_product_or_label_evidence,direct_sku_or_label_evidence,sku_or_label_level,medium_high,high,candidate_for_strict_audit,pending_step16i,hershey,packaging,ocr_text_requires_visual_confidence_review; supplier_claim_not_sku_confirmed,"hershey / packaging / hershey_company may support ingredient, label, or product identity evidence. Use for product label, wrapper, ingredient, or SKU identity evidence. Do not infer supplier allocation.","is Annual Report on Form 10-K or any other report filed with the SEC.

a
Table of Contents The Hershey Company | 2024 Form 10-K | Page 8 a

https://www.sec.gov/Archives/edgar/data/47 111/000004711125000014/hsy-20241231.htm 14/142

--- VISUAL OCR PAGE 15: page_015.png ---
5/6/26, 1:25 PM hsy-20241231

Item 1A. RISK FACTORS
You should carefully read "
EEVID_2cd0756a0b9218b9,hershey_company,hershey_2025_10k_full.pdf,visual_ocr,unified_memory_scan,ingredient_confirmation,ingredient_or_label_evidence,direct_product_or_label_evidence,direct_sku_or_label_evidence,sku_or_label_level,medium_high,high,candidate_for_strict_audit,pending_step16i,,packaging,benchmark_not_invoice; ocr_text_requires_visual_confidence_review; supplier_claim_not_sku_confirmed,"packaging / hershey_company may support ingredient, label, or product identity evidence. Use for product label, wrapper, ingredient, or SKU identity evidence. Do not infer supplier allocation.","to do so again in the future. Negative publicity related to these types of concerns, or related to product contamination or product
tampering, whether valid or not, could decrease demand for our products or cause production and delivery disruptions. In addition,
negative publicity related to our environmental, social or governance practices could a"
EEVID_6f4cf60b139b411d,hershey_company,hershey_2025_10k_full.pdf,visual_ocr,unified_memory_scan,ingredient_confirmation,ingredient_or_label_evidence,direct_product_or_label_evidence,direct_sku_or_label_evidence,sku_or_label_level,medium_high,high,candidate_for_strict_audit,pending_step16i,,cocoa_chocolate,benchmark_not_invoice; ocr_text_requires_visual_confidence_review; supplier_claim_not_sku_confirmed,"cocoa_chocolate / hershey_company may support ingredient, label, or product identity evidence. Use for product label, wrapper, ingredient, or SKU identity evidence. Do not infer supplier allocation.","olders on climate change issues, could negatively affect our business and operations.
Climate-related changes can increase variability in, or otherwise impact, natural disasters, including weather patterns, with the potential
for increased frequency and severity of significant weather events, natural hazards, rising mean temperature and sea levels,"
EEVID_a9c31e9474e51a2f,hershey_company,hershey_2025_10k_full.pdf,visual_ocr,unified_memory_scan,retail_price,retail_price_evidence,direct_product_or_label_evidence,direct_sku_or_label_evidence,sku_or_label_level,medium_high,high,candidate_for_strict_audit,pending_step16i,hershey; mclane,packaging,benchmark_not_invoice; ocr_text_requires_visual_confidence_review; retail_observation_not_margin; supplier_claim_not_sku_confirmed,"hershey, mclane / packaging / hershey_company may support observed retail page or price evidence. Use for product label, wrapper, ingredient, or SKU identity evidence. Do not infer supplier allocation.","mption. If we are not able to increase our selling prices or reduce product sizes (including if
inflation outpaces our pricing elasticity) sufficiently, or in a timely manner, to offset increased raw material, energy or other input costs,
including packaging, freight, tariffs, direct labor, overhead and employee benefits, or if our sales volume dec"
EEVID_8e71604eee97847f,hershey_company,hershey_latest_esg_sugar_section.pdf,text_or_table,unified_memory_scan,ingredient_confirmation,ingredient_or_label_evidence,direct_product_or_label_evidence,direct_sku_or_label_evidence,sku_or_label_level,medium_high,high,candidate_for_strict_audit,pending_step16i,hershey,cocoa_chocolate; packaging,benchmark_not_invoice; supplier_claim_not_sku_confirmed,"hershey / cocoa_chocolate, packaging / hershey_company may support ingredient, label, or product identity evidence. Use for product label, wrapper, ingredient, or SKU identity evidence. Do not infer supplier allocation.","--- PAGE 1 ---


--- PAGE 2 ---
Table of Contents
03 Making Good for Our Future
04 A Message from Our CEO
05 A Message from Our CSO
06 Double Materiality Assessment
07 Our ESG Approach and Priorities
08 Progress Toward Our Priority Goals
09 Stakeholder Engagement and 
Select Memberships and Partnerships
10
Our ESG Governance
11
Awards and Recogniti"
EEVID_ada8c5cb574e7fe6,hershey_company,hershey_latest_esg_sugar_section.pdf,text_or_table,unified_memory_scan,ingredient_confirmation,ingredient_or_label_evidence,direct_product_or_label_evidence,direct_sku_or_label_evidence,sku_or_label_level,medium_high,high,candidate_for_strict_audit,pending_step16i,hershey,cocoa_chocolate; packaging,supplier_claim_not_sku_confirmed,"hershey / cocoa_chocolate, packaging / hershey_company may support ingredient, label, or product identity evidence. Use for product label, wrapper, ingredient, or SKU identity evidence. Do not infer supplier allocation.","ve on our most material risks, 
opportunities and how we hold ourselves to the highest 
integrity, quality and safety standards. 
We remain committed to driving positive impact in our six 
sustainability focus areas: cocoa, environment, responsible 
sourcing and human rights, people, youth and community. 
This report highlights Hershey’s progress a"
EEVID_c71bf3d4fb7bfae1,hershey_company,hershey_latest_esg_sugar_section.pdf,text_or_table,unified_memory_scan,ingredient_confirmation,ingredient_or_label_evidence,direct_product_or_label_evidence,direct_sku_or_label_evidence,sku_or_label_level,medium_high,high,candidate_for_strict_audit,pending_step16i,hershey,cocoa_chocolate; packaging,benchmark_not_invoice; supplier_claim_not_sku_confirmed,"hershey / cocoa_chocolate, packaging / hershey_company may support ingredient, label, or product identity evidence. Use for product label, wrapper, ingredient, or SKU identity evidence. Do not infer supplier allocation.","list of definitions for each material 
issue, see pages 115-116 of our 2023 ESG Report. 
Very High Impact
High Impact
Moderate Impact
Environmental 
Biodiversity
Soil health
Deforestation
Waste management
Energy management
GHG emissions and 
climate change
Packaging and end-of-life
Water use
Social
Child labor
Employee attraction, 
retention and de"
EEVID_6fd646a643e7e1a3,hershey_company,hershey_latest_esg_sugar_section.pdf,text_or_table,unified_memory_scan,ingredient_confirmation,ingredient_or_label_evidence,direct_product_or_label_evidence,direct_sku_or_label_evidence,sku_or_label_level,medium_high,high,candidate_for_strict_audit,pending_step16i,hershey,cocoa_chocolate; packaging,supplier_claim_not_sku_confirmed,"hershey / cocoa_chocolate, packaging / hershey_company may support ingredient, label, or product identity evidence. Use for product label, wrapper, ingredient, or SKU identity evidence. Do not infer supplier allocation.","ant ingredients. Improving 
farmer incomes and professionalizing farming practices 
promotes cocoa-growing communities’ well-being and the 
long-term security of cocoa supply. Economically secure 
communities are less likely to make choices that would 
damage natural ecosystems and impact our procurement 
and responsible sourcing work.
Systems thin"
EEVID_3da8e768820204e4,hershey_company,hershey_latest_esg_sugar_section.pdf,text_or_table,unified_memory_scan,ingredient_confirmation,ingredient_or_label_evidence,direct_product_or_label_evidence,direct_sku_or_label_evidence,sku_or_label_level,medium_high,high,candidate_for_strict_audit,pending_step16i,hershey,cocoa_chocolate; packaging,benchmark_not_invoice; supplier_claim_not_sku_confirmed,"hershey / cocoa_chocolate, packaging / hershey_company may support ingredient, label, or product identity evidence. Use for product label, wrapper, ingredient, or SKU identity evidence. Do not infer supplier allocation.","representation across U.S. employees
2025
 28.5 %
8, 9
50% hazard reduction for job functions with ergonomic risks through process improvements
2025
 24.6 %
10
Youth
50 million children globally supported through education, nutrition, and social and emotional well-being
2025
34,820,750 children
11
100,000 children take Heartwarming actions and impa"
EEVID_912c4fa94d6d2819,hershey_company,hershey_latest_esg_sugar_section.pdf,text_or_table,unified_memory_scan,retail_price,retail_price_evidence,direct_product_or_label_evidence,direct_sku_or_label_evidence,sku_or_label_level,medium_high,high,candidate_for_strict_audit,pending_step16i,hershey,cocoa_chocolate; packaging; sugar,benchmark_not_invoice; retail_observation_not_margin; supplier_claim_not_sku_confirmed,"hershey / cocoa_chocolate, packaging, sugar / hershey_company may support observed retail page or price evidence. Use for product label, wrapper, ingredient, or SKU identity evidence. Do not infer supplier allocation.","n and Cybersecurity
18
Marketing Responsibly
19
Our Progress
Our Values
Togetherness
Making a Difference
Integrity
Excellence
 Contents
Making Good
Our Company
Cocoa
Responsible Sourcing and Human Rights
Environment
Our People
Youth
Community
About This Report
12
The Hershey Company 2023 ESG Report


--- PAGE 13 ---
Our Snacks Portfolio
We craft sn"
EEVID_fe7d1017e063334e,hershey_company,hershey_latest_esg_sugar_section.pdf,text_or_table,unified_memory_scan,ingredient_confirmation,ingredient_or_label_evidence,direct_product_or_label_evidence,direct_sku_or_label_evidence,sku_or_label_level,medium_high,high,candidate_for_strict_audit,pending_step16i,hershey,natural_flavor; packaging; sugar,,"hershey / natural_flavor, packaging, sugar / hershey_company may support ingredient, label, or product identity evidence. Use for product label, wrapper, ingredient, or SKU identity evidence. Do not infer supplier allocation.","tein or lead a more 
sustainable lifestyle, Hershey offers a wide range of 
options. 
Our portfolio is tailored to empower consumers to choose 
snacks that work for them, providing:
• Portion control 
• Reduced- and zero sugar
• Plant-based and other options 
To meet present and future consumer expectations, 
we monitor emerging needs and make inve"
EEVID_eb3878e569d801ff,hershey_company,hershey_latest_esg_sugar_section.pdf,text_or_table,unified_memory_scan,ingredient_confirmation,ingredient_or_label_evidence,direct_product_or_label_evidence,direct_sku_or_label_evidence,sku_or_label_level,medium_high,high,candidate_for_strict_audit,pending_step16i,hershey,cocoa_chocolate,supplier_claim_not_sku_confirmed,"hershey / cocoa_chocolate / hershey_company may support ingredient, label, or product identity evidence. Use for product label, wrapper, ingredient, or SKU identity evidence. Do not infer supplier allocation.","ing for food safety, regulatory and quality activities 
in our manufacturing operations
→For a summary of our data on Food Safety and Nutrition and 
Health, see pages 19-20. 
→For more on our programs and training, visit our Food Safety 
Partners in Quality website.
One hundred and thirty years ago, Milton 
Hershey said ‘give them quality, that’s t"
EEVID_f7ae415485237c99,hershey_company,hershey_latest_esg_sugar_section.pdf,text_or_table,unified_memory_scan,ingredient_confirmation,ingredient_or_label_evidence,direct_product_or_label_evidence,direct_sku_or_label_evidence,sku_or_label_level,medium_high,high,candidate_for_strict_audit,pending_step16i,hershey; usda,cocoa_chocolate; packaging,benchmark_not_invoice; supplier_claim_not_sku_confirmed,"hershey, usda / cocoa_chocolate, packaging / hershey_company may support ingredient, label, or product identity evidence. Use for product label, wrapper, ingredient, or SKU identity evidence. Do not infer supplier allocation.","sured media, like television, 
in the U.S., we do not advertise on shows where 30% 
or more of the expected audience on average comprises 
children aged under 13. Our annual submission to CFBAI 
demonstrates compliance with our commitments. 
Hershey has also committed to Canada’s CCFBA. As with 
CFBAI, this means we will not primarily direct advert"
EEVID_b5f1e54fa383e04b,hershey_company,hershey_latest_esg_sugar_section.pdf,text_or_table,unified_memory_scan,ingredient_confirmation,ingredient_or_label_evidence,direct_product_or_label_evidence,direct_sku_or_label_evidence,sku_or_label_level,medium_high,high,candidate_for_strict_audit,pending_step16i,hershey,cocoa_chocolate; packaging,benchmark_not_invoice; supplier_claim_not_sku_confirmed,"hershey / cocoa_chocolate, packaging / hershey_company may support ingredient, label, or product identity evidence. Use for product label, wrapper, ingredient, or SKU identity evidence. Do not infer supplier allocation.","ensures that all claims and 
required labeling elements on any updated packaging 
comply with applicable law and regulations.
 Contents
Making Good
Our Company
Cocoa
Responsible Sourcing and Human Rights
Environment
Our People
Youth
Community
About This Report
18
The Hershey Company 2023 ESG Report


--- PAGE 19 ---
Our Progress
Financial Performan"
EEVID_ab8db3db7ab272cb,hershey_company,hershey_latest_esg_sugar_section.pdf,text_or_table,unified_memory_scan,ingredient_confirmation,ingredient_or_label_evidence,direct_product_or_label_evidence,direct_sku_or_label_evidence,sku_or_label_level,medium_high,high,candidate_for_strict_audit,pending_step16i,hershey,cocoa_chocolate,benchmark_not_invoice; supplier_claim_not_sku_confirmed,"hershey / cocoa_chocolate / hershey_company may support ingredient, label, or product identity evidence. Use for product label, wrapper, ingredient, or SKU identity evidence. Do not infer supplier allocation.","maps. This analysis follows World Cocoa Foundation definitions and checks that all farm plots managed by a farmer are linked to received polygon maps before we consider a farmer to be mapped. This analysis also 
means that when reporting hectarage, Hershey's results now report the true total area, excluding any overlapping areas that are included i"
EEVID_4ace2e966581fe3c,hershey_company,hershey_latest_esg_sugar_section.pdf,text_or_table,unified_memory_scan,ingredient_confirmation,ingredient_or_label_evidence,direct_product_or_label_evidence,direct_sku_or_label_evidence,sku_or_label_level,medium_high,high,candidate_for_strict_audit,pending_step16i,hershey,cocoa_chocolate,supplier_claim_not_sku_confirmed,"hershey / cocoa_chocolate / hershey_company may support ingredient, label, or product identity evidence. Use for product label, wrapper, ingredient, or SKU identity evidence. Do not infer supplier allocation.","onsible Sourcing
46
Responsible Sourcing Supplier Program
48
Sourcing Our Priority Ingredients and Materials
53 
Our Progress
 Contents
Making Good
Our Company
Cocoa
Responsible Sourcing and Human Rights
Environment
Our People
Youth
Community
About This Report
37
The Hershey Company 2023 ESG Report


--- PAGE 38 ---
Human Rights Across 
Our Value C"
EEVID_d17ddacfb874c995,hershey_company,hershey_latest_esg_sugar_section.pdf,text_or_table,unified_memory_scan,ingredient_confirmation,ingredient_or_label_evidence,direct_product_or_label_evidence,direct_sku_or_label_evidence,sku_or_label_level,medium_high,high,candidate_for_strict_audit,pending_step16i,hershey,cocoa_chocolate,supplier_claim_not_sku_confirmed,"hershey / cocoa_chocolate / hershey_company may support ingredient, label, or product identity evidence. Use for product label, wrapper, ingredient, or SKU identity evidence. Do not infer supplier allocation.","ory Code of Conduct 
training for all professional employees
Deployed additional worker engagement surveys in Hershey-
owned and supplier facilities in Malaysia, Mexico and the U.S.
Conducted baseline assessment of cocoa farmer incomes
Initiated work on cocoa Income Accelerator Program 
Created human rights impact framework to inform strategy 
and "
EEVID_bd6c1182a2761b7c,hershey_company,hershey_latest_esg_sugar_section.pdf,text_or_table,unified_memory_scan,ingredient_confirmation,ingredient_or_label_evidence,direct_product_or_label_evidence,direct_sku_or_label_evidence,sku_or_label_level,medium_high,high,candidate_for_strict_audit,pending_step16i,hershey,cocoa_chocolate,supplier_claim_not_sku_confirmed,"hershey / cocoa_chocolate / hershey_company may support ingredient, label, or product identity evidence. Use for product label, wrapper, ingredient, or SKU identity evidence. Do not infer supplier allocation.","sessment in 2022 confirmed: 
• Key strengths include our governance structure, training 
and responsible sourcing and supply chain due diligence. 
• We have opportunities to improve rightsholder engagement, 
grievance mechanisms and access to remedy. We continue 
efforts to reinforce these area by collaborating with 
peers, suppliers, NGOs and gove"
EEVID_5ba2520b5d8c6c94,hershey_company,hershey_latest_esg_sugar_section.pdf,text_or_table,unified_memory_scan,ingredient_confirmation,ingredient_or_label_evidence,direct_product_or_label_evidence,direct_sku_or_label_evidence,sku_or_label_level,medium_high,high,candidate_for_strict_audit,pending_step16i,hershey,cocoa_chocolate,benchmark_not_invoice; supplier_claim_not_sku_confirmed,"hershey / cocoa_chocolate / hershey_company may support ingredient, label, or product identity evidence. Use for product label, wrapper, ingredient, or SKU identity evidence. Do not infer supplier allocation.","is therefore 
committed to doing our part — see our climate 
commitments on pages 66-68.
 Contents
Making Good
Our Company
Cocoa
Responsible Sourcing and Human Rights
Environment
Our People
Youth
Community
About This Report
44
The Hershey Company 2023 ESG Report
1
Hershey supports the Global Living Wage Coalition’s definition of a living wage.
2
He"
EEVID_c2dc6f8135671e63,hershey_company,hershey_latest_esg_sugar_section.pdf,text_or_table,unified_memory_scan,ingredient_confirmation,ingredient_or_label_evidence,direct_product_or_label_evidence,direct_sku_or_label_evidence,sku_or_label_level,medium_high,high,candidate_for_strict_audit,pending_step16i,hershey,cocoa_chocolate; milk_dairy; packaging; sugar,supplier_claim_not_sku_confirmed,"hershey / cocoa_chocolate, milk_dairy, packaging, sugar / hershey_company may support ingredient, label, or product identity evidence. Use for product label, wrapper, ingredient, or SKU identity evidence. Do not infer supplier allocation.","ey Company 2023 ESG Report
* Coconut and eggs are not listed in this ESG Report as key ingredients 
and materials. They appear on this map because Hershey has public 
commitments related to sourcing both ingredients. Responsible sourcing 
ingredient commitments and progress may be found on page 58.


--- PAGE 49 ---
Sourcing Our Priority Ingredient"
EEVID_058e271b736c62bf,hershey_company,hershey_latest_esg_sugar_section.pdf,text_or_table,unified_memory_scan,retail_price,retail_price_evidence,direct_product_or_label_evidence,direct_sku_or_label_evidence,sku_or_label_level,medium_high,high,candidate_for_strict_audit,pending_step16i,hershey,cocoa_chocolate; packaging,retail_observation_not_margin; supplier_claim_not_sku_confirmed,"hershey / cocoa_chocolate, packaging / hershey_company may support observed retail page or price evidence. Use for product label, wrapper, ingredient, or SKU identity evidence. Do not infer supplier allocation.","cturing sites and audits performed by 
supplier category
# of manufacturing 
sites enrolled and 
subject to audit
# of audits 
performed
# of manufacturing 
sites enrolled and 
subject to audit
# of audits 
performed
# of manufacturing 
sites enrolled and 
subject to audit
# of audits 
performed
Contract manufacturing and contract packaging
72
52
7"
EEVID_9db57c201924ec54,hershey_company,hershey_latest_esg_sugar_section.pdf,text_or_table,unified_memory_scan,ingredient_confirmation,ingredient_or_label_evidence,direct_product_or_label_evidence,direct_sku_or_label_evidence,sku_or_label_level,medium_high,high,candidate_for_strict_audit,pending_step16i,hershey,cocoa_chocolate; milk_dairy; packaging; sugar,benchmark_not_invoice; supplier_claim_not_sku_confirmed,"hershey / cocoa_chocolate, milk_dairy, packaging, sugar / hershey_company may support ingredient, label, or product identity evidence. Use for product label, wrapper, ingredient, or SKU identity evidence. Do not infer supplier allocation.",".0
Rest of Asia
0.0
0.0
0.1
0.0
0.3
0.4
1.8
0.1
0.1
0.0
0.2
Rest of Latin America
0.0
0.3
0.0
0.0
0.3
0.0
1.3
0.3
0.0
0.0
0.3
 Contents
Making Good
Our Company
Cocoa
Responsible Sourcing and Human Rights
Environment
Our People
Youth
Community
About This Report
57
The Hershey Company 2023 ESG Report


--- PAGE 58 ---
Responsible Sourcing Ingredient "
EEVID_47636a6355930ad0,hershey_company,hershey_latest_esg_sugar_section.pdf,text_or_table,unified_memory_scan,ingredient_confirmation,ingredient_or_label_evidence,direct_product_or_label_evidence,direct_sku_or_label_evidence,sku_or_label_level,medium_high,high,candidate_for_strict_audit,pending_step16i,hershey,sugar,benchmark_not_invoice; supplier_claim_not_sku_confirmed,"hershey / sugar / hershey_company may support ingredient, label, or product identity evidence. Use for product label, wrapper, ingredient, or SKU identity evidence. Do not infer supplier allocation.","re (FLAG), while 28.6% are classified as non-
FLAG. 
Hershey’s 2023 Scope 1 and Scope 2 data received 
limited assurance by Ernst & Young, LLP (EY). 
Our 2023 Scope 3 data was independently verified 
by Quantis.
2.4%
0.8%
96.8%
❶ Scope 1
❹ FLAG Total
❷ Scope 2
❺ Non-FLAG Total
❸ Scope 3
28.6%
71.4%


--- PAGE 61 ---
Managing Climate Risk
Detailed p"
EEVID_bfdca0793b3dd8cd,hershey_company,hershey_latest_esg_sugar_section.pdf,text_or_table,unified_memory_scan,ingredient_confirmation,ingredient_or_label_evidence,direct_product_or_label_evidence,direct_sku_or_label_evidence,sku_or_label_level,medium_high,high,candidate_for_strict_audit,pending_step16i,hershey,cocoa_chocolate; milk_dairy; packaging; sugar,supplier_claim_not_sku_confirmed,"hershey / cocoa_chocolate, milk_dairy, packaging, sugar / hershey_company may support ingredient, label, or product identity evidence. Use for product label, wrapper, ingredient, or SKU identity evidence. Do not infer supplier allocation.","gar
❾ Specialty
❹ Peanuts
❿ Packaging 
  (pulp & paper)
❺ Palm
❻ Corn
⓫ Vegetable Oil
54.0%
19.7%
4.3%
3.8%
2.3%
1.3%
1.5%
1.0%
9.8%
0.2%
2.2%
25.2%
24.6%
26.7%
9.9%
6.5%
2.7% 3.2% 0.6%
0.6%
❶Packaging, 
including end-of-life
❻Co-manufacturing 
of our products
❷Transportation 
of Goods and Products
❼Business travel
❸Upstream processing 
raw ingredi"
EEVID_c319843eb4323a31,hershey_company,hershey_latest_esg_sugar_section.pdf,text_or_table,unified_memory_scan,ingredient_confirmation,ingredient_or_label_evidence,direct_product_or_label_evidence,direct_sku_or_label_evidence,sku_or_label_level,medium_high,high,candidate_for_strict_audit,pending_step16i,hershey,cocoa_chocolate; milk_dairy; packaging; sugar,supplier_claim_not_sku_confirmed,"hershey / cocoa_chocolate, milk_dairy, packaging, sugar / hershey_company may support ingredient, label, or product identity evidence. Use for product label, wrapper, ingredient, or SKU identity evidence. Do not infer supplier allocation.","lopment 
into scalable ways to help farmers overcome climate variability
• Continue to refine our FLAG and non-FLAG roadmaps 
 Contents
Making Good
Our Company
Cocoa
Responsible Sourcing and Human Rights
Environment
Our People
Youth
Community
About This Report
65
The Hershey Company 2023 ESG Report


--- PAGE 66 ---
Hershey’s Climate Action
 Conten"
EEVID_b68c1b31cd3d6cc1,hershey_company,hershey_latest_esg_sugar_section.pdf,text_or_table,unified_memory_scan,retail_price,retail_price_evidence,direct_product_or_label_evidence,direct_sku_or_label_evidence,sku_or_label_level,medium_high,high,candidate_for_strict_audit,pending_step16i,hershey,cocoa_chocolate; milk_dairy; packaging,retail_observation_not_margin; supplier_claim_not_sku_confirmed,"hershey / cocoa_chocolate, milk_dairy, packaging / hershey_company may support observed retail page or price evidence. Use for product label, wrapper, ingredient, or SKU identity evidence. Do not infer supplier allocation.","proximately 80% achieved in 2023
Boosting energy efficiency through incremental 
improvements and capital investments in technology
Leaning into green building design as a way 
to moderate our impact as we grow
Packaging
• Designing packaging to minimize impact and for circularity, such as moving to more recyclable materials, increasing recycled co"
EEVID_92f483bbcb11acf6,hershey_company,hershey_latest_esg_sugar_section.pdf,text_or_table,unified_memory_scan,ingredient_confirmation,ingredient_or_label_evidence,direct_product_or_label_evidence,direct_sku_or_label_evidence,sku_or_label_level,medium_high,high,candidate_for_strict_audit,pending_step16i,hershey,cocoa_chocolate; milk_dairy; sugar,supplier_claim_not_sku_confirmed,"hershey / cocoa_chocolate, milk_dairy, sugar / hershey_company may support ingredient, label, or product identity evidence. Use for product label, wrapper, ingredient, or SKU identity evidence. Do not infer supplier allocation.","t Taking Action: Hershey Supports the Forest 
Through the Trees on our corporate website. 
 Contents
Making Good
Our Company
Cocoa
Responsible Sourcing and Human Rights
Environment
Our People
Youth
Community
About This Report
69
The Hershey Company 2023 ESG Report
Material ESG issue:
• Biodiversity


--- PAGE 70 ---
The Significance of Biodiversity"
EEVID_795bab03d7f89407,hershey_company,hershey_latest_esg_sugar_section.pdf,text_or_table,unified_memory_scan,ingredient_confirmation,ingredient_or_label_evidence,direct_product_or_label_evidence,direct_sku_or_label_evidence,sku_or_label_level,medium_high,high,candidate_for_strict_audit,pending_step16i,hershey,cocoa_chocolate,supplier_claim_not_sku_confirmed,"hershey / cocoa_chocolate / hershey_company may support ingredient, label, or product identity evidence. Use for product label, wrapper, ingredient, or SKU identity evidence. Do not infer supplier allocation.","Biodiversity Footprint of Hershey’s 
Ingredients With the Highest Land 
Use Impact
 Contents
Making Good
Our Company
Cocoa
Responsible Sourcing and Human Rights
Environment
Our People
Youth
Community
About This Report
70
The Hershey Company 2023 ESG Report
One Million Trees With 
Arbor Day Foundation
We have done incredible work 
together over the "
EEVID_e30c21ef100a3721,hershey_company,hershey_latest_esg_sugar_section.pdf,text_or_table,unified_memory_scan,ingredient_confirmation,ingredient_or_label_evidence,direct_product_or_label_evidence,direct_sku_or_label_evidence,sku_or_label_level,medium_high,high,candidate_for_strict_audit,pending_step16i,hershey,cocoa_chocolate; packaging,benchmark_not_invoice; supplier_claim_not_sku_confirmed,"hershey / cocoa_chocolate, packaging / hershey_company may support ingredient, label, or product identity evidence. Use for product label, wrapper, ingredient, or SKU identity evidence. Do not infer supplier allocation.","dustrial recycled content. Opportunity realized. 
 Contents
Making Good
Our Company
Cocoa
Responsible Sourcing and Human Rights
Environment
Our People
Youth
Community
About This Report
71
The Hershey Company 2023 ESG Report
Material ESG issue:
• Packaging and end-of-life
1
Source: conservatree.org.


--- PAGE 72 ---
New Solutions for Waste 
Priorit"
EEVID_fb7d3a41fb414bb5,hershey_company,hershey_latest_esg_sugar_section.pdf,text_or_table,unified_memory_scan,ingredient_confirmation,ingredient_or_label_evidence,direct_product_or_label_evidence,direct_sku_or_label_evidence,sku_or_label_level,medium_high,high,candidate_for_strict_audit,pending_step16i,hershey,packaging,benchmark_not_invoice; supplier_claim_not_sku_confirmed,"hershey / packaging / hershey_company may support ingredient, label, or product identity evidence. Use for product label, wrapper, ingredient, or SKU identity evidence. Do not infer supplier allocation.","and health
The company’s involvement in making healthy products widely available and affordable.
Sub-issues: Consumer well-being, children’s nutrition, transparency
Packaging and end-of-life
Minimizing the use of packaging and single-use plastics, including reducing unnecessary packaging, and implementing reuse and recycled materials for customer a"
EEVID_7e30cf2f7b2cbdba,hershey_company,hershey_latest_esg_sugar_section.pdf,text_or_table,unified_memory_scan,ingredient_confirmation,ingredient_or_label_evidence,direct_product_or_label_evidence,direct_sku_or_label_evidence,sku_or_label_level,medium_high,high,candidate_for_strict_audit,pending_step16i,hershey,,supplier_claim_not_sku_confirmed,"hershey / hershey_company may support ingredient, label, or product identity evidence. Use for product label, wrapper, ingredient, or SKU identity evidence. Do not infer supplier allocation.","nt of a food product and its ingredients through all steps in the supply chain.
Sub-issues: Blockchain, supply chain transparency, risk management
Waste management
Responsible management and disposal of hazardous/non-hazardous waste in production and operations and where possible, reducing, recycling or reusing within the supply chain.
Sub-issues: "
EEVID_a20f370bf40fc5b0,hershey_company,hershey_responsible_sourcing_cocoa_page.pdf,visual_ocr,unified_memory_scan,ingredient_confirmation,ingredient_or_label_evidence,direct_product_or_label_evidence,direct_sku_or_label_evidence,sku_or_label_level,medium_high,high,candidate_for_strict_audit,pending_step16i,hershey,,ocr_text_requires_visual_confidence_review; supplier_claim_not_sku_confirmed,"hershey / hershey_company may support ingredient, label, or product identity evidence. Use for product label, wrapper, ingredient, or SKU identity evidence. Do not infer supplier allocation.","--- VISUAL OCR PAGE 1: page_001.png ---
CAREERS MEDIA NVESTORS
HERSHEY.
ft Home Sustainability Progress on Priorities Responsible Sourcing
Sys ESE witRO VS Mere ho USER LIS SLE ATELIER LGC trae 2 be on —
bel! on mete ORES eed em - as ¢ ia 7
R ible S ‘ BVT AG i ay i Wasi, ie ‘W Wie \ ie: Ne
DHA NEG AN NON TaN it hij gee \\ AN Uap ONS ON VAX
\) AN RE"
EEVID_fa34a2eb838827a9,hershey_company,hershey_responsible_sourcing_cocoa_page.pdf,visual_ocr,unified_memory_scan,ingredient_confirmation,ingredient_or_label_evidence,direct_product_or_label_evidence,direct_sku_or_label_evidence,sku_or_label_level,medium_high,high,candidate_for_strict_audit,pending_step16i,hershey,,benchmark_not_invoice; ocr_text_requires_visual_confidence_review; supplier_claim_not_sku_confirmed,"hershey / hershey_company may support ingredient, label, or product identity evidence. Use for product label, wrapper, ingredient, or SKU identity evidence. Do not infer supplier allocation.","communities by
addressing the social and economic challenges they face. Learn more about our Priority
Ingredients and Raw Materials below.
Responsibly Sourcing Goods and Services
Hershey is committed to delivering a resilient supply chain, and we count on our vast network of
suppliers and business partners around the globe to help us. We engage our"
EEVID_243eaf7368e5d6c5,hershey_company,hershey_responsible_sourcing_cocoa_page.pdf,visual_ocr,unified_memory_scan,ingredient_confirmation,ingredient_or_label_evidence,direct_product_or_label_evidence,direct_sku_or_label_evidence,sku_or_label_level,medium_high,high,candidate_for_strict_audit,pending_step16i,hershey,cocoa_chocolate; milk_dairy; packaging; sugar,ocr_text_requires_visual_confidence_review; supplier_claim_not_sku_confirmed,"hershey / cocoa_chocolate, milk_dairy, packaging, sugar / hershey_company may support ingredient, label, or product identity evidence. Use for product label, wrapper, ingredient, or SKU identity evidence. Do not infer supplier allocation.","er 2022.
1 Traceability is not a chain of custody concept and does not alone allow Hershey to identify the
specific source from where the ingredient comes in a given Hershey product.
Read more about each of our priority ingredients:
+ Cocoa
+ Dairy
+ Sugar
+ Palm Oil
+ Pulp and Paper
Responsible Sourcing Resources
For more information, you can cont"
EEVID_73cc22bae3c84704,natural_flavor,fda_21_cfr_101_22_natural_flavor_definition.pdf,visual_ocr,unified_memory_scan,ingredient_confirmation,ingredient_or_label_evidence,direct_product_or_label_evidence,direct_sku_or_label_evidence,sku_or_label_level,medium_high,high,candidate_for_strict_audit,pending_step16i,,natural_flavor,ocr_text_requires_visual_confidence_review; supplier_claim_not_sku_confirmed,"natural_flavor / natural_flavor may support ingredient, label, or product identity evidence. Use for product label, wrapper, ingredient, or SKU identity evidence. Do not infer supplier allocation.","panel or
panels of the label shall be accompanied by the common or usual name(s) of the
characterizing flavor, in letters not less than one-half the height of the letters used
in the name of the food and the name of the characterizing flavor shall be
accompanied by the word(s) “artificial” or “artificially flavored”, in letters not less
than one-ha"
EEVID_39e9d12a945f7306,natural_flavor,fda_21_cfr_101_22_natural_flavor_definition.pdf,visual_ocr,unified_memory_scan,ingredient_confirmation,ingredient_or_label_evidence,direct_product_or_label_evidence,direct_sku_or_label_evidence,sku_or_label_level,medium_high,high,candidate_for_strict_audit,pending_step16i,,natural_flavor,ocr_text_requires_visual_confidence_review,"natural_flavor / natural_flavor may support ingredient, label, or product identity evidence. Use for product label, wrapper, ingredient, or SKU identity evidence. Do not infer supplier allocation.","of the ingredient(s) and a separate description of its function, e.g.,
“preservative”, “to retard spoilage”, “a mold inhibitor’, “to help protect flavor” or “to
promote color retention”.
(k) The label of a food to which any coloring has been added shall declare the
coloring in the statement of ingredients in the manner specified in paragraphs (k)(1"
EEVID_8fc5922077512ab6,natural_flavor,fda_flavor_labeling_regulation_reference.pdf,text_or_table,unified_memory_scan,ingredient_confirmation,ingredient_or_label_evidence,direct_product_or_label_evidence,direct_sku_or_label_evidence,sku_or_label_level,medium_high,high,candidate_for_strict_audit,pending_step16i,fda,,,"fda / natural_flavor may support ingredient, label, or product identity evidence. Use for product label, wrapper, ingredient, or SKU identity evidence. Do not infer supplier allocation.","--- PAGE 1 ---
A Food Labeling GuideGuidance for IndustryU.S. Department of Health


--- PAGE 2 ---
Additional copies are available from: 
Office of Nutrition, Labeling, and Dietary Supplements 
HFS-800 
Center for Food Safety and Applied Nutrition 
Food and Drug Administration 
5100 Paint Branch Parkway 
College Park, MD 20740 
(Tel) 240-402-2373 "
EEVID_4f971a12139406cc,natural_flavor,fda_flavor_labeling_regulation_reference.pdf,text_or_table,unified_memory_scan,ingredient_confirmation,ingredient_or_label_evidence,direct_product_or_label_evidence,direct_sku_or_label_evidence,sku_or_label_level,medium_high,high,candidate_for_strict_audit,pending_step16i,,natural_flavor,,"natural_flavor / natural_flavor may support ingredient, label, or product identity evidence. Use for product label, wrapper, ingredient, or SKU identity evidence. Do not infer supplier allocation.","y and cranberry juices added): 
• “Raspcranberry Raspberry and Cranberry flavored Juice Drink” 
• “Raspcranberry Cranberry and Raspberry Juice Beverage” 
• “10-15% Cranberry Juice and 3-8% Raspberry Juice” 
21 CFR 102.33(b), 21 CFR 102.33(c), 21 CFR 102.33(d) 
A F O O D L A B E L I N G G U I D E 
9


--- PAGE 10 ---
J8. What type sizes must be used"
EEVID_a37b48640e7fb49c,natural_flavor,fda_flavor_labeling_regulation_reference.pdf,text_or_table,unified_memory_scan,ingredient_confirmation,ingredient_or_label_evidence,direct_product_or_label_evidence,direct_sku_or_label_evidence,sku_or_label_level,medium_high,high,candidate_for_strict_audit,pending_step16i,,natural_flavor; packaging,benchmark_not_invoice,"natural_flavor, packaging / natural_flavor may support ingredient, label, or product identity evidence. Use for product label, wrapper, ingredient, or SKU identity evidence. Do not infer supplier allocation.","mix that contains lemon juice from concentrate as the 
only juice component and a number of juice flavors and other ingredients, 
and that makes no claim or bears no pictures of fruits/fruit juices on the 
label required to bear a percent juice declaration? 
Answer: No. A percent juice declaration would not be required on the 
whiskey sour mix if t"
EEVID_6b6eb40e695cc6bc,natural_flavor,fda_flavor_labeling_regulation_reference.pdf,text_or_table,unified_memory_scan,ingredient_confirmation,ingredient_or_label_evidence,direct_product_or_label_evidence,direct_sku_or_label_evidence,sku_or_label_level,medium_high,high,candidate_for_strict_audit,pending_step16i,fda,,,"fda / natural_flavor may support ingredient, label, or product identity evidence. Use for product label, wrapper, ingredient, or SKU identity evidence. Do not infer supplier allocation.","ration. 
J13. Must bloody mary mix bear a percent juice declaration? 
Answer: Bloody mary mix, by appearance and taste, purports to contain 
tomato juice and thus would be required to bear a statement as to the 
percentage of juice contained in the product. 
10 G U I D A N C E F O R I N D U S T R Y


--- PAGE 11 ---
A   F O O D L A B E L I 
J14. Wo"
EEVID_d417811693c17d8d,natural_flavor,fda_flavor_labeling_regulation_reference.pdf,text_or_table,unified_memory_scan,ingredient_confirmation,ingredient_or_label_evidence,direct_product_or_label_evidence,direct_sku_or_label_evidence,sku_or_label_level,medium_high,high,candidate_for_strict_audit,pending_step16i,fda,natural_flavor,,"fda / natural_flavor / natural_flavor may support ingredient, label, or product identity evidence. Use for product label, wrapper, ingredient, or SKU identity evidence. Do not infer supplier allocation.","ace. If some or all 
of the juices listed in the name are from concentrate, the term “from 
concentrate” must follow the names and may be in a smaller type size, but not 
less than one half the height of the letters in the other part of the common or 
usual name. 
21  CFR  102.33 
N G G U I D E 
11


--- PAGE 12 ---
J 2 1. R e g a rd i n g v i g n "
EEVID_017761f6755117a2,natural_flavor,fda_flavor_labeling_regulation_reference.pdf,text_or_table,unified_memory_scan,ingredient_confirmation,ingredient_or_label_evidence,direct_product_or_label_evidence,direct_sku_or_label_evidence,sku_or_label_level,medium_high,high,candidate_for_strict_audit,pending_step16i,fda,natural_flavor,,"fda / natural_flavor / natural_flavor may support ingredient, label, or product identity evidence. Use for product label, wrapper, ingredient, or SKU identity evidence. Do not infer supplier allocation.","ks, along with the other expressed 
juices. Alternatively, a name such as “citrus punch” or “citrus flavored punch” 
may be used as the statement of identity without further identification of the 
component juices. 
J30. Is it necessary to state that juices are from concentrate when they are 
contained in a beverage such as punch? 
Answer: Yes, som"
EEVID_02994af1335b4831,natural_flavor,fda_flavor_labeling_regulation_reference.pdf,text_or_table,unified_memory_scan,ingredient_confirmation,ingredient_or_label_evidence,direct_product_or_label_evidence,direct_sku_or_label_evidence,sku_or_label_level,medium_high,high,candidate_for_strict_audit,pending_step16i,fda,sugar,,"fda / sugar / natural_flavor may support ingredient, label, or product identity evidence. Use for product label, wrapper, ingredient, or SKU identity evidence. Do not infer supplier allocation.","ntified in the list of ingredients and listed in its 
descending order of predominance by weight. If all water added during 
processing is subsequently removed by baking or some other means during 
processing, water need not be declared as an ingredient. 
“INGREDIENTS: Water, Navy Beans, and Salt” 
21 CFR 101.4(a); 21 CFR 101.4(c); Compliance Polic"
EEVID_e7ab279b6b74c4b0,natural_flavor,fda_flavor_labeling_regulation_reference.pdf,text_or_table,unified_memory_scan,ingredient_confirmation,ingredient_or_label_evidence,direct_product_or_label_evidence,direct_sku_or_label_evidence,sku_or_label_level,medium_high,high,candidate_for_strict_audit,pending_step16i,,natural_flavor; sugar,,"natural_flavor, sugar / natural_flavor may support ingredient, label, or product identity evidence. Use for product label, wrapper, ingredient, or SKU identity evidence. Do not infer supplier allocation.","tion of fat and oil blends is permitted only in the 
case of foods in which added fats or oils are not the predominant ingredient and 
only if the manufacturer is unable to predict which fat or oil ingredient will be used. 
“INGREDIENTS: . . . Vegetable Oil (contains one or more of the 
following: Corn Oil, Soybean Oil, or Safflower Oil) . . . .” 
"
EEVID_50202d5af48a8abb,natural_flavor,fda_flavor_labeling_regulation_reference.pdf,text_or_table,unified_memory_scan,ingredient_confirmation,ingredient_or_label_evidence,direct_product_or_label_evidence,direct_sku_or_label_evidence,sku_or_label_level,medium_high,high,candidate_for_strict_audit,pending_step16i,,natural_flavor; packaging,,"natural_flavor, packaging / natural_flavor may support ingredient, label, or product identity evidence. Use for product label, wrapper, ingredient, or SKU identity evidence. Do not infer supplier allocation.","nt 
(e.g., Fruit Juice Concentrates (grape, apple, cherry)? 
Answer: No. “Fruit juice concentrates” is not established as a common or 
usual name, nor is it established as an appropriate collective name for a variety 
of different concentrated fruit juices. 
18 G U I D A N C E F O R I N D U S T R Y


--- PAGE 19 ---
13. When do you declare water as"
EEVID_ed42ab3cd23be979,natural_flavor,fda_flavor_labeling_regulation_reference.pdf,text_or_table,unified_memory_scan,ingredient_confirmation,ingredient_or_label_evidence,direct_product_or_label_evidence,direct_sku_or_label_evidence,sku_or_label_level,medium_high,high,candidate_for_strict_audit,pending_step16i,,natural_flavor,,"natural_flavor / natural_flavor may support ingredient, label, or product identity evidence. Use for product label, wrapper, ingredient, or SKU identity evidence. Do not infer supplier allocation.","ingredient or may 
be declared by dispersing each ingredient in its order of predominance in the 
ingredient statement without naming the original ingredient. 21 CFR 
101.4(b)(2) 
16. Do you have to parenthetically declare all of the ingredients in flavors 
that conform to a standard of identity? 
Answer: If the flavor is declared by the standardiz"
EEVID_44436cd9d200c560,natural_flavor,fda_flavor_labeling_regulation_reference.pdf,text_or_table,unified_memory_scan,ingredient_confirmation,ingredient_or_label_evidence,direct_product_or_label_evidence,direct_sku_or_label_evidence,sku_or_label_level,medium_high,high,candidate_for_strict_audit,pending_step16i,fda; usda,sugar,,"fda, usda / sugar / natural_flavor may support ingredient, label, or product identity evidence. Use for product label, wrapper, ingredient, or SKU identity evidence. Do not infer supplier allocation.","eclared in their order of predominance. In addition, any other 
ingredients that are blended with the hydrolyzed protein products must also be 
declared by their common or usual names in the ingredient statement in order 
of predominance. 21 CFR 101.22(h)(7) 
A F O O D L A B E L I N G G U I D E 
19


--- PAGE 20 ---
Colors 
C1. What ingredient list"
EEVID_db5e562b7de4048b,natural_flavor,fda_flavor_labeling_regulation_reference.pdf,text_or_table,unified_memory_scan,retail_price,retail_price_evidence,direct_product_or_label_evidence,direct_sku_or_label_evidence,sku_or_label_level,medium_high,high,candidate_for_strict_audit,pending_step16i,fda,packaging,retail_observation_not_margin,"fda / packaging / natural_flavor may support observed retail page or price evidence. Use for product label, wrapper, ingredient, or SKU identity evidence. Do not infer supplier allocation.","requirements extend to foods packaged by a retail 
or foodservice establishment that are offered for human consumption. 
However, FALCPA's labeling requirements do not apply to foods provided by a 
retail food establishment that are placed in a wrapper or container in response 
to a consumer's order - such as the paper or box used to convey a sandw"
EEVID_80886b98caa9afc6,natural_flavor,fda_flavor_labeling_regulation_reference.pdf,text_or_table,unified_memory_scan,ingredient_confirmation,ingredient_or_label_evidence,direct_product_or_label_evidence,direct_sku_or_label_evidence,sku_or_label_level,medium_high,high,candidate_for_strict_audit,pending_step16i,fda,,benchmark_not_invoice,"fda / natural_flavor may support ingredient, label, or product identity evidence. Use for product label, wrapper, ingredient, or SKU identity evidence. Do not infer supplier allocation.","shellfish (e.g., such as oysters, clams, 
mussels, or scallops) are not major food allergens. However, Crustacean 
shellfish (e.g., crab, lobster, or shrimp), and ingredients that contain protein 
derived from Crustacean shellfish, are major food allergens. 
A F O O D L A B E L I N G G U I D E 
21


--- PAGE 22 ---
Major Food Allergens (food source"
EEVID_0f3133b7d3a09757,natural_flavor,fda_flavor_labeling_regulation_reference.pdf,text_or_table,unified_memory_scan,ingredient_confirmation,ingredient_or_label_evidence,direct_product_or_label_evidence,direct_sku_or_label_evidence,sku_or_label_level,medium_high,high,candidate_for_strict_audit,pending_step16i,fda,sugar,,"fda / sugar / natural_flavor may support ingredient, label, or product identity evidence. Use for product label, wrapper, ingredient, or SKU identity evidence. Do not infer supplier allocation.","plural terms “peanuts,” 
“soybeans” and the different types of “tree nuts” (e.g., almonds, pecans, 
or walnuts), and may synonyms for the term “soybean” be used to 
satisfy the labeling requirements of FALCPA? 
Answer: Yes. FDA believes that the singular terms “peanut,” and “soybean,” as 
well as the singular terms (e.g., almond, pecan, or walnut) "
EEVID_6f2099cdd181f412,natural_flavor,fda_flavor_labeling_regulation_reference.pdf,text_or_table,unified_memory_scan,ingredient_confirmation,ingredient_or_label_evidence,direct_product_or_label_evidence,direct_sku_or_label_evidence,sku_or_label_level,medium_high,high,candidate_for_strict_audit,pending_step16i,fda,milk_dairy; natural_flavor,,"fda / milk_dairy, natural_flavor / natural_flavor may support ingredient, label, or product identity evidence. Use for product label, wrapper, ingredient, or SKU identity evidence. Do not infer supplier allocation.","ement  for  another 
allergenic  ingredient. 
OR 
2.  Place  the  word  “Contains,”  followed  
by  the  name  of  the  food  source  from 
which  the  major  food  allergen  is  derived, 
immediately  after  or  adjacent  to  the  list 
of  ingredients,  in  a  type  size  that  is  no 
smaller  than  that  used  for  the  ingredient 
list. 
A F O"
EEVID_3c47fa5c426413b0,natural_flavor,fda_flavor_labeling_regulation_reference.pdf,text_or_table,unified_memory_scan,ingredient_confirmation,ingredient_or_label_evidence,direct_product_or_label_evidence,direct_sku_or_label_evidence,sku_or_label_level,medium_high,high,candidate_for_strict_audit,pending_step16i,,milk_dairy,,"milk_dairy / natural_flavor may support ingredient, label, or product identity evidence. Use for product label, wrapper, ingredient, or SKU identity evidence. Do not infer supplier allocation.","tement is required to identify all three sources of the major 
food allergens present (e.g., “Contains milk, egg, peanuts”) in the same type 
(i.e., print or font) size as that used for the ingredient list. 
F16. Is there more than one way to word a “Contains” statement used to 
declare the major food allergens in a packaged food? 
Answer: Yes. The"
EEVID_ddd3af3a91b2e500,natural_flavor,fda_flavor_labeling_regulation_reference.pdf,text_or_table,unified_memory_scan,ingredient_confirmation,ingredient_or_label_evidence,direct_product_or_label_evidence,direct_sku_or_label_evidence,sku_or_label_level,medium_high,high,candidate_for_strict_audit,pending_step16i,fda,,benchmark_not_invoice,"fda / natural_flavor may support ingredient, label, or product identity evidence. Use for product label, wrapper, ingredient, or SKU identity evidence. Do not infer supplier allocation.","be substituted for the food source name 
“soybeans.” 
• If included on a food label, the “Contains” statement must 
identify the names of the food sources for all major food allergens that 
either are in the food or are contained in ingredients of the food. 
24 G U I D A N C E F O R I N D U S T R Y


--- PAGE 25 ---
7. NUTRITION LABELING 
General 
"
EEVID_d9fef40c292ab09d,natural_flavor,fda_flavor_labeling_regulation_reference.pdf,text_or_table,unified_memory_scan,retail_price,retail_price_evidence,direct_product_or_label_evidence,direct_sku_or_label_evidence,sku_or_label_level,medium_high,high,candidate_for_strict_audit,pending_step16i,,packaging,retail_observation_not_margin,"packaging / natural_flavor may support observed retail page or price evidence. Use for product label, wrapper, ingredient, or SKU identity evidence. Do not infer supplier allocation.","type size in the nutrition label (i.e., it must 
be larger than 8-point, but does not need to be 13-point) and should extend 
the width of the Nutrition Facts box, and (3) There is no specific thickness 
A F O O D L A B E L I N G G U I D E 
25 
Side view of food box showing nutrition facts square.


--- PAGE 26 ---
required for the three bars that "
EEVID_3d50d1d599290bde,natural_flavor,fda_flavor_labeling_regulation_reference.pdf,text_or_table,unified_memory_scan,retail_price,retail_price_evidence,direct_product_or_label_evidence,direct_sku_or_label_evidence,sku_or_label_level,medium_high,high,candidate_for_strict_audit,pending_step16i,fda,packaging; sugar,retail_observation_not_margin,"fda / packaging, sugar / natural_flavor may support observed retail page or price evidence. Use for product label, wrapper, ingredient, or SKU identity evidence. Do not infer supplier allocation.","nd game are exempt from 
nutrition labeling. 
21  CFR  101.9(j)(11) 
Certain egg cartons (nutrition information 
inside lid or on insert in carton) 
21  CFR  101.9(j)(14) 
Packages labeled “This unit not labeled for 
retail sale” within multiunit package, and outer 
wrapper bears all required label statements 
21  CFR  101.9(j)(15) 
Self-service bu"
EEVID_c42ba8bc482c48f5,natural_flavor,fda_flavor_labeling_regulation_reference.pdf,text_or_table,unified_memory_scan,ingredient_confirmation,ingredient_or_label_evidence,direct_product_or_label_evidence,direct_sku_or_label_evidence,sku_or_label_level,medium_high,high,candidate_for_strict_audit,pending_step16i,fda,,,"fda / natural_flavor may support ingredient, label, or product identity evidence. Use for product label, wrapper, ingredient, or SKU identity evidence. Do not infer supplier allocation.","eta-carotene. 21 CFR 101.9(c) 
N4. Is there a restriction against certain nutrients in the Nutrition 
Facts label? 
Answer: Only those nutrients listed in FDA's nutrition regulations, as 
mandatory or voluntary components of the nutrition label, may be included 
in the Nutrition Facts label. 21 CFR 101.9(c) 
N5. When must voluntary nutrients be lis"
EEVID_e2845856b7b84d2e,natural_flavor,fda_flavor_labeling_regulation_reference.pdf,text_or_table,unified_memory_scan,ingredient_confirmation,ingredient_or_label_evidence,direct_product_or_label_evidence,direct_sku_or_label_evidence,sku_or_label_level,medium_high,high,candidate_for_strict_audit,pending_step16i,,sugar,,"sugar / natural_flavor may support ingredient, label, or product identity evidence. Use for product label, wrapper, ingredient, or SKU identity evidence. Do not infer supplier allocation.","ving: Use the declaration 0 grams for 
total fat. 0.5 grams to 5 grams total fat: Use 0.5 gram increments rounded to 
the nearest 1/2 gram. 
Examples: 0.5 g, 1 g, 1.5 g, 2 g, 2.5 g, 3 g, 3.5 g, 4 g, 4.5 g, 5 g ­
Above 5 grams: Use 1 gram increments rounded to the nearest 1 gram (do ­
not use fractions above 5 grams). ­
Examples: 5 g, 6 g, 7 g, etc."
EEVID_78e9429c5c08d587,natural_flavor,fda_flavor_labeling_regulation_reference.pdf,text_or_table,unified_memory_scan,ingredient_confirmation,ingredient_or_label_evidence,direct_product_or_label_evidence,direct_sku_or_label_evidence,sku_or_label_level,medium_high,high,candidate_for_strict_audit,pending_step16i,,sugar,,"sugar / natural_flavor may support ingredient, label, or product identity evidence. Use for product label, wrapper, ingredient, or SKU identity evidence. Do not infer supplier allocation.","CFR 101.9(c)(6) 
N17. Does total carbohydrate include dietary fiber? 
Answer: Yes. Dietary fiber must be listed as a subcomponent under total 
carbohydrate. 21  CFR  101.9(c)(6) 
N18. What is meant by sugars on the Nutrition Facts label? 
Answer: To calculate sugars for the Nutrition Facts label, determine the 
weight in grams of all free monosacch"
EEVID_dd864833ee482e3f,natural_flavor,fda_flavor_labeling_regulation_reference.pdf,text_or_table,unified_memory_scan,ingredient_confirmation,ingredient_or_label_evidence,direct_product_or_label_evidence,direct_sku_or_label_evidence,sku_or_label_level,medium_high,high,candidate_for_strict_audit,pending_step16i,fda,,,"fda / natural_flavor may support ingredient, label, or product identity evidence. Use for product label, wrapper, ingredient, or SKU identity evidence. Do not infer supplier allocation.","and the number of samples needed to 
provide accurate nutrient data. The FDA Nutrition Labeling Manual: A 
Guide for Developing and Using Databases, available from FDA, may be of 
assistance in this area. FDA will use a composite of 12 units when performing 
enforcement analyses. 21 CFR 101.9(g) 
N32. May I copy my competitor's label? 
Answer: Firm"
EEVID_d25522799e168fcd,natural_flavor,fda_flavor_labeling_regulation_reference.pdf,text_or_table,unified_memory_scan,ingredient_confirmation,ingredient_or_label_evidence,direct_product_or_label_evidence,direct_sku_or_label_evidence,sku_or_label_level,medium_high,high,candidate_for_strict_audit,pending_step16i,fda,,,"fda / natural_flavor may support ingredient, label, or product identity evidence. Use for product label, wrapper, ingredient, or SKU identity evidence. Do not infer supplier allocation.","s for the same foods obtained from laboratory 
analyses. Manufacturers are responsible for the accuracy of the nutrition 
labeling values on their products. Although FDA specifies the laboratory 
methods that will be used to evaluate the accuracy of the labeled products, 
FDA does not specify acceptable sources for the labeled values. 
Products wit"
EEVID_a3b96ff31fe195ca,natural_flavor,fda_flavor_labeling_regulation_reference.pdf,text_or_table,unified_memory_scan,ingredient_confirmation,ingredient_or_label_evidence,direct_product_or_label_evidence,direct_sku_or_label_evidence,sku_or_label_level,medium_high,high,candidate_for_strict_audit,pending_step16i,,packaging,,"packaging / natural_flavor may support ingredient, label, or product identity evidence. Use for product label, wrapper, ingredient, or SKU identity evidence. Do not infer supplier allocation.","formation should be obtained from the manufacturer and placed on or 
within the gift package. Free promotional items and items used in small 
quantities to enhance the appearance of the gift package are excused from 
this requirement (21 CFR 101.9(h)(3)(v)). 
A F O O D L A B E L I N G G U I D E 
33


--- PAGE 34 ---
3. Nutrition labeling must be pl"
EEVID_c75f9117acbfac6d,natural_flavor,fda_flavor_labeling_regulation_reference.pdf,text_or_table,unified_memory_scan,ingredient_confirmation,ingredient_or_label_evidence,direct_product_or_label_evidence,direct_sku_or_label_evidence,sku_or_label_level,medium_high,high,candidate_for_strict_audit,pending_step16i,,sugar,,"sugar / natural_flavor may support ingredient, label, or product identity evidence. Use for product label, wrapper, ingredient, or SKU identity evidence. Do not infer supplier allocation.","ediately to the right of the nutr
Also, if the package has insufficient continuous vertical space (i.e., about 3 inches) 
to accommodate the above format, the nutrition label may be presented in a tabular 
(i.e., horizontal) display. 21 CFR 101.9(d)(11) 
A F O O D L A B E L I N G G U I D E 
37 Nutr


--- PAGE 38 ---
L8. Are cellophane windows on ba"
EEVID_457db202434a9461,natural_flavor,fda_flavor_labeling_regulation_reference.pdf,text_or_table,unified_memory_scan,ingredient_confirmation,ingredient_or_label_evidence,direct_product_or_label_evidence,direct_sku_or_label_evidence,sku_or_label_level,medium_high,high,candidate_for_strict_audit,pending_step16i,,sugar,,"sugar / natural_flavor may support ingredient, label, or product identity evidence. Use for product label, wrapper, ingredient, or SKU identity evidence. Do not infer supplier allocation.","icant source of calories 
from fat, saturated fat, trans fat, cholesterol, dietary fiber, sugars, vitamin A, 
vitamin C, calcium and iron”). The footnote can be used, with any format, to 
list one or more of the following nutrients: (21 CFR 101.9(c)) 
Nutrient 
Level  per  serving 
Label  statement 
Calories from fat 
21  CFR  101.9(c)(1)(ii) 
Less"
EEVID_ee2885d868f862a6,natural_flavor,fda_flavor_labeling_regulation_reference.pdf,text_or_table,unified_memory_scan,ingredient_confirmation,ingredient_or_label_evidence,direct_product_or_label_evidence,direct_sku_or_label_evidence,sku_or_label_level,medium_high,high,candidate_for_strict_audit,pending_step16i,fda,packaging; sugar,,"fda / packaging, sugar / natural_flavor may support ingredient, label, or product identity evidence. Use for product label, wrapper, ingredient, or SKU identity evidence. Do not infer supplier allocation.","mation is required 
if claims are made about fat, fatty 
acid or cholesterol content. 
(3) Cholesterol content is required if 
claims are made about fat, fatty 
acids or cholesterol content. 
(4) Sugars content information is 
required if claims are made about 
sweeteners, sugars or sugar alcohols.


--- PAGE 39 ---
L11. A package design firm asked"
EEVID_2ca6dee0572445ad,natural_flavor,fda_flavor_labeling_regulation_reference.pdf,text_or_table,unified_memory_scan,ingredient_confirmation,ingredient_or_label_evidence,direct_product_or_label_evidence,direct_sku_or_label_evidence,sku_or_label_level,medium_high,high,candidate_for_strict_audit,pending_step16i,,packaging,benchmark_not_invoice,"packaging / natural_flavor may support ingredient, label, or product identity evidence. Use for product label, wrapper, ingredient, or SKU identity evidence. Do not infer supplier allocation.","hangeably for the same type of food, such as 
round ice cream containers, the manufacturer may choose to include separate 
Nutrition Facts labels for each food product, or may use an aggregate 
Nutrition Facts label. 21 CFR 101.9(d)(13)(i) & (ii) 
A F O O D L A B E L I N G G U I D E 
41 A Nutrition


--- PAGE 42 ---
L20. We produce a cookie assortm"
EEVID_b46ee5b951cd0685,natural_flavor,fda_flavor_labeling_regulation_reference.pdf,text_or_table,unified_memory_scan,ingredient_confirmation,ingredient_or_label_evidence,direct_product_or_label_evidence,direct_sku_or_label_evidence,sku_or_label_level,medium_high,high,candidate_for_strict_audit,pending_step16i,,,benchmark_not_invoice,"natural_flavor may support ingredient, label, or product identity evidence. Use for product label, wrapper, ingredient, or SKU identity evidence. Do not infer supplier allocation.","ed”? 
Answer: “As packaged” refers to the state of the product as it is marketed for 
purchase. “As prepared” refers to the product after it has been made ready for 
consumption (e.g., ingredients added per instructions and cooked such as a 
cake mix that has been prepared and baked or a condensed or dry soup that 
has been reconstituted). 
L23. If"
EEVID_3b1b83d7a439cf8e,natural_flavor,fda_flavor_labeling_regulation_reference.pdf,text_or_table,unified_memory_scan,ingredient_confirmation,ingredient_or_label_evidence,direct_product_or_label_evidence,direct_sku_or_label_evidence,sku_or_label_level,medium_high,high,candidate_for_strict_audit,pending_step16i,fda,milk_dairy; sugar,,"fda / milk_dairy, sugar / natural_flavor may support ingredient, label, or product identity evidence. Use for product label, wrapper, ingredient, or SKU identity evidence. Do not infer supplier allocation.","d (RACC) for the product. 
21 CFR 101.9(b)(9) and 21 CFR 101.9(e) Nutrition Facts label that displays the nutrients of a cereal as packaged and a second column of nutrition information showing the nutrients for the combination of cereal and ½ cup of skim mil
42 G U I D A N C E F O R I N D U S T R Y


--- PAGE 43 ---
L25. I have a recipe on my packa"
EEVID_462f11514b23bcf1,natural_flavor,fda_flavor_labeling_regulation_reference.pdf,text_or_table,unified_memory_scan,ingredient_confirmation,ingredient_or_label_evidence,direct_product_or_label_evidence,direct_sku_or_label_evidence,sku_or_label_level,medium_high,high,candidate_for_strict_audit,pending_step16i,,sugar,,"sugar / natural_flavor may support ingredient, label, or product identity evidence. Use for product label, wrapper, ingredient, or SKU identity evidence. Do not infer supplier allocation.","wever, nutrition information for a specific recipe may be 
presented outside of the Nutrition Facts label. 21 CFR 101.9(b)(11) 
L29. If a manufacturer chooses to do so, what is an example of the Nutrition 
Facts label for a food requiring further preparation by the consumer? 
Answer: See example to right. However, when the nutrient values in the 
c"
EEVID_140b9edc01983d0c,natural_flavor,fda_flavor_labeling_regulation_reference.pdf,text_or_table,unified_memory_scan,ingredient_confirmation,ingredient_or_label_evidence,direct_product_or_label_evidence,direct_sku_or_label_evidence,sku_or_label_level,medium_high,high,candidate_for_strict_audit,pending_step16i,,sugar,,"sugar / natural_flavor may support ingredient, label, or product identity evidence. Use for product label, wrapper, ingredient, or SKU identity evidence. Do not infer supplier allocation.","name(s) of any nutrient(s) identified in 21 
CFR  101.9(f) and calories from fat that are present in insignificant amounts) 
must be included at the bottom of the nutrition label. 21  CFR  101.9(f)(4) 
L34. When  should  a  statement  be  used  on  simplified  format  labels  to  list  
nutrients  present  at  insignificant  amounts? 
Answer: A “si"
EEVID_16a8b3eb6f270502,natural_flavor,fda_flavor_labeling_regulation_reference.pdf,text_or_table,unified_memory_scan,ingredient_confirmation,ingredient_or_label_evidence,direct_product_or_label_evidence,direct_sku_or_label_evidence,sku_or_label_level,medium_high,high,candidate_for_strict_audit,pending_step16i,fda,,supplier_claim_not_sku_confirmed,"fda / natural_flavor may support ingredient, label, or product identity evidence. Use for product label, wrapper, ingredient, or SKU identity evidence. Do not infer supplier allocation.","is 
not an option and the declaration of “0 g” of trans fat is required. 21 CFR 
101.9(c)(2)(ii) 
46 G U I D A N C E F O R I N D U S T R Y Nutrition Facts label with Trans Fat listed on a separate line under the listing of Saturated Fat. The word ""trans"" is italicized to indicate its Latin origin.


--- PAGE 47 ---
L47. Why is there no % DV for tra"
EEVID_fe02dc449a5add48,natural_flavor,fda_flavor_labeling_regulation_reference.pdf,text_or_table,unified_memory_scan,ingredient_confirmation,ingredient_or_label_evidence,direct_product_or_label_evidence,direct_sku_or_label_evidence,sku_or_label_level,medium_high,high,candidate_for_strict_audit,pending_step16i,fda,,,"fda / natural_flavor may support ingredient, label, or product identity evidence. Use for product label, wrapper, ingredient, or SKU identity evidence. Do not infer supplier allocation.","g)” 
Therefore, the serving size is “ 1/3 pizza (151g)” for this example, whereas the 
RACC is 140g for all pizzas. Note: Sections 101.9(b)(2)(i) (discrete units), 21 
CFR 101.9.(b)(2)(ii) (large discrete units), and 21 CFR 101.9(b)(2)(iii) (bulk 
products) describe how to use the RACC to derive a ser ving size. 
21 CFR 101.12(b) 
L65.The table for"
EEVID_d6ff8a71dfb8bcd1,natural_flavor,fda_flavor_labeling_regulation_reference.pdf,text_or_table,unified_memory_scan,retail_price,retail_price_evidence,direct_product_or_label_evidence,direct_sku_or_label_evidence,sku_or_label_level,medium_high,high,candidate_for_strict_audit,pending_step16i,fda,,benchmark_not_invoice; retail_observation_not_margin,"fda / natural_flavor may support observed retail page or price evidence. Use for product label, wrapper, ingredient, or SKU identity evidence. Do not infer supplier allocation.","the piece: 
“^^ lasagna noodles (^^ g)”. A few pastas, such as spaghetti, may need to use 
ounces: “^^ oz (^^ g/visual unit of measure).” Visual units of measure could 
include descriptive phrases such as “1/8 box” or “about 1 1/4-inch circle of 
spaghetti.” 
A F O O D L A B E L I N G G U I D E 
59


--- PAGE 60 ---
Exemptions/Special Labeling Prov"
EEVID_4b4f420ad10ce66e,natural_flavor,fda_flavor_labeling_regulation_reference.pdf,text_or_table,unified_memory_scan,ingredient_confirmation,ingredient_or_label_evidence,direct_product_or_label_evidence,direct_sku_or_label_evidence,sku_or_label_level,medium_high,high,candidate_for_strict_audit,pending_step16i,,sugar,,"sugar / natural_flavor may support ingredient, label, or product identity evidence. Use for product label, wrapper, ingredient, or SKU identity evidence. Do not infer supplier allocation.","with 40 sq. 
in. or less total surface area available for labeling if the package shape or size 
cannot accommodate the nutrition information placed in columns on any 
label panel. Nutrition Facts label for small sized packages.
21 CFR 101.9(j)(13)(ii)(A)(2) 
A F O O D L A B E L I N G G U I D E 
65


--- PAGE 66 ---
L127. Are abbreviations permitte"
EEVID_d10c8bd0308278a9,natural_flavor,fda_flavor_labeling_regulation_reference.pdf,text_or_table,unified_memory_scan,retail_price,retail_price_evidence,direct_product_or_label_evidence,direct_sku_or_label_evidence,sku_or_label_level,medium_high,high,candidate_for_strict_audit,pending_step16i,fda,,benchmark_not_invoice; retail_observation_not_margin,"fda / natural_flavor may support observed retail page or price evidence. Use for product label, wrapper, ingredient, or SKU identity evidence. Do not infer supplier allocation.","44. Can retailers provide nutrition labeling for raw fruit, vegetables, and 
fish that are not among the top 20 items? 
Answer: Yes. The names and descriptions of these foods should clearly 
identify them as distinct from the foods among the most frequently 
68 G U I D A N C E F O R I N D U S T R Y


--- PAGE 69 ---
consumed list for which FDA has "
EEVID_18f6c6ff40689c2e,natural_flavor,fda_flavor_labeling_regulation_reference.pdf,text_or_table,unified_memory_scan,ingredient_confirmation,ingredient_or_label_evidence,direct_product_or_label_evidence,direct_sku_or_label_evidence,sku_or_label_level,medium_high,high,candidate_for_strict_audit,pending_step16i,fda,,supplier_claim_not_sku_confirmed,"fda / natural_flavor may support ingredient, label, or product identity evidence. Use for product label, wrapper, ingredient, or SKU identity evidence. Do not infer supplier allocation.","thClaimsMeetingSignificantScientificAgreementSSA/ucm074779.htm?utm_campaign 
=Google2&utm_source=fdaSearch&utm_medium=website&utm_term=phytosterols&utm_content=8 and 
3) A proposed rule for the health claim that published on December 8, 2010 (75 FR 76526). 
102 G U I D A N C E F O R I N D U S T R Y


--- PAGE 103 ---
FDAMA (FDA Modernization Act) H"
EEVID_84a4ba2607e04f60,natural_flavor,fema_flavor_ingredient_library_page.pdf,text_or_table,unified_memory_scan,ingredient_confirmation,ingredient_or_label_evidence,direct_product_or_label_evidence,direct_sku_or_label_evidence,sku_or_label_level,medium_high,high,candidate_for_strict_audit,pending_step16i,fda,natural_flavor,,"fda / natural_flavor / natural_flavor may support ingredient, label, or product identity evidence. Use for product label, wrapper, ingredient, or SKU identity evidence. Do not infer supplier allocation.","--- PAGE 1 ---
GRAS Flavoring 
Substances 33 
 
33. GRAS Flavoring Substances. This list of substances will appear in the 33rd publication authored 
by the Expert Panel of the Flavor and Extract Manufacturers Association on recent progress in the 
consideration of flavoring ingredients “generally recognized as safe” (GRAS) under conditions of 
thei"
EEVID_66bd1d69a2dedd71,natural_flavor,fema_flavor_ingredient_library_page.pdf,text_or_table,unified_memory_scan,ingredient_confirmation,ingredient_or_label_evidence,direct_product_or_label_evidence,direct_sku_or_label_evidence,sku_or_label_level,medium_high,high,candidate_for_strict_audit,pending_step16i,fda,natural_flavor,,"fda / natural_flavor / natural_flavor may support ingredient, label, or product identity evidence. Use for product label, wrapper, ingredient, or SKU identity evidence. Do not infer supplier allocation.","stances for GRAS status under their conditions of intended use as flavoring substances 
since the early 1960s. The regulations of the U.S. Food and Drug Administration (FDA), and U.S. law, 
require that determinations that flavor substances and other food ingredients are “generally recognized 
as safe” (GRAS) be done in such a way that all informat"
EEVID_e516c65093ca56d7,natural_flavor,fema_gras_program_page.pdf,visual_ocr,unified_memory_scan,ingredient_confirmation,ingredient_or_label_evidence,direct_product_or_label_evidence,direct_sku_or_label_evidence,sku_or_label_level,medium_high,high,candidate_for_strict_audit,pending_step16i,,natural_flavor,ocr_text_requires_visual_confidence_review,"natural_flavor / natural_flavor may support ingredient, label, or product identity evidence. Use for product label, wrapper, ingredient, or SKU identity evidence. Do not infer supplier allocation.","--- VISUAL OCR PAGE 1: page_001.png ---
FEMA ABOUT ALLABOUTFLAVORS MEMBERSHIP EVENTS FEMA GRAS Q | LOGIN | = MENU

-<a—aee eee

Table of Contents [_ sasezers |

Introduction

The GRAS Concept (SERA NGNS

How Does the FEMA GRAS Program Meet the Requirements for GRAS? Safety and Regulatory

FEMA Expert Panel Conflict of Interest Protections and Proce"
EEVID_5a726f4e1d14e557,natural_flavor,fema_gras_program_page.pdf,visual_ocr,unified_memory_scan,ingredient_confirmation,ingredient_or_label_evidence,direct_product_or_label_evidence,direct_sku_or_label_evidence,sku_or_label_level,medium_high,high,candidate_for_strict_audit,pending_step16i,fda,natural_flavor,ocr_text_requires_visual_confidence_review; supplier_claim_not_sku_confirmed,"fda / natural_flavor / natural_flavor may support ingredient, label, or product identity evidence. Use for product label, wrapper, ingredient, or SKU identity evidence. Do not infer supplier allocation.","eginning the Expert Panel's evaluation of the

safety of flavor ingredients that continues today. Then and now, the Expert

Panel usually consists of six to eight members and over the years has been

comprised of top experts in toxicology, organic chemistry, biochemistry,

metabolism, and pathology.

The FEMA Expert Panel's GRAS assessments have fr"
EEVID_f0952bec1459c9cc,natural_flavor,fema_gras_program_page.pdf,visual_ocr,unified_memory_scan,ingredient_confirmation,ingredient_or_label_evidence,direct_product_or_label_evidence,direct_sku_or_label_evidence,sku_or_label_level,medium_high,high,candidate_for_strict_audit,pending_step16i,,natural_flavor,ocr_text_requires_visual_confidence_review,"natural_flavor / natural_flavor may support ingredient, label, or product identity evidence. Use for product label, wrapper, ingredient, or SKU identity evidence. Do not infer supplier allocation.","may reasonably be expected to result, directly or indirectly, in its

becoming a component or otherwise affecting the characteristics of any food .

.. if such substance is not generally recognized, among experts qualified by

training and experience to evaluate its safety as having been adequately

shown through scientific procedures (or in the ca"
EEVID_3a45ad8b246caac4,natural_flavor,fema_gras_program_page.pdf,visual_ocr,unified_memory_scan,ingredient_confirmation,ingredient_or_label_evidence,direct_product_or_label_evidence,direct_sku_or_label_evidence,sku_or_label_level,medium_high,high,candidate_for_strict_audit,pending_step16i,fda,natural_flavor,ocr_text_requires_visual_confidence_review,"fda / natural_flavor / natural_flavor may support ingredient, label, or product identity evidence. Use for product label, wrapper, ingredient, or SKU identity evidence. Do not infer supplier allocation.","to protect the public health through

the effective safety evaluation of flavor ingredients using the best available

scientific procedures and information.

Over the years, members of the FEMA Expert Panel have included many

prominent expert scientists. Most often, members of the FEMA Expert Panel

are scientific experts from academia. Members of"
EEVID_31bfaed53b65b841,natural_flavor,fema_gras_program_page.pdf,visual_ocr,unified_memory_scan,ingredient_confirmation,ingredient_or_label_evidence,direct_product_or_label_evidence,direct_sku_or_label_evidence,sku_or_label_level,medium_high,high,candidate_for_strict_audit,pending_step16i,fda,natural_flavor,ocr_text_requires_visual_confidence_review,"fda / natural_flavor / natural_flavor may support ingredient, label, or product identity evidence. Use for product label, wrapper, ingredient, or SKU identity evidence. Do not infer supplier allocation.","applied by the FEMA Expert Panel is the same

standard required by FDA, a “reasonable certainty of no harm.”

Safety Under Conditions of Intended Use

The FEMA Expert Panel only evaluates substances for GRAS status that are

used to formulate flavors to be added to human foods. The Expert Panel does

not evaluate food ingredients with functions oth"
EEVID_bd8faaf7b00bcf48,natural_flavor,fema_gras_program_page.pdf,visual_ocr,unified_memory_scan,ingredient_confirmation,ingredient_or_label_evidence,direct_product_or_label_evidence,direct_sku_or_label_evidence,sku_or_label_level,medium_high,high,candidate_for_strict_audit,pending_step16i,fda,natural_flavor,ocr_text_requires_visual_confidence_review,"fda / natural_flavor / natural_flavor may support ingredient, label, or product identity evidence. Use for product label, wrapper, ingredient, or SKU identity evidence. Do not infer supplier allocation.","ad food industry journal, Food
Technology. The identity of all FEMA GRAS substances is also available on the FEMA website
(www.femaflavor.org). This ready availability of information provides the public with notice of
FEMA GRAS determinations allowing for challenges to the Expert Panel's conclusions

© The scientific information serving as the basi"
EEVID_34072b2fff21abcd,natural_flavor,fema_gras_program_page.pdf,visual_ocr,unified_memory_scan,ingredient_confirmation,ingredient_or_label_evidence,direct_product_or_label_evidence,direct_sku_or_label_evidence,sku_or_label_level,medium_high,high,candidate_for_strict_audit,pending_step16i,fda,natural_flavor,ocr_text_requires_visual_confidence_review; supplier_claim_not_sku_confirmed,"fda / natural_flavor / natural_flavor may support ingredient, label, or product identity evidence. Use for product label, wrapper, ingredient, or SKU identity evidence. Do not infer supplier allocation.","eview and action, if necessary, by the
Panel's Legal Advisor. Action may include mandated recusal at meetings.

© FEMA Expert Panel members do not prepare GRAS applications. Applications for FEMA
GRAS assessments are prepared by the FEMA member seeking the GRAS assessment for the
substance at issue.

© When evaluating GRAS applications, Expert Pane"
EEVID_8b135d4ec2ad2a74,natural_flavor,fema_gras_program_page.pdf,visual_ocr,unified_memory_scan,ingredient_confirmation,ingredient_or_label_evidence,direct_product_or_label_evidence,direct_sku_or_label_evidence,sku_or_label_level,medium_high,high,candidate_for_strict_audit,pending_step16i,fda,natural_flavor,benchmark_not_invoice; ocr_text_requires_visual_confidence_review,"fda / natural_flavor / natural_flavor may support ingredient, label, or product identity evidence. Use for product label, wrapper, ingredient, or SKU identity evidence. Do not infer supplier allocation.","ong with the scientific information supporting the determinations. It is

important to note that the receipt by FDA of the information provided by

FEMA does not constitute FDA's “approval” of the GRAS determinations made

by the FEMA Expert Panel. The identities of all flavor ingredients determined

to be GRAS are published regularly in the widely"
EEVID_4a97f5352fe31688,natural_flavor,fema_gras_program_page.pdf,visual_ocr,unified_memory_scan,ingredient_confirmation,ingredient_or_label_evidence,direct_product_or_label_evidence,direct_sku_or_label_evidence,sku_or_label_level,medium_high,high,candidate_for_strict_audit,pending_step16i,,natural_flavor,ocr_text_requires_visual_confidence_review,"natural_flavor / natural_flavor may support ingredient, label, or product identity evidence. Use for product label, wrapper, ingredient, or SKU identity evidence. Do not infer supplier allocation.","l

(staylor@vertosolutions.net).

References

e Food and Drug Administration. Substances generally recognized as safe. 62 Fed. Reg.
18938. 17 April 1997.

e Hallagan J.B. and Hall R.L. FEMA GRAS - A GRAS assessment program for flavor ingredients.
Regulatory Toxicology and Pharmacology. 21, 422.1995.

e@ Hallagan J.B. and Hall R.L. Under the conditi"
EEVID_4e1f4522af6f4e13,natural_flavor,interim_gras_33_apr_2026.pdf,text_or_table,unified_memory_scan,ingredient_confirmation,ingredient_or_label_evidence,direct_product_or_label_evidence,direct_sku_or_label_evidence,sku_or_label_level,medium_high,high,candidate_for_strict_audit,pending_step16i,fda,natural_flavor,,"fda / natural_flavor / natural_flavor may support ingredient, label, or product identity evidence. Use for product label, wrapper, ingredient, or SKU identity evidence. Do not infer supplier allocation.","--- PAGE 1 ---
GRAS Flavoring 
Substances 33 
 
33. GRAS Flavoring Substances. This list of substances will appear in the 33rd publication authored 
by the Expert Panel of the Flavor and Extract Manufacturers Association on recent progress in the 
consideration of flavoring ingredients “generally recognized as safe” (GRAS) under conditions of 
thei"
EEVID_c9b2891dcb90fd55,natural_flavor,interim_gras_33_apr_2026.pdf,text_or_table,unified_memory_scan,ingredient_confirmation,ingredient_or_label_evidence,direct_product_or_label_evidence,direct_sku_or_label_evidence,sku_or_label_level,medium_high,high,candidate_for_strict_audit,pending_step16i,fda,natural_flavor,,"fda / natural_flavor / natural_flavor may support ingredient, label, or product identity evidence. Use for product label, wrapper, ingredient, or SKU identity evidence. Do not infer supplier allocation.","stances for GRAS status under their conditions of intended use as flavoring substances 
since the early 1960s. The regulations of the U.S. Food and Drug Administration (FDA), and U.S. law, 
require that determinations that flavor substances and other food ingredients are “generally recognized 
as safe” (GRAS) be done in such a way that all informat"
EEVID_5deaf95ae1bf57d6,natural_flavor,natural_flavor_declaration_fda_definition_reference.pdf,text_or_table,unified_memory_scan,ingredient_confirmation,ingredient_or_label_evidence,direct_product_or_label_evidence,direct_sku_or_label_evidence,sku_or_label_level,medium_high,high,candidate_for_strict_audit,pending_step16i,fda; usda,milk_dairy; natural_flavor,,"fda, usda / milk_dairy, natural_flavor / natural_flavor may support ingredient, label, or product identity evidence. Use for product label, wrapper, ingredient, or SKU identity evidence. Do not infer supplier allocation.","--- PAGE 1 ---
23FLAVDEC1F. doc 
                              Effective Date:1/1/2023 
 
 
 
NATURAL FLAVOR DECLARATION 
 
BACKGROUND INFORMATION: The USDA National Organic Program (NOP) allows the use of certain natural 
(nonsynthetic) flavors in products labeled as “Organic” and “Made with Organic (specified ingredients or 
food groups).” For us"
EEVID_783359f358f7fee3,natural_flavor,natural_flavor_declaration_fda_definition_reference.pdf,text_or_table,unified_memory_scan,ingredient_confirmation,ingredient_or_label_evidence,direct_product_or_label_evidence,direct_sku_or_label_evidence,sku_or_label_level,medium_high,high,candidate_for_strict_audit,pending_step16i,fda,natural_flavor,,"fda / natural_flavor / natural_flavor may support ingredient, label, or product identity evidence. Use for product label, wrapper, ingredient, or SKU identity evidence. Do not infer supplier allocation.","ed by naturally occurring biological processes.  
 
All of the flavor constituents in the natural flavor product named above must comply with the following 
criteria:      
● Does the material meet the FDA definition of a natural flavor [see above, FDA 21 CFR Part 
101.22(a)(3)]?   ☐ YES    ☐ NO (not allowed) 
 
● List all sources of the flavor (e."
EEVID_0c6dcfd23cb13b1c,natural_flavor,natural_flavor_declaration_fda_definition_reference.pdf,text_or_table,unified_memory_scan,ingredient_confirmation,ingredient_or_label_evidence,direct_product_or_label_evidence,direct_sku_or_label_evidence,sku_or_label_level,medium_high,high,candidate_for_strict_audit,pending_step16i,,natural_flavor,supplier_claim_not_sku_confirmed,"natural_flavor / natural_flavor may support ingredient, label, or product identity evidence. Use for product label, wrapper, ingredient, or SKU identity evidence. Do not infer supplier allocation.","and other ingredients 
Natural flavors authorized for use in NOP “organic” or “made with organic…” products must NOT be 
produced using synthetic extraction solvents. Extraction may only use natural, non‐petroleum based 
solvents. Allowed solvents include water, natural ethanol, super‐critical carbon dioxide, authentic essential 
oil, natural glyce"
EEVID_43b06389703e8fb5,natural_flavor,natural_flavor_extraction_distillation_fermentation_explanation.pdf,visual_ocr,unified_memory_scan,ingredient_confirmation,ingredient_or_label_evidence,direct_product_or_label_evidence,direct_sku_or_label_evidence,sku_or_label_level,medium_high,high,candidate_for_strict_audit,pending_step16i,fda,milk_dairy; natural_flavor,ocr_text_requires_visual_confidence_review,"fda / milk_dairy, natural_flavor / natural_flavor may support ingredient, label, or product identity evidence. Use for product label, wrapper, ingredient, or SKU identity evidence. Do not infer supplier allocation.","--- VISUAL OCR PAGE 1: page_001.png ---
ca Al Overview

Natural flavors are derived from natural sources— plants, animals, spices, fruits,

vegetables, roots, or fermentation products —and are isolated through physical,

enzymatic, or microbiological processes, according to FDA regulations. These

processes include extraction, distillation, and fer"
EEVID_087404fde5bfdadb,natural_flavor,natural_flavor_function_in_food_explanation.pdf,visual_ocr,unified_memory_scan,ingredient_confirmation,ingredient_or_label_evidence,direct_product_or_label_evidence,direct_sku_or_label_evidence,sku_or_label_level,medium_high,high,candidate_for_strict_audit,pending_step16i,fda,cocoa_chocolate; milk_dairy; natural_flavor,ocr_text_requires_visual_confidence_review,"fda / cocoa_chocolate, milk_dairy, natural_flavor / natural_flavor may support ingredient, label, or product identity evidence. Use for product label, wrapper, ingredient, or SKU identity evidence. Do not infer supplier allocation.","--- VISUAL OCR PAGE 1: page_001.png ---
The °
HOME SHOP + ABOUT¥ STORELOCATOR THECIRCLE Conscious Qe
Bar
The Truth About “Natural Flavor” in
© Feb 26,2026 © By Yaniv Simpson
: INEAN:
If you’ve ever turned over a chocolate bar and seen the words “natural flavor’ on the ingredient list, you
probably assumed it was a good thing.
After all, “natural” s"
EEVID_b5b04a70652b4adb,natural_flavor,natural_flavor_market_overview_reference.pdf,visual_ocr,unified_memory_scan,ingredient_confirmation,ingredient_or_label_evidence,direct_product_or_label_evidence,direct_sku_or_label_evidence,sku_or_label_level,medium_high,high,candidate_for_strict_audit,pending_step16i,,natural_flavor,benchmark_not_invoice; ocr_text_requires_visual_confidence_review; supplier_claim_not_sku_confirmed,"natural_flavor / natural_flavor may support ingredient, label, or product identity evidence. Use for product label, wrapper, ingredient, or SKU identity evidence. Do not infer supplier allocation.","Gel www.grandviewresearch.com Get Free Sami ple Re >
This FREE sample includes market data points, ranging
To learn more about this report, Download Free Sample Report from trend analyses to market estimates & forecasts. See
for yourself.
The natural flavors industry expansion is driven by evolving consumer taste and preferences. Factors such as th"
EEVID_b6b0f2af59925f9a,natural_flavor,natural_flavor_market_overview_reference.pdf,visual_ocr,unified_memory_scan,ingredient_confirmation,ingredient_or_label_evidence,direct_product_or_label_evidence,direct_sku_or_label_evidence,sku_or_label_level,medium_high,high,candidate_for_strict_audit,pending_step16i,,natural_flavor,benchmark_not_invoice; ocr_text_requires_visual_confidence_review; supplier_claim_not_sku_confirmed,"natural_flavor / natural_flavor may support ingredient, label, or product identity evidence. Use for product label, wrapper, ingredient, or SKU identity evidence. Do not infer supplier allocation.","pose challenges in maintaining consistent and stable flavor profiles, which are typically associated with artificial flavors. 1SO 9001:2015 & 27001:2022 Certified
Sustainability and ethical considerations are becoming increasingly important, with consumers now more aware of the environmental impact and ethical implications of their food We are GDPR"
EEVID_3da3771c77983531,natural_flavor,natural_flavor_market_overview_reference.pdf,visual_ocr,unified_memory_scan,ingredient_confirmation,ingredient_or_label_evidence,direct_product_or_label_evidence,direct_sku_or_label_evidence,sku_or_label_level,medium_high,high,candidate_for_strict_audit,pending_step16i,,natural_flavor; sugar,benchmark_not_invoice; ocr_text_requires_visual_confidence_review,"natural_flavor, sugar / natural_flavor may support ingredient, label, or product identity evidence. Use for product label, wrapper, ingredient, or SKU identity evidence. Do not infer supplier allocation.","essment by Therapeutic Space o
a ry Lat
a rs)
i _ 8
To learn more about this report, Download Free Sample Report
Form Insights
The powdered natural flavors segment accounted for a share of 66.3% in 2023. Powdered natural flavors provide flexibility in formulation, allowing manufacturers to control the
intensity and flavor profile of their products "
EEVID_1f201ddaae63307c,natural_flavor,natural_flavor_market_overview_reference.pdf,visual_ocr,unified_memory_scan,ingredient_confirmation,ingredient_or_label_evidence,direct_product_or_label_evidence,direct_sku_or_label_evidence,sku_or_label_level,medium_high,high,candidate_for_strict_audit,pending_step16i,,milk_dairy; natural_flavor,benchmark_not_invoice; ocr_text_requires_visual_confidence_review,"milk_dairy, natural_flavor / natural_flavor may support ingredient, label, or product identity evidence. Use for product label, wrapper, ingredient, or SKU identity evidence. Do not infer supplier allocation.","ze,
Source:
@ Food © Baverages Others www.grandviewresearch.com
To learn more about this report, Download Free Sample Report
The beverages application segment is projected to grow at a CAGR of 7.9% from 2024 to 2030. Natural flavors provide authentic and true-to-source flavor experiences, enhancing the
taste and quality of beverages. Whether it's f"
EEVID_66fc19ea4478c4a7,natural_flavor,natural_flavor_market_overview_reference.pdf,visual_ocr,unified_memory_scan,ingredient_confirmation,ingredient_or_label_evidence,direct_product_or_label_evidence,direct_sku_or_label_evidence,sku_or_label_level,medium_high,high,candidate_for_strict_audit,pending_step16i,,natural_flavor,benchmark_not_invoice; ocr_text_requires_visual_confidence_review; supplier_claim_not_sku_confirmed,"natural_flavor / natural_flavor may support ingredient, label, or product identity evidence. Use for product label, wrapper, ingredient, or SKU identity evidence. Do not infer supplier allocation.","he rising demand for transparency in food and beverage ingredients, with
consumers looking for products that contain recognizable, natural components.
Natural Flavors Market Ee |
Trends, by Region, 2024 - 2030 GRAND VIEW RESEARCH
Pa
. i!)
A 24.8%
A North America Market
. ~ “ & Revenue Share, 2023
Foy. <
?
Source:
@ Largest Market © Fastest Growing "
EEVID_c49c3fc7f75ac6d9,packaging_wrapper,hershey_latest_esg_packaging_section.pdf,text_or_table,unified_memory_scan,ingredient_confirmation,ingredient_or_label_evidence,direct_product_or_label_evidence,direct_sku_or_label_evidence,sku_or_label_level,medium_high,high,candidate_for_strict_audit,pending_step16i,hershey,cocoa_chocolate; packaging,benchmark_not_invoice; supplier_claim_not_sku_confirmed,"hershey / cocoa_chocolate, packaging / packaging_wrapper may support ingredient, label, or product identity evidence. Use for product label, wrapper, ingredient, or SKU identity evidence. Do not infer supplier allocation.","--- PAGE 1 ---


--- PAGE 2 ---
Table of Contents
03 Making Good for Our Future
04 A Message from Our CEO
05 A Message from Our CSO
06 Double Materiality Assessment
07 Our ESG Approach and Priorities
08 Progress Toward Our Priority Goals
09 Stakeholder Engagement and 
Select Memberships and Partnerships
10
Our ESG Governance
11
Awards and Recogniti"
EEVID_b7b83595c666f0e3,packaging_wrapper,hershey_latest_esg_packaging_section.pdf,text_or_table,unified_memory_scan,ingredient_confirmation,ingredient_or_label_evidence,direct_product_or_label_evidence,direct_sku_or_label_evidence,sku_or_label_level,medium_high,high,candidate_for_strict_audit,pending_step16i,hershey,cocoa_chocolate; packaging,supplier_claim_not_sku_confirmed,"hershey / cocoa_chocolate, packaging / packaging_wrapper may support ingredient, label, or product identity evidence. Use for product label, wrapper, ingredient, or SKU identity evidence. Do not infer supplier allocation.","ve on our most material risks, 
opportunities and how we hold ourselves to the highest 
integrity, quality and safety standards. 
We remain committed to driving positive impact in our six 
sustainability focus areas: cocoa, environment, responsible 
sourcing and human rights, people, youth and community. 
This report highlights Hershey’s progress a"
EEVID_646cf50e276a8de2,packaging_wrapper,hershey_latest_esg_packaging_section.pdf,text_or_table,unified_memory_scan,ingredient_confirmation,ingredient_or_label_evidence,direct_product_or_label_evidence,direct_sku_or_label_evidence,sku_or_label_level,medium_high,high,candidate_for_strict_audit,pending_step16i,hershey,cocoa_chocolate; packaging,benchmark_not_invoice; supplier_claim_not_sku_confirmed,"hershey / cocoa_chocolate, packaging / packaging_wrapper may support ingredient, label, or product identity evidence. Use for product label, wrapper, ingredient, or SKU identity evidence. Do not infer supplier allocation.","list of definitions for each material 
issue, see pages 115-116 of our 2023 ESG Report. 
Very High Impact
High Impact
Moderate Impact
Environmental 
Biodiversity
Soil health
Deforestation
Waste management
Energy management
GHG emissions and 
climate change
Packaging and end-of-life
Water use
Social
Child labor
Employee attraction, 
retention and de"
EEVID_bca50bb78c304db3,packaging_wrapper,hershey_latest_esg_packaging_section.pdf,text_or_table,unified_memory_scan,ingredient_confirmation,ingredient_or_label_evidence,direct_product_or_label_evidence,direct_sku_or_label_evidence,sku_or_label_level,medium_high,high,candidate_for_strict_audit,pending_step16i,hershey,cocoa_chocolate; packaging,supplier_claim_not_sku_confirmed,"hershey / cocoa_chocolate, packaging / packaging_wrapper may support ingredient, label, or product identity evidence. Use for product label, wrapper, ingredient, or SKU identity evidence. Do not infer supplier allocation.","ant ingredients. Improving 
farmer incomes and professionalizing farming practices 
promotes cocoa-growing communities’ well-being and the 
long-term security of cocoa supply. Economically secure 
communities are less likely to make choices that would 
damage natural ecosystems and impact our procurement 
and responsible sourcing work.
Systems thin"
EEVID_3e2d162f6461f72c,packaging_wrapper,hershey_latest_esg_packaging_section.pdf,text_or_table,unified_memory_scan,ingredient_confirmation,ingredient_or_label_evidence,direct_product_or_label_evidence,direct_sku_or_label_evidence,sku_or_label_level,medium_high,high,candidate_for_strict_audit,pending_step16i,hershey,cocoa_chocolate; packaging,benchmark_not_invoice; supplier_claim_not_sku_confirmed,"hershey / cocoa_chocolate, packaging / packaging_wrapper may support ingredient, label, or product identity evidence. Use for product label, wrapper, ingredient, or SKU identity evidence. Do not infer supplier allocation.","representation across U.S. employees
2025
 28.5 %
8, 9
50% hazard reduction for job functions with ergonomic risks through process improvements
2025
 24.6 %
10
Youth
50 million children globally supported through education, nutrition, and social and emotional well-being
2025
34,820,750 children
11
100,000 children take Heartwarming actions and impa"
EEVID_07b9e365b040a832,packaging_wrapper,hershey_latest_esg_packaging_section.pdf,text_or_table,unified_memory_scan,retail_price,retail_price_evidence,direct_product_or_label_evidence,direct_sku_or_label_evidence,sku_or_label_level,medium_high,high,candidate_for_strict_audit,pending_step16i,hershey,cocoa_chocolate; packaging; sugar,benchmark_not_invoice; retail_observation_not_margin; supplier_claim_not_sku_confirmed,"hershey / cocoa_chocolate, packaging, sugar / packaging_wrapper may support observed retail page or price evidence. Use for product label, wrapper, ingredient, or SKU identity evidence. Do not infer supplier allocation.","n and Cybersecurity
18
Marketing Responsibly
19
Our Progress
Our Values
Togetherness
Making a Difference
Integrity
Excellence
 Contents
Making Good
Our Company
Cocoa
Responsible Sourcing and Human Rights
Environment
Our People
Youth
Community
About This Report
12
The Hershey Company 2023 ESG Report


--- PAGE 13 ---
Our Snacks Portfolio
We craft sn"
EEVID_444fcf13cefd3196,packaging_wrapper,hershey_latest_esg_packaging_section.pdf,text_or_table,unified_memory_scan,ingredient_confirmation,ingredient_or_label_evidence,direct_product_or_label_evidence,direct_sku_or_label_evidence,sku_or_label_level,medium_high,high,candidate_for_strict_audit,pending_step16i,hershey,natural_flavor; packaging; sugar,,"hershey / natural_flavor, packaging, sugar / packaging_wrapper may support ingredient, label, or product identity evidence. Use for product label, wrapper, ingredient, or SKU identity evidence. Do not infer supplier allocation.","tein or lead a more 
sustainable lifestyle, Hershey offers a wide range of 
options. 
Our portfolio is tailored to empower consumers to choose 
snacks that work for them, providing:
• Portion control 
• Reduced- and zero sugar
• Plant-based and other options 
To meet present and future consumer expectations, 
we monitor emerging needs and make inve"
EEVID_c1990ef0ef209604,packaging_wrapper,hershey_latest_esg_packaging_section.pdf,text_or_table,unified_memory_scan,ingredient_confirmation,ingredient_or_label_evidence,direct_product_or_label_evidence,direct_sku_or_label_evidence,sku_or_label_level,medium_high,high,candidate_for_strict_audit,pending_step16i,hershey,cocoa_chocolate,supplier_claim_not_sku_confirmed,"hershey / cocoa_chocolate / packaging_wrapper may support ingredient, label, or product identity evidence. Use for product label, wrapper, ingredient, or SKU identity evidence. Do not infer supplier allocation.","ing for food safety, regulatory and quality activities 
in our manufacturing operations
→For a summary of our data on Food Safety and Nutrition and 
Health, see pages 19-20. 
→For more on our programs and training, visit our Food Safety 
Partners in Quality website.
One hundred and thirty years ago, Milton 
Hershey said ‘give them quality, that’s t"
EEVID_2937a08520687084,packaging_wrapper,hershey_latest_esg_packaging_section.pdf,text_or_table,unified_memory_scan,ingredient_confirmation,ingredient_or_label_evidence,direct_product_or_label_evidence,direct_sku_or_label_evidence,sku_or_label_level,medium_high,high,candidate_for_strict_audit,pending_step16i,hershey; usda,cocoa_chocolate; packaging,benchmark_not_invoice; supplier_claim_not_sku_confirmed,"hershey, usda / cocoa_chocolate, packaging / packaging_wrapper may support ingredient, label, or product identity evidence. Use for product label, wrapper, ingredient, or SKU identity evidence. Do not infer supplier allocation.","sured media, like television, 
in the U.S., we do not advertise on shows where 30% 
or more of the expected audience on average comprises 
children aged under 13. Our annual submission to CFBAI 
demonstrates compliance with our commitments. 
Hershey has also committed to Canada’s CCFBA. As with 
CFBAI, this means we will not primarily direct advert"
EEVID_2805e66f07f762e4,packaging_wrapper,hershey_latest_esg_packaging_section.pdf,text_or_table,unified_memory_scan,ingredient_confirmation,ingredient_or_label_evidence,direct_product_or_label_evidence,direct_sku_or_label_evidence,sku_or_label_level,medium_high,high,candidate_for_strict_audit,pending_step16i,hershey,cocoa_chocolate; packaging,benchmark_not_invoice; supplier_claim_not_sku_confirmed,"hershey / cocoa_chocolate, packaging / packaging_wrapper may support ingredient, label, or product identity evidence. Use for product label, wrapper, ingredient, or SKU identity evidence. Do not infer supplier allocation.","ensures that all claims and 
required labeling elements on any updated packaging 
comply with applicable law and regulations.
 Contents
Making Good
Our Company
Cocoa
Responsible Sourcing and Human Rights
Environment
Our People
Youth
Community
About This Report
18
The Hershey Company 2023 ESG Report


--- PAGE 19 ---
Our Progress
Financial Performan"
EEVID_14696f6b0dc683b5,packaging_wrapper,hershey_latest_esg_packaging_section.pdf,text_or_table,unified_memory_scan,ingredient_confirmation,ingredient_or_label_evidence,direct_product_or_label_evidence,direct_sku_or_label_evidence,sku_or_label_level,medium_high,high,candidate_for_strict_audit,pending_step16i,hershey,cocoa_chocolate,benchmark_not_invoice; supplier_claim_not_sku_confirmed,"hershey / cocoa_chocolate / packaging_wrapper may support ingredient, label, or product identity evidence. Use for product label, wrapper, ingredient, or SKU identity evidence. Do not infer supplier allocation.","maps. This analysis follows World Cocoa Foundation definitions and checks that all farm plots managed by a farmer are linked to received polygon maps before we consider a farmer to be mapped. This analysis also 
means that when reporting hectarage, Hershey's results now report the true total area, excluding any overlapping areas that are included i"
EEVID_a17db090a4ac8fc2,packaging_wrapper,hershey_latest_esg_packaging_section.pdf,text_or_table,unified_memory_scan,ingredient_confirmation,ingredient_or_label_evidence,direct_product_or_label_evidence,direct_sku_or_label_evidence,sku_or_label_level,medium_high,high,candidate_for_strict_audit,pending_step16i,hershey,cocoa_chocolate,supplier_claim_not_sku_confirmed,"hershey / cocoa_chocolate / packaging_wrapper may support ingredient, label, or product identity evidence. Use for product label, wrapper, ingredient, or SKU identity evidence. Do not infer supplier allocation.","onsible Sourcing
46
Responsible Sourcing Supplier Program
48
Sourcing Our Priority Ingredients and Materials
53 
Our Progress
 Contents
Making Good
Our Company
Cocoa
Responsible Sourcing and Human Rights
Environment
Our People
Youth
Community
About This Report
37
The Hershey Company 2023 ESG Report


--- PAGE 38 ---
Human Rights Across 
Our Value C"
EEVID_fd849a15e4e7b1ca,packaging_wrapper,hershey_latest_esg_packaging_section.pdf,text_or_table,unified_memory_scan,ingredient_confirmation,ingredient_or_label_evidence,direct_product_or_label_evidence,direct_sku_or_label_evidence,sku_or_label_level,medium_high,high,candidate_for_strict_audit,pending_step16i,hershey,cocoa_chocolate,supplier_claim_not_sku_confirmed,"hershey / cocoa_chocolate / packaging_wrapper may support ingredient, label, or product identity evidence. Use for product label, wrapper, ingredient, or SKU identity evidence. Do not infer supplier allocation.","ory Code of Conduct 
training for all professional employees
Deployed additional worker engagement surveys in Hershey-
owned and supplier facilities in Malaysia, Mexico and the U.S.
Conducted baseline assessment of cocoa farmer incomes
Initiated work on cocoa Income Accelerator Program 
Created human rights impact framework to inform strategy 
and "
EEVID_078192b8a0b4e7de,packaging_wrapper,hershey_latest_esg_packaging_section.pdf,text_or_table,unified_memory_scan,ingredient_confirmation,ingredient_or_label_evidence,direct_product_or_label_evidence,direct_sku_or_label_evidence,sku_or_label_level,medium_high,high,candidate_for_strict_audit,pending_step16i,hershey,cocoa_chocolate,supplier_claim_not_sku_confirmed,"hershey / cocoa_chocolate / packaging_wrapper may support ingredient, label, or product identity evidence. Use for product label, wrapper, ingredient, or SKU identity evidence. Do not infer supplier allocation.","sessment in 2022 confirmed: 
• Key strengths include our governance structure, training 
and responsible sourcing and supply chain due diligence. 
• We have opportunities to improve rightsholder engagement, 
grievance mechanisms and access to remedy. We continue 
efforts to reinforce these area by collaborating with 
peers, suppliers, NGOs and gove"
EEVID_876a79455b0aefa6,packaging_wrapper,hershey_latest_esg_packaging_section.pdf,text_or_table,unified_memory_scan,ingredient_confirmation,ingredient_or_label_evidence,direct_product_or_label_evidence,direct_sku_or_label_evidence,sku_or_label_level,medium_high,high,candidate_for_strict_audit,pending_step16i,hershey,cocoa_chocolate,benchmark_not_invoice; supplier_claim_not_sku_confirmed,"hershey / cocoa_chocolate / packaging_wrapper may support ingredient, label, or product identity evidence. Use for product label, wrapper, ingredient, or SKU identity evidence. Do not infer supplier allocation.","is therefore 
committed to doing our part — see our climate 
commitments on pages 66-68.
 Contents
Making Good
Our Company
Cocoa
Responsible Sourcing and Human Rights
Environment
Our People
Youth
Community
About This Report
44
The Hershey Company 2023 ESG Report
1
Hershey supports the Global Living Wage Coalition’s definition of a living wage.
2
He"
EEVID_a1a88a83c5857b3b,packaging_wrapper,hershey_latest_esg_packaging_section.pdf,text_or_table,unified_memory_scan,ingredient_confirmation,ingredient_or_label_evidence,direct_product_or_label_evidence,direct_sku_or_label_evidence,sku_or_label_level,medium_high,high,candidate_for_strict_audit,pending_step16i,hershey,cocoa_chocolate; milk_dairy; packaging; sugar,supplier_claim_not_sku_confirmed,"hershey / cocoa_chocolate, milk_dairy, packaging, sugar / packaging_wrapper may support ingredient, label, or product identity evidence. Use for product label, wrapper, ingredient, or SKU identity evidence. Do not infer supplier allocation.","ey Company 2023 ESG Report
* Coconut and eggs are not listed in this ESG Report as key ingredients 
and materials. They appear on this map because Hershey has public 
commitments related to sourcing both ingredients. Responsible sourcing 
ingredient commitments and progress may be found on page 58.


--- PAGE 49 ---
Sourcing Our Priority Ingredient"
EEVID_f60928747f57e024,packaging_wrapper,hershey_latest_esg_packaging_section.pdf,text_or_table,unified_memory_scan,retail_price,retail_price_evidence,direct_product_or_label_evidence,direct_sku_or_label_evidence,sku_or_label_level,medium_high,high,candidate_for_strict_audit,pending_step16i,hershey,cocoa_chocolate; packaging,retail_observation_not_margin; supplier_claim_not_sku_confirmed,"hershey / cocoa_chocolate, packaging / packaging_wrapper may support observed retail page or price evidence. Use for product label, wrapper, ingredient, or SKU identity evidence. Do not infer supplier allocation.","cturing sites and audits performed by 
supplier category
# of manufacturing 
sites enrolled and 
subject to audit
# of audits 
performed
# of manufacturing 
sites enrolled and 
subject to audit
# of audits 
performed
# of manufacturing 
sites enrolled and 
subject to audit
# of audits 
performed
Contract manufacturing and contract packaging
72
52
7"
EEVID_dd66a1fa46476eb0,packaging_wrapper,hershey_latest_esg_packaging_section.pdf,text_or_table,unified_memory_scan,ingredient_confirmation,ingredient_or_label_evidence,direct_product_or_label_evidence,direct_sku_or_label_evidence,sku_or_label_level,medium_high,high,candidate_for_strict_audit,pending_step16i,hershey,cocoa_chocolate; milk_dairy; packaging; sugar,benchmark_not_invoice; supplier_claim_not_sku_confirmed,"hershey / cocoa_chocolate, milk_dairy, packaging, sugar / packaging_wrapper may support ingredient, label, or product identity evidence. Use for product label, wrapper, ingredient, or SKU identity evidence. Do not infer supplier allocation.",".0
Rest of Asia
0.0
0.0
0.1
0.0
0.3
0.4
1.8
0.1
0.1
0.0
0.2
Rest of Latin America
0.0
0.3
0.0
0.0
0.3
0.0
1.3
0.3
0.0
0.0
0.3
 Contents
Making Good
Our Company
Cocoa
Responsible Sourcing and Human Rights
Environment
Our People
Youth
Community
About This Report
57
The Hershey Company 2023 ESG Report


--- PAGE 58 ---
Responsible Sourcing Ingredient "
EEVID_95f143bf840474aa,packaging_wrapper,hershey_latest_esg_packaging_section.pdf,text_or_table,unified_memory_scan,ingredient_confirmation,ingredient_or_label_evidence,direct_product_or_label_evidence,direct_sku_or_label_evidence,sku_or_label_level,medium_high,high,candidate_for_strict_audit,pending_step16i,hershey,sugar,benchmark_not_invoice; supplier_claim_not_sku_confirmed,"hershey / sugar / packaging_wrapper may support ingredient, label, or product identity evidence. Use for product label, wrapper, ingredient, or SKU identity evidence. Do not infer supplier allocation.","re (FLAG), while 28.6% are classified as non-
FLAG. 
Hershey’s 2023 Scope 1 and Scope 2 data received 
limited assurance by Ernst & Young, LLP (EY). 
Our 2023 Scope 3 data was independently verified 
by Quantis.
2.4%
0.8%
96.8%
❶ Scope 1
❹ FLAG Total
❷ Scope 2
❺ Non-FLAG Total
❸ Scope 3
28.6%
71.4%


--- PAGE 61 ---
Managing Climate Risk
Detailed p"
EEVID_bb5faa64fc03e56c,packaging_wrapper,hershey_latest_esg_packaging_section.pdf,text_or_table,unified_memory_scan,ingredient_confirmation,ingredient_or_label_evidence,direct_product_or_label_evidence,direct_sku_or_label_evidence,sku_or_label_level,medium_high,high,candidate_for_strict_audit,pending_step16i,hershey,cocoa_chocolate; milk_dairy; packaging; sugar,supplier_claim_not_sku_confirmed,"hershey / cocoa_chocolate, milk_dairy, packaging, sugar / packaging_wrapper may support ingredient, label, or product identity evidence. Use for product label, wrapper, ingredient, or SKU identity evidence. Do not infer supplier allocation.","gar
❾ Specialty
❹ Peanuts
❿ Packaging 
  (pulp & paper)
❺ Palm
❻ Corn
⓫ Vegetable Oil
54.0%
19.7%
4.3%
3.8%
2.3%
1.3%
1.5%
1.0%
9.8%
0.2%
2.2%
25.2%
24.6%
26.7%
9.9%
6.5%
2.7% 3.2% 0.6%
0.6%
❶Packaging, 
including end-of-life
❻Co-manufacturing 
of our products
❷Transportation 
of Goods and Products
❼Business travel
❸Upstream processing 
raw ingredi"
EEVID_29ef72d2e71ead45,packaging_wrapper,hershey_latest_esg_packaging_section.pdf,text_or_table,unified_memory_scan,ingredient_confirmation,ingredient_or_label_evidence,direct_product_or_label_evidence,direct_sku_or_label_evidence,sku_or_label_level,medium_high,high,candidate_for_strict_audit,pending_step16i,hershey,cocoa_chocolate; milk_dairy; packaging; sugar,supplier_claim_not_sku_confirmed,"hershey / cocoa_chocolate, milk_dairy, packaging, sugar / packaging_wrapper may support ingredient, label, or product identity evidence. Use for product label, wrapper, ingredient, or SKU identity evidence. Do not infer supplier allocation.","lopment 
into scalable ways to help farmers overcome climate variability
• Continue to refine our FLAG and non-FLAG roadmaps 
 Contents
Making Good
Our Company
Cocoa
Responsible Sourcing and Human Rights
Environment
Our People
Youth
Community
About This Report
65
The Hershey Company 2023 ESG Report


--- PAGE 66 ---
Hershey’s Climate Action
 Conten"
EEVID_942ea5d8aa6b6717,packaging_wrapper,hershey_latest_esg_packaging_section.pdf,text_or_table,unified_memory_scan,retail_price,retail_price_evidence,direct_product_or_label_evidence,direct_sku_or_label_evidence,sku_or_label_level,medium_high,high,candidate_for_strict_audit,pending_step16i,hershey,cocoa_chocolate; milk_dairy; packaging,retail_observation_not_margin; supplier_claim_not_sku_confirmed,"hershey / cocoa_chocolate, milk_dairy, packaging / packaging_wrapper may support observed retail page or price evidence. Use for product label, wrapper, ingredient, or SKU identity evidence. Do not infer supplier allocation.","proximately 80% achieved in 2023
Boosting energy efficiency through incremental 
improvements and capital investments in technology
Leaning into green building design as a way 
to moderate our impact as we grow
Packaging
• Designing packaging to minimize impact and for circularity, such as moving to more recyclable materials, increasing recycled co"
EEVID_8f5c847d3826a895,packaging_wrapper,hershey_latest_esg_packaging_section.pdf,text_or_table,unified_memory_scan,ingredient_confirmation,ingredient_or_label_evidence,direct_product_or_label_evidence,direct_sku_or_label_evidence,sku_or_label_level,medium_high,high,candidate_for_strict_audit,pending_step16i,hershey,cocoa_chocolate; milk_dairy; sugar,supplier_claim_not_sku_confirmed,"hershey / cocoa_chocolate, milk_dairy, sugar / packaging_wrapper may support ingredient, label, or product identity evidence. Use for product label, wrapper, ingredient, or SKU identity evidence. Do not infer supplier allocation.","t Taking Action: Hershey Supports the Forest 
Through the Trees on our corporate website. 
 Contents
Making Good
Our Company
Cocoa
Responsible Sourcing and Human Rights
Environment
Our People
Youth
Community
About This Report
69
The Hershey Company 2023 ESG Report
Material ESG issue:
• Biodiversity


--- PAGE 70 ---
The Significance of Biodiversity"
EEVID_8cb76bacf1b92797,packaging_wrapper,hershey_latest_esg_packaging_section.pdf,text_or_table,unified_memory_scan,ingredient_confirmation,ingredient_or_label_evidence,direct_product_or_label_evidence,direct_sku_or_label_evidence,sku_or_label_level,medium_high,high,candidate_for_strict_audit,pending_step16i,hershey,cocoa_chocolate,supplier_claim_not_sku_confirmed,"hershey / cocoa_chocolate / packaging_wrapper may support ingredient, label, or product identity evidence. Use for product label, wrapper, ingredient, or SKU identity evidence. Do not infer supplier allocation.","Biodiversity Footprint of Hershey’s 
Ingredients With the Highest Land 
Use Impact
 Contents
Making Good
Our Company
Cocoa
Responsible Sourcing and Human Rights
Environment
Our People
Youth
Community
About This Report
70
The Hershey Company 2023 ESG Report
One Million Trees With 
Arbor Day Foundation
We have done incredible work 
together over the "
EEVID_d5ed6e7e09f4d2e6,packaging_wrapper,hershey_latest_esg_packaging_section.pdf,text_or_table,unified_memory_scan,ingredient_confirmation,ingredient_or_label_evidence,direct_product_or_label_evidence,direct_sku_or_label_evidence,sku_or_label_level,medium_high,high,candidate_for_strict_audit,pending_step16i,hershey,cocoa_chocolate; packaging,benchmark_not_invoice; supplier_claim_not_sku_confirmed,"hershey / cocoa_chocolate, packaging / packaging_wrapper may support ingredient, label, or product identity evidence. Use for product label, wrapper, ingredient, or SKU identity evidence. Do not infer supplier allocation.","dustrial recycled content. Opportunity realized. 
 Contents
Making Good
Our Company
Cocoa
Responsible Sourcing and Human Rights
Environment
Our People
Youth
Community
About This Report
71
The Hershey Company 2023 ESG Report
Material ESG issue:
• Packaging and end-of-life
1
Source: conservatree.org.


--- PAGE 72 ---
New Solutions for Waste 
Priorit"
EEVID_05ccd9205cddd84b,packaging_wrapper,hershey_latest_esg_packaging_section.pdf,text_or_table,unified_memory_scan,ingredient_confirmation,ingredient_or_label_evidence,direct_product_or_label_evidence,direct_sku_or_label_evidence,sku_or_label_level,medium_high,high,candidate_for_strict_audit,pending_step16i,hershey,packaging,benchmark_not_invoice; supplier_claim_not_sku_confirmed,"hershey / packaging / packaging_wrapper may support ingredient, label, or product identity evidence. Use for product label, wrapper, ingredient, or SKU identity evidence. Do not infer supplier allocation.","and health
The company’s involvement in making healthy products widely available and affordable.
Sub-issues: Consumer well-being, children’s nutrition, transparency
Packaging and end-of-life
Minimizing the use of packaging and single-use plastics, including reducing unnecessary packaging, and implementing reuse and recycled materials for customer a"
EEVID_882c0ceeaba61460,packaging_wrapper,hershey_latest_esg_packaging_section.pdf,text_or_table,unified_memory_scan,ingredient_confirmation,ingredient_or_label_evidence,direct_product_or_label_evidence,direct_sku_or_label_evidence,sku_or_label_level,medium_high,high,candidate_for_strict_audit,pending_step16i,hershey,,supplier_claim_not_sku_confirmed,"hershey / packaging_wrapper may support ingredient, label, or product identity evidence. Use for product label, wrapper, ingredient, or SKU identity evidence. Do not infer supplier allocation.","nt of a food product and its ingredients through all steps in the supply chain.
Sub-issues: Blockchain, supply chain transparency, risk management
Waste management
Responsible management and disposal of hazardous/non-hazardous waste in production and operations and where possible, reducing, recycling or reusing within the supply chain.
Sub-issues: "
EEVID_c8ab2947a2bddb8f,pgpr,fda_pgpr_gras_notice_inventory_page.pdf,text_or_table,unified_memory_scan,ingredient_confirmation,ingredient_or_label_evidence,direct_product_or_label_evidence,direct_sku_or_label_evidence,sku_or_label_level,medium_high,high,candidate_for_strict_audit,pending_step16i,fda,pgpr,benchmark_not_invoice,"fda / pgpr / pgpr may support ingredient, label, or product identity evidence. Use for product label, wrapper, ingredient, or SKU identity evidence. Do not infer supplier allocation.","applies. In our evaluation of Unilever’s notice concluding that 
PGPR is GRAS under its intended conditions of use, we did not consider whether section 
301(ll) or any of its exemptions apply to foods containing PGPR. Accordingly, our 
response should not be construed to be a statement that foods containing PGPR, if 
introduced or delivered for int"
EEVID_515d360c609ab454,pgpr,fda_pgpr_gras_response_letter.pdf,text_or_table,unified_memory_scan,ingredient_confirmation,ingredient_or_label_evidence,direct_product_or_label_evidence,direct_sku_or_label_evidence,sku_or_label_level,medium_high,high,candidate_for_strict_audit,pending_step16i,fda,pgpr,benchmark_not_invoice,"fda / pgpr / pgpr may support ingredient, label, or product identity evidence. Use for product label, wrapper, ingredient, or SKU identity evidence. Do not infer supplier allocation.","applies. In our evaluation of Unilever’s notice concluding that 
PGPR is GRAS under its intended conditions of use, we did not consider whether section 
301(ll) or any of its exemptions apply to foods containing PGPR. Accordingly, our 
response should not be construed to be a statement that foods containing PGPR, if 
introduced or delivered for int"
EEVID_704a908ea1d76c59,pgpr,pgpr_function_in_chocolate_explanation.pdf,visual_ocr,unified_memory_scan,ingredient_confirmation,ingredient_or_label_evidence,direct_product_or_label_evidence,direct_sku_or_label_evidence,sku_or_label_level,medium_high,high,candidate_for_strict_audit,pending_step16i,,cocoa_chocolate; pgpr; soy_lecithin,benchmark_not_invoice; ocr_text_requires_visual_confidence_review,"cocoa_chocolate, pgpr, soy_lecithin / pgpr may support ingredient, label, or product identity evidence. Use for product label, wrapper, ingredient, or SKU identity evidence. Do not infer supplier allocation.","improve the look and feel of chocolate and confectionery.
For example, PGPR can help create a glossier finish and reduce bubbles and holes. Plus, adding PGPR to, for example, a chocolate coating, means
that the topping can be spread thinner and so less chocolate is needed. And as a final topping, it was also discovered that PGPR helps prevent fat
b"
EEVID_14038e43f8983734,pgpr,pgpr_function_in_chocolate_explanation.pdf,visual_ocr,unified_memory_scan,ingredient_confirmation,ingredient_or_label_evidence,direct_product_or_label_evidence,direct_sku_or_label_evidence,sku_or_label_level,medium_high,high,candidate_for_strict_audit,pending_step16i,,cocoa_chocolate; pgpr; soy_lecithin; sugar,benchmark_not_invoice; ocr_text_requires_visual_confidence_review,"cocoa_chocolate, pgpr, soy_lecithin, sugar / pgpr may support ingredient, label, or product identity evidence. Use for product label, wrapper, ingredient, or SKU identity evidence. Do not infer supplier allocation.","all emulsifiers are bad.
After all, if you've ever made a salad dressing at home from oil, vinegar and a drop of mustard, you are using the mustard as an emulsifier to bind these
otherwise unmixable liquids together. And craft chocolate has some wonderful examples of “the bliss point”, sensory specific satiety, etc. too. Pump
Street’s bakery collec"
EEVID_8098293690e6c9ab,pgpr,pgpr_industry_supplier_function_reference.pdf,visual_ocr,unified_memory_scan,ingredient_confirmation,ingredient_or_label_evidence,direct_product_or_label_evidence,direct_sku_or_label_evidence,sku_or_label_level,medium_high,high,candidate_for_strict_audit,pending_step16i,,,benchmark_not_invoice; ocr_text_requires_visual_confidence_review,"pgpr may support ingredient, label, or product identity evidence. Use for product label, wrapper, ingredient, or SKU identity evidence. Do not infer supplier allocation.","--- VISUAL OCR PAGE 1: page_001.png ---
= BLENDTEK Find ingredients Q English Frangais
§ ~~, ee ran
ey : : ee \
x UA ‘ ey.
7 ee a GY. ‘nie
* —< f wo ie ®, ‘
- Fas ot ghey aA ay
Sb hd hp dts a,
| al a .Y
. C s ; t &
1 le ing} wo we
It's what's inside that counts. a ms
Looking for food ingredients? You've come to the right place. se ‘ a Te ‘ Jf +
Whe"
EEVID_133f051a809ab254,pgpr,pgpr_industry_supplier_function_reference.pdf,visual_ocr,unified_memory_scan,ingredient_confirmation,ingredient_or_label_evidence,direct_product_or_label_evidence,direct_sku_or_label_evidence,sku_or_label_level,medium_high,high,candidate_for_strict_audit,pending_step16i,,packaging,benchmark_not_invoice; ocr_text_requires_visual_confidence_review; supplier_claim_not_sku_confirmed,"packaging / pgpr may support ingredient, label, or product identity evidence. Use for product label, wrapper, ingredient, or SKU identity evidence. Do not infer supplier allocation.","etary perfection, our blending
. < EN facility and test-kitchen let us expertly whisk up whatever your
iY o> > eo / fil ? a business needs.
$ x rie P ; AO “
—.. Gs DP i
oe -_ -
, | Fun Fact: Thousands of years ago
= . eis Gum Arabic, a popular ingredient in
- , some of today’s fave treats, was used
in the ancient mummification process.
ys
MANE
+ > "
EEVID_0561f47334a5c324,pgpr,pgpr_industry_supplier_function_reference.pdf,visual_ocr,unified_memory_scan,retail_price,retail_price_evidence,direct_product_or_label_evidence,direct_sku_or_label_evidence,sku_or_label_level,medium_high,high,candidate_for_strict_audit,pending_step16i,,cocoa_chocolate; milk_dairy; packaging,benchmark_not_invoice; ocr_text_requires_visual_confidence_review; retail_observation_not_margin; supplier_claim_not_sku_confirmed,"cocoa_chocolate, milk_dairy, packaging / pgpr may support observed retail page or price evidence. Use for product label, wrapper, ingredient, or SKU identity evidence. Do not infer supplier allocation.","jas. Global ‘ , L \ \ a ¥: jj
crisis? No sweat. We keep your ingredients JZ Rp . =. IY
flowing, no matter the twist. Yr - \ Ng wae
Wrapping up one beverage distributor's The secret ingredient to supply chain
packaging spend & carbon footprint. challenges.
By reducing the number of rolls of hand wrap by 24% and In the midst of post-COVID supply chai"
EEVID_3f0d2d8bc9d00446,pgpr,pgpr_market_overview_reference.pdf,text_or_table,unified_memory_scan,ingredient_confirmation,ingredient_or_label_evidence,direct_product_or_label_evidence,direct_sku_or_label_evidence,sku_or_label_level,medium_high,high,candidate_for_strict_audit,pending_step16i,,cocoa_chocolate; milk_dairy; natural_flavor; pgpr,benchmark_not_invoice,"cocoa_chocolate, milk_dairy, natural_flavor, pgpr / pgpr may support ingredient, label, or product identity evidence. Use for product label, wrapper, ingredient, or SKU identity evidence. Do not infer supplier allocation.","--- PAGE 1 ---
Report Description 
 
 
PGPR Market Outlook 
As per our latest market intelligence, the Global PGPR (Polyglycerol Polyricinoleate) 
market size was valued at $1.12 billion in 2024, and is forecasted to hit $2.05 
billion by 2033, growing at a robust CAGR of 6.8% during the forecast period. The 
PGPR market is witnessing significant m"
EEVID_6eb20cb1e38a7629,pgpr,pgpr_market_overview_reference.pdf,text_or_table,unified_memory_scan,ingredient_confirmation,ingredient_or_label_evidence,direct_product_or_label_evidence,direct_sku_or_label_evidence,sku_or_label_level,medium_high,high,candidate_for_strict_audit,pending_step16i,,milk_dairy; natural_flavor; pgpr,benchmark_not_invoice; supplier_claim_not_sku_confirmed,"milk_dairy, natural_flavor, pgpr / pgpr may support ingredient, label, or product identity evidence. Use for product label, wrapper, ingredient, or SKU identity evidence. Do not infer supplier allocation.",". Long-term supply 
agreements and strategic partnerships are common, fostering stability and mutual 
growth. 
Indirect channels, including distributors, wholesalers, and online platforms, are 
gaining traction, particularly among small and medium-sized enterprises (SMEs) 
and regional food processors. These channels offer greater market reach and "
EEVID_d2da11b204685e20,pgpr,pgpr_market_overview_reference.pdf,text_or_table,unified_memory_scan,retail_price,retail_price_evidence,direct_product_or_label_evidence,direct_sku_or_label_evidence,sku_or_label_level,medium_high,high,candidate_for_strict_audit,pending_step16i,,milk_dairy; natural_flavor; pgpr,benchmark_not_invoice; retail_observation_not_margin; supplier_claim_not_sku_confirmed,"milk_dairy, natural_flavor, pgpr / pgpr may support observed retail page or price evidence. Use for product label, wrapper, ingredient, or SKU identity evidence. Do not infer supplier allocation.","in PGPR applications, such as vegan bakery, low-fat 
confectionery, and fortified dairy alternatives, is attracting investment from both 
established players and startups. The integration of PGPR with novel ingredients, 
such as prebiotics, proteins, and natural flavors, is expanding its functional


--- PAGE 7 ---
repertoire and market appeal. Str"
EEVID_656fbd67f9ac0be3,pgpr,pgpr_market_overview_reference.pdf,text_or_table,unified_memory_scan,ingredient_confirmation,ingredient_or_label_evidence,direct_product_or_label_evidence,direct_sku_or_label_evidence,sku_or_label_level,medium_high,high,candidate_for_strict_audit,pending_step16i,,pgpr,benchmark_not_invoice; supplier_claim_not_sku_confirmed,"pgpr / pgpr may support ingredient, label, or product identity evidence. Use for product label, wrapper, ingredient, or SKU identity evidence. Do not infer supplier allocation.","er in responsible production. 
The company collaborates closely with food manufacturers to co-develop 
customized PGPR solutions, supported by a global network of application labs and 
technical experts. 
IOI Loders Croklaan leverages its expertise in specialty fats and oils to deliver high-
quality PGPR products for the confectionery and bakery se"
EEVID_aff6389ae1bc7389,product_sku_1_55oz,034000002405_3.png,visual_ocr,unified_memory_scan,ingredient_confirmation,ingredient_or_label_evidence,direct_product_or_label_evidence,direct_sku_or_label_evidence,sku_or_label_level,medium_high,high,candidate_for_strict_audit,pending_step16i,hershey,cocoa_chocolate; milk_dairy; sugar,ocr_text_requires_visual_confidence_review,"hershey / cocoa_chocolate, milk_dairy, sugar / product_sku_1_55oz may support ingredient, label, or product identity evidence. Use for product label, wrapper, ingredient, or SKU identity evidence. Do not infer supplier allocation.","--- VISUAL OCR image_or_logo_asset: 034000002405_3.png ---
SSS IS ES SEE ES
ns |
——<—— |
—— |
—} :
—— |
| |
—_—_—— /
| ——} |
—
w A |
THIS END FORWARD |
IMPORTANT |
KEEP IN A COOL. DRY PLACE |
sat INGRECHENTS: MILK CHOCOLATE (SUGAR, MILK |
Nutrition Facts | 2.1, com esr wir, tomes
36 servings per container CONTAINS: MILK, SOY. |
Serving size _1 bar "
EEVID_7c78727f841137bf,product_sku_1_55oz,hershey 1.55 oz page.pdf,visual_ocr,unified_memory_scan,ingredient_confirmation,ingredient_or_label_evidence,direct_product_or_label_evidence,direct_sku_or_label_evidence,sku_or_label_level,medium_high,high,candidate_for_strict_audit,pending_step16i,hershey,cocoa_chocolate; milk_dairy; natural_flavor; pgpr; soy_lecithin; sugar,ocr_text_requires_visual_confidence_review,"hershey / cocoa_chocolate, milk_dairy, natural_flavor, pgpr, soy_lecithin, sugar / product_sku_1_55oz may support ingredient, label, or product identity evidence. Use for product label, wrapper, ingredient, or SKU identity evidence. Do not infer supplier allocation.","--- VISUAL OCR PAGE 1: page_001.png ---
hersheyland, Recipes v Inspiration v Our Brands v Products About v Search tons of products, recipes and activity ideas Q
f& > Products > HERSHEY'S
¢ e
HERSHEY'S Milk Chocolate
one (1640)
< Choose a size:
oy Se olse2huds
There’s happy, and then there’s HERSHEY'S Happy. This
HERSHEY'S Chocolate Bar makes life d"
EEVID_f6d2552f8c59c273,soy_lecithin,fda_lecithin_food_additive_or_gras_reference.pdf,visual_ocr,unified_memory_scan,ingredient_confirmation,ingredient_or_label_evidence,direct_product_or_label_evidence,direct_sku_or_label_evidence,sku_or_label_level,medium_high,high,candidate_for_strict_audit,pending_step16i,fda,natural_flavor; packaging; soy_lecithin,ocr_text_requires_visual_confidence_review,"fda / natural_flavor, packaging, soy_lecithin / soy_lecithin may support ingredient, label, or product identity evidence. Use for product label, wrapper, ingredient, or SKU identity evidence. Do not infer supplier allocation.","--- VISUAL OCR PAGE 1: page_001.png ---
Rd Department of Health & Human Services AA
U.S. FOOD & DRUG
ADMINISTRATION
Substances Added to Food (formerly EAFUS) Pa
© FDAHome ®© Ingredients and Packaging © Food Ingredient and Packaging Inventories © Substances Added to Food (formerly EAFUS) =_
© LECITHIN
CAS Reg. No. (or other ID)*: 8002-43-5
Substance"
EEVID_13022d98135a9d49,soy_lecithin,soy_lecithin_function_in_chocolate_explanation.pdf,visual_ocr,unified_memory_scan,ingredient_confirmation,ingredient_or_label_evidence,direct_product_or_label_evidence,direct_sku_or_label_evidence,sku_or_label_level,medium_high,high,candidate_for_strict_audit,pending_step16i,,cocoa_chocolate; milk_dairy; soy_lecithin,benchmark_not_invoice; ocr_text_requires_visual_confidence_review; supplier_claim_not_sku_confirmed,"cocoa_chocolate, milk_dairy, soy_lecithin / soy_lecithin may support ingredient, label, or product identity evidence. Use for product label, wrapper, ingredient, or SKU identity evidence. Do not infer supplier allocation.","ecithin for the i Polar
European food market drastically changed the lecithin world market supply system beginning 28 ts
in 1996. Traditional non-GMO soybean availability will become more scarce, which presents a e e as
market opportunity for high-quality IP non-GMO canola, soy, and sunflower lecithins. T |
PC fractions with specific essential omeg"
EEVID_d0929eeed4ad2ead,soy_lecithin,soy_lecithin_function_in_chocolate_explanation.pdf,visual_ocr,unified_memory_scan,ingredient_confirmation,ingredient_or_label_evidence,direct_product_or_label_evidence,direct_sku_or_label_evidence,sku_or_label_level,medium_high,high,candidate_for_strict_audit,pending_step16i,,cocoa_chocolate; soy_lecithin,ocr_text_requires_visual_confidence_review,"cocoa_chocolate, soy_lecithin / soy_lecithin may support ingredient, label, or product identity evidence. Use for product label, wrapper, ingredient, or SKU identity evidence. Do not infer supplier allocation.","line, phosphate,
glycerol, and fatty acids. The body's greatest concentration of lecithin is found in the vital
organs, where it makes up about 30% of the dry weight of the brain. Lecithin acts as an
emulsifier and helps the body in the absorption of fats.
The lecithin that is used in chocolate is a commercial product containing ca. 50-65 wt% Book
"
EEVID_0293b3ea6bf2ad13,soy_lecithin,soy_lecithin_function_in_chocolate_explanation.pdf,visual_ocr,unified_memory_scan,ingredient_confirmation,ingredient_or_label_evidence,direct_product_or_label_evidence,direct_sku_or_label_evidence,sku_or_label_level,medium_high,high,candidate_for_strict_audit,pending_step16i,fda,soy_lecithin,ocr_text_requires_visual_confidence_review,"fda / soy_lecithin / soy_lecithin may support ingredient, label, or product identity evidence. Use for product label, wrapper, ingredient, or SKU identity evidence. Do not infer supplier allocation.","seco
particularly suitable for stabilising either O/W or W/O emulsions when used in isolation, but it
may be effective when used in combination with other surfactants (van Nieuwenhuyzen and sOls Modif
Szuhaj, 1998). In addition, lecithin can be chemically or enzymatically hydrolysed to break off Food Tete
one of the hydrocarbon tails to produce mor"
EEVID_b7360f579a70a931,soy_lecithin,soy_lecithin_function_in_chocolate_explanation.pdf,visual_ocr,unified_memory_scan,ingredient_confirmation,ingredient_or_label_evidence,direct_product_or_label_evidence,direct_sku_or_label_evidence,sku_or_label_level,medium_high,high,candidate_for_strict_audit,pending_step16i,,cocoa_chocolate; natural_flavor; soy_lecithin,ocr_text_requires_visual_confidence_review,"cocoa_chocolate, natural_flavor, soy_lecithin / soy_lecithin may support ingredient, label, or product identity evidence. Use for product label, wrapper, ingredient, or SKU identity evidence. Do not infer supplier allocation.","he various purity specifications of food-grade lecithin.
Table 9.E. Legal Purity Specifications of Food-Grade Lecithin
Purity FAO/WHO Codex Alimentarius | European Union E322 Food Chemical Codex
Acetone insoluble % &gt;60 &gt;60 &gt;50
Hexane insoluble % Hydrolyzed &gt; 56 &lt;0.3
Toluene insoluble % &lt;0.3 &lt;0.3 &lt;0.3
Moisture % - - &lt;1.5
D"
EEVID_52eb0b5f5739023b,sugar,Sugar-The-Hershey-Company-05-06-2026_02_22_PM.pdf,visual_ocr,unified_memory_scan,ingredient_confirmation,ingredient_or_label_evidence,direct_product_or_label_evidence,direct_sku_or_label_evidence,sku_or_label_level,medium_high,high,candidate_for_strict_audit,pending_step16i,hershey,sugar,benchmark_not_invoice; ocr_text_requires_visual_confidence_review; supplier_claim_not_sku_confirmed,"hershey / sugar / sugar may support ingredient, label, or product identity evidence. Use for product label, wrapper, ingredient, or SKU identity evidence. Do not infer supplier allocation.","pliers to communicate the SCOC and relevant policies throughout their
supply chains. To verify that our sugar suppliers uphold our standards within their own operations
we have enrolled all sugar suppliers in our Responsible Sourcing Supplier Program. As part of this
program, all processing sites that provide sugar to Hershey are required to have a"
EEVID_1e0bab6c7b656d89,sugar,asr_fy23_sustainability_report.pdf,text_or_table,unified_memory_scan,ingredient_confirmation,ingredient_or_label_evidence,direct_product_or_label_evidence,direct_sku_or_label_evidence,sku_or_label_level,medium_high,high,candidate_for_strict_audit,pending_step16i,asr,packaging; sugar,benchmark_not_invoice; supplier_claim_not_sku_confirmed,"asr / packaging, sugar / sugar may support ingredient, label, or product identity evidence. Use for product label, wrapper, ingredient, or SKU identity evidence. Do not infer supplier allocation.","on-Refinery Operations
Buffalo, New York – USA 
Calumet, Illinois – USA
Chicago, Illinois – USA 
Nashville, Tennessee – USA 
Cleveland, Ohio – USA 
Plaistow, England – EU 
Belleville, Ontario – Canada 
Fortin – Mexico
Scope and Scale of Operations Included: 
107
ASR Group Sustainability Report 2023


--- PAGE 108 ---
Executive 
Summary
About ASR 
G"
EEVID_92e58b2a2e0cb2d6,sugar,asr_fy23_sustainability_report.pdf,text_or_table,unified_memory_scan,ingredient_confirmation,ingredient_or_label_evidence,direct_product_or_label_evidence,direct_sku_or_label_evidence,sku_or_label_level,medium_high,high,candidate_for_strict_audit,pending_step16i,asr,packaging; sugar,benchmark_not_invoice; supplier_claim_not_sku_confirmed,"asr / packaging, sugar / sugar may support ingredient, label, or product identity evidence. Use for product label, wrapper, ingredient, or SKU identity evidence. Do not infer supplier allocation.","ASR Group Refining
ASR Group Milling
All NROs
All Scopes
0.641
0.463
1.155
Scope 1
0.145
0.084
0.028
Scope 2
0.027
0.009
0.017
Location Based
0.033
0.009
0.020
Market Based
0.033
0.009
0.017
Scope 3
0.470
0.370
1.110
Biogenic - Out of Scope
0.498
0.734
0.000
109
ASR Group Sustainability Report 2023


--- PAGE 110 ---
Executive 
Summary
About ASR 
G"
EEVID_773a8643e7f5054e,sugar,asr_fy23_sustainability_report.pdf,text_or_table,unified_memory_scan,ingredient_confirmation,ingredient_or_label_evidence,direct_product_or_label_evidence,direct_sku_or_label_evidence,sku_or_label_level,medium_high,high,candidate_for_strict_audit,pending_step16i,asr,packaging; sugar,supplier_claim_not_sku_confirmed,"asr / packaging, sugar / sugar may support ingredient, label, or product identity evidence. Use for product label, wrapper, ingredient, or SKU identity evidence. Do not infer supplier allocation.","489
19,087
Sugar Supply
285,328
285,328
13,313
176,658
80,071
28,598
13,313
Raw Material Procurement (Ingredients)
25,838
21,067
4,771
12,154
3,959
4,955
4,771
Raw Material Procurement (Packaging)
5,084
4,182
902
1,995
1,550
637
902
Raw Material Procurement (Maintenance Materials)
2,702
2,601
100
1,739
563
299
100
Capital goods
1,230
1,141
89
546
4"
EEVID_8ef495596fe1ef4a,sugar,asr_fy23_sustainability_report.pdf,text_or_table,unified_memory_scan,ingredient_confirmation,ingredient_or_label_evidence,direct_product_or_label_evidence,direct_sku_or_label_evidence,sku_or_label_level,medium_high,high,candidate_for_strict_audit,pending_step16i,asr,packaging; sugar,benchmark_not_invoice; supplier_claim_not_sku_confirmed,"asr / packaging, sugar / sugar may support ingredient, label, or product identity evidence. Use for product label, wrapper, ingredient, or SKU identity evidence. Do not infer supplier allocation.",".002
0.083
Scope 2
0.001
0.000
0.000
0.002
0.000
0.000
Location Based
0.002
0.029
0.003
0.001
0.000
0.029
Market Based
0.001
0.000
0.000
0.002
0.000
0.000
Scope 3
0.455
1.024
0.496
0.459
0.590
1.024
Biogenic - Out of Scope
0.498
0.000
0.000
0.000
0.996
0.000
112
ASR Group Sustainability Report 2023


--- PAGE 113 ---
Executive 
Summary
About ASR 
G"
EEVID_668ef80c8c647225,sugar,asr_fy23_sustainability_report.pdf,text_or_table,unified_memory_scan,ingredient_confirmation,ingredient_or_label_evidence,direct_product_or_label_evidence,direct_sku_or_label_evidence,sku_or_label_level,medium_high,high,candidate_for_strict_audit,pending_step16i,asr,packaging; sugar,benchmark_not_invoice; supplier_claim_not_sku_confirmed,"asr / packaging, sugar / sugar may support ingredient, label, or product identity evidence. Use for product label, wrapper, ingredient, or SKU identity evidence. Do not infer supplier allocation.","19,941
2,064
Raw Material Procurement (Ingredients)
1,834
1,806
28
4
1,802
28
Raw Material Procurement (Packaging)
1,323
965
357
244
721
357
Raw Material Procurement (Maintenance Materials)
3,499
3,493
6
2,057
1,436
6
Capital goods
1,767
1,765
2
1,636
129
2
Fuel-and-energy-related activities (not included in 
scope 1 or 2)
3,547
3,479
67
736
2,744
"
EEVID_c4a2ae58a72a8470,sugar,asr_fy23_sustainability_report.pdf,text_or_table,unified_memory_scan,ingredient_confirmation,ingredient_or_label_evidence,direct_product_or_label_evidence,direct_sku_or_label_evidence,sku_or_label_level,medium_high,high,candidate_for_strict_audit,pending_step16i,asr,packaging; sugar,benchmark_not_invoice; supplier_claim_not_sku_confirmed,"asr / packaging, sugar / sugar may support ingredient, label, or product identity evidence. Use for product label, wrapper, ingredient, or SKU identity evidence. Do not infer supplier allocation.","ning
LATAM / Central Amer. NRO
BSI
ISN
Fortin
All Scopes
0.455
0.433
0.480
Scope 1
0.073
0.043
0.107
Scope 2
0.009
0.010
0.009
Location Based
0.009
0.010
0.009
Market Based
0.009
0.010
0.009
Scope 3
0.373
0.380
0.364
Biogenic - Out of Scope
1.479
1.460
1.500
116
ASR Group Sustainability Report 2023


--- PAGE 117 ---
Executive 
Summary
About ASR 
G"
EEVID_79a4f0e53e7b868d,sugar,asr_fy23_sustainability_report.pdf,text_or_table,unified_memory_scan,ingredient_confirmation,ingredient_or_label_evidence,direct_product_or_label_evidence,direct_sku_or_label_evidence,sku_or_label_level,medium_high,high,candidate_for_strict_audit,pending_step16i,asr,packaging; sugar,supplier_claim_not_sku_confirmed,"asr / packaging, sugar / sugar may support ingredient, label, or product identity evidence. Use for product label, wrapper, ingredient, or SKU identity evidence. Do not infer supplier allocation.","goods
12,349
12,092
256
253
56
302
1,935
7,869
1,733
71
9
18
89
13
Fuel-and-energy-related activities (not 
included in scope 1 or 2)
70,821
68,575
2,246
108
37
14,316
20,859
24,802
8,489
133
116
911
525
525
Upstream transportation and distribution
150,058
131,361
16,354
51,271
5,726
11,533
36,161
5,375
29,268
4,010
920
1,410
3,910
475
Sugar Supply"
EEVID_a9d496215e4996eb,sugar,asr_fy23_sustainability_report.pdf,text_or_table,unified_memory_scan,ingredient_confirmation,ingredient_or_label_evidence,direct_product_or_label_evidence,direct_sku_or_label_evidence,sku_or_label_level,medium_high,high,candidate_for_strict_audit,pending_step16i,asr,packaging; sugar,benchmark_not_invoice; supplier_claim_not_sku_confirmed,"asr / packaging, sugar / sugar may support ingredient, label, or product identity evidence. Use for product label, wrapper, ingredient, or SKU identity evidence. Do not infer supplier allocation.",".182
0.013
Scope 2
0.069
0.000
0.001
0.002
0.010
0.178
Location Based
0.069
0.000
0.001
0.002
0.010
0.225
Market Based
0.069
0.000
0.001
0.002
0.010
0.225
Scope 3
0.487
0.459
0.417
0.518
0.421
0.563
Biogenic - Out of Scope
0.000
0.000
0.000
0.000
0.000
0.000
119
ASR Group Sustainability Report 2023


--- PAGE 120 ---
Executive 
Summary
About ASR 
G"
EEVID_cf71e16b5d8b18e6,sugar,asr_fy23_sustainability_report.pdf,text_or_table,unified_memory_scan,ingredient_confirmation,ingredient_or_label_evidence,direct_product_or_label_evidence,direct_sku_or_label_evidence,sku_or_label_level,medium_high,high,candidate_for_strict_audit,pending_step16i,asr,packaging; sugar,benchmark_not_invoice; supplier_claim_not_sku_confirmed,"asr / packaging, sugar / sugar may support ingredient, label, or product identity evidence. Use for product label, wrapper, ingredient, or SKU identity evidence. Do not infer supplier allocation.","ASR Group Refining
ASR Group Milling
All NROs
All Scopes
0.607
0.428
1.190
Scope 1
0.141
0.068
0.031
Scope 2
0.031
0.009
0.022
Location Based
0.038
0.009
0.023
Market Based
0.038
0.009
0.022
Scope 3
0.436
0.351
1.138
Biogenic - Out of Scope
0.523
0.807
0.000
121
ASR Group Sustainability Report 2023


--- PAGE 122 ---
Executive 
Summary
About ASR 
G"
EEVID_d0fe8f5d9db99492,sugar,asr_fy23_sustainability_report.pdf,text_or_table,unified_memory_scan,ingredient_confirmation,ingredient_or_label_evidence,direct_product_or_label_evidence,direct_sku_or_label_evidence,sku_or_label_level,medium_high,high,candidate_for_strict_audit,pending_step16i,asr,packaging; sugar,supplier_claim_not_sku_confirmed,"asr / packaging, sugar / sugar may support ingredient, label, or product identity evidence. Use for product label, wrapper, ingredient, or SKU identity evidence. Do not infer supplier allocation.",",487
160,147
59,406
26,429
16,487
Sugar Supply
225,136
225,136
11,071
146,112
54,907
24,117
11,071
Raw Material Procurement (Ingredients)
19,230
14,692
4,538
10,324
2,904
1,465
4,538
Raw Material Procurement (Packaging)
4,683
3,903
780
2,112
1,214
576
780
Raw Material Procurement (Maintenance Materials)
2,350
2,252
98
1,599
381
273
98
Capital goods"
EEVID_d49a6b00c5c3dd0e,sugar,asr_fy23_sustainability_report.pdf,text_or_table,unified_memory_scan,ingredient_confirmation,ingredient_or_label_evidence,direct_product_or_label_evidence,direct_sku_or_label_evidence,sku_or_label_level,medium_high,high,candidate_for_strict_audit,pending_step16i,asr,packaging; sugar,benchmark_not_invoice; supplier_claim_not_sku_confirmed,"asr / packaging, sugar / sugar may support ingredient, label, or product identity evidence. Use for product label, wrapper, ingredient, or SKU identity evidence. Do not infer supplier allocation.",".012
0.070
Scope 2
0.004
0.016
0.000
0.016
0.000
0.016
Location Based
0.006
0.030
0.005
0.013
0.000
0.030
Market Based
0.004
0.016
0.000
0.016
0.000
0.016
Scope 3
0.443
0.967
0.495
0.441
0.513
0.967
Biogenic - Out of Scope
0.523
0.000
0.000
0.000
1.046
0.000
124
ASR Group Sustainability Report 2023


--- PAGE 125 ---
Executive 
Summary
About ASR 
G"
EEVID_a0fc2659802fa2ca,sugar,asr_fy23_sustainability_report.pdf,text_or_table,unified_memory_scan,ingredient_confirmation,ingredient_or_label_evidence,direct_product_or_label_evidence,direct_sku_or_label_evidence,sku_or_label_level,medium_high,high,candidate_for_strict_audit,pending_step16i,asr,packaging; sugar,benchmark_not_invoice; supplier_claim_not_sku_confirmed,"asr / packaging, sugar / sugar may support ingredient, label, or product identity evidence. Use for product label, wrapper, ingredient, or SKU identity evidence. Do not infer supplier allocation.","23,251
3,204
Raw Material Procurement (Ingredients)
3,857
3,813
44
2,130
1,683
44
Raw Material Procurement (Packaging)
1,119
829
290
463
366
290
Raw Material Procurement (Maintenance Materials)
3,405
3,397
8
1,898
1,499
8
Capital goods
512
497
15
242
255
15
Fuel-and-energy-related activities (not included in 
scope 1 or 2)
2,948
2,881
67
848
2,033
"
EEVID_82ed08a6a793ab0f,sugar,asr_fy23_sustainability_report.pdf,text_or_table,unified_memory_scan,ingredient_confirmation,ingredient_or_label_evidence,direct_product_or_label_evidence,direct_sku_or_label_evidence,sku_or_label_level,medium_high,high,candidate_for_strict_audit,pending_step16i,asr,packaging; sugar,benchmark_not_invoice; supplier_claim_not_sku_confirmed,"asr / packaging, sugar / sugar may support ingredient, label, or product identity evidence. Use for product label, wrapper, ingredient, or SKU identity evidence. Do not infer supplier allocation.","ning
LATAM / Central Amer. NRO
BSI
ISN
Fortin
All Scopes
0.415
0.381
0.458
Scope 1
0.064
0.052
0.079
Scope 2
0.008
0.007
0.010
Location Based
0.008
0.007
0.010
Market Based
0.008
0.007
0.010
Scope 3
0.343
0.322
0.369
Biogenic - Out of Scope
1.481
1.518
1.434
128
ASR Group Sustainability Report 2023


--- PAGE 129 ---
Executive 
Summary
About ASR 
G"
EEVID_6b280963ff1a5256,sugar,asr_fy23_sustainability_report.pdf,text_or_table,unified_memory_scan,ingredient_confirmation,ingredient_or_label_evidence,direct_product_or_label_evidence,direct_sku_or_label_evidence,sku_or_label_level,medium_high,high,candidate_for_strict_audit,pending_step16i,asr,packaging; sugar,supplier_claim_not_sku_confirmed,"asr / packaging, sugar / sugar may support ingredient, label, or product identity evidence. Use for product label, wrapper, ingredient, or SKU identity evidence. Do not infer supplier allocation.","tal goods
6,071
5,680
391
1,139
121
895
1,196
1,422
1,028
92
37
29
95
19
Fuel-and-energy-related activities (not 
included in scope 1 or 2)
71,720
69,922
1,798
91
37
14,232
19,688
28,305
7,606
216
234
916
149
246
Upstream transportation and distribution
137,279
121,081
14,058
52,416
4,729
11,629
24,408
5,364
29,256
3,764
860
1,259
3,089
504
Sugar S"
EEVID_5515b251859d6859,sugar,asr_fy23_sustainability_report.pdf,text_or_table,unified_memory_scan,ingredient_confirmation,ingredient_or_label_evidence,direct_product_or_label_evidence,direct_sku_or_label_evidence,sku_or_label_level,medium_high,high,candidate_for_strict_audit,pending_step16i,asr,packaging; sugar,supplier_claim_not_sku_confirmed,"asr / packaging, sugar / sugar may support ingredient, label, or product identity evidence. Use for product label, wrapper, ingredient, or SKU identity evidence. Do not infer supplier allocation.","en material or product’s 
embodied carbon. These numbers will ultimately be displaced by supplier reported embodied carbon that is validated by a third-party critical review 
in accordance with ISO & GHG Protocol.
Product Life Cycle Data Reliability Heat Map
134
ASR Group Sustainability Report 2023


--- PAGE 135 ---
Executive 
Summary
About ASR 
G"
EEVID_47fc9121c5650399,sugar,hershey_sugar_sourcing_page.pdf,visual_ocr,unified_memory_scan,ingredient_confirmation,ingredient_or_label_evidence,direct_product_or_label_evidence,direct_sku_or_label_evidence,sku_or_label_level,medium_high,high,candidate_for_strict_audit,pending_step16i,hershey,sugar,benchmark_not_invoice; ocr_text_requires_visual_confidence_review; supplier_claim_not_sku_confirmed,"hershey / sugar / sugar may support ingredient, label, or product identity evidence. Use for product label, wrapper, ingredient, or SKU identity evidence. Do not infer supplier allocation.","pliers to communicate the SCOC and relevant policies throughout their
supply chains. To verify that our sugar suppliers uphold our standards within their own operations
we have enrolled all sugar suppliers in our Responsible Sourcing Supplier Program. As part of this
program, all processing sites that provide sugar to Hershey are required to have a"
EEVID_8d4da3c48ebc1869,cocoa_chocolate_cocoa_butter,barry_callebaut_annual_report_or_full_year_results_2024_25.pdf,text_or_table,unified_memory_scan,retail_price,retail_price_evidence,direct_visual_or_page_evidence,direct_retail_or_visual_page_evidence,retail_page_level,medium_high,high,candidate_for_strict_audit,pending_step16i,barry_callebaut; target,cocoa_chocolate,benchmark_not_invoice; retail_observation_not_margin; retail_price_varies_by_store_date_promotion; supplier_claim_not_sku_confirmed,"barry_callebaut, target / cocoa_chocolate / cocoa_chocolate_cocoa_butter may support observed retail page or price evidence. Use for observed retailer page or price evidence only. Price may vary by store, date, and promotion.","l Report 2024/25
Letter to Shareholders
Overview
Business Highlights
Financial Reports
Governance
7
This year has been a pivotal moment 
in Barry Callebaut’s journey. Despite 
an unprecedented market 
environment, we have advanced our 
transformation and reinforced the 
foundations for long‑term success. 
The progress achieved gives us the 
confide"
EEVID_42e515878a1c5df3,cocoa_chocolate_cocoa_butter,barry_callebaut_annual_report_or_full_year_results_2024_25.pdf,text_or_table,unified_memory_scan,retail_price,retail_price_evidence,direct_visual_or_page_evidence,direct_retail_or_visual_page_evidence,retail_page_level,medium_high,high,candidate_for_strict_audit,pending_step16i,target,sugar,benchmark_not_invoice; retail_observation_not_margin; retail_price_varies_by_store_date_promotion; supplier_claim_not_sku_confirmed,"target / sugar / cocoa_chocolate_cocoa_butter may support observed retail page or price evidence. Use for observed retailer page or price evidence only. Price may vary by store, date, and promotion.","try dialogue with key stakeholders in both origin 
and consumer countries (1-5). Further details on the Group’s sustainability 
strategy and framework are available in the Sustainability section of the 
Annual Social and Environmental Impact Report.
The Group links the following ESG 
material topics directly to this key 
risk pillar:
(1) climate an"
EEVID_7b4e3dce98443112,cocoa_chocolate_cocoa_butter,barry_callebaut_annual_report_or_full_year_results_2024_25.pdf,text_or_table,unified_memory_scan,retail_price,retail_price_evidence,direct_visual_or_page_evidence,direct_retail_or_visual_page_evidence,retail_page_level,medium_high,high,candidate_for_strict_audit,pending_step16i,barry_callebaut; target,,retail_observation_not_margin; retail_price_varies_by_store_date_promotion; supplier_claim_not_sku_confirmed,"barry_callebaut, target / cocoa_chocolate_cocoa_butter may support observed retail page or price evidence. Use for observed retailer page or price evidence only. Price may vary by store, date, and promotion.","l, regional, and local sales and operations planning process. 
A comprehensive issue management system, supported by targeted business 
continuity plans, ensures business continuity and recovery during disruptions. 
Global sourcing teams continuously monitor key risk indicators, including 
weather patterns, harvest conditions, and other climate-rel"
EEVID_dd450f527fb29c03,cocoa_chocolate_cocoa_butter,barry_callebaut_annual_report_or_full_year_results_2024_25.pdf,text_or_table,unified_memory_scan,retail_price,retail_price_evidence,direct_visual_or_page_evidence,direct_retail_or_visual_page_evidence,retail_page_level,medium_high,high,candidate_for_strict_audit,pending_step16i,barry_callebaut; target,,retail_observation_not_margin; retail_price_varies_by_store_date_promotion; supplier_claim_not_sku_confirmed,"barry_callebaut, target / cocoa_chocolate_cocoa_butter may support observed retail page or price evidence. Use for observed retailer page or price evidence only. Price may vary by store, date, and promotion.","esign, and testing processes. Furthermore, a program 
promoting a culture of quality and food safety, endorsed by the Group's 
Executive Committee, is effectively implemented throughout the entire 
organization to ensure that all employees maintain a mindset of zero defects. 
A well-governed process for managing issues is in place, regularly evalua"
EEVID_edefdbf2728c4f41,cocoa_chocolate_cocoa_butter,barry_callebaut_annual_report_or_full_year_results_2024_25.pdf,text_or_table,unified_memory_scan,retail_price,retail_price_evidence,direct_visual_or_page_evidence,direct_retail_or_visual_page_evidence,retail_page_level,medium_high,high,candidate_for_strict_audit,pending_step16i,target,,benchmark_not_invoice; retail_observation_not_margin; retail_price_varies_by_store_date_promotion; supplier_claim_not_sku_confirmed,"target / cocoa_chocolate_cocoa_butter may support observed retail page or price evidence. Use for observed retailer page or price evidence only. Price may vary by store, date, and promotion.","ent departments 
manage a well-diversified and flexible operations network, supported by a 
structured and coordinated global, regional, and local sales and operations 
planning process. A comprehensive issue management system is in place, 
supported by targeted business continuity plans, to ensure business 
continuity and recovery during times of "
EEVID_721771c96817f98d,cocoa_chocolate_cocoa_butter,barry_callebaut_annual_report_or_full_year_results_2024_25.pdf,text_or_table,unified_memory_scan,retail_price,retail_price_evidence,direct_visual_or_page_evidence,direct_retail_or_visual_page_evidence,retail_page_level,medium_high,high,candidate_for_strict_audit,pending_step16i,barry_callebaut; target,,benchmark_not_invoice; retail_observation_not_margin; retail_price_varies_by_store_date_promotion; supplier_claim_not_sku_confirmed,"barry_callebaut, target / cocoa_chocolate_cocoa_butter may support observed retail page or price evidence. Use for observed retailer page or price evidence only. Price may vary by store, date, and promotion.","ured actual salary. The plans are fully insured. The 
funding of the defined benefit plans are externalized to an insurance company who is responsible for the 
operation of the plan including the allocation of plan assets. The governance and the supervision as well 
as the responsibility to make changes in the plan lie with a Board of Trustees. The"
EEVID_a672b92f5f57fbf3,cocoa_chocolate_cocoa_butter,barry_callebaut_annual_report_or_full_year_results_2024_25.pdf,text_or_table,unified_memory_scan,retail_price,retail_price_evidence,direct_visual_or_page_evidence,direct_retail_or_visual_page_evidence,retail_page_level,medium_high,high,candidate_for_strict_audit,pending_step16i,barry_callebaut; target,,benchmark_not_invoice; retail_observation_not_margin; retail_price_varies_by_store_date_promotion,"barry_callebaut, target / cocoa_chocolate_cocoa_butter may support observed retail page or price evidence. Use for observed retailer page or price evidence only. Price may vary by store, date, and promotion.","hree months of the preceding fiscal year in order 
to calculate the number of share units awarded. 
Members of the Executive Committee are entitled to performance share units (PSU) only. The vesting 
period is three years (cliff), and the vesting will be conditional on forward-looking performance 
conditions, as outlined below for the grant in fisc"
EEVID_371ca5b0998941de,cocoa_chocolate_cocoa_butter,barry_callebaut_annual_report_or_full_year_results_2024_25.pdf,text_or_table,unified_memory_scan,retail_price,retail_price_evidence,direct_visual_or_page_evidence,direct_retail_or_visual_page_evidence,retail_page_level,medium_high,high,candidate_for_strict_audit,pending_step16i,barry_callebaut; target,,retail_observation_not_margin; retail_price_varies_by_store_date_promotion,"barry_callebaut, target / cocoa_chocolate_cocoa_butter may support observed retail page or price evidence. Use for observed retailer page or price evidence only. Price may vary by store, date, and promotion.","delivering the best performance in the peer group. 
The second performance criterion, accounting for 20% of the relevant PSU grant, is ROIC. The ROIC 
criterion rewards the sustainable management of the Company’s assets. The three-year ROIC target was 
set by the Board of Directors on the basis of the long-term strategic plan of the Company. The ve"
EEVID_3d0db2449ba7e6bf,cocoa_chocolate_cocoa_butter,barry_callebaut_annual_report_or_full_year_results_2024_25.pdf,text_or_table,unified_memory_scan,retail_price,retail_price_evidence,direct_visual_or_page_evidence,direct_retail_or_visual_page_evidence,retail_page_level,medium_high,high,candidate_for_strict_audit,pending_step16i,barry_callebaut; cvs,,retail_observation_not_margin; retail_price_varies_by_store_date_promotion,"barry_callebaut, cvs / cocoa_chocolate_cocoa_butter may support observed retail page or price evidence. Use for observed retailer page or price evidence only. Price may vary by store, date, and promotion.","f Commerce.
Markus R. Neuhaus studied law at the University 
of Zurich (Switzerland) and received his 
doctorate in 1988. He obtained his second 
qualification as a Certified Tax Consultant in 
1990 and completed various management 
courses at international business schools 
(Harvard, INSEAD, IMD).


--- PAGE 109 ---
BARRY CALLEBAUT
Annual Report 2"
EEVID_e4fb4d15521e48cd,cocoa_chocolate_cocoa_butter,barry_callebaut_annual_report_or_full_year_results_2024_25.pdf,text_or_table,unified_memory_scan,retail_price,retail_price_evidence,direct_visual_or_page_evidence,direct_retail_or_visual_page_evidence,retail_page_level,medium_high,high,candidate_for_strict_audit,pending_step16i,barry_callebaut; target,,retail_observation_not_margin; retail_price_varies_by_store_date_promotion,"barry_callebaut, target / cocoa_chocolate_cocoa_butter may support observed retail page or price evidence. Use for observed retailer page or price evidence only. Price may vary by store, date, and promotion.","seek to better understand shareholders’ concerns. 
Accordingly, we gathered further feedback from shareholders and 
proxy advisors. We understood that shareholders desired additional 
disclosure on our incentive programs and in response we have 
increased transparency levels as of this year’s Remuneration Report. 
We have further detailed out indiv"
EEVID_e7e15df749a921a9,cocoa_chocolate_cocoa_butter,barry_callebaut_annual_report_or_full_year_results_2024_25.pdf,text_or_table,unified_memory_scan,retail_price,retail_price_evidence,direct_visual_or_page_evidence,direct_retail_or_visual_page_evidence,retail_page_level,medium_high,high,candidate_for_strict_audit,pending_step16i,barry_callebaut; target,,benchmark_not_invoice; retail_observation_not_margin; retail_price_varies_by_store_date_promotion,"barry_callebaut, target / cocoa_chocolate_cocoa_butter may support observed retail page or price evidence. Use for observed retailer page or price evidence only. Price may vary by store, date, and promotion.","lans 
well aligned with market practice to enable us to compete 
successfully with our peers and to support our ambitious growth 
plans. We will continue to regularly review and refine our 
compensation programs to ensure that they remain fit for purpose 
in the evolving context in which the company operates. We are 
committed to maintaining an ope"
EEVID_644ef8835c28f120,cocoa_chocolate_cocoa_butter,barry_callebaut_annual_report_or_full_year_results_2024_25.pdf,text_or_table,unified_memory_scan,retail_price,retail_price_evidence,direct_visual_or_page_evidence,direct_retail_or_visual_page_evidence,retail_page_level,medium_high,high,candidate_for_strict_audit,pending_step16i,barry_callebaut; target,,benchmark_not_invoice; retail_observation_not_margin; retail_price_varies_by_store_date_promotion,"barry_callebaut, target / cocoa_chocolate_cocoa_butter may support observed retail page or price evidence. Use for observed retailer page or price evidence only. Price may vary by store, date, and promotion.","act & retain
Long-Term 
Incentive (LTI)
Drive and reward long-term performance, 
align with shareholders’ interests, retain
 
Executive Committee members are subject to minimum shareholding 
requirements (CEO 300%, other members 200% of annual base salary).
Remuneration Board of Directors
The remuneration awarded to the Board of Directors from AGM "
EEVID_91ae664bf96d7a9d,cocoa_chocolate_cocoa_butter,barry_callebaut_annual_report_or_full_year_results_2024_25.pdf,text_or_table,unified_memory_scan,retail_price,retail_price_evidence,direct_visual_or_page_evidence,direct_retail_or_visual_page_evidence,retail_page_level,medium_high,high,candidate_for_strict_audit,pending_step16i,barry_callebaut; target,,benchmark_not_invoice; retail_observation_not_margin; retail_price_varies_by_store_date_promotion,"barry_callebaut, target / cocoa_chocolate_cocoa_butter may support observed retail page or price evidence. Use for observed retailer page or price evidence only. Price may vary by store, date, and promotion.","services to Barry Callebaut and there are clear rules 
in place to ensure the independence of consultants involved.
For further details on the NCC, please refer to the section 
“Functioning of the Board” in the Corporate Governance Report.
Standard agenda items
Sept
Nov
Dec
Apr
July
Compensation Confirmation of relevant benchmarking peer group
x
Be"
EEVID_5ab52beccdab9d61,cocoa_chocolate_cocoa_butter,barry_callebaut_annual_report_or_full_year_results_2024_25.pdf,text_or_table,unified_memory_scan,retail_price,retail_price_evidence,direct_visual_or_page_evidence,direct_retail_or_visual_page_evidence,retail_page_level,medium_high,high,candidate_for_strict_audit,pending_step16i,barry_callebaut; target,,benchmark_not_invoice; retail_observation_not_margin; retail_price_varies_by_store_date_promotion,"barry_callebaut, target / cocoa_chocolate_cocoa_butter may support observed retail page or price evidence. Use for observed retailer page or price evidence only. Price may vary by store, date, and promotion.","scal year under review; Grants to the BoD 
are based on the service period between Annual General Meetings of Shareholders.
3
Value defined as grant value at the beginning of the term of office.
4
Audit, Finance, Risk, Quality & Compliance Committee.
5
Nomination & Compensation Committee.
6
Member of the NCC until December 6, 2023; Chairman of the "
EEVID_1ec2625c00c34040,cocoa_chocolate_cocoa_butter,barry_callebaut_annual_report_or_full_year_results_2024_25.pdf,text_or_table,unified_memory_scan,retail_price,retail_price_evidence,direct_visual_or_page_evidence,direct_retail_or_visual_page_evidence,retail_page_level,medium_high,high,candidate_for_strict_audit,pending_step16i,barry_callebaut; target,,benchmark_not_invoice; retail_observation_not_margin; retail_price_varies_by_store_date_promotion,"barry_callebaut, target / cocoa_chocolate_cocoa_butter may support observed retail page or price evidence. Use for observed retailer page or price evidence only. Price may vary by store, date, and promotion.",", skills) of the incumbent
•
Target weight in % of total 
remuneration: CEO 25%–40%, 
Executive Committee 25%–40%
Annual cash 
bonus
(variable)
Barry 
Callebaut 
Short-Term 
Incentive Plan 
(STIP)
•
Target 100% of annual base salary 
for the Chief Executive Officer and 
all other members of the Executive 
Committee
•
Based on the achievement of 
fi"
EEVID_d6cb99e1285839c9,cocoa_chocolate_cocoa_butter,barry_callebaut_annual_report_or_full_year_results_2024_25.pdf,text_or_table,unified_memory_scan,retail_price,retail_price_evidence,direct_visual_or_page_evidence,direct_retail_or_visual_page_evidence,retail_page_level,medium_high,high,candidate_for_strict_audit,pending_step16i,barry_callebaut; target,,benchmark_not_invoice; retail_observation_not_margin; retail_price_varies_by_store_date_promotion,"barry_callebaut, target / cocoa_chocolate_cocoa_butter may support observed retail page or price evidence. Use for observed retailer page or price evidence only. Price may vary by store, date, and promotion.","Georg Fischer
Givaudan
Givaudan
Kühne + Nagel
Kühne + Nagel
Lindt + Spruengli
Lindt + Spruengli
Lonza
Lonza
Schindler
Schindler
SGS
SGS
Sika
Sika
ABB
Alcon
Holcim
Emmi
Logitech
BARRY CALLEBAUT
Annual Report 2024/25
Letter to Shareholders
Overview
Business Highlights
Financial Reports
Governance
127


--- PAGE 128 ---
in CHF million
Market 
capitali"
EEVID_fcca5e7e568b64d8,cocoa_chocolate_cocoa_butter,barry_callebaut_annual_report_or_full_year_results_2024_25.pdf,text_or_table,unified_memory_scan,retail_price,retail_price_evidence,direct_visual_or_page_evidence,direct_retail_or_visual_page_evidence,retail_page_level,medium_high,high,candidate_for_strict_audit,pending_step16i,barry_callebaut; target,,benchmark_not_invoice; retail_observation_not_margin; retail_price_varies_by_store_date_promotion,"barry_callebaut, target / cocoa_chocolate_cocoa_butter may support observed retail page or price evidence. Use for observed retailer page or price evidence only. Price may vary by store, date, and promotion.","ith the BC Next Level strategic investment program.
For each financial objective, an expected level of performance 
(“target”) was defined, corresponding to a payout factor of 100%. A 
threshold level of performance, below which there is no payout, and 
a maximum level of performance, above which the payout was 
capped at 200% of the target, were d"
EEVID_4bfd2cfcc813a18d,cocoa_chocolate_cocoa_butter,barry_callebaut_annual_report_or_full_year_results_2024_25.pdf,text_or_table,unified_memory_scan,retail_price,retail_price_evidence,direct_visual_or_page_evidence,direct_retail_or_visual_page_evidence,retail_page_level,medium_high,high,candidate_for_strict_audit,pending_step16i,barry_callebaut; target,,benchmark_not_invoice; retail_observation_not_margin; retail_price_varies_by_store_date_promotion,"barry_callebaut, target / cocoa_chocolate_cocoa_butter may support observed retail page or price evidence. Use for observed retailer page or price evidence only. Price may vary by store, date, and promotion.","ned. Hence, the total individual STI payout potential is capped at 
196% (140%*140%). The overall aggregate STI payout potential for 
Barry Callebaut at group level though is capped at 140%.
The CEO proposes the relevant performance criteria of the 
Executive Committee members to the NCC. The NCC reviews and 
submits the recommendations to the Boar"
EEVID_be9bb62409c50bd6,cocoa_chocolate_cocoa_butter,barry_callebaut_annual_report_or_full_year_results_2024_25.pdf,text_or_table,unified_memory_scan,retail_price,retail_price_evidence,direct_visual_or_page_evidence,direct_retail_or_visual_page_evidence,retail_page_level,medium_high,high,candidate_for_strict_audit,pending_step16i,barry_callebaut; hershey; target,,benchmark_not_invoice; retail_observation_not_margin; retail_price_varies_by_store_date_promotion,"barry_callebaut, hershey, target / cocoa_chocolate_cocoa_butter may support observed retail page or price evidence. Use for observed retailer page or price evidence only. Price may vary by store, date, and promotion.","-year vesting 
period.
LTIP design change FY 2024/25
In prior years performance share units granted under the LTIP were 
measured on two equally weighted KPIs: relative share price 
development of Barry Callebaut versus a peer group of companies, 
as well as Return on Invested Capital (ROIC).
As of September 1, 2024, the KPIs for performance share "
EEVID_6eaa3247f67239e5,cocoa_chocolate_cocoa_butter,barry_callebaut_annual_report_or_full_year_results_2024_25.pdf,text_or_table,unified_memory_scan,retail_price,retail_price_evidence,direct_visual_or_page_evidence,direct_retail_or_visual_page_evidence,retail_page_level,medium_high,high,candidate_for_strict_audit,pending_step16i,barry_callebaut; target,,benchmark_not_invoice; retail_observation_not_margin; retail_price_varies_by_store_date_promotion,"barry_callebaut, target / cocoa_chocolate_cocoa_butter may support observed retail page or price evidence. Use for observed retailer page or price evidence only. Price may vary by store, date, and promotion.","nce in the peer group.
The second performance criterion, accounting for 20% of the 
relevant PSU grant, is Return on Invested Capital (ROIC). The ROIC 
criterion rewards the sustainable management of the Company’s 
assets. The three-year ROIC target was set by the Board of 
Directors on the basis of the long-term strategic plan of the 
Company. The"
EEVID_5269380f771289c3,cocoa_chocolate_cocoa_butter,barry_callebaut_annual_report_or_full_year_results_2024_25.pdf,text_or_table,unified_memory_scan,retail_price,retail_price_evidence,direct_visual_or_page_evidence,direct_retail_or_visual_page_evidence,retail_page_level,medium_high,high,candidate_for_strict_audit,pending_step16i,barry_callebaut; target,cocoa_chocolate,benchmark_not_invoice; retail_observation_not_margin; retail_price_varies_by_store_date_promotion,"barry_callebaut, target / cocoa_chocolate / cocoa_chocolate_cocoa_butter may support observed retail page or price evidence. Use for observed retailer page or price evidence only. Price may vary by store, date, and promotion.","tprint vs. base year FY 2021/22 
has been defined. These efforts underscore Barry Callebaut’s belief 
that sustainability is essential not only for the planet but also for the 
BARRY CALLEBAUT
Annual Report 2024/25
Letter to Shareholders
Overview
Business Highlights
Financial Reports
Governance
129


--- PAGE 130 ---
long-term success of its busine"
EEVID_cee76933ccec56d7,cocoa_chocolate_cocoa_butter,barry_callebaut_annual_report_or_full_year_results_2024_25.pdf,text_or_table,unified_memory_scan,retail_price,retail_price_evidence,direct_visual_or_page_evidence,direct_retail_or_visual_page_evidence,retail_page_level,medium_high,high,candidate_for_strict_audit,pending_step16i,barry_callebaut; target,,benchmark_not_invoice; retail_observation_not_margin; retail_price_varies_by_store_date_promotion,"barry_callebaut, target / cocoa_chocolate_cocoa_butter may support observed retail page or price evidence. Use for observed retailer page or price evidence only. Price may vary by store, date, and promotion.","e event of death, in 
which case vesting will be accelerated. In case of change of control, 
the unvested awards are subject to an immediate vesting subject to 
the achievement level as determined by the Board of Directors in its 
reasonable discretion.
Further, any award granted under the LTIP is subject to clawback 
and malus provisions. In case "
EEVID_dfed0357a847a29f,cocoa_chocolate_cocoa_butter,barry_callebaut_annual_report_or_full_year_results_2024_25.pdf,text_or_table,unified_memory_scan,retail_price,retail_price_evidence,direct_visual_or_page_evidence,direct_retail_or_visual_page_evidence,retail_page_level,medium_high,high,candidate_for_strict_audit,pending_step16i,barry_callebaut; target,,benchmark_not_invoice; retail_observation_not_margin; retail_price_varies_by_store_date_promotion,"barry_callebaut, target / cocoa_chocolate_cocoa_butter may support observed retail page or price evidence. Use for observed retailer page or price evidence only. Price may vary by store, date, and promotion.","hare price-dependent performance share units. 
6 The value of the restricted shares is defined as fair value at grant date (CHF 1,424). The value of the restricted share units is defined as fair 
value at grant date (CHF 1,314). The value of the ROIC-dependent PSU is the market price at grant date (CHF 1,485) discounted for 
dividends until the ves"
EEVID_b6bcee9c50566d45,cocoa_chocolate_cocoa_butter,barry_callebaut_annual_report_or_full_year_results_2024_25.pdf,text_or_table,unified_memory_scan,retail_price,retail_price_evidence,direct_visual_or_page_evidence,direct_retail_or_visual_page_evidence,retail_page_level,medium_high,high,candidate_for_strict_audit,pending_step16i,barry_callebaut; target,,benchmark_not_invoice; retail_observation_not_margin; retail_price_varies_by_store_date_promotion,"barry_callebaut, target / cocoa_chocolate_cocoa_butter may support observed retail page or price evidence. Use for observed retailer page or price evidence only. Price may vary by store, date, and promotion.","he 
average individual performance achievements are disclosed. 
For the LTIP, the PSU granted under the LTIP in FY 2022/23 vested at the end of the reporting year. 
Under the plan rules of the 2022 LTIP, the vesting of the first half of the PSU was conditional upon the 
share price evolution of Barry Callebaut compared to the average share price ev"
EEVID_5bc6ab3f6ed3e590,cocoa_chocolate_cocoa_butter,barry_callebaut_annual_report_or_full_year_results_2024_25.pdf,text_or_table,unified_memory_scan,retail_price,retail_price_evidence,direct_visual_or_page_evidence,direct_retail_or_visual_page_evidence,retail_page_level,medium_high,high,candidate_for_strict_audit,pending_step16i,barry_callebaut; cvs,,retail_observation_not_margin; retail_price_varies_by_store_date_promotion,"barry_callebaut, cvs / cocoa_chocolate_cocoa_butter may support observed retail page or price evidence. Use for observed retailer page or price evidence only. Price may vary by store, date, and promotion.",",609 units) 
divided by the total number of outstanding shares, is 0.2%. These 
disclosures reflect the entire Long-Term-Incentive Plan including 
non-key management personnel.
BARRY CALLEBAUT
Annual Report 2024/25
Letter to Shareholders
Overview
Business Highlights
Financial Reports
Governance
133


--- PAGE 134 ---
External mandates of the Board "
EEVID_71df03e9d6ef92e6,cocoa_chocolate_cocoa_butter,barry_callebaut_annual_report_or_full_year_results_2024_25.pdf,text_or_table,unified_memory_scan,retail_price,retail_price_evidence,direct_visual_or_page_evidence,direct_retail_or_visual_page_evidence,retail_page_level,medium_high,high,candidate_for_strict_audit,pending_step16i,barry_callebaut; target,,retail_observation_not_margin; retail_price_varies_by_store_date_promotion,"barry_callebaut, target / cocoa_chocolate_cocoa_butter may support observed retail page or price evidence. Use for observed retailer page or price evidence only. Price may vary by store, date, and promotion.","Half-Year Results 2025/26
July 9, 2026
9-month Key Sales Figures 2025/26
November 4, 2026
Full-Year Results 2025/26
December 9, 2026
Annual General Meeting of Shareholders 2026
BARRY CALLEBAUT
Annual Report 2024/25
Letter to Shareholders
Overview
Business Highlights
Financial Reports
Governance
140


--- PAGE 141 ---
Forward-looking statement
Certa"
EEVID_9f81c5e529f31b70,cocoa_chocolate_cocoa_butter,barry_callebaut_social_environmental_impact_report_2024_25.pdf,text_or_table,unified_memory_scan,retail_price,retail_price_evidence,direct_visual_or_page_evidence,direct_retail_or_visual_page_evidence,retail_page_level,medium_high,high,candidate_for_strict_audit,pending_step16i,target,cocoa_chocolate,benchmark_not_invoice; retail_observation_not_margin; retail_price_varies_by_store_date_promotion; supplier_claim_not_sku_confirmed,"target / cocoa_chocolate / cocoa_chocolate_cocoa_butter may support observed retail page or price evidence. Use for observed retailer page or price evidence only. Price may vary by store, date, and promotion.","resilience is 
not theoretical, and we see it being tested in real time, particularly in 
West Africa. The path forward is clear: policy reform that enables 
investment, puts more money in the hands of farmers, removes 
inefficiencies in the value chain, and supports replanting with the 
right species. These are not just operational changes; they a"
EEVID_60c5e6e4295b1b23,cocoa_chocolate_cocoa_butter,barry_callebaut_social_environmental_impact_report_2024_25.pdf,text_or_table,unified_memory_scan,retail_price,retail_price_evidence,direct_visual_or_page_evidence,direct_retail_or_visual_page_evidence,retail_page_level,medium_high,high,candidate_for_strict_audit,pending_step16i,target,cocoa_chocolate; packaging,benchmark_not_invoice; retail_observation_not_margin; retail_price_varies_by_store_date_promotion; supplier_claim_not_sku_confirmed,"target / cocoa_chocolate, packaging / cocoa_chocolate_cocoa_butter may support observed retail page or price evidence. Use for observed retailer page or price evidence only. Price may vary by store, date, and promotion.","promote forest restoration in Ghana 
and Côte d’Ivoire
▪
Published first materiality 
assessment to identify and 
prioritize key ESG topics
▪
Publication of first Forever 
Chocolate third-party 
audited progress report
▪
First company certified by 
SustainCERT for carbon 
removals via agroforestry
▪
Co-founding of the Sustainable 
Coconut Roundtabl"
EEVID_6f7ce9b0d0da7f04,cocoa_chocolate_cocoa_butter,barry_callebaut_social_environmental_impact_report_2024_25.pdf,text_or_table,unified_memory_scan,retail_price,retail_price_evidence,direct_visual_or_page_evidence,direct_retail_or_visual_page_evidence,retail_page_level,medium_high,high,candidate_for_strict_audit,pending_step16i,barry_callebaut; target,cocoa_chocolate,retail_observation_not_margin; retail_price_varies_by_store_date_promotion; supplier_claim_not_sku_confirmed,"barry_callebaut, target / cocoa_chocolate / cocoa_chocolate_cocoa_butter may support observed retail page or price evidence. Use for observed retailer page or price evidence only. Price may vary by store, date, and promotion.","uropean 
Union Deforestation Regulation (EUDR) - 
regardless of its timeline - but also reflects our 
belief that traceability is fundamental to a 
rigorous, sustainable, and transparent supply 
chain. We are not standing on the sidelines until 
new regulations take effect - we are building 
systems that ensure that we and our customers 
can make i"
EEVID_71736e5b98261f0b,cocoa_chocolate_cocoa_butter,barry_callebaut_social_environmental_impact_report_2024_25.pdf,text_or_table,unified_memory_scan,retail_price,retail_price_evidence,direct_visual_or_page_evidence,direct_retail_or_visual_page_evidence,retail_page_level,medium_high,high,candidate_for_strict_audit,pending_step16i,barry_callebaut; target,cocoa_chocolate; milk_dairy; sugar,benchmark_not_invoice; retail_observation_not_margin; retail_price_varies_by_store_date_promotion; supplier_claim_not_sku_confirmed,"barry_callebaut, target / cocoa_chocolate, milk_dairy, sugar / cocoa_chocolate_cocoa_butter may support observed retail page or price evidence. Use for observed retailer page or price evidence only. Price may vary by store, date, and promotion.","g and 
our vision as a company. Yet, as the sustainability 
landscape has evolved, so too has our approach. 
We have continuously refined our methodologies, 
strengthened our data systems, and deepened 
our research to ensure our approach and targets 
remain both credible and impactful.
BARRY CALLEBAUT
Annual Social and Environmental 
Impact Report"
EEVID_3b5e0410814b4da3,cocoa_chocolate_cocoa_butter,barry_callebaut_social_environmental_impact_report_2024_25.pdf,text_or_table,unified_memory_scan,retail_price,retail_price_evidence,direct_visual_or_page_evidence,direct_retail_or_visual_page_evidence,retail_page_level,medium_high,high,candidate_for_strict_audit,pending_step16i,target,cocoa_chocolate,benchmark_not_invoice; retail_observation_not_margin; retail_price_varies_by_store_date_promotion; supplier_claim_not_sku_confirmed,"target / cocoa_chocolate / cocoa_chocolate_cocoa_butter may support observed retail page or price evidence. Use for observed retailer page or price evidence only. Price may vary by store, date, and promotion.","s part of our broader strategy to combat CSSV 
in West Africa, we have launched a pilot project 
on CSSV covering 100 hectares in an area with 
high disease prevalence, aiming to develop an 
effective management framework against CSSV 
disease following the best practices from the 
CIRAD BarCo project. Key activities undertaken 
this year include i"
EEVID_9ba6ad88788c6f9d,cocoa_chocolate_cocoa_butter,barry_callebaut_social_environmental_impact_report_2024_25.pdf,text_or_table,unified_memory_scan,retail_price,retail_price_evidence,direct_visual_or_page_evidence,direct_retail_or_visual_page_evidence,retail_page_level,medium_high,high,candidate_for_strict_audit,pending_step16i,barry_callebaut; target,cocoa_chocolate,retail_observation_not_margin; retail_price_varies_by_store_date_promotion; supplier_claim_not_sku_confirmed,"barry_callebaut, target / cocoa_chocolate / cocoa_chocolate_cocoa_butter may support observed retail page or price evidence. Use for observed retailer page or price evidence only. Price may vary by store, date, and promotion.","e risks and 
opportunities facing cocoa farmers in its supply 
chain. This evidence has guided our investments 
towards the factors that most effectively support 
farmer productivity and livelihoods. In applying 
eight years of data, we have successfully 
developed targeted interventions that enhance 
farmer productivity and boost cocoa yield.
For "
EEVID_766ac884e46c833d,cocoa_chocolate_cocoa_butter,barry_callebaut_social_environmental_impact_report_2024_25.pdf,text_or_table,unified_memory_scan,retail_price,retail_price_evidence,direct_visual_or_page_evidence,direct_retail_or_visual_page_evidence,retail_page_level,medium_high,high,candidate_for_strict_audit,pending_step16i,barry_callebaut; target,cocoa_chocolate,benchmark_not_invoice; retail_observation_not_margin; retail_price_varies_by_store_date_promotion; supplier_claim_not_sku_confirmed,"barry_callebaut, target / cocoa_chocolate / cocoa_chocolate_cocoa_butter may support observed retail page or price evidence. Use for observed retailer page or price evidence only. Price may vary by store, date, and promotion.","sources to invest in essential 
pre-harvest activities such as labor, fertilizer, pest 
control, and planting material. Small farm sizes 
further constrain income potential and long-term 
resilience.9 
BARRY CALLEBAUT
Annual Social and Environmental 
Impact Report 2024/25
Letter to Stakeholders
Sustainability
Our People
Governance
TCFD
GRI Report
P"
EEVID_27110cfc4dee4e5f,cocoa_chocolate_cocoa_butter,barry_callebaut_social_environmental_impact_report_2024_25.pdf,text_or_table,unified_memory_scan,retail_price,retail_price_evidence,direct_visual_or_page_evidence,direct_retail_or_visual_page_evidence,retail_page_level,medium_high,high,candidate_for_strict_audit,pending_step16i,target,cocoa_chocolate,benchmark_not_invoice; retail_observation_not_margin; retail_price_varies_by_store_date_promotion; supplier_claim_not_sku_confirmed,"target / cocoa_chocolate / cocoa_chocolate_cocoa_butter may support observed retail page or price evidence. Use for observed retailer page or price evidence only. Price may vary by store, date, and promotion.","ne is not enough. Achieving lasting impact 
requires a combination of targeted interventions 
through sustainability programs and an enabling 
policy environment, compelling narratives that 
drive change, and the right level of investment.
In 2024/25, despite climate-related challenges 
and a 30% increase in the poverty benchmark, we 
reached our g"
EEVID_38a50e777020bbbb,cocoa_chocolate_cocoa_butter,barry_callebaut_social_environmental_impact_report_2024_25.pdf,text_or_table,unified_memory_scan,retail_price,retail_price_evidence,direct_visual_or_page_evidence,direct_retail_or_visual_page_evidence,retail_page_level,medium_high,high,candidate_for_strict_audit,pending_step16i,barry_callebaut; target,cocoa_chocolate,benchmark_not_invoice; retail_observation_not_margin; retail_price_varies_by_store_date_promotion; supplier_claim_not_sku_confirmed,"barry_callebaut, target / cocoa_chocolate / cocoa_chocolate_cocoa_butter may support observed retail page or price evidence. Use for observed retailer page or price evidence only. Price may vary by store, date, and promotion.","ion, 88,058 farmers received our 
Productivity Package, which includes tailored 
support to help them improve yield and enhance 
farm productivity. Recognizing the importance of 
rejuvenating cocoa farms, we also distributed 
BARRY CALLEBAUT
Annual Social and Environmental 
Impact Report 2024/25
Letter to Stakeholders
Sustainability
Our People
Gove"
EEVID_29e47bf2823daa79,cocoa_chocolate_cocoa_butter,barry_callebaut_social_environmental_impact_report_2024_25.pdf,text_or_table,unified_memory_scan,retail_price,retail_price_evidence,direct_visual_or_page_evidence,direct_retail_or_visual_page_evidence,retail_page_level,medium_high,high,candidate_for_strict_audit,pending_step16i,barry_callebaut; target,cocoa_chocolate,retail_observation_not_margin; retail_price_varies_by_store_date_promotion; supplier_claim_not_sku_confirmed,"barry_callebaut, target / cocoa_chocolate / cocoa_chocolate_cocoa_butter may support observed retail page or price evidence. Use for observed retailer page or price evidence only. Price may vary by store, date, and promotion.",". Final Report 2018/2019 Survey
17 https://www.ohchr.org/sites/default/files/documents/publications/guidingprinciplesbusinesshr_en.pdf
Our goal
By 2025, our entire supply chain will 
be covered by Human Rights Due 
Diligence, remediating all child labor 
cases identified. By 2030, the farming 
communities we source from will be 
empowered to protec"
EEVID_6d55fa4f55cd9fdb,cocoa_chocolate_cocoa_butter,barry_callebaut_social_environmental_impact_report_2024_25.pdf,text_or_table,unified_memory_scan,retail_price,retail_price_evidence,direct_visual_or_page_evidence,direct_retail_or_visual_page_evidence,retail_page_level,medium_high,high,candidate_for_strict_audit,pending_step16i,barry_callebaut; target,cocoa_chocolate,retail_observation_not_margin; retail_price_varies_by_store_date_promotion; supplier_claim_not_sku_confirmed,"barry_callebaut, target / cocoa_chocolate / cocoa_chocolate_cocoa_butter may support observed retail page or price evidence. Use for observed retailer page or price evidence only. Price may vary by store, date, and promotion.","techniques.
Additionally, over 100 staff globally who serve as 
first responders in our direct supply chain 
BARRY CALLEBAUT
Annual Social and Environmental 
Impact Report 2024/25
Letter to Stakeholders
Sustainability
Our People
Governance
TCFD
GRI Report
Policies
26
FOREVER CHOCOLATE
HUMAN RIGHTS


--- PAGE 27 ---
participated in a safeguarding re"
EEVID_6de7fbf07fcc739c,cocoa_chocolate_cocoa_butter,barry_callebaut_social_environmental_impact_report_2024_25.pdf,text_or_table,unified_memory_scan,retail_price,retail_price_evidence,direct_visual_or_page_evidence,direct_retail_or_visual_page_evidence,retail_page_level,medium_high,high,candidate_for_strict_audit,pending_step16i,barry_callebaut; target,cocoa_chocolate,retail_observation_not_margin; retail_price_varies_by_store_date_promotion; supplier_claim_not_sku_confirmed,"barry_callebaut, target / cocoa_chocolate / cocoa_chocolate_cocoa_butter may support observed retail page or price evidence. Use for observed retailer page or price evidence only. Price may vary by store, date, and promotion.","hildren’s 
engagement in hazardous tasks and increase 
school attendance. 
In Ghana, the My Life My Rights project, 
implemented by Right To Play, focuses on 
empowering children through play-based learning. 
In 2024/25, 50 school clubs were established, with 
trained junior leaders facilitating activities such as 
club talks on child labor, educat"
EEVID_968f8327cd215baa,cocoa_chocolate_cocoa_butter,barry_callebaut_social_environmental_impact_report_2024_25.pdf,text_or_table,unified_memory_scan,retail_price,retail_price_evidence,direct_visual_or_page_evidence,direct_retail_or_visual_page_evidence,retail_page_level,medium_high,high,candidate_for_strict_audit,pending_step16i,target,cocoa_chocolate,retail_observation_not_margin; retail_price_varies_by_store_date_promotion; supplier_claim_not_sku_confirmed,"target / cocoa_chocolate / cocoa_chocolate_cocoa_butter may support observed retail page or price evidence. Use for observed retailer page or price evidence only. Price may vary by store, date, and promotion.","rs
Sustainability
Our People
Governance
TCFD
GRI Report
Policies
30
FOREVER CHOCOLATE
Our goal
By 2025, we will be forest positive. 
By 2030, we will have decarbonized 
our footprint in line with global 
efforts to cap global warming at 
1.5 degrees Celsius. By 2050, we 
will be a Net Zero company.


--- PAGE 31 ---
Our approach
Thriving Nature is "
EEVID_e6b802301055b4b3,cocoa_chocolate_cocoa_butter,barry_callebaut_social_environmental_impact_report_2024_25.pdf,text_or_table,unified_memory_scan,retail_price,retail_price_evidence,direct_visual_or_page_evidence,direct_retail_or_visual_page_evidence,retail_page_level,medium_high,high,candidate_for_strict_audit,pending_step16i,barry_callebaut; target,cocoa_chocolate,retail_observation_not_margin; retail_price_varies_by_store_date_promotion; supplier_claim_not_sku_confirmed,"barry_callebaut, target / cocoa_chocolate / cocoa_chocolate_cocoa_butter may support observed retail page or price evidence. Use for observed retailer page or price evidence only. Price may vary by store, date, and promotion.","using No Deforestation, No Peat and No 
Exploitation (NDPE) and EUDR criteria, grounded 
in accurate supplying land plots data. Updated 
twice a year, it provides a forward-looking view of 
risk exposure and enables us to share relevant 
insights with our suppliers, driving concrete 
actions. By combining mill-level data with 
subnational deforesta"
EEVID_71c2eebccb2d16ed,cocoa_chocolate_cocoa_butter,barry_callebaut_social_environmental_impact_report_2024_25.pdf,text_or_table,unified_memory_scan,retail_price,retail_price_evidence,direct_visual_or_page_evidence,direct_retail_or_visual_page_evidence,retail_page_level,medium_high,high,candidate_for_strict_audit,pending_step16i,barry_callebaut; target,cocoa_chocolate,retail_observation_not_margin; retail_price_varies_by_store_date_promotion; supplier_claim_not_sku_confirmed,"barry_callebaut, target / cocoa_chocolate / cocoa_chocolate_cocoa_butter may support observed retail page or price evidence. Use for observed retailer page or price evidence only. Price may vary by store, date, and promotion.","on, Starling performs risk assessments to 
identify regions vulnerable to future deforestation, 
drawing on historical land use and practices.
The insights provided by Starling have become a 
cornerstone of our strategy to comply with EUDR 
requirements and advance our forest positive 
commitments.


--- PAGE 33 ---
Forest protection projects in co"
EEVID_e792e9d8ea730824,cocoa_chocolate_cocoa_butter,barry_callebaut_social_environmental_impact_report_2024_25.pdf,text_or_table,unified_memory_scan,retail_price,retail_price_evidence,direct_visual_or_page_evidence,direct_retail_or_visual_page_evidence,retail_page_level,medium_high,high,candidate_for_strict_audit,pending_step16i,barry_callebaut; target,cocoa_chocolate,retail_observation_not_margin; retail_price_varies_by_store_date_promotion; supplier_claim_not_sku_confirmed,"barry_callebaut, target / cocoa_chocolate / cocoa_chocolate_cocoa_butter may support observed retail page or price evidence. Use for observed retailer page or price evidence only. Price may vary by store, date, and promotion.","ocoa cell culture technology, 
an emerging innovation that enables the 
cultivation of cocoa cells in controlled 
environments. While still in early development, 
this technology has the potential to diversify 
cocoa sourcing, strengthen supply chain resilience, 
and unlock new product possibilities. The 
collaboration combines our chocolate expert"
EEVID_2d7aa1ff4dae11c7,cocoa_chocolate_cocoa_butter,barry_callebaut_social_environmental_impact_report_2024_25.pdf,text_or_table,unified_memory_scan,retail_price,retail_price_evidence,direct_visual_or_page_evidence,direct_retail_or_visual_page_evidence,retail_page_level,medium_high,high,candidate_for_strict_audit,pending_step16i,barry_callebaut; target,cocoa_chocolate,retail_observation_not_margin; retail_price_varies_by_store_date_promotion; supplier_claim_not_sku_confirmed,"barry_callebaut, target / cocoa_chocolate / cocoa_chocolate_cocoa_butter may support observed retail page or price evidence. Use for observed retailer page or price evidence only. Price may vary by store, date, and promotion.","uce and remove 
emissions across our value chain - from farm to 
factory.
Factories
Reducing our scope 1 and 2 emissions is a key part 
of our Net Zero Roadmap, which targets a 42% 
reduction by 2030. In 2024/25, 81% of electricity 
used globally came from renewable sources, and 
38 out of 62 factories operated fully on renewable 
electricity.
In 2"
EEVID_b69962f0ac780b3a,cocoa_chocolate_cocoa_butter,barry_callebaut_social_environmental_impact_report_2024_25.pdf,text_or_table,unified_memory_scan,retail_price,retail_price_evidence,direct_visual_or_page_evidence,direct_retail_or_visual_page_evidence,retail_page_level,medium_high,high,candidate_for_strict_audit,pending_step16i,barry_callebaut; target,cocoa_chocolate,retail_observation_not_margin; retail_price_varies_by_store_date_promotion; supplier_claim_not_sku_confirmed,"barry_callebaut, target / cocoa_chocolate / cocoa_chocolate_cocoa_butter may support observed retail page or price evidence. Use for observed retailer page or price evidence only. Price may vary by store, date, and promotion.","enchmark for sustainable 
logistics in our global network. 
We have also started to engage external 
transportation partners, with a focus on 
decarbonizing ocean freight, to further reduce 
value chain emissions. 
Cross-industry collaboration and 
recognition
Beyond commercial partnerships, in 2024/25, we 
contributed to a cross-industry climate i"
EEVID_0173ee3e57d1465c,cocoa_chocolate_cocoa_butter,barry_callebaut_social_environmental_impact_report_2024_25.pdf,text_or_table,unified_memory_scan,retail_price,retail_price_evidence,direct_visual_or_page_evidence,direct_retail_or_visual_page_evidence,retail_page_level,medium_high,high,candidate_for_strict_audit,pending_step16i,barry_callebaut; target,cocoa_chocolate; milk_dairy; sugar,retail_observation_not_margin; retail_price_varies_by_store_date_promotion; supplier_claim_not_sku_confirmed,"barry_callebaut, target / cocoa_chocolate, milk_dairy, sugar / cocoa_chocolate_cocoa_butter may support observed retail page or price evidence. Use for observed retailer page or price evidence only. Price may vary by store, date, and promotion.","EBAUT
Annual Social and Environmental 
Impact Report 2024/25
Letter to Stakeholders
Sustainability
Our People
Governance
TCFD
GRI Report
Policies
39
FOREVER CHOCOLATE
Our goal
By 2030, we will have 100% 
certified or verified cocoa and 
ingredients in all of our 
products, traceable to farm 
level.


--- PAGE 40 ---
Our approach
Sustainable Ingredi"
EEVID_44af7f1ee1fc341f,cocoa_chocolate_cocoa_butter,barry_callebaut_social_environmental_impact_report_2024_25.pdf,text_or_table,unified_memory_scan,retail_price,retail_price_evidence,direct_visual_or_page_evidence,direct_retail_or_visual_page_evidence,retail_page_level,medium_high,high,candidate_for_strict_audit,pending_step16i,target,cocoa_chocolate; milk_dairy; sugar,benchmark_not_invoice; retail_observation_not_margin; retail_price_varies_by_store_date_promotion; supplier_claim_not_sku_confirmed,"target / cocoa_chocolate, milk_dairy, sugar / cocoa_chocolate_cocoa_butter may support observed retail page or price evidence. Use for observed retailer page or price evidence only. Price may vary by store, date, and promotion.","VER CHOCOLATE
SUSTAINABLE INGREDIENTS
*Sourcing power, critical recipe impact, customer awareness
Key ingredients 
prioritization
Key ingredients
Cocoa
Sugar (beet and cane)
Dairy
Palm and palm kernel
Coconut
Soy
Vanilla
Hazelnut
Not key
Shea
Almond
Sunflower, Rapeseed
Sweeteners (Corn)
Specialties


--- PAGE 41 ---
In addition, this year, we also "
EEVID_6869916057a8bc10,cocoa_chocolate_cocoa_butter,barry_callebaut_social_environmental_impact_report_2024_25.pdf,text_or_table,unified_memory_scan,retail_price,retail_price_evidence,direct_visual_or_page_evidence,direct_retail_or_visual_page_evidence,retail_page_level,medium_high,high,candidate_for_strict_audit,pending_step16i,barry_callebaut; target,cocoa_chocolate,benchmark_not_invoice; retail_observation_not_margin; retail_price_varies_by_store_date_promotion; supplier_claim_not_sku_confirmed,"barry_callebaut, target / cocoa_chocolate / cocoa_chocolate_cocoa_butter may support observed retail page or price evidence. Use for observed retailer page or price evidence only. Price may vary by store, date, and promotion.","ting benchmarks for impact-driven 
sustainability in cocoa. These efforts are a core 
part of our ambition to be the industry’s leading 
sustainability solution provider in the chocolate 
and cocoa industry.
For a detailed overview of Cocoa Horizons 
activities and progress, please refer to the latest 
Cocoa Horizons mid-year report. 
Further detai"
EEVID_824e31559e0deefb,cocoa_chocolate_cocoa_butter,barry_callebaut_social_environmental_impact_report_2024_25.pdf,text_or_table,unified_memory_scan,retail_price,retail_price_evidence,direct_visual_or_page_evidence,direct_retail_or_visual_page_evidence,retail_page_level,medium_high,high,candidate_for_strict_audit,pending_step16i,barry_callebaut; target,cocoa_chocolate,benchmark_not_invoice; retail_observation_not_margin; retail_price_varies_by_store_date_promotion; supplier_claim_not_sku_confirmed,"barry_callebaut, target / cocoa_chocolate / cocoa_chocolate_cocoa_butter may support observed retail page or price evidence. Use for observed retailer page or price evidence only. Price may vary by store, date, and promotion.","BARRY CALLEBAUT
Annual Social and Environmental 
Impact Report 2024/25
Letter to Stakeholders
Sustainability
Our People
Governance
TCFD
GRI Report
Policies
41
FOREVER CHOCOLATE
SUSTAINABLE INGREDIENTS
We are a longstanding 
member of the 
Roundtable on 
Sustainable Palm Oil 
(RSPO) and currently 
serve as an observer in 
the Supply Chain 
Standard "
EEVID_7e0f718b2f59ffdb,cocoa_chocolate_cocoa_butter,barry_callebaut_social_environmental_impact_report_2024_25.pdf,text_or_table,unified_memory_scan,retail_price,retail_price_evidence,direct_visual_or_page_evidence,direct_retail_or_visual_page_evidence,retail_page_level,medium_high,high,candidate_for_strict_audit,pending_step16i,barry_callebaut; target,cocoa_chocolate; milk_dairy,benchmark_not_invoice; retail_observation_not_margin; retail_price_varies_by_store_date_promotion; supplier_claim_not_sku_confirmed,"barry_callebaut, target / cocoa_chocolate, milk_dairy / cocoa_chocolate_cocoa_butter may support observed retail page or price evidence. Use for observed retailer page or price evidence only. Price may vary by store, date, and promotion.","ool. 
In addition, we are a member of the Dairy 
Sustainability Alliance by the Innovation Centre 
BARRY CALLEBAUT
Annual Social and Environmental 
Impact Report 2024/25
Letter to Stakeholders
Sustainability
Our People
Governance
TCFD
GRI Report
Policies
43
FOREVER CHOCOLATE
SUSTAINABLE INGREDIENTS


--- PAGE 44 ---
for US Dairy. We endorse the SDP"
EEVID_e74374b71d1aa07c,cocoa_chocolate_cocoa_butter,barry_callebaut_social_environmental_impact_report_2024_25.pdf,text_or_table,unified_memory_scan,retail_price,retail_price_evidence,direct_visual_or_page_evidence,direct_retail_or_visual_page_evidence,retail_page_level,medium_high,high,candidate_for_strict_audit,pending_step16i,barry_callebaut; target,cocoa_chocolate; soy_lecithin,benchmark_not_invoice; retail_observation_not_margin; retail_price_varies_by_store_date_promotion; supplier_claim_not_sku_confirmed,"barry_callebaut, target / cocoa_chocolate, soy_lecithin / cocoa_chocolate_cocoa_butter may support observed retail page or price evidence. Use for observed retailer page or price evidence only. Price may vary by store, date, and promotion.","sed to 
extract coconut oil - at the cooperative level, 
enabling centralized, controlled drying. 
BARRY CALLEBAUT
Annual Social and Environmental 
Impact Report 2024/25
Letter to Stakeholders
Sustainability
Our People
Governance
TCFD
GRI Report
Policies
44
FOREVER CHOCOLATE
SUSTAINABLE INGREDIENTS


--- PAGE 45 ---
Additionally, due to their succe"
EEVID_72bcb3c6c6fbb4af,cocoa_chocolate_cocoa_butter,barry_callebaut_social_environmental_impact_report_2024_25.pdf,text_or_table,unified_memory_scan,retail_price,retail_price_evidence,direct_visual_or_page_evidence,direct_retail_or_visual_page_evidence,retail_page_level,medium_high,high,candidate_for_strict_audit,pending_step16i,barry_callebaut; target,cocoa_chocolate; milk_dairy; sugar,benchmark_not_invoice; retail_observation_not_margin; retail_price_varies_by_store_date_promotion; supplier_claim_not_sku_confirmed,"barry_callebaut, target / cocoa_chocolate, milk_dairy, sugar / cocoa_chocolate_cocoa_butter may support observed retail page or price evidence. Use for observed retailer page or price evidence only. Price may vary by store, date, and promotion.","orm. This makes 
Barry Callebaut the first SAI Platform member to 
achieve FSA benchmarking for a hazelnut-specific 
sourcing program.
BARRY CALLEBAUT
Annual Social and Environmental 
Impact Report 2024/25
Letter to Stakeholders
Sustainability
Our People
Governance
TCFD
GRI Report
Policies
46
FOREVER CHOCOLATE
SUSTAINABLE INGREDIENTS


--- PAGE 47 "
EEVID_5a8a74ef85c43314,cocoa_chocolate_cocoa_butter,barry_callebaut_social_environmental_impact_report_2024_25.pdf,text_or_table,unified_memory_scan,retail_price,retail_price_evidence,direct_visual_or_page_evidence,direct_retail_or_visual_page_evidence,retail_page_level,medium_high,high,candidate_for_strict_audit,pending_step16i,barry_callebaut; target,cocoa_chocolate,retail_observation_not_margin; retail_price_varies_by_store_date_promotion; supplier_claim_not_sku_confirmed,"barry_callebaut, target / cocoa_chocolate / cocoa_chocolate_cocoa_butter may support observed retail page or price evidence. Use for observed retailer page or price evidence only. Price may vary by store, date, and promotion.","e sourcing 
program.
In cocoa, we also continued to strengthen 
traceability and farm-level data collection. In 
2024/25, 85.6% of plots within our direct cocoa 
supply chain were mapped, enabling targeted 
interventions, and improved monitoring of 
progress toward living income and deforestation-
free goals.
In fiscal year 2024/25, women farmers 
"
EEVID_8a16f4b90f3627e9,cocoa_chocolate_cocoa_butter,barry_callebaut_social_environmental_impact_report_2024_25.pdf,text_or_table,unified_memory_scan,retail_price,retail_price_evidence,direct_visual_or_page_evidence,direct_retail_or_visual_page_evidence,retail_page_level,medium_high,high,candidate_for_strict_audit,pending_step16i,target,sugar,benchmark_not_invoice; retail_observation_not_margin; retail_price_varies_by_store_date_promotion; supplier_claim_not_sku_confirmed,"target / sugar / cocoa_chocolate_cocoa_butter may support observed retail page or price evidence. Use for observed retailer page or price evidence only. Price may vary by store, date, and promotion.","try dialogue with key stakeholders in both origin 
and consumer countries (1-5). Further details on the Group’s sustainability 
strategy and framework are available in the Sustainability section of the 
Annual Social and Environmental Impact Report.
The Group links the following ESG 
material topics directly to this key 
risk pillar:
(1) climate an"
EEVID_1a0f9ba0a9384167,cocoa_chocolate_cocoa_butter,barry_callebaut_social_environmental_impact_report_2024_25.pdf,text_or_table,unified_memory_scan,retail_price,retail_price_evidence,direct_visual_or_page_evidence,direct_retail_or_visual_page_evidence,retail_page_level,medium_high,high,candidate_for_strict_audit,pending_step16i,barry_callebaut; target,,retail_observation_not_margin; retail_price_varies_by_store_date_promotion; supplier_claim_not_sku_confirmed,"barry_callebaut, target / cocoa_chocolate_cocoa_butter may support observed retail page or price evidence. Use for observed retailer page or price evidence only. Price may vary by store, date, and promotion.","l, regional, and local sales and operations planning process. 
A comprehensive issue management system, supported by targeted business 
continuity plans, ensures business continuity and recovery during disruptions. 
Global sourcing teams continuously monitor key risk indicators, including 
weather patterns, harvest conditions, and other climate-rel"
EEVID_9cab19deb00ab62e,cocoa_chocolate_cocoa_butter,barry_callebaut_social_environmental_impact_report_2024_25.pdf,text_or_table,unified_memory_scan,retail_price,retail_price_evidence,direct_visual_or_page_evidence,direct_retail_or_visual_page_evidence,retail_page_level,medium_high,high,candidate_for_strict_audit,pending_step16i,target,,retail_observation_not_margin; retail_price_varies_by_store_date_promotion; supplier_claim_not_sku_confirmed,"target / cocoa_chocolate_cocoa_butter may support observed retail page or price evidence. Use for observed retailer page or price evidence only. Price may vary by store, date, and promotion.","ncident.
The quality and food safety risk 
landscape of the Group may be 
influenced by various ESG material 
topics, necessitating adjustments 
to 
the 
Group's 
quality 
management 
systems 
and 
procedures. 
Although 
this 
disclosure 
does 
not 
explicitly 
establish a direct correlation, the 
Group 
recognizes 
the 
inherent 
interconnectednes"
EEVID_32091df3c9579b99,cocoa_chocolate_cocoa_butter,barry_callebaut_social_environmental_impact_report_2024_25.pdf,text_or_table,unified_memory_scan,retail_price,retail_price_evidence,direct_visual_or_page_evidence,direct_retail_or_visual_page_evidence,retail_page_level,medium_high,high,candidate_for_strict_audit,pending_step16i,barry_callebaut; target,,benchmark_not_invoice; retail_observation_not_margin; retail_price_varies_by_store_date_promotion; supplier_claim_not_sku_confirmed,"barry_callebaut, target / cocoa_chocolate_cocoa_butter may support observed retail page or price evidence. Use for observed retailer page or price evidence only. Price may vary by store, date, and promotion.","nt, indirect materials, logistics, and related 
services. Short-term mitigation strategies include maintaining adequate 
safety stock levels and leveraging a diversified regional supply network, while 
long-term adaptation and resilience measures involve strategic reviews of the 
Group’s sourcing, operations, and supply chain footprint.
The quality"
EEVID_ecd87e116868f74e,cocoa_chocolate_cocoa_butter,barry_callebaut_social_environmental_impact_report_2024_25.pdf,text_or_table,unified_memory_scan,retail_price,retail_price_evidence,direct_visual_or_page_evidence,direct_retail_or_visual_page_evidence,retail_page_level,medium_high,high,candidate_for_strict_audit,pending_step16i,barry_callebaut; target,,retail_observation_not_margin; retail_price_varies_by_store_date_promotion,"barry_callebaut, target / cocoa_chocolate_cocoa_butter may support observed retail page or price evidence. Use for observed retailer page or price evidence only. Price may vary by store, date, and promotion.","e-related scenarios, including a 2 degrees Celsius or lower scenario.
The resilience of the Organization's strategy
Area
Disclosure recommendation
Reference
BARRY CALLEBAUT
Annual Social and Environmental 
Impact Report 2024/25
Letter to Stakeholders
Sustainability
Our People
Governance
TCFD
GRI Report
Policies
72
1 Throughout this report, the term"
EEVID_1160998cd06d98bd,cocoa_chocolate_cocoa_butter,barry_callebaut_social_environmental_impact_report_2024_25.pdf,text_or_table,unified_memory_scan,retail_price,retail_price_evidence,direct_visual_or_page_evidence,direct_retail_or_visual_page_evidence,retail_page_level,medium_high,high,candidate_for_strict_audit,pending_step16i,barry_callebaut; target,,retail_observation_not_margin; retail_price_varies_by_store_date_promotion,"barry_callebaut, target / cocoa_chocolate_cocoa_butter may support observed retail page or price evidence. Use for observed retailer page or price evidence only. Price may vary by store, date, and promotion.","to achieve a 30% reduction by 2030, 
compared to fiscal year 2021/22, the base year.
The Company Carbon Footprint of the Group is aligned with the GHG Protocol, 
which categorizes GHG emissions into three scopes according to their underlying 
activity. 
— Scope 1 emissions are direct GHG emissions resulting from emission sources 
which are controll"
EEVID_5cd41de67ab04b8b,cocoa_chocolate_cocoa_butter,barry_callebaut_social_environmental_impact_report_2024_25.pdf,text_or_table,unified_memory_scan,retail_price,retail_price_evidence,direct_visual_or_page_evidence,direct_retail_or_visual_page_evidence,retail_page_level,medium_high,high,candidate_for_strict_audit,pending_step16i,barry_callebaut; target,cocoa_chocolate,retail_observation_not_margin; retail_price_varies_by_store_date_promotion; supplier_claim_not_sku_confirmed,"barry_callebaut, target / cocoa_chocolate / cocoa_chocolate_cocoa_butter may support observed retail page or price evidence. Use for observed retailer page or price evidence only. Price may vary by store, date, and promotion.","related 
risks and opportunities and performance against targets.
Advancing on our Net Zero Journey
Area
Disclosure recommendation
Reference
BARRY CALLEBAUT
Annual Social and Environmental 
Impact Report 2024/25
Letter to Stakeholders
Sustainability
Our People
Governance
TCFD
GRI Report
Policies
73


--- PAGE 74 ---
STRATEGY 
The identification and"
EEVID_cb2de20e7aa96a57,cocoa_chocolate_cocoa_butter,barry_callebaut_social_environmental_impact_report_2024_25.pdf,text_or_table,unified_memory_scan,retail_price,retail_price_evidence,direct_visual_or_page_evidence,direct_retail_or_visual_page_evidence,retail_page_level,medium_high,high,candidate_for_strict_audit,pending_step16i,barry_callebaut; target,cocoa_chocolate,benchmark_not_invoice; retail_observation_not_margin; retail_price_varies_by_store_date_promotion; supplier_claim_not_sku_confirmed,"barry_callebaut, target / cocoa_chocolate / cocoa_chocolate_cocoa_butter may support observed retail page or price evidence. Use for observed retailer page or price evidence only. Price may vary by store, date, and promotion.","consumer needs, ensuring sustained growth and continued market relevance.
Medium
For a more detailed impact description, see Risk Overview.
BARRY CALLEBAUT
Annual Social and Environmental 
Impact Report 2024/25
Letter to Stakeholders
Sustainability
Our People
Governance
TCFD
GRI Report
Policies
74


--- PAGE 75 ---
The identification and impact of "
EEVID_40f560fd6054f13f,cocoa_chocolate_cocoa_butter,barry_callebaut_social_environmental_impact_report_2024_25.pdf,text_or_table,unified_memory_scan,retail_price,retail_price_evidence,direct_visual_or_page_evidence,direct_retail_or_visual_page_evidence,retail_page_level,medium_high,high,candidate_for_strict_audit,pending_step16i,barry_callebaut; target,,retail_observation_not_margin; retail_price_varies_by_store_date_promotion,"barry_callebaut, target / cocoa_chocolate_cocoa_butter may support observed retail page or price evidence. Use for observed retailer page or price evidence only. Price may vary by store, date, and promotion.","limited reliance on internal expert judgment. In contrast, the financial impact of opportunities is assessed entirely based on internal expert 
evaluations.
BARRY CALLEBAUT
Annual Social and Environmental 
Impact Report 2024/25
Letter to Stakeholders
Sustainability
Our People
Governance
TCFD
GRI Report
Policies
75


--- PAGE 76 ---
The resilience o"
EEVID_e9c7172486ba8679,cocoa_chocolate_cocoa_butter,barry_callebaut_social_environmental_impact_report_2024_25.pdf,text_or_table,unified_memory_scan,retail_price,retail_price_evidence,direct_visual_or_page_evidence,direct_retail_or_visual_page_evidence,retail_page_level,medium_high,high,candidate_for_strict_audit,pending_step16i,barry_callebaut; target,cocoa_chocolate,retail_observation_not_margin; retail_price_varies_by_store_date_promotion; supplier_claim_not_sku_confirmed,"barry_callebaut, target / cocoa_chocolate / cocoa_chocolate_cocoa_butter may support observed retail page or price evidence. Use for observed retailer page or price evidence only. Price may vary by store, date, and promotion.","ition, Divergent Net 
Zero, Nationally Determined Contributions (NDCs), and 
Current Policies. 
The Group’s analysis focused on three of the NGFS 
scenarios within a medium time horizon (ten years). The 
first is the Net Zero 2050 scenario, which assumes a 
global temperature increase of 1.4 degrees Celsius and 
envisions carbon dioxide emissions r"
EEVID_847a92382cc7693e,cocoa_chocolate_cocoa_butter,barry_callebaut_social_environmental_impact_report_2024_25.pdf,text_or_table,unified_memory_scan,retail_price,retail_price_evidence,direct_visual_or_page_evidence,direct_retail_or_visual_page_evidence,retail_page_level,medium_high,high,candidate_for_strict_audit,pending_step16i,barry_callebaut; target,cocoa_chocolate,retail_observation_not_margin; retail_price_varies_by_store_date_promotion; supplier_claim_not_sku_confirmed,"barry_callebaut, target / cocoa_chocolate / cocoa_chocolate_cocoa_butter may support observed retail page or price evidence. Use for observed retailer page or price evidence only. Price may vary by store, date, and promotion.","e employees.
14% of employees are below 30 years old, 64% of employees are between 30-50 years old, 23% of employees are above 50 years old.
BARRY CALLEBAUT
Annual Social and Environmental 
Impact Report 2024/25
Letter to Stakeholders
Sustainability
Our People
Governance
TCFD
GRI Report
Policies
90


--- PAGE 91 ---
CROSS REFERENCE TO RELEVANT 
POL"
EEVID_13ce7bddfb822709,cocoa_chocolate_cocoa_butter,cocoa_beans_quality_requirements_processing_guide.pdf,text_or_table,unified_memory_scan,retail_price,retail_price_evidence,direct_visual_or_page_evidence,direct_retail_or_visual_page_evidence,retail_page_level,medium_high,high,candidate_for_strict_audit,pending_step16i,target,cocoa_chocolate,retail_observation_not_margin; retail_price_varies_by_store_date_promotion,"target / cocoa_chocolate / cocoa_chocolate_cocoa_butter may support observed retail page or price evidence. Use for observed retailer page or price evidence only. Price may vary by store, date, and promotion.","uring 
transportation and storage. See sections Part 
III Pest and Disease Control and Storage.
 
 
 
Usage must comply with all national and 
international regulations. 
Spraying as part of Integrated Crop and Pest 
Management (IPM). 
Manage tree architecture to allow for air 
circulation and easy access to pods when 
applying pesticides, 
Correct"
EEVID_b237437babb1868e,cocoa_chocolate_cocoa_butter,cocoa_beans_quality_requirements_processing_guide.pdf,text_or_table,unified_memory_scan,retail_price,retail_price_evidence,direct_visual_or_page_evidence,direct_retail_or_visual_page_evidence,retail_page_level,medium_high,high,candidate_for_strict_audit,pending_step16i,target,cocoa_chocolate,benchmark_not_invoice; retail_observation_not_margin; retail_price_varies_by_store_date_promotion,"target / cocoa_chocolate / cocoa_chocolate_cocoa_butter may support observed retail page or price evidence. Use for observed retailer page or price evidence only. Price may vary by store, date, and promotion.","avoid the 
possibility of temperature differentials, 
condensation and water migration. 
 
Sacks should be stored on pallets off the 
floor. Wooden pallets should have a layer of 
protective polythene or plastic between the 
surfaces of the pallet and the first layer of 
sacks if the pallets have been treated with 
wood preservative containing phen"
EEVID_4b3e7a3df485dfd3,cocoa_chocolate_cocoa_butter,icco_processing_cocoa_page.pdf,visual_ocr,unified_memory_scan,retail_price,retail_price_evidence,direct_visual_or_page_evidence,direct_retail_or_visual_page_evidence,retail_page_level,medium_high,high,candidate_for_strict_audit,pending_step16i,target,cocoa_chocolate; sugar,benchmark_not_invoice; ocr_text_requires_visual_confidence_review; retail_observation_not_margin; retail_price_varies_by_store_date_promotion,"target / cocoa_chocolate, sugar / cocoa_chocolate_cocoa_butter may support observed retail page or price evidence. Use for observed retailer page or price evidence only. Price may vary by store, date, and promotion.","ates.
hygiene considerations), on concrete platforms on the ground in the villages.
It must also be mentioned that cocoa powder must be tempered. This is a sort of controlled
The duration of the drying step depends on the weather, but it is unusual for sun-drying in 7 . P P
cooling operation during which the powder is held at specified temperatures"
EEVID_aa144fc45b3d0804,cocoa_chocolate_cocoa_butter,usda_fas_ghana_cocoa_sector_overview_2025.pdf,text_or_table,unified_memory_scan,retail_price,retail_price_evidence,direct_visual_or_page_evidence,direct_retail_or_visual_page_evidence,retail_page_level,medium_high,high,candidate_for_strict_audit,pending_step16i,target; usda,cocoa_chocolate,benchmark_not_invoice; retail_observation_not_margin; retail_price_varies_by_store_date_promotion; supplier_claim_not_sku_confirmed,"target, usda / cocoa_chocolate / cocoa_chocolate_cocoa_butter may support observed retail page or price evidence. Use for observed retailer page or price evidence only. Price may vary by store, date, and promotion.","exercises are underway. Also, the Ghanaian government is supplying farmers with more 
adequate quantities of insecticides to cover this season’s application requirements. Ghana's cocoa bean 
exports are projected to reach 520,000 MT, up 55 percent over the preceding year’s estimate of 336,000 
MT.


--- PAGE 2 ---
Page 2 of 16 
 
DISCLAIMER: The in"
EEVID_5501c84eda79d2af,cocoa_chocolate_cocoa_butter,usda_fas_ghana_cocoa_sector_overview_2025.pdf,text_or_table,unified_memory_scan,retail_price,retail_price_evidence,direct_visual_or_page_evidence,direct_retail_or_visual_page_evidence,retail_page_level,medium_high,high,candidate_for_strict_audit,pending_step16i,target,cocoa_chocolate,retail_observation_not_margin; retail_price_varies_by_store_date_promotion,"target / cocoa_chocolate / cocoa_chocolate_cocoa_butter may support observed retail page or price evidence. Use for observed retailer page or price evidence only. Price may vary by store, date, and promotion.","along with more conducive weather conditions account for the 
enhanced harvest outlook. Post sources comment that cocoa bean purchases made toward the early part 
of the current MY 2024/2025 main crop season have come in significantly higher than that of the entire 
MY 2023/2024 production season.


--- PAGE 4 ---
Page 4 of 16 
 
A critical factor "
EEVID_b1f553ebf5118190,cocoa_chocolate_cocoa_butter,usda_fas_ghana_cocoa_sector_overview_2025.pdf,text_or_table,unified_memory_scan,retail_price,retail_price_evidence,direct_visual_or_page_evidence,direct_retail_or_visual_page_evidence,retail_page_level,medium_high,high,candidate_for_strict_audit,pending_step16i,target,cocoa_chocolate; natural_flavor,benchmark_not_invoice; retail_observation_not_margin; retail_price_varies_by_store_date_promotion; supplier_claim_not_sku_confirmed,"target / cocoa_chocolate, natural_flavor / cocoa_chocolate_cocoa_butter may support observed retail page or price evidence. Use for observed retailer page or price evidence only. Price may vary by store, date, and promotion.","cocoa value chain. Its 
mission is to encourage and facilitate the production, processing and marketing of quality cocoa in an 
efficient and cost-effective manner. COCOBOD’s functions focus on the production, research, 
extension, internal and external marketing, and quality control. The functions are classified into two 
main sectors; pre-harvest"
EEVID_90318f9d89558dfc,cocoa_chocolate_cocoa_butter,usda_fas_ghana_cocoa_sector_overview_2025.pdf,text_or_table,unified_memory_scan,retail_price,retail_price_evidence,direct_visual_or_page_evidence,direct_retail_or_visual_page_evidence,retail_page_level,medium_high,high,candidate_for_strict_audit,pending_step16i,target,cocoa_chocolate,benchmark_not_invoice; retail_observation_not_margin; retail_price_varies_by_store_date_promotion,"target / cocoa_chocolate / cocoa_chocolate_cocoa_butter may support observed retail page or price evidence. Use for observed retailer page or price evidence only. Price may vary by store, date, and promotion.","ting Board existing immediately 
before the commencement of this Act. The objects of the Board shall include: (a) to encourage the production of cocoa, 
coffee and shea; (b) to undertake the cultivation of cocoa, coffee and shea; (c) to initiate programs aimed at controlling pests 
and diseases of cocoa, coffee and shea; (d) to purchase, import, un"
EEVID_1b3c8dcb3f4cda43,cocoa_chocolate_cocoa_butter,usda_fas_ghana_cocoa_sector_overview_2025.pdf,text_or_table,unified_memory_scan,retail_price,retail_price_evidence,direct_visual_or_page_evidence,direct_retail_or_visual_page_evidence,retail_page_level,medium_high,high,candidate_for_strict_audit,pending_step16i,target,cocoa_chocolate,benchmark_not_invoice; retail_observation_not_margin; retail_price_varies_by_store_date_promotion,"target / cocoa_chocolate / cocoa_chocolate_cocoa_butter may support observed retail page or price evidence. Use for observed retailer page or price evidence only. Price may vary by store, date, and promotion.","Bean Pricing Policy and Purchases in Ghana: Domestic cocoa bean prices (i.e., producer 
price) are fixed by COCOBOD. The Ghanaian government, through COCOBOD announces the 
producer price at the beginning of the main crop season (usually the first of October). The Ghanaian 
government targets providing cocoa farmers with about 70 percent of the fre"
EEVID_aff3f06c24e61599,dairy_milk_skim_milk_milk_fat,epa_hershey_land_o_lakes_pa_dairy_farms_2m_commitment.pdf,visual_ocr,unified_memory_scan,retail_price,retail_price_evidence,direct_visual_or_page_evidence,direct_retail_or_visual_page_evidence,retail_page_level,medium_high,high,candidate_for_strict_audit,pending_step16i,target; usda,cocoa_chocolate; milk_dairy,benchmark_not_invoice; ocr_text_requires_visual_confidence_review; retail_observation_not_margin; retail_price_varies_by_store_date_promotion; supplier_claim_not_sku_confirmed,"target, usda / cocoa_chocolate, milk_dairy / dairy_milk_skim_milk_milk_fat may support observed retail page or price evidence. Use for observed retailer page or price evidence only. Price may vary by store, date, and promotion.","emissions,
according to a 2022 ESG report. The chocolate maker also planted more
than 3,000 trees as a riparian buffer to prevent thousands of pounds of
sediment, nitrogen and phosphorus from entering the streams of
Chesapeake Bay.
Efforts to restore the waterways have been “more challenging than
expected,” however, due in part to massive nutrient "
EEVID_3f62e5916b9eca07,dairy_milk_skim_milk_milk_fat,hershey_dairy_sourcing_page.pdf,visual_ocr,unified_memory_scan,retail_price,retail_price_evidence,direct_visual_or_page_evidence,direct_retail_or_visual_page_evidence,retail_page_level,medium_high,high,candidate_for_strict_audit,pending_step16i,hershey; target,cocoa_chocolate; milk_dairy,ocr_text_requires_visual_confidence_review; retail_observation_not_margin; retail_price_varies_by_store_date_promotion; supplier_claim_not_sku_confirmed,"hershey, target / cocoa_chocolate, milk_dairy / dairy_milk_skim_milk_milk_fat may support observed retail page or price evidence. Use for observed retailer page or price evidence only. Price may vary by store, date, and promotion.","--- VISUAL OCR PAGE 1: page_001.png ---
CAREERS MEDIA INVESTORS
HERSHEY.
f& > Home > Sustainability > Sustainability Issues
Dairy aN
Fresh dairy milk is an important ingredient in Hershey's iconic milk chocolate. Dairy production
supports tens of thousands of farmers across the U.S. and can play an important role in enhancing
soil health with respo"
EEVID_ca06e7848e04491f,dairy_milk_skim_milk_milk_fat,hershey_latest_esg_dairy_section.pdf,text_or_table,unified_memory_scan,retail_price,retail_price_evidence,direct_visual_or_page_evidence,direct_retail_or_visual_page_evidence,retail_page_level,medium_high,high,candidate_for_strict_audit,pending_step16i,hershey; target,,retail_observation_not_margin; retail_price_varies_by_store_date_promotion; supplier_claim_not_sku_confirmed,"hershey, target / dairy_milk_skim_milk_milk_fat may support observed retail page or price evidence. Use for observed retailer page or price evidence only. Price may vary by store, date, and promotion.","for employees and their 
dependents (aged five and over) who wanted 
to get vaccinated or receive a booster shot. We 
also continued our flexible working conditions so 
that corporate employees could keep working 
from home and via a hybrid in-office work 
environment. We focused on the health and 
safety of all our employees working in-person by 
"
EEVID_451872c517066945,dairy_milk_skim_milk_milk_fat,hershey_latest_esg_dairy_section.pdf,text_or_table,unified_memory_scan,retail_price,retail_price_evidence,direct_visual_or_page_evidence,direct_retail_or_visual_page_evidence,retail_page_level,medium_high,high,candidate_for_strict_audit,pending_step16i,hershey; target,cocoa_chocolate; packaging,retail_observation_not_margin; retail_price_varies_by_store_date_promotion; supplier_claim_not_sku_confirmed,"hershey, target / cocoa_chocolate, packaging / dairy_milk_skim_milk_milk_fat may support observed retail page or price evidence. Use for observed retailer page or price evidence only. Price may vary by store, date, and promotion.","ns by 50% and our absolute 
Scope 3 emissions by 25% by 2030, against 
a 2018 baseline. We’re already taking action 
to meet our goal, including signing power 
purchase agreements (PPAs) that will enable 
the construction of three new utility-scale 
solar farms. We also made substantial progress 
toward our Scope 1 and 2 emissions targets 
through "
EEVID_531c70dfc0fabd9e,dairy_milk_skim_milk_milk_fat,hershey_latest_esg_dairy_section.pdf,text_or_table,unified_memory_scan,retail_price,retail_price_evidence,direct_visual_or_page_evidence,direct_retail_or_visual_page_evidence,retail_page_level,medium_high,high,candidate_for_strict_audit,pending_step16i,hershey; target,cocoa_chocolate; packaging,retail_observation_not_margin; retail_price_varies_by_store_date_promotion; supplier_claim_not_sku_confirmed,"hershey, target / cocoa_chocolate, packaging / dairy_milk_skim_milk_milk_fat may support observed retail page or price evidence. Use for observed retailer page or price evidence only. Price may vary by store, date, and promotion.","-based therapeutic food, to 45,000 
children daily in Côte d’Ivoire and Ghana.
For more information, see page 24.
5 
The Hershey Company | 2021 ESG Report
The Big Picture Our Company Cocoa Responsible Sourcing and Human Rights Environment Our People Youth Community About This Report
The Big Picture


--- PAGE 6 ---
Our ESG Priorities
We are using o"
EEVID_a2a530f23a05b5e5,dairy_milk_skim_milk_milk_fat,hershey_latest_esg_dairy_section.pdf,text_or_table,unified_memory_scan,retail_price,retail_price_evidence,direct_visual_or_page_evidence,direct_retail_or_visual_page_evidence,retail_page_level,medium_high,high,candidate_for_strict_audit,pending_step16i,hershey; target,cocoa_chocolate; packaging,retail_observation_not_margin; retail_price_varies_by_store_date_promotion; supplier_claim_not_sku_confirmed,"hershey, target / cocoa_chocolate, packaging / dairy_milk_skim_milk_milk_fat may support observed retail page or price evidence. Use for observed retailer page or price evidence only. Price may vary by store, date, and promotion.","l well‑being. 
 Community 
Fostering a culture that 
cares — and actively makes 
a difference where we live 
and work. 
• Improve lives across 
the communities where 
we live and work.
6 
The Hershey Company | 2021 ESG Report
The Big Picture Our Company Cocoa Responsible Sourcing and Human Rights Environment Our People Youth Community About This R"
EEVID_5dabdcc84b391f17,dairy_milk_skim_milk_milk_fat,hershey_latest_esg_dairy_section.pdf,text_or_table,unified_memory_scan,retail_price,retail_price_evidence,direct_visual_or_page_evidence,direct_retail_or_visual_page_evidence,retail_page_level,medium_high,high,candidate_for_strict_audit,pending_step16i,hershey; target,cocoa_chocolate,benchmark_not_invoice; retail_observation_not_margin; retail_price_varies_by_store_date_promotion; supplier_claim_not_sku_confirmed,"hershey, target / cocoa_chocolate / dairy_milk_skim_milk_milk_fat may support observed retail page or price evidence. Use for observed retailer page or price evidence only. Price may vary by store, date, and promotion.","nic/Latino, Asian/Asian Pacific Islander, Hawaiian Pacific Islander and those 
who identify as two or more races.
7 
The Hershey Company | 2021 ESG Report
The Big Picture Our Company Cocoa Responsible Sourcing and Human Rights Environment Our People Youth Community About This Report
The Big Picture


--- PAGE 8 ---
Goals
Goal
Progress
(as of Dec. 3"
EEVID_c809cfe58bc3231a,dairy_milk_skim_milk_milk_fat,hershey_latest_esg_dairy_section.pdf,text_or_table,unified_memory_scan,retail_price,retail_price_evidence,direct_visual_or_page_evidence,direct_retail_or_visual_page_evidence,retail_page_level,medium_high,high,candidate_for_strict_audit,pending_step16i,hershey; target,cocoa_chocolate,retail_observation_not_margin; retail_price_varies_by_store_date_promotion; supplier_claim_not_sku_confirmed,"hershey, target / cocoa_chocolate / dairy_milk_skim_milk_milk_fat may support observed retail page or price evidence. Use for observed retailer page or price evidence only. Price may vary by store, date, and promotion.","LGBTQ Employees
• Top Companies for Executive 
Diversity Councils
• Top Companies for 
Philanthropy
Canada
U.S.
9 
The Hershey Company | 2021 ESG Report
The Big Picture Our Company Cocoa Responsible Sourcing and Human Rights Environment Our People Youth Community About This Report
The Big Picture


--- PAGE 10 ---
Living 
Our 
Values
Integrity is"
EEVID_6d6d926e359d1fb5,dairy_milk_skim_milk_milk_fat,hershey_latest_esg_dairy_section.pdf,text_or_table,unified_memory_scan,retail_price,retail_price_evidence,direct_visual_or_page_evidence,direct_retail_or_visual_page_evidence,retail_page_level,medium_high,high,candidate_for_strict_audit,pending_step16i,hershey; target,cocoa_chocolate,retail_observation_not_margin; retail_price_varies_by_store_date_promotion; supplier_claim_not_sku_confirmed,"hershey, target / cocoa_chocolate / dairy_milk_skim_milk_milk_fat may support observed retail page or price evidence. Use for observed retailer page or price evidence only. Price may vary by store, date, and promotion.","ir families experience improved 
well-being and empowerment, and socio-
economic and ecological resilience to 
climate change across the landscape is 
strengthened.
Promoting Climate-Smart Cocoa
As we help more farmers to gain control of 
their land, we are also promoting climate-smart 
growing techniques. In 2021, 41% of Cocoa 
For Good farmers in"
EEVID_e395e03465f261db,dairy_milk_skim_milk_milk_fat,hershey_latest_esg_dairy_section.pdf,text_or_table,unified_memory_scan,retail_price,retail_price_evidence,direct_visual_or_page_evidence,direct_retail_or_visual_page_evidence,retail_page_level,medium_high,high,candidate_for_strict_audit,pending_step16i,hershey; target,cocoa_chocolate,retail_observation_not_margin; retail_price_varies_by_store_date_promotion; supplier_claim_not_sku_confirmed,"hershey, target / cocoa_chocolate / dairy_milk_skim_milk_milk_fat may support observed retail page or price evidence. Use for observed retailer page or price evidence only. Price may vary by store, date, and promotion.","• 118,000 hectares of landscape programs 
supported and monitored.
For our key cocoa metrics from 
the year, see page 31.
30 
The Hershey Company | 2021 ESG Report
The Big Picture Our Company Cocoa Responsible Sourcing and Human Rights Environment Our People Youth Community About This Report
Cocoa


--- PAGE 31 ---
Our Progress
Goals
Target 
Year
"
EEVID_648ec890539c5ccc,dairy_milk_skim_milk_milk_fat,hershey_latest_esg_dairy_section.pdf,text_or_table,unified_memory_scan,retail_price,retail_price_evidence,direct_visual_or_page_evidence,direct_retail_or_visual_page_evidence,retail_page_level,medium_high,high,candidate_for_strict_audit,pending_step16i,hershey; target,packaging,retail_observation_not_margin; retail_price_varies_by_store_date_promotion; supplier_claim_not_sku_confirmed,"hershey, target / packaging / dairy_milk_skim_milk_milk_fat may support observed retail page or price evidence. Use for observed retailer page or price evidence only. Price may vary by store, date, and promotion.","d on our initial risk 
assessment of 1,300 direct raw material 
and packaging suppliers, as well as co-
manufacturers, copackers, licensees and The 
Hershey Experience vendors.
We are on track to achieve our goal of 85% of in 
scope supplier sites demonstrating compliance 
with our program requirements through 
achieving green audit results. By the"
EEVID_7a1eb19dfc5bbe9f,dairy_milk_skim_milk_milk_fat,hershey_latest_esg_dairy_section.pdf,text_or_table,unified_memory_scan,retail_price,retail_price_evidence,direct_visual_or_page_evidence,direct_retail_or_visual_page_evidence,retail_page_level,medium_high,high,candidate_for_strict_audit,pending_step16i,hershey; target,cocoa_chocolate; milk_dairy; packaging; sugar,retail_observation_not_margin; retail_price_varies_by_store_date_promotion; supplier_claim_not_sku_confirmed,"hershey, target / cocoa_chocolate, milk_dairy, packaging, sugar / dairy_milk_skim_milk_milk_fat may support observed retail page or price evidence. Use for observed retailer page or price evidence only. Price may vary by store, date, and promotion.","aining to a 
number of suppliers through internal trainings 
and partnership with AIM-Progress in Côte 
d’Ivoire, Ghana and China. Looking ahead, 
we continue to work with our suppliers on 
developing long-term corrective actions 
for all open findings through targeted 
capacity building.
Read more about our Supplier 
Program requirements on our we"
EEVID_dc26e4015970675c,dairy_milk_skim_milk_milk_fat,hershey_latest_esg_dairy_section.pdf,text_or_table,unified_memory_scan,retail_price,retail_price_evidence,direct_visual_or_page_evidence,direct_retail_or_visual_page_evidence,retail_page_level,medium_high,high,candidate_for_strict_audit,pending_step16i,hershey; target,cocoa_chocolate; packaging,retail_observation_not_margin; retail_price_varies_by_store_date_promotion; supplier_claim_not_sku_confirmed,"hershey, target / cocoa_chocolate, packaging / dairy_milk_skim_milk_milk_fat may support observed retail page or price evidence. Use for observed retailer page or price evidence only. Price may vary by store, date, and promotion.","well as to trace 100% of our 
virgin fiber materials back to the country 
of harvest by 2025. We continue to 
publish our list of pulp and paper 
suppliers and mill groups, and in 2021, 
expanded this to include those that 
supply to our global operations.
100% 
RSPO-certified
mass balance palm since 2017
42 
The Hershey Company | 2021 ESG Report
T"
EEVID_264736186f427c40,dairy_milk_skim_milk_milk_fat,hershey_latest_esg_dairy_section.pdf,text_or_table,unified_memory_scan,retail_price,retail_price_evidence,direct_visual_or_page_evidence,direct_retail_or_visual_page_evidence,retail_page_level,medium_high,high,candidate_for_strict_audit,pending_step16i,hershey; target,cocoa_chocolate; packaging,retail_observation_not_margin; retail_price_varies_by_store_date_promotion; supplier_claim_not_sku_confirmed,"hershey, target / cocoa_chocolate, packaging / dairy_milk_skim_milk_milk_fat may support observed retail page or price evidence. Use for observed retailer page or price evidence only. Price may vary by store, date, and promotion.","ot include eggs sourced from the U.S. or Canada, which is reflected in the KPI above.
KPIs
47 
The Hershey Company | 2021 ESG Report
The Big Picture Our Company Cocoa Responsible Sourcing and Human Rights Environment Our People Youth Community About This Report
Responsible Sourcing and Human Rights


--- PAGE 48 ---
Caring
for Our
World
Our product"
EEVID_e12ea26220c298a5,dairy_milk_skim_milk_milk_fat,hershey_latest_esg_dairy_section.pdf,text_or_table,unified_memory_scan,retail_price,retail_price_evidence,direct_visual_or_page_evidence,direct_retail_or_visual_page_evidence,retail_page_level,medium_high,high,candidate_for_strict_audit,pending_step16i,hershey; target,cocoa_chocolate,retail_observation_not_margin; retail_price_varies_by_store_date_promotion; supplier_claim_not_sku_confirmed,"hershey, target / cocoa_chocolate / dairy_milk_skim_milk_milk_fat may support observed retail page or price evidence. Use for observed retailer page or price evidence only. Price may vary by store, date, and promotion.","people and business and 
are aligned with emission reduction 
requirements to keep warming below 
1.5°C globally.  
48 
The Hershey Company | 2021 ESG Report
The Big Picture Our Company Cocoa Responsible Sourcing and Human Rights Environment Our People Youth Community About This Report
Environment


--- PAGE 49 ---
We have transformed our approach "
EEVID_bdb2fff9b62f7d3c,dairy_milk_skim_milk_milk_fat,hershey_latest_esg_dairy_section.pdf,text_or_table,unified_memory_scan,retail_price,retail_price_evidence,direct_visual_or_page_evidence,direct_retail_or_visual_page_evidence,retail_page_level,medium_high,high,candidate_for_strict_audit,pending_step16i,hershey; land_olakes; target,cocoa_chocolate; milk_dairy; packaging; sugar,retail_observation_not_margin; retail_price_varies_by_store_date_promotion; supplier_claim_not_sku_confirmed,"hershey, land_olakes, target / cocoa_chocolate, milk_dairy, packaging, sugar / dairy_milk_skim_milk_milk_fat may support observed retail page or price evidence. Use for observed retailer page or price evidence only. Price may vary by store, date, and promotion.","practices in collaboration with partners 
and suppliers.
48%
improvement against 
Scope 1 and 2 baseline
(2020: 28%)
49 
The Hershey Company | 2021 ESG Report
The Big Picture Our Company Cocoa Responsible Sourcing and Human Rights Environment Our People Youth Community About This Report
Environment


--- PAGE 50 ---
3+1+96+D
Scope 1: 
2.64% 
Direct"
EEVID_e20ed9553b12aa5b,dairy_milk_skim_milk_milk_fat,hershey_latest_esg_dairy_section.pdf,text_or_table,unified_memory_scan,retail_price,retail_price_evidence,direct_visual_or_page_evidence,direct_retail_or_visual_page_evidence,retail_page_level,medium_high,high,candidate_for_strict_audit,pending_step16i,hershey; land_olakes; target,cocoa_chocolate; milk_dairy; sugar,benchmark_not_invoice; retail_observation_not_margin; retail_price_varies_by_store_date_promotion; supplier_claim_not_sku_confirmed,"hershey, land_olakes, target / cocoa_chocolate, milk_dairy, sugar / dairy_milk_skim_milk_milk_fat may support observed retail page or price evidence. Use for observed retailer page or price evidence only. Price may vary by store, date, and promotion.","s and 
education on sustainable farming and driving 
traceability to halt deforestation.
 
In both sugar and dairy, we are incorporating 
our climate efforts into new responsible 
sourcing programs. For example, our dairy 
operations are conducting a pilot with our 
supplier Land O’Lakes and the Alliance 
for the Chesapeake Bay to make on-farm 
imp"
EEVID_264d0b378b6c3290,dairy_milk_skim_milk_milk_fat,hershey_latest_esg_dairy_section.pdf,text_or_table,unified_memory_scan,retail_price,retail_price_evidence,direct_visual_or_page_evidence,direct_retail_or_visual_page_evidence,retail_page_level,medium_high,high,candidate_for_strict_audit,pending_step16i,hershey; target,cocoa_chocolate,retail_observation_not_margin; retail_price_varies_by_store_date_promotion; supplier_claim_not_sku_confirmed,"hershey, target / cocoa_chocolate / dairy_milk_skim_milk_milk_fat may support observed retail page or price evidence. Use for observed retailer page or price evidence only. Price may vary by store, date, and promotion.","ssions from purchased 
power, steam, heating and cooling 
OUR 2021 EMISSIONS 
BREAKDOWN BY SCOPE 
(METRIC TONS CO2e)
50 
The Hershey Company | 2021 ESG Report
The Big Picture Our Company Cocoa Responsible Sourcing and Human Rights Environment Our People Youth Community About This Report
Environment


--- PAGE 51 ---
Renewable Energy
Investing in re"
EEVID_4c02d1d731a92e0e,dairy_milk_skim_milk_milk_fat,hershey_latest_esg_dairy_section.pdf,text_or_table,unified_memory_scan,retail_price,retail_price_evidence,direct_visual_or_page_evidence,direct_retail_or_visual_page_evidence,retail_page_level,medium_high,high,candidate_for_strict_audit,pending_step16i,hershey; target,cocoa_chocolate; milk_dairy; packaging; sugar,retail_observation_not_margin; retail_price_varies_by_store_date_promotion; supplier_claim_not_sku_confirmed,"hershey, target / cocoa_chocolate, milk_dairy, packaging, sugar / dairy_milk_skim_milk_milk_fat may support observed retail page or price evidence. Use for observed retailer page or price evidence only. Price may vary by store, date, and promotion.","able, reusable or compostable 
by 2030. 
• Reduce our packaging weight by an 
additional 25 million pounds by 2030. 
53 
The Hershey Company | 2021 ESG Report
The Big Picture Our Company Cocoa Responsible Sourcing and Human Rights Environment Our People Youth Community About This Report
Environment


--- PAGE 54 ---
Green 
water 
footprint: 
water "
EEVID_43eabb89f83f2fd4,dairy_milk_skim_milk_milk_fat,hershey_latest_esg_dairy_section.pdf,text_or_table,unified_memory_scan,retail_price,retail_price_evidence,direct_visual_or_page_evidence,direct_retail_or_visual_page_evidence,retail_page_level,medium_high,high,candidate_for_strict_audit,pending_step16i,hershey; target,cocoa_chocolate; packaging,retail_observation_not_margin; retail_price_varies_by_store_date_promotion; supplier_claim_not_sku_confirmed,"hershey, target / cocoa_chocolate, packaging / dairy_milk_skim_milk_milk_fat may support observed retail page or price evidence. Use for observed retailer page or price evidence only. Price may vary by store, date, and promotion.","e facility’s treated water 
annually. The team is now conducting a 
study to explore using treated water from 
a cooling tower for irrigation.
54 
The Hershey Company | 2021 ESG Report
The Big Picture Our Company Cocoa Responsible Sourcing and Human Rights Environment Our People Youth Community About This Report
Environment
OUR 2021 BLUE WATER FOOT"
EEVID_02bd84e7fa37ba36,dairy_milk_skim_milk_milk_fat,hershey_latest_esg_dairy_section.pdf,text_or_table,unified_memory_scan,retail_price,retail_price_evidence,direct_visual_or_page_evidence,direct_retail_or_visual_page_evidence,retail_page_level,medium_high,high,candidate_for_strict_audit,pending_step16i,hershey; target,packaging,benchmark_not_invoice; retail_observation_not_margin; retail_price_varies_by_store_date_promotion,"hershey, target / packaging / dairy_milk_skim_milk_milk_fat may support observed retail page or price evidence. Use for observed retailer page or price evidence only. Price may vary by store, date, and promotion.","facility. This waste 
material, which contains recoverable 
energy, is beneficially used as an alternative 
fuel that substitutes the use of fossil fuels 
for the cement manufacturing facility. This 
practice reduces CO2 emissions for the 
cement manufacturer and contributes 
to a circular economy.


--- PAGE 57 ---
Our Progress
KPIs
GHG EMISSIONS3"
EEVID_514c1876ff7e263b,dairy_milk_skim_milk_milk_fat,hershey_latest_esg_dairy_section.pdf,text_or_table,unified_memory_scan,retail_price,retail_price_evidence,direct_visual_or_page_evidence,direct_retail_or_visual_page_evidence,retail_page_level,medium_high,high,candidate_for_strict_audit,pending_step16i,hershey; target,,retail_observation_not_margin; retail_price_varies_by_store_date_promotion; supplier_claim_not_sku_confirmed,"hershey, target / dairy_milk_skim_milk_milk_fat may support observed retail page or price evidence. Use for observed retailer page or price evidence only. Price may vary by store, date, and promotion.","ctionable every day. 
Per Hershey’s commitment in our 
2022 Proxy Statement, we’ve 
expanded DEI and human capital 
disclosures in this report. For a 
summary of our goals and KPIs related 
to our people, see page 74.
Accelerating DEI Efforts at Hershey 
How Hershey Defines
Diversity: 
Hershey defines diversity as dimensions 
of difference between "
EEVID_e065202744126919,dairy_milk_skim_milk_milk_fat,hershey_latest_esg_dairy_section.pdf,text_or_table,unified_memory_scan,retail_price,retail_price_evidence,direct_visual_or_page_evidence,direct_retail_or_visual_page_evidence,retail_page_level,medium_high,high,candidate_for_strict_audit,pending_step16i,hershey; target,cocoa_chocolate,retail_observation_not_margin; retail_price_varies_by_store_date_promotion; supplier_claim_not_sku_confirmed,"hershey, target / cocoa_chocolate / dairy_milk_skim_milk_milk_fat may support observed retail page or price evidence. Use for observed retailer page or price evidence only. Price may vary by store, date, and promotion.","ous 
commitments but we know there is 
still work to do.
As we look to the future of The 
Hershey Company, we will be 
guided by The Pathways Project. Not 
only will it help us hold ourselves 
accountable to our targets, we will 
also use it to inform each and every 
business decision to ensure that 
DEI stays at the forefront of Making 
Moments of"
EEVID_8ec3264305a01811,dairy_milk_skim_milk_milk_fat,hershey_latest_esg_dairy_section.pdf,text_or_table,unified_memory_scan,retail_price,retail_price_evidence,direct_visual_or_page_evidence,direct_retail_or_visual_page_evidence,retail_page_level,medium_high,high,candidate_for_strict_audit,pending_step16i,hershey; target,cocoa_chocolate,benchmark_not_invoice; retail_observation_not_margin; retail_price_varies_by_store_date_promotion; supplier_claim_not_sku_confirmed,"hershey, target / cocoa_chocolate / dairy_milk_skim_milk_milk_fat may support observed retail page or price evidence. Use for observed retailer page or price evidence only. Price may vary by store, date, and promotion.","onal companies and 
institutions were anonymously surveyed. 
The respondents were asked to rate 
their willingness to recommend their 
own employers to friends and family and 
evaluate other companies in their industry.
Under our first female CEO, Michele Buck, 
women today make up 42% of our board. 
Thanks to our Pathways Project goals, 
we aim to"
EEVID_b6b4ec5ea4bbc8db,dairy_milk_skim_milk_milk_fat,hershey_latest_esg_dairy_section.pdf,text_or_table,unified_memory_scan,retail_price,retail_price_evidence,direct_visual_or_page_evidence,direct_retail_or_visual_page_evidence,retail_page_level,medium_high,high,candidate_for_strict_audit,pending_step16i,hershey; target,cocoa_chocolate,benchmark_not_invoice; retail_observation_not_margin; retail_price_varies_by_store_date_promotion; supplier_claim_not_sku_confirmed,"hershey, target / cocoa_chocolate / dairy_milk_skim_milk_milk_fat may support observed retail page or price evidence. Use for observed retailer page or price evidence only. Price may vary by store, date, and promotion.","long-standing 
mentorship programs for students at Milton 
Hershey School but also mentored students 
at the Dauphin County Technical School 
and across the Harrisburg School Districts. 
This year, employees also began mentoring 
youth participating in the NAACP ACT-SO 
Achievement Program of Harrisburg. The 
program recognizes and supports young 
"
EEVID_c25ae8f165ff612f,dairy_milk_skim_milk_milk_fat,hershey_latest_esg_dairy_section.pdf,text_or_table,unified_memory_scan,retail_price,retail_price_evidence,direct_visual_or_page_evidence,direct_retail_or_visual_page_evidence,retail_page_level,medium_high,high,candidate_for_strict_audit,pending_step16i,hershey; target,cocoa_chocolate,retail_observation_not_margin; retail_price_varies_by_store_date_promotion; supplier_claim_not_sku_confirmed,"hershey, target / cocoa_chocolate / dairy_milk_skim_milk_milk_fat may support observed retail page or price evidence. Use for observed retailer page or price evidence only. Price may vary by store, date, and promotion.","active while staying safe at home.
In addition to the virtual events, short and 
interactive track inspired “Brain Breaks” 
were created to provide students a 
break from virtual learning. New, shorter, 
interactive “Brain Breaks” offer track and 
field-inspired activities and games for 
students to safely participate at home. 
RJT has reached more"
EEVID_7c34333d4b847761,dairy_milk_skim_milk_milk_fat,hershey_latest_esg_dairy_section.pdf,text_or_table,unified_memory_scan,retail_price,retail_price_evidence,direct_visual_or_page_evidence,direct_retail_or_visual_page_evidence,retail_page_level,medium_high,high,candidate_for_strict_audit,pending_step16i,hershey; target,cocoa_chocolate,retail_observation_not_margin; retail_price_varies_by_store_date_promotion; supplier_claim_not_sku_confirmed,"hershey, target / cocoa_chocolate / dairy_milk_skim_milk_milk_fat may support observed retail page or price evidence. Use for observed retailer page or price evidence only. Price may vary by store, date, and promotion.","ershey 
employees and their families with MHS student 
homes to provide community connections 
and take part in fun activities together. In 
2021, activities were largely virtual, but the 
connections made continued to make all the 
difference for Hershey employee volunteers and 
MHS students alike. Sales team employees from 
Columbus, Ohio, partne"
EEVID_93d948282ca7e7b6,dairy_milk_skim_milk_milk_fat,hershey_latest_esg_dairy_section.pdf,text_or_table,unified_memory_scan,retail_price,retail_price_evidence,direct_visual_or_page_evidence,direct_retail_or_visual_page_evidence,retail_page_level,medium_high,high,candidate_for_strict_audit,pending_step16i,hershey; target,cocoa_chocolate,benchmark_not_invoice; retail_observation_not_margin; retail_price_varies_by_store_date_promotion; supplier_claim_not_sku_confirmed,"hershey, target / cocoa_chocolate / dairy_milk_skim_milk_milk_fat may support observed retail page or price evidence. Use for observed retailer page or price evidence only. Price may vary by store, date, and promotion.","r young 
members and staff. In 2021, Hershey donated 
more than 575,000 masks to schools and 
community organizations.
The Big Picture Our Company Cocoa Responsible Sourcing and Human Rights Environment Our People Youth Community About This Report
91 
The Hershey Company | 2021 ESG Report
Community


--- PAGE 92 ---
Our Progress
KPIs
DONATIONS AND "
EEVID_28cbc4c52622de7f,dairy_milk_skim_milk_milk_fat,hershey_latest_esg_dairy_section.pdf,text_or_table,unified_memory_scan,retail_price,retail_price_evidence,direct_visual_or_page_evidence,direct_retail_or_visual_page_evidence,retail_page_level,medium_high,high,candidate_for_strict_audit,pending_step16i,hershey; target,cocoa_chocolate,benchmark_not_invoice; retail_observation_not_margin; retail_price_varies_by_store_date_promotion; supplier_claim_not_sku_confirmed,"hershey, target / cocoa_chocolate / dairy_milk_skim_milk_milk_fat may support observed retail page or price evidence. Use for observed retailer page or price evidence only. Price may vary by store, date, and promotion.","hese reports, ESG‑related 
policies and resources can be found on 
our Sustainability Reports, Policies 
and Resources webpage.
This ESG Report covers the 2021 calendar year, 
which is also our fiscal year.
Select environmental data within this ESG 
Report has been assured by Quantis, an 
independent verifier.
All financial figures are reported in "
EEVID_8ab80f682078715f,hershey_company,Dairy-The-Hershey-Company-05-06-2026_02_22_PM.pdf,visual_ocr,unified_memory_scan,retail_price,retail_price_evidence,direct_visual_or_page_evidence,direct_retail_or_visual_page_evidence,retail_page_level,medium_high,high,candidate_for_strict_audit,pending_step16i,hershey; target,cocoa_chocolate; milk_dairy,ocr_text_requires_visual_confidence_review; retail_observation_not_margin; retail_price_varies_by_store_date_promotion; supplier_claim_not_sku_confirmed,"hershey, target / cocoa_chocolate, milk_dairy / hershey_company may support observed retail page or price evidence. Use for observed retailer page or price evidence only. Price may vary by store, date, and promotion.","--- VISUAL OCR PAGE 1: page_001.png ---
CAREERS MEDIA INVESTORS
HERSHEY.
f& > Home > Sustainability > Sustainability Issues
Dairy aN
Fresh dairy milk is an important ingredient in Hershey's iconic milk chocolate. Dairy production
supports tens of thousands of farmers across the U.S. and can play an important role in enhancing
soil health with respo"
EEVID_51341bdeccb3801f,hershey_company,hershey_2025_10k_full.pdf,visual_ocr,unified_memory_scan,retail_price,retail_price_evidence,direct_visual_or_page_evidence,direct_retail_or_visual_page_evidence,retail_page_level,medium_high,high,candidate_for_strict_audit,pending_step16i,hershey; target,,ocr_text_requires_visual_confidence_review; retail_observation_not_margin; retail_price_varies_by_store_date_promotion,"hershey, target / hershey_company may support observed retail page or price evidence. Use for observed retailer page or price evidence only. Price may vary by store, date, and promotion.","and Related Transactions, and Director Independence 101
Item 14. Principal Accountant Fees and Services 101
PART IV
Item 16, Form 10-K Summary 105
Signatures 106
Schedule 1I—Valuation and Qualifying Accounts 107
https://www.sec.gov/Archives/edgar/data/47 111/000004711125000014/hsy-20241231.htm 3/142

--- VISUAL OCR PAGE 4: page_004.png ---
5/6/26, "
EEVID_b1d1464f61cc2f6b,hershey_company,hershey_2025_10k_full.pdf,visual_ocr,unified_memory_scan,retail_price,retail_price_evidence,direct_visual_or_page_evidence,direct_retail_or_visual_page_evidence,retail_page_level,medium_high,high,candidate_for_strict_audit,pending_step16i,hershey; target,,benchmark_not_invoice; ocr_text_requires_visual_confidence_review; retail_observation_not_margin; retail_price_varies_by_store_date_promotion; supplier_claim_not_sku_confirmed,"hershey, target / hershey_company may support observed retail page or price evidence. Use for observed retailer page or price evidence only. Price may vary by store, date, and promotion.","ne may also impact many of the
other risk factors described herein.

Ps
Table of Contents The Hershey Company | 2024 Form 10-K | Page 14 a

https://www.sec.gov/Archives/edgar/data/47 111/000004711125000014/hsy-20241231.htm 23/142

--- VISUAL OCR PAGE 24: page_024.png ---
5/6/26, 1:25 PM hsy-20241231

Risks Related to Digital Transformation, Cyberse"
EEVID_913c8e555b94983e,hershey_company,hershey_2025_10k_full.pdf,visual_ocr,unified_memory_scan,retail_price,retail_price_evidence,direct_visual_or_page_evidence,direct_retail_or_visual_page_evidence,retail_page_level,medium_high,high,candidate_for_strict_audit,pending_step16i,target,,ocr_text_requires_visual_confidence_review; retail_observation_not_margin; retail_price_varies_by_store_date_promotion; supplier_claim_not_sku_confirmed,"target / hershey_company may support observed retail page or price evidence. Use for observed retailer page or price evidence only. Price may vary by store, date, and promotion.","g innovative technology solutions to support our
business goals, and leading enterprise-wide IT transformation initiatives. Our CTO, who reports to the Chief Executive Officer, has
oversight of our Information Security team and leads the company’s global technology strategy, architecting and deploying digital
capabilities that are innovative, flexi"
EEVID_d201af96dd8eed9d,hershey_company,hershey_latest_esg_sugar_section.pdf,text_or_table,unified_memory_scan,retail_price,retail_price_evidence,direct_visual_or_page_evidence,direct_retail_or_visual_page_evidence,retail_page_level,medium_high,high,candidate_for_strict_audit,pending_step16i,hershey; target,cocoa_chocolate,benchmark_not_invoice; retail_observation_not_margin; retail_price_varies_by_store_date_promotion; supplier_claim_not_sku_confirmed,"hershey, target / cocoa_chocolate / hershey_company may support observed retail page or price evidence. Use for observed retailer page or price evidence only. Price may vary by store, date, and promotion.","y and engagement with the farmers who 
grow this important ingredient. 
Fast-moving regulatory actions continue to shape the 
sustainability landscape. We are strengthening our due 
diligence and reporting capabilities, as evidenced by our 
Disclosure and Assurance Reporting Center of Excellence 
and the cross-functional teams that are anticipating"
EEVID_6ac821ac5a33d188,hershey_company,hershey_latest_esg_sugar_section.pdf,text_or_table,unified_memory_scan,retail_price,retail_price_evidence,direct_visual_or_page_evidence,direct_retail_or_visual_page_evidence,retail_page_level,medium_high,high,candidate_for_strict_audit,pending_step16i,hershey; target,cocoa_chocolate,benchmark_not_invoice; retail_observation_not_margin; retail_price_varies_by_store_date_promotion; supplier_claim_not_sku_confirmed,"hershey, target / cocoa_chocolate / hershey_company may support observed retail page or price evidence. Use for observed retailer page or price evidence only. Price may vary by store, date, and promotion.","mpact and working hard 
each day to bring goodness to the world. 
Michele Buck
Chairman, President and CEO
The Hershey Company
 Contents
Making Good
Our Company
Cocoa
Responsible Sourcing and Human Rights
Environment
Our People
Youth
Community
About This Report
4
The Hershey Company 2023 ESG Report


--- PAGE 5 ---
A Message 
from Our CSO
We remain"
EEVID_3296dbf1a6765640,hershey_company,hershey_latest_esg_sugar_section.pdf,text_or_table,unified_memory_scan,retail_price,retail_price_evidence,direct_visual_or_page_evidence,direct_retail_or_visual_page_evidence,retail_page_level,medium_high,high,candidate_for_strict_audit,pending_step16i,hershey; target,cocoa_chocolate; packaging,retail_observation_not_margin; retail_price_varies_by_store_date_promotion; supplier_claim_not_sku_confirmed,"hershey, target / cocoa_chocolate, packaging / hershey_company may support observed retail page or price evidence. Use for observed retailer page or price evidence only. Price may vary by store, date, and promotion.","gress in reducing Hershey’s 
emissions with a keen business focus on our owned 
emissions and expanded efforts to reduce emissions 
in our value chain while advancing nature-based projects 
to combat climate change. We set water usage reduction 
targets for priority sites where water is most scarce. 
Our run of success in reducing packaging waste s"
EEVID_1b0705757c8f274e,hershey_company,hershey_latest_esg_sugar_section.pdf,text_or_table,unified_memory_scan,retail_price,retail_price_evidence,direct_visual_or_page_evidence,direct_retail_or_visual_page_evidence,retail_page_level,medium_high,high,candidate_for_strict_audit,pending_step16i,hershey; target,cocoa_chocolate; packaging,retail_observation_not_margin; retail_price_varies_by_store_date_promotion; supplier_claim_not_sku_confirmed,"hershey, target / cocoa_chocolate, packaging / hershey_company may support observed retail page or price evidence. Use for observed retailer page or price evidence only. Price may vary by store, date, and promotion.","standards 
to protect people across 
our value chain.
Community
Actively making 
a difference where 
we live and work.
Environment
Enhancing our operations 
to meet high-impact 
climate, waste, water 
and packaging goals.
Our People
Creating more ways for 
more people to be 
themselves and thrive.


--- PAGE 8 ---
Progress Toward Our Priority Goals"
EEVID_d0eac3c146ebb761,hershey_company,hershey_latest_esg_sugar_section.pdf,text_or_table,unified_memory_scan,retail_price,retail_price_evidence,direct_visual_or_page_evidence,direct_retail_or_visual_page_evidence,retail_page_level,medium_high,high,candidate_for_strict_audit,pending_step16i,hershey; target,cocoa_chocolate; milk_dairy,benchmark_not_invoice; retail_observation_not_margin; retail_price_varies_by_store_date_promotion; supplier_claim_not_sku_confirmed,"hershey, target / cocoa_chocolate, milk_dairy / hershey_company may support observed retail page or price evidence. Use for observed retailer page or price evidence only. Price may vary by store, date, and promotion.",", listening sessions 
• Employee Relief Fund 
• Ethics & Compliance Concern Line 
• Learning and development opportunities including company-wide training 
and role-specific courses 
• Town Halls
• Volunteering and philanthropic activities (Matching Gifts, Dollars for Doers) 
Government, 
policymakers
and regulators
• Advocacy through trade associa"
EEVID_f58cd1b5dda4f6a0,hershey_company,hershey_latest_esg_sugar_section.pdf,text_or_table,unified_memory_scan,retail_price,retail_price_evidence,direct_visual_or_page_evidence,direct_retail_or_visual_page_evidence,retail_page_level,medium_high,high,candidate_for_strict_audit,pending_step16i,hershey; target,,retail_observation_not_margin; retail_price_varies_by_store_date_promotion; supplier_claim_not_sku_confirmed,"hershey, target / hershey_company may support observed retail page or price evidence. Use for observed retailer page or price evidence only. Price may vary by store, date, and promotion.","the year. As of May 2024, approximately 
55% of our Board of Directors has ESG and human capital 
management experience.
Audit Committee 
Reviews the company’s public reporting with respect 
to ESG matters within the Audit Committee’s purview.
Compensation and Human Capital Committee
Oversees consideration of ESG matters in executive 
compensation "
EEVID_ec16d700c48e710d,hershey_company,hershey_latest_esg_sugar_section.pdf,text_or_table,unified_memory_scan,retail_price,retail_price_evidence,direct_visual_or_page_evidence,direct_retail_or_visual_page_evidence,retail_page_level,medium_high,high,candidate_for_strict_audit,pending_step16i,target,,retail_observation_not_margin; retail_price_varies_by_store_date_promotion; supplier_claim_not_sku_confirmed,"target / hershey_company may support observed retail page or price evidence. Use for observed retailer page or price evidence only. Price may vary by store, date, and promotion.","y manufacturing sites. 
We anticipate rolling out the training to manufacturing 
employees in our North America Salty Snacks segment 
in 2024.
• Food safety basics training is part of our required 
onboarding for all new salaried employees, in any role. 
It was assigned to all existing salaried employees in 
2023, and is now an ongoing annual aware"
EEVID_9e11bd972f01cae5,hershey_company,hershey_latest_esg_sugar_section.pdf,text_or_table,unified_memory_scan,retail_price,retail_price_evidence,direct_visual_or_page_evidence,direct_retail_or_visual_page_evidence,retail_page_level,medium_high,high,candidate_for_strict_audit,pending_step16i,hershey; target,,retail_observation_not_margin; retail_price_varies_by_store_date_promotion; supplier_claim_not_sku_confirmed,"hershey, target / hershey_company may support observed retail page or price evidence. Use for observed retailer page or price evidence only. Price may vary by store, date, and promotion.","a range of policies on: 
• Responsible sourcing of key ingredients 
• Standards we expect from our suppliers 
• ESG issues of key concern to us, such as environmental 
management, human rights and food safety 
All Directors and professional employees are trained on 
the Code at onboarding and annually thereafter. They 
must confirm they have read a"
EEVID_d5a1514cd5cf3c57,hershey_company,hershey_latest_esg_sugar_section.pdf,text_or_table,unified_memory_scan,retail_price,retail_price_evidence,direct_visual_or_page_evidence,direct_retail_or_visual_page_evidence,retail_page_level,medium_high,high,candidate_for_strict_audit,pending_step16i,hershey; target,cocoa_chocolate,benchmark_not_invoice; retail_observation_not_margin; retail_price_varies_by_store_date_promotion; supplier_claim_not_sku_confirmed,"hershey, target / cocoa_chocolate / hershey_company may support observed retail page or price evidence. Use for observed retailer page or price evidence only. Price may vary by store, date, and promotion.","’s inaugural event, 
we held our second enterprise-wide Integrity Day 
in October 2023 — with a focus on the importance 
of privacy and cybersecurity. This collaboration 
between the Ethics, Compliance & Privacy team 
and local Compliance Ambassadors across all 
Hershey locations engaged colleagues in activities 
that promoted awareness of data pri"
EEVID_24b33e2a8c36e47e,hershey_company,hershey_latest_esg_sugar_section.pdf,text_or_table,unified_memory_scan,retail_price,retail_price_evidence,direct_visual_or_page_evidence,direct_retail_or_visual_page_evidence,retail_page_level,medium_high,high,candidate_for_strict_audit,pending_step16i,hershey; target,cocoa_chocolate; packaging,retail_observation_not_margin; retail_price_varies_by_store_date_promotion; supplier_claim_not_sku_confirmed,"hershey, target / cocoa_chocolate, packaging / hershey_company may support observed retail page or price evidence. Use for observed retailer page or price evidence only. Price may vary by store, date, and promotion.","nsible for 
collecting and reporting on CLMRS data. Hershey has 
used industry-aligned best practices, implemented 
by supply chain and community partners, since 2018.
Hershey sets forth Cocoa Key Requirements for suppliers, 
which means that CLMRS implemented by Hershey’s 
suppliers include at least the following core activities:
Awareness Raising"
EEVID_0a464428e43017cb,hershey_company,hershey_latest_esg_sugar_section.pdf,text_or_table,unified_memory_scan,retail_price,retail_price_evidence,direct_visual_or_page_evidence,direct_retail_or_visual_page_evidence,retail_page_level,medium_high,high,candidate_for_strict_audit,pending_step16i,hershey; target,cocoa_chocolate,retail_observation_not_margin; retail_price_varies_by_store_date_promotion; supplier_claim_not_sku_confirmed,"hershey, target / cocoa_chocolate / hershey_company may support observed retail page or price evidence. Use for observed retailer page or price evidence only. Price may vary by store, date, and promotion.","rovided
27
classrooms built 
or renovated
 Contents
Making Good
Our Company
Cocoa
Responsible Sourcing and Human Rights
Environment
Our People
Youth
Community
About This Report
31
The Hershey Company 2023 ESG Report
CNS, ICI and Hershey build modern school infrastructure in Drissapé, 
Côte d’Ivoire


--- PAGE 32 ---
Creating a More Resilient 
Suppl"
EEVID_bb546a65cd53c0b7,hershey_company,hershey_latest_esg_sugar_section.pdf,text_or_table,unified_memory_scan,retail_price,retail_price_evidence,direct_visual_or_page_evidence,direct_retail_or_visual_page_evidence,retail_page_level,medium_high,high,candidate_for_strict_audit,pending_step16i,hershey; target,cocoa_chocolate,benchmark_not_invoice; retail_observation_not_margin; retail_price_varies_by_store_date_promotion; supplier_claim_not_sku_confirmed,"hershey, target / cocoa_chocolate / hershey_company may support observed retail page or price evidence. Use for observed retailer page or price evidence only. Price may vary by store, date, and promotion.",". We advance sustainable agricultural 
practices, promoting climate-smart techniques and 
economically viable agroforestry and shade-grown cocoa. 
Hershey has pledged to achieve a deforestation and 
conversion-free supply chain, including cocoa, by the end 
of 2025. Working toward this target we:
• Partner with suppliers to polygon map 100% of farm"
EEVID_1fd5458200e9c3f2,hershey_company,hershey_latest_esg_sugar_section.pdf,text_or_table,unified_memory_scan,retail_price,retail_price_evidence,direct_visual_or_page_evidence,direct_retail_or_visual_page_evidence,retail_page_level,medium_high,high,candidate_for_strict_audit,pending_step16i,hershey; target,cocoa_chocolate,retail_observation_not_margin; retail_price_varies_by_store_date_promotion; supplier_claim_not_sku_confirmed,"hershey, target / cocoa_chocolate / hershey_company may support observed retail page or price evidence. Use for observed retailer page or price evidence only. Price may vary by store, date, and promotion.","ng on 2023, our focus was 
centered on the farmer perspective, 
their interests as well as the 
well-being of their children 
and their communities.
More broadly, we have sharpened 
our understanding of what we can 
do and where and how we need 
to partner. This is helping us better 
communicate our rationale, 
commitments and progress. 
Behind the"
EEVID_ed15781b457120c3,hershey_company,hershey_latest_esg_sugar_section.pdf,text_or_table,unified_memory_scan,retail_price,retail_price_evidence,direct_visual_or_page_evidence,direct_retail_or_visual_page_evidence,retail_page_level,medium_high,high,candidate_for_strict_audit,pending_step16i,hershey; target,,benchmark_not_invoice; retail_observation_not_margin; retail_price_varies_by_store_date_promotion; supplier_claim_not_sku_confirmed,"hershey, target / hershey_company may support observed retail page or price evidence. Use for observed retailer page or price evidence only. Price may vary by store, date, and promotion.","w approach to longer-term 
capability building in Mexico in 2023. The eight-month 
program was delivered with AIM-Progress and digital 
training company, Quizrr. Its eight sessions covered 
a range of health and safety, human rights and 
environmental topics. Participants also gained no-cost 
access to Quizrr’s digital training platform. At its 
co"
EEVID_7c1bafe69de048a9,hershey_company,hershey_latest_esg_sugar_section.pdf,text_or_table,unified_memory_scan,retail_price,retail_price_evidence,direct_visual_or_page_evidence,direct_retail_or_visual_page_evidence,retail_page_level,medium_high,high,candidate_for_strict_audit,pending_step16i,hershey; land_olakes; target,cocoa_chocolate; milk_dairy; sugar,retail_observation_not_margin; retail_price_varies_by_store_date_promotion; supplier_claim_not_sku_confirmed,"hershey, land_olakes, target / cocoa_chocolate, milk_dairy, sugar / hershey_company may support observed retail page or price evidence. Use for observed retailer page or price evidence only. Price may vary by store, date, and promotion.","Three-Year Pilot in Numbers 
• 45 acres of riparian buffer planted
• 9,260 trees planted
• 1.7 million pounds of sediment/2,210 pounds of 
phosphorous/24,200 pounds of nitrogen kept out 
of waterways annually
• 490 metric tons of CO2e sequestered
Hershey’s, EPA’s and Land O’Lakes leadership 
to support our Pennsylvania dairy farmers and 
local ecos"
EEVID_85b94efa854011c4,hershey_company,hershey_latest_esg_sugar_section.pdf,text_or_table,unified_memory_scan,retail_price,retail_price_evidence,direct_visual_or_page_evidence,direct_retail_or_visual_page_evidence,retail_page_level,medium_high,high,candidate_for_strict_audit,pending_step16i,hershey; target,sugar,retail_observation_not_margin; retail_price_varies_by_store_date_promotion; supplier_claim_not_sku_confirmed,"hershey, target / sugar / hershey_company may support observed retail page or price evidence. Use for observed retailer page or price evidence only. Price may vary by store, date, and promotion.","our 
2025 target for 100% verified volumes. Credible third-
party standards and verification, like Bonsucro, are 
essential to improving sustainability performance 
in a complex supply chain.
Engaging Suppliers for Continuous Improvement
We conducted our second assessment of suppliers’ 
sustainability and responsible sourcing practices and 
managem"
EEVID_ab09af0901656ed3,hershey_company,hershey_latest_esg_sugar_section.pdf,text_or_table,unified_memory_scan,retail_price,retail_price_evidence,direct_visual_or_page_evidence,direct_retail_or_visual_page_evidence,retail_page_level,medium_high,high,candidate_for_strict_audit,pending_step16i,hershey; target,cocoa_chocolate,retail_observation_not_margin; retail_price_varies_by_store_date_promotion; supplier_claim_not_sku_confirmed,"hershey, target / cocoa_chocolate / hershey_company may support observed retail page or price evidence. Use for observed retailer page or price evidence only. Price may vary by store, date, and promotion.","h, 
field assessments and stakeholder 
engagement found the opportunity to be 
strong. We will use it to update our strategy.
 Contents
Making Good
Our Company
Cocoa
Responsible Sourcing and Human Rights
Environment
Our People
Youth
Community
About This Report
50
The Hershey Company 2023 ESG Report


--- PAGE 51 ---
Sourcing Our Priority Ingredient"
EEVID_985909e9f6af2b46,hershey_company,hershey_latest_esg_sugar_section.pdf,text_or_table,unified_memory_scan,retail_price,retail_price_evidence,direct_visual_or_page_evidence,direct_retail_or_visual_page_evidence,retail_page_level,medium_high,high,candidate_for_strict_audit,pending_step16i,hershey; target,cocoa_chocolate; packaging,benchmark_not_invoice; retail_observation_not_margin; retail_price_varies_by_store_date_promotion; supplier_claim_not_sku_confirmed,"hershey, target / cocoa_chocolate, packaging / hershey_company may support observed retail page or price evidence. Use for observed retailer page or price evidence only. Price may vary by store, date, and promotion.","r 12,000 hectares. They will 
sustainably farm the 2,000 already-cultivated 
hectares and fully protect the remaining 10,000 
hectares of forest, while continuing to sustainably 
harvest non-timber forest products. Hershey 
funding will help with activities including: 
• Equipment for patrol teams
• Conducting biodiversity surveys
• Developing biod"
EEVID_3571cb87ffab327a,hershey_company,hershey_latest_esg_sugar_section.pdf,text_or_table,unified_memory_scan,retail_price,retail_price_evidence,direct_visual_or_page_evidence,direct_retail_or_visual_page_evidence,retail_page_level,medium_high,high,candidate_for_strict_audit,pending_step16i,hershey; target,cocoa_chocolate,retail_observation_not_margin; retail_price_varies_by_store_date_promotion; supplier_claim_not_sku_confirmed,"hershey, target / cocoa_chocolate / hershey_company may support observed retail page or price evidence. Use for observed retailer page or price evidence only. Price may vary by store, date, and promotion.","Further embed sustainability into procurement category 
management strategies and supplier relationship 
management practices
 Contents
Making Good
Our Company
Cocoa
Responsible Sourcing and Human Rights
Environment
Our People
Youth
Community
About This Report
52
The Hershey Company 2023 ESG Report


--- PAGE 53 ---
Our Progress
Responsible Sourcin"
EEVID_cfec8b5af5a1934d,hershey_company,hershey_latest_esg_sugar_section.pdf,text_or_table,unified_memory_scan,retail_price,retail_price_evidence,direct_visual_or_page_evidence,direct_retail_or_visual_page_evidence,retail_page_level,medium_high,high,candidate_for_strict_audit,pending_step16i,hershey; target,cocoa_chocolate; packaging,benchmark_not_invoice; retail_observation_not_margin; retail_price_varies_by_store_date_promotion; supplier_claim_not_sku_confirmed,"hershey, target / cocoa_chocolate, packaging / hershey_company may support observed retail page or price evidence. Use for observed retailer page or price evidence only. Price may vary by store, date, and promotion.","ce of Biodiversity 
71
Making Progress on Packaging
72
New Solutions for Waste
73
Employees Catalyzing Change
74
Our Progress
 Contents
Making Good
Our Company
Cocoa
Responsible Sourcing and Human Rights
Environment
Our People
Youth
Community
About This Report
59
The Hershey Company 2023 ESG Report


--- PAGE 60 ---
Action on Climate Change 
The ch"
EEVID_605421b27b11813b,hershey_company,hershey_latest_esg_sugar_section.pdf,text_or_table,unified_memory_scan,retail_price,retail_price_evidence,direct_visual_or_page_evidence,direct_retail_or_visual_page_evidence,retail_page_level,medium_high,high,candidate_for_strict_audit,pending_step16i,hershey; target,cocoa_chocolate; milk_dairy,benchmark_not_invoice; retail_observation_not_margin; retail_price_varies_by_store_date_promotion; supplier_claim_not_sku_confirmed,"hershey, target / cocoa_chocolate, milk_dairy / hershey_company may support observed retail page or price evidence. Use for observed retailer page or price evidence only. Price may vary by store, date, and promotion.","2024. The project will have five waves 
of tree planting over a five-year timeframe. The aim is to 
plant 1.2 million total trees by the end of 2028, all in areas 
supplying Hershey. 
The trees planted are expected to sequester over 
15,000 tons of carbon by 2030, while also building 
resilience to climate risk.
 Contents
Making Good
Our Company
Co"
EEVID_9435b9c7e9541598,hershey_company,hershey_latest_esg_sugar_section.pdf,text_or_table,unified_memory_scan,retail_price,retail_price_evidence,direct_visual_or_page_evidence,direct_retail_or_visual_page_evidence,retail_page_level,medium_high,high,candidate_for_strict_audit,pending_step16i,hershey; target,cocoa_chocolate; milk_dairy; packaging; sugar,retail_observation_not_margin; retail_price_varies_by_store_date_promotion; supplier_claim_not_sku_confirmed,"hershey, target / cocoa_chocolate, milk_dairy, packaging, sugar / hershey_company may support observed retail page or price evidence. Use for observed retailer page or price evidence only. Price may vary by store, date, and promotion.","in our dairy 
and cocoa supply chains 
• Improved our carbon accounting and data 
collection capabilities
→Learn more about progress against our GHG goals in Reducing 
Emissions in Our Operations on page 63 and Reducing Emissions 
in Our Value Chain on pages 64-65. 
Robust Data and Accounting
We continue to improve the rigor of our emissions-relate"
EEVID_ac223ff25bfa4fad,hershey_company,hershey_latest_esg_sugar_section.pdf,text_or_table,unified_memory_scan,retail_price,retail_price_evidence,direct_visual_or_page_evidence,direct_retail_or_visual_page_evidence,retail_page_level,medium_high,high,candidate_for_strict_audit,pending_step16i,hershey; target,packaging,benchmark_not_invoice; retail_observation_not_margin; retail_price_varies_by_store_date_promotion; supplier_claim_not_sku_confirmed,"hershey, target / packaging / hershey_company may support observed retail page or price evidence. Use for observed retailer page or price evidence only. Price may vary by store, date, and promotion.","ucts includes fuel and energy-related activities; Co-
manufacturers includes co-packers; Packaging our Products includes upstream transportation emissions for these materials.
Sourcing our 
Ingredients
Manufacturing 
our Products
Packaging 
our Products
Transporting 
our Products 
to Customers
Packaging 
End-of-Life
80.1%
9.3%
6.1%
2.9%
1.6%


--- "
EEVID_5a35dc43c113637a,hershey_company,hershey_latest_esg_sugar_section.pdf,text_or_table,unified_memory_scan,retail_price,retail_price_evidence,direct_visual_or_page_evidence,direct_retail_or_visual_page_evidence,retail_page_level,medium_high,high,candidate_for_strict_audit,pending_step16i,hershey; target,cocoa_chocolate; milk_dairy; packaging; sugar,retail_observation_not_margin; retail_price_varies_by_store_date_promotion; supplier_claim_not_sku_confirmed,"hershey, target / cocoa_chocolate, milk_dairy, packaging, sugar / hershey_company may support observed retail page or price evidence. Use for observed retailer page or price evidence only. Price may vary by store, date, and promotion.","for the communities 
where they are located.
~80% 
of electricity sourced from 
renewable and zero-emission 
sources in 2023
 Contents
Making Good
Our Company
Cocoa
Responsible Sourcing and Human Rights
Environment
Our People
Youth
Community
About This Report
63
The Hershey Company 2023 ESG Report


--- PAGE 64 ---
Reducing Emissions 
in Our Value "
EEVID_f84356d7308a054d,hershey_company,hershey_latest_esg_sugar_section.pdf,text_or_table,unified_memory_scan,retail_price,retail_price_evidence,direct_visual_or_page_evidence,direct_retail_or_visual_page_evidence,retail_page_level,medium_high,high,candidate_for_strict_audit,pending_step16i,target,cocoa_chocolate; milk_dairy; packaging; sugar,benchmark_not_invoice; retail_observation_not_margin; retail_price_varies_by_store_date_promotion; supplier_claim_not_sku_confirmed,"target / cocoa_chocolate, milk_dairy, packaging, sugar / hershey_company may support observed retail page or price evidence. Use for observed retailer page or price evidence only. Price may vary by store, date, and promotion.","land-use change 
• Partnerships to scale good agricultural practices that 
reduce emissions and mitigate environmental risks 
Roadmaps are progressing from assessment and project 
design phases into pilots and, in some cases, from pilots to 
scaled implementation. 
In 2024, we expect to start seeing benefits from investments 
in satellite monitorin"
EEVID_b929a109279c79ca,hershey_company,hershey_latest_esg_sugar_section.pdf,text_or_table,unified_memory_scan,retail_price,retail_price_evidence,direct_visual_or_page_evidence,direct_retail_or_visual_page_evidence,retail_page_level,medium_high,high,candidate_for_strict_audit,pending_step16i,hershey; target,cocoa_chocolate; packaging,benchmark_not_invoice; retail_observation_not_margin; retail_price_varies_by_store_date_promotion; supplier_claim_not_sku_confirmed,"hershey, target / cocoa_chocolate, packaging / hershey_company may support observed retail page or price evidence. Use for observed retailer page or price evidence only. Price may vary by store, date, and promotion.","roving Farmer Income and Livelihoods on pages 26-27 and 
Sourcing Our Priority Ingredients and Materials on pages 48-52.
Non-FLAG Emissions Mapping
Once approved by the SBTi, we will have targets specific 
to our non-FLAG emissions. We are creating detailed 
roadmaps, starting with the largest elements of our non-
ingredient footprint, such as logi"
EEVID_9298325ebcc778b6,hershey_company,hershey_latest_esg_sugar_section.pdf,text_or_table,unified_memory_scan,retail_price,retail_price_evidence,direct_visual_or_page_evidence,direct_retail_or_visual_page_evidence,retail_page_level,medium_high,high,candidate_for_strict_audit,pending_step16i,hershey; target,cocoa_chocolate; milk_dairy,retail_observation_not_margin; retail_price_varies_by_store_date_promotion; supplier_claim_not_sku_confirmed,"hershey, target / cocoa_chocolate, milk_dairy / hershey_company may support observed retail page or price evidence. Use for observed retailer page or price evidence only. Price may vary by store, date, and promotion.","manufacturing 
processes. Water is an issue of double materiality for 
Hershey. We fully understand how critical it is to steward 
water responsibly. Access to water and sanitation 
is a human right. We strive to manage our facilities 
and supply chain to protect supplies of clean water. 
Hershey Water Journey 
Hershey facilities compete for water "
EEVID_75b1c01260c84b78,hershey_company,hershey_latest_esg_sugar_section.pdf,text_or_table,unified_memory_scan,retail_price,retail_price_evidence,direct_visual_or_page_evidence,direct_retail_or_visual_page_evidence,retail_page_level,medium_high,high,candidate_for_strict_audit,pending_step16i,hershey; target,,retail_observation_not_margin; retail_price_varies_by_store_date_promotion; supplier_claim_not_sku_confirmed,"hershey, target / hershey_company may support observed retail page or price evidence. Use for observed retailer page or price evidence only. Price may vary by store, date, and promotion.","climate-nature-water 
connection
1
Water Stewardship, United Nations Global Compact.
2
The methodology for this calculation is based on mass of ingredients sourced 
and the Aqueduct Water Risk Atlas and WWF Water Risk Filter. This 
assessment was first completed for Hershey’s food ingredients in 2021 and 
refreshed in 2023.


--- PAGE 68 ---
Water:"
EEVID_be8a4067059f8728,hershey_company,hershey_latest_esg_sugar_section.pdf,text_or_table,unified_memory_scan,retail_price,retail_price_evidence,direct_visual_or_page_evidence,direct_retail_or_visual_page_evidence,retail_page_level,medium_high,high,candidate_for_strict_audit,pending_step16i,hershey; target,milk_dairy,retail_observation_not_margin; retail_price_varies_by_store_date_promotion; supplier_claim_not_sku_confirmed,"hershey, target / milk_dairy / hershey_company may support observed retail page or price evidence. Use for observed retailer page or price evidence only. Price may vary by store, date, and promotion.","Facilitating integration of visibility and accountability 
into our business to drive results, making data available, 
understanding usage patterns, securing investments 
and engaging teams to find opportunities
Champions at Hershey manufacturing locations rally their 
teams to implement projects, meet conservation goals 
and find further reduction"
EEVID_601afbc11e7de285,hershey_company,hershey_latest_esg_sugar_section.pdf,text_or_table,unified_memory_scan,retail_price,retail_price_evidence,direct_visual_or_page_evidence,direct_retail_or_visual_page_evidence,retail_page_level,medium_high,high,candidate_for_strict_audit,pending_step16i,hershey; target,cocoa_chocolate; milk_dairy,retail_observation_not_margin; retail_price_varies_by_store_date_promotion; supplier_claim_not_sku_confirmed,"hershey, target / cocoa_chocolate, milk_dairy / hershey_company may support observed retail page or price evidence. Use for observed retailer page or price evidence only. Price may vary by store, date, and promotion.","o work with others. The 
collaborative Sustainable Dairy PA initiative is an excellent 
example, with the pilot already improving water quality 
and more impact to come as the program scales. We are 
also exploring what other interventions might most 
improve water quality of the bay.
→For more details on Expanding Dairy Initiatives, see page 65.
W"
EEVID_be8f7d5bc002bf15,hershey_company,hershey_latest_esg_sugar_section.pdf,text_or_table,unified_memory_scan,retail_price,retail_price_evidence,direct_visual_or_page_evidence,direct_retail_or_visual_page_evidence,retail_page_level,medium_high,high,candidate_for_strict_audit,pending_step16i,hershey; target,,retail_observation_not_margin; retail_price_varies_by_store_date_promotion; supplier_claim_not_sku_confirmed,"hershey, target / hershey_company may support observed retail page or price evidence. Use for observed retailer page or price evidence only. Price may vary by store, date, and promotion.","coa
Responsible Sourcing and Human Rights
Environment
Our People
Youth
Community
About This Report
68
The Hershey Company 2023 ESG Report
1
Due to lower production volumes in 2023, we haven’t seen the same improvement 
in water intensity even though Hershey used less water in 2023 compared to 2022.


--- PAGE 69 ---
The Significance of Biodiversity"
EEVID_4b04284436205303,hershey_company,hershey_latest_esg_sugar_section.pdf,text_or_table,unified_memory_scan,retail_price,retail_price_evidence,direct_visual_or_page_evidence,direct_retail_or_visual_page_evidence,retail_page_level,medium_high,high,candidate_for_strict_audit,pending_step16i,hershey; target,cocoa_chocolate; milk_dairy,benchmark_not_invoice; retail_observation_not_margin; retail_price_varies_by_store_date_promotion; supplier_claim_not_sku_confirmed,"hershey, target / cocoa_chocolate, milk_dairy / hershey_company may support observed retail page or price evidence. Use for observed retailer page or price evidence only. Price may vary by store, date, and promotion.","on, forest degradation and natural 
ecosystem conversion remain major global challenges 
with far-reaching implications for future generations. 
As detailed in our updated Deforestation and Conversion-
free Policy, we accelerated the target date to eliminate 
deforestation from our supply chain by five years to 2025. 
This recognizes both the urgen"
EEVID_e029f451059dac27,hershey_company,hershey_latest_esg_sugar_section.pdf,text_or_table,unified_memory_scan,retail_price,retail_price_evidence,direct_visual_or_page_evidence,direct_retail_or_visual_page_evidence,retail_page_level,medium_high,high,candidate_for_strict_audit,pending_step16i,hershey; target,cocoa_chocolate; packaging,retail_observation_not_margin; retail_price_varies_by_store_date_promotion; supplier_claim_not_sku_confirmed,"hershey, target / cocoa_chocolate, packaging / hershey_company may support observed retail page or price evidence. Use for observed retailer page or price evidence only. Price may vary by store, date, and promotion.","material 
by eliminating, redesigning and reducing packaging. 
Beyond consumer packaging, we constantly seek ways to 
reduce secondary, transport and retail display packaging, 
investing in designs that make distribution more efficient. 
That means fewer trucks on the road and a significant 
contribution toward our Scope 3 GHG emissions targets.
Im"
EEVID_36aa796d5dbf1b48,hershey_company,hershey_latest_esg_sugar_section.pdf,text_or_table,unified_memory_scan,retail_price,retail_price_evidence,direct_visual_or_page_evidence,direct_retail_or_visual_page_evidence,retail_page_level,medium_high,high,candidate_for_strict_audit,pending_step16i,hershey; target,cocoa_chocolate; packaging,benchmark_not_invoice; retail_observation_not_margin; retail_price_varies_by_store_date_promotion; supplier_claim_not_sku_confirmed,"hershey, target / cocoa_chocolate, packaging / hershey_company may support observed retail page or price evidence. Use for observed retailer page or price evidence only. Price may vary by store, date, and promotion.","te from landfill. They repurpose it as 
an input for livestock feed, relying less on crops and 
the resources needed to grow them. The stock feed 
is added to nutrient-dense dry feed ingredients 
where it is specially fine tuned for nutritional value 
and quality control. 
This collaboration directly circles our food waste 
back into our supply cha"
EEVID_ea8ad92f2ff976eb,hershey_company,hershey_latest_esg_sugar_section.pdf,text_or_table,unified_memory_scan,retail_price,retail_price_evidence,direct_visual_or_page_evidence,direct_retail_or_visual_page_evidence,retail_page_level,medium_high,high,candidate_for_strict_audit,pending_step16i,hershey; target,cocoa_chocolate; packaging,benchmark_not_invoice; retail_observation_not_margin; retail_price_varies_by_store_date_promotion; supplier_claim_not_sku_confirmed,"hershey, target / cocoa_chocolate, packaging / hershey_company may support observed retail page or price evidence. Use for observed retailer page or price evidence only. Price may vary by store, date, and promotion.","fit the community 
and strengthen the company’s 
reputation, contributing to 
a more sustainable world. 
For me, this means aligning 
myself with a purpose, and 
having the possibility to make 
a difference through initiatives 
that have a positive impact on 
the environment and society.” 
Elisama Justo, Brazil Green Team Leader, 
The Hershey Compa"
EEVID_b2526dfb8d242352,hershey_company,hershey_latest_esg_sugar_section.pdf,text_or_table,unified_memory_scan,retail_price,retail_price_evidence,direct_visual_or_page_evidence,direct_retail_or_visual_page_evidence,retail_page_level,medium_high,high,candidate_for_strict_audit,pending_step16i,target,,retail_observation_not_margin; retail_price_varies_by_store_date_promotion,"target / hershey_company may support observed retail page or price evidence. Use for observed retailer page or price evidence only. Price may vary by store, date, and promotion.","rtunity to improve perceived equity, primarily 
through increased transparency and candid career 
conversations. Demographic breakdowns show trends 
highly consistent with enterprise-level results.
→For Employee Engagement data, see pages 98-99.
Pay Equity
We are strongly committed to providing equal pay for 
equal work. Achieving pay equity by gen"
EEVID_933d4f934ea5eada,hershey_company,hershey_latest_esg_sugar_section.pdf,text_or_table,unified_memory_scan,retail_price,retail_price_evidence,direct_visual_or_page_evidence,direct_retail_or_visual_page_evidence,retail_page_level,medium_high,high,candidate_for_strict_audit,pending_step16i,hershey; target,,retail_observation_not_margin; retail_price_varies_by_store_date_promotion,"hershey, target / hershey_company may support observed retail page or price evidence. Use for observed retailer page or price evidence only. Price may vary by store, date, and promotion.","nts 
and training it comprises.
In 2023, following initial implementation of the new 
system and as part of our robust system of risk 
assessments and internal audits, our EHS team evaluated 
Hershey sites for their safety culture and compliance with 
procedures. They assessed 80% of sites, and identified 
opportunities to improve, creating a plan "
EEVID_9dad366cdaf6fd43,hershey_company,hershey_latest_esg_sugar_section.pdf,text_or_table,unified_memory_scan,retail_price,retail_price_evidence,direct_visual_or_page_evidence,direct_retail_or_visual_page_evidence,retail_page_level,medium_high,high,candidate_for_strict_audit,pending_step16i,hershey; target,cocoa_chocolate,benchmark_not_invoice; retail_observation_not_margin; retail_price_varies_by_store_date_promotion; supplier_claim_not_sku_confirmed,"hershey, target / cocoa_chocolate / hershey_company may support observed retail page or price evidence. Use for observed retailer page or price evidence only. Price may vary by store, date, and promotion.","do we!
 Contents
Making Good
Our Company
Cocoa
Responsible Sourcing and Human Rights
Environment
Our People
Youth
Community
About This Report
89
The Hershey Company 2023 ESG Report
Material ESG issue:
• Diversity, Equity and Inclusion (DEI)
Salient Human Rights Issue:
• Gender and social inequality


--- PAGE 90 ---
More Pathways to JOIN 
We find c"
EEVID_080dd27b0082681c,hershey_company,hershey_latest_esg_sugar_section.pdf,text_or_table,unified_memory_scan,retail_price,retail_price_evidence,direct_visual_or_page_evidence,direct_retail_or_visual_page_evidence,retail_page_level,medium_high,high,candidate_for_strict_audit,pending_step16i,hershey; target,cocoa_chocolate,benchmark_not_invoice; retail_observation_not_margin; retail_price_varies_by_store_date_promotion; supplier_claim_not_sku_confirmed,"hershey, target / cocoa_chocolate / hershey_company may support observed retail page or price evidence. Use for observed retailer page or price evidence only. Price may vary by store, date, and promotion.","work experiences, 
returning to chocolate town 
has been sweet.”
Brock Romano, Specialist, Procurement, 
The Hershey Company
 Contents
Making Good
Our Company
Cocoa
Responsible Sourcing and Human Rights
Environment
Our People
Youth
Community
About This Report
90
The Hershey Company 2023 ESG Report


--- PAGE 91 ---
More Pathways to JOIN
continued
V"
EEVID_6410826181c0168f,hershey_company,hershey_latest_esg_sugar_section.pdf,text_or_table,unified_memory_scan,retail_price,retail_price_evidence,direct_visual_or_page_evidence,direct_retail_or_visual_page_evidence,retail_page_level,medium_high,high,candidate_for_strict_audit,pending_step16i,hershey; target,cocoa_chocolate,benchmark_not_invoice; retail_observation_not_margin; retail_price_varies_by_store_date_promotion; supplier_claim_not_sku_confirmed,"hershey, target / cocoa_chocolate / hershey_company may support observed retail page or price evidence. Use for observed retailer page or price evidence only. Price may vary by store, date, and promotion.","mpany
Cocoa
Responsible Sourcing and Human Rights
Environment
Our People
Youth
Community
About This Report
91
The Hershey Company 2023 ESG Report
1
Diverse spend includes formal industry-recognized certification and self-
certification, and Tier 1 and Tier 2 spend. Diverse suppliers refers to businesses 
that are 51% owned, managed and controlled b"
EEVID_7b185e31de1ca910,hershey_company,hershey_latest_esg_sugar_section.pdf,text_or_table,unified_memory_scan,retail_price,retail_price_evidence,direct_visual_or_page_evidence,direct_retail_or_visual_page_evidence,retail_page_level,medium_high,high,candidate_for_strict_audit,pending_step16i,hershey; target,cocoa_chocolate,retail_observation_not_margin; retail_price_varies_by_store_date_promotion; supplier_claim_not_sku_confirmed,"hershey, target / cocoa_chocolate / hershey_company may support observed retail page or price evidence. Use for observed retailer page or price evidence only. Price may vary by store, date, and promotion.","by lively reverse-mentorship meetings where 
the young women advised Hershey leaders on issues 
important to them.
 Contents
Making Good
Our Company
Cocoa
Responsible Sourcing and Human Rights
Environment
Our People
Youth
Community
About This Report
94
The Hershey Company 2023 ESG Report
CASE STUDY


--- PAGE 95 ---
Our Progress
Our People
Target Y"
EEVID_7eaa54305d0b83d0,hershey_company,hershey_latest_esg_sugar_section.pdf,text_or_table,unified_memory_scan,retail_price,retail_price_evidence,direct_visual_or_page_evidence,direct_retail_or_visual_page_evidence,retail_page_level,medium_high,high,candidate_for_strict_audit,pending_step16i,hershey; target,,retail_observation_not_margin; retail_price_varies_by_store_date_promotion; supplier_claim_not_sku_confirmed,"hershey, target / hershey_company may support observed retail page or price evidence. Use for observed retailer page or price evidence only. Price may vary by store, date, and promotion.","0 students. 
We build on that relationship, adding programs that 
connect with MHS students and staff. We have taken 
a number of steps to support alumni and students with 
the kind of skills and experience that contribute to 
generational change. In 2023, we significantly grew the 
formal talent pipeline partnership with MHS, originally 
created i"
EEVID_268af51644ab2488,hershey_company,hershey_latest_esg_sugar_section.pdf,text_or_table,unified_memory_scan,retail_price,retail_price_evidence,direct_visual_or_page_evidence,direct_retail_or_visual_page_evidence,retail_page_level,medium_high,high,candidate_for_strict_audit,pending_step16i,hershey; target,cocoa_chocolate,retail_observation_not_margin; retail_price_varies_by_store_date_promotion; supplier_claim_not_sku_confirmed,"hershey, target / cocoa_chocolate / hershey_company may support observed retail page or price evidence. Use for observed retailer page or price evidence only. Price may vary by store, date, and promotion.","at 
I have learned to work even 
more efficiently and safely.”
Allen Snyder, MHS student and 
Pre-Apprenticeship participant
 Contents
Making Good
Our Company
Cocoa
Responsible Sourcing and Human Rights
Environment
Our People
Youth
Community
About This Report
106
The Hershey Company 2023 ESG Report


--- PAGE 107 ---
Our Progress
Youth
Target Year
"
EEVID_aaf89dd36b32134e,hershey_company,hershey_latest_esg_sugar_section.pdf,text_or_table,unified_memory_scan,retail_price,retail_price_evidence,direct_visual_or_page_evidence,direct_retail_or_visual_page_evidence,retail_page_level,medium_high,high,candidate_for_strict_audit,pending_step16i,hershey; target,cocoa_chocolate,benchmark_not_invoice; retail_observation_not_margin; retail_price_varies_by_store_date_promotion; supplier_claim_not_sku_confirmed,"hershey, target / cocoa_chocolate / hershey_company may support observed retail page or price evidence. Use for observed retailer page or price evidence only. Price may vary by store, date, and promotion.","$400,000 
for CMN, bringing our fundraising total to more 
than $7 million since our employees first began 
hosting events. 
 Contents
Making Good
Our Company
Cocoa
Responsible Sourcing and Human Rights
Environment
Our People
Youth
Community
About This Report
112
The Hershey Company 2023 ESG Report


--- PAGE 113 ---
Our Progress
Community
Target Y"
EEVID_dfb5acc882ff0698,hershey_company,hershey_latest_esg_sugar_section.pdf,text_or_table,unified_memory_scan,retail_price,retail_price_evidence,direct_visual_or_page_evidence,direct_retail_or_visual_page_evidence,retail_page_level,medium_high,high,candidate_for_strict_audit,pending_step16i,hershey; target,cocoa_chocolate,benchmark_not_invoice; retail_observation_not_margin; retail_price_varies_by_store_date_promotion; supplier_claim_not_sku_confirmed,"hershey, target / cocoa_chocolate / hershey_company may support observed retail page or price evidence. Use for observed retailer page or price evidence only. Price may vary by store, date, and promotion.","communities.
4
The 2023 Good to Give Back campaign offered more volunteer opportunities due to lifted pandemic restrictions.
 Contents
Making Good
Our Company
Cocoa
Responsible Sourcing and Human Rights
Environment
Our People
Youth
Community
About This Report
113
The Hershey Company 2023 ESG Report


--- PAGE 114 ---
About This Report
Hershey’s 202"
EEVID_62a3acac008769ab,hershey_company,hershey_latest_esg_sugar_section.pdf,text_or_table,unified_memory_scan,retail_price,retail_price_evidence,direct_visual_or_page_evidence,direct_retail_or_visual_page_evidence,retail_page_level,medium_high,high,candidate_for_strict_audit,pending_step16i,hershey; target,,benchmark_not_invoice; retail_observation_not_margin; retail_price_varies_by_store_date_promotion,"hershey, target / hershey_company may support observed retail page or price evidence. Use for observed retailer page or price evidence only. Price may vary by store, date, and promotion.","believe,” “continue,” “estimate,” “expect,” 
“forecast,” “future,” “intend,” “plan,” “potential,” “predict,” 
“project,” “strategy,” “target” and similar terms, and future 
or conditional tense verbs like “could,” “may,” “might,” 
“should,” “will” and “would,” among others.
These forward-looking statements reflect our current 
assumptions and expec"
EEVID_8754fc88dac3f110,hershey_company,hershey_responsible_sourcing_cocoa_page.pdf,visual_ocr,unified_memory_scan,retail_price,retail_price_evidence,direct_visual_or_page_evidence,direct_retail_or_visual_page_evidence,retail_page_level,medium_high,high,candidate_for_strict_audit,pending_step16i,hershey; target,cocoa_chocolate; milk_dairy; packaging; sugar,ocr_text_requires_visual_confidence_review; retail_observation_not_margin; retail_price_varies_by_store_date_promotion; supplier_claim_not_sku_confirmed,"hershey, target / cocoa_chocolate, milk_dairy, packaging, sugar / hershey_company may support observed retail page or price evidence. Use for observed retailer page or price evidence only. Price may vary by store, date, and promotion.","ar , Ci
/ ; iw + \ NSS OF
- 2 \ SP Masd . /
e e e e
Priority Ingredients and Raw Materials
Each ingredient presents unique sourcing challenges and risks since sustainability and labor
praclices vary across cormmodilies and by region. By underslanding lhe risks Lhal are specific lo
each raw material and region, we can better use our scale and resour"
EEVID_917d2a537a4163c9,logistics_distribution,mclane_company_profile.pdf,visual_ocr,unified_memory_scan,retail_price,retail_price_evidence,direct_visual_or_page_evidence,direct_retail_or_visual_page_evidence,retail_page_level,medium_high,high,candidate_for_strict_audit,pending_step16i,mclane; walgreens,,ocr_text_requires_visual_confidence_review; retail_observation_not_margin; retail_price_varies_by_store_date_promotion; supplier_claim_not_sku_confirmed,"mclane, walgreens / logistics_distribution may support observed retail page or price evidence. Use for observed retailer page or price evidence only. Price may vary by store, date, and promotion.","--- VISUAL OCR PAGE 1: page_001.png ---
Careers Newsroom Locations Become a Customer Login
Ad About v Distribution Expertise » | C-StoreSolutions » Innovation » Suppliers Contact
McLANE.
Season Success ~— ee
: ; 4
. ; wae
Summer brings more trips, more impulse, and more ¢ ""ey
opportunity. New line extensions and LTOs from * «A a ¢ S
McLane Fresh ar"
EEVID_16c86b3acd93b8ad,packaging_wrapper,hershey_latest_esg_packaging_section.pdf,text_or_table,unified_memory_scan,retail_price,retail_price_evidence,direct_visual_or_page_evidence,direct_retail_or_visual_page_evidence,retail_page_level,medium_high,high,candidate_for_strict_audit,pending_step16i,hershey; target,cocoa_chocolate,benchmark_not_invoice; retail_observation_not_margin; retail_price_varies_by_store_date_promotion; supplier_claim_not_sku_confirmed,"hershey, target / cocoa_chocolate / packaging_wrapper may support observed retail page or price evidence. Use for observed retailer page or price evidence only. Price may vary by store, date, and promotion.","y and engagement with the farmers who 
grow this important ingredient. 
Fast-moving regulatory actions continue to shape the 
sustainability landscape. We are strengthening our due 
diligence and reporting capabilities, as evidenced by our 
Disclosure and Assurance Reporting Center of Excellence 
and the cross-functional teams that are anticipating"
EEVID_67c4ea9c530dccc7,packaging_wrapper,hershey_latest_esg_packaging_section.pdf,text_or_table,unified_memory_scan,retail_price,retail_price_evidence,direct_visual_or_page_evidence,direct_retail_or_visual_page_evidence,retail_page_level,medium_high,high,candidate_for_strict_audit,pending_step16i,hershey; target,cocoa_chocolate,benchmark_not_invoice; retail_observation_not_margin; retail_price_varies_by_store_date_promotion; supplier_claim_not_sku_confirmed,"hershey, target / cocoa_chocolate / packaging_wrapper may support observed retail page or price evidence. Use for observed retailer page or price evidence only. Price may vary by store, date, and promotion.","mpact and working hard 
each day to bring goodness to the world. 
Michele Buck
Chairman, President and CEO
The Hershey Company
 Contents
Making Good
Our Company
Cocoa
Responsible Sourcing and Human Rights
Environment
Our People
Youth
Community
About This Report
4
The Hershey Company 2023 ESG Report


--- PAGE 5 ---
A Message 
from Our CSO
We remain"
EEVID_1bd7a07eb3d58cd2,packaging_wrapper,hershey_latest_esg_packaging_section.pdf,text_or_table,unified_memory_scan,retail_price,retail_price_evidence,direct_visual_or_page_evidence,direct_retail_or_visual_page_evidence,retail_page_level,medium_high,high,candidate_for_strict_audit,pending_step16i,hershey; target,cocoa_chocolate; packaging,retail_observation_not_margin; retail_price_varies_by_store_date_promotion; supplier_claim_not_sku_confirmed,"hershey, target / cocoa_chocolate, packaging / packaging_wrapper may support observed retail page or price evidence. Use for observed retailer page or price evidence only. Price may vary by store, date, and promotion.","gress in reducing Hershey’s 
emissions with a keen business focus on our owned 
emissions and expanded efforts to reduce emissions 
in our value chain while advancing nature-based projects 
to combat climate change. We set water usage reduction 
targets for priority sites where water is most scarce. 
Our run of success in reducing packaging waste s"
EEVID_2a7b6bf186a6fd9b,packaging_wrapper,hershey_latest_esg_packaging_section.pdf,text_or_table,unified_memory_scan,retail_price,retail_price_evidence,direct_visual_or_page_evidence,direct_retail_or_visual_page_evidence,retail_page_level,medium_high,high,candidate_for_strict_audit,pending_step16i,hershey; target,cocoa_chocolate; packaging,retail_observation_not_margin; retail_price_varies_by_store_date_promotion; supplier_claim_not_sku_confirmed,"hershey, target / cocoa_chocolate, packaging / packaging_wrapper may support observed retail page or price evidence. Use for observed retailer page or price evidence only. Price may vary by store, date, and promotion.","standards 
to protect people across 
our value chain.
Community
Actively making 
a difference where 
we live and work.
Environment
Enhancing our operations 
to meet high-impact 
climate, waste, water 
and packaging goals.
Our People
Creating more ways for 
more people to be 
themselves and thrive.


--- PAGE 8 ---
Progress Toward Our Priority Goals"
EEVID_4ddfeb0c30fd49d3,packaging_wrapper,hershey_latest_esg_packaging_section.pdf,text_or_table,unified_memory_scan,retail_price,retail_price_evidence,direct_visual_or_page_evidence,direct_retail_or_visual_page_evidence,retail_page_level,medium_high,high,candidate_for_strict_audit,pending_step16i,hershey; target,cocoa_chocolate; milk_dairy,benchmark_not_invoice; retail_observation_not_margin; retail_price_varies_by_store_date_promotion; supplier_claim_not_sku_confirmed,"hershey, target / cocoa_chocolate, milk_dairy / packaging_wrapper may support observed retail page or price evidence. Use for observed retailer page or price evidence only. Price may vary by store, date, and promotion.",", listening sessions 
• Employee Relief Fund 
• Ethics & Compliance Concern Line 
• Learning and development opportunities including company-wide training 
and role-specific courses 
• Town Halls
• Volunteering and philanthropic activities (Matching Gifts, Dollars for Doers) 
Government, 
policymakers
and regulators
• Advocacy through trade associa"
EEVID_3a932cbf1dda8b00,packaging_wrapper,hershey_latest_esg_packaging_section.pdf,text_or_table,unified_memory_scan,retail_price,retail_price_evidence,direct_visual_or_page_evidence,direct_retail_or_visual_page_evidence,retail_page_level,medium_high,high,candidate_for_strict_audit,pending_step16i,hershey; target,,retail_observation_not_margin; retail_price_varies_by_store_date_promotion; supplier_claim_not_sku_confirmed,"hershey, target / packaging_wrapper may support observed retail page or price evidence. Use for observed retailer page or price evidence only. Price may vary by store, date, and promotion.","the year. As of May 2024, approximately 
55% of our Board of Directors has ESG and human capital 
management experience.
Audit Committee 
Reviews the company’s public reporting with respect 
to ESG matters within the Audit Committee’s purview.
Compensation and Human Capital Committee
Oversees consideration of ESG matters in executive 
compensation "
EEVID_af924b8efeeace34,packaging_wrapper,hershey_latest_esg_packaging_section.pdf,text_or_table,unified_memory_scan,retail_price,retail_price_evidence,direct_visual_or_page_evidence,direct_retail_or_visual_page_evidence,retail_page_level,medium_high,high,candidate_for_strict_audit,pending_step16i,target,,retail_observation_not_margin; retail_price_varies_by_store_date_promotion; supplier_claim_not_sku_confirmed,"target / packaging_wrapper may support observed retail page or price evidence. Use for observed retailer page or price evidence only. Price may vary by store, date, and promotion.","y manufacturing sites. 
We anticipate rolling out the training to manufacturing 
employees in our North America Salty Snacks segment 
in 2024.
• Food safety basics training is part of our required 
onboarding for all new salaried employees, in any role. 
It was assigned to all existing salaried employees in 
2023, and is now an ongoing annual aware"
EEVID_27e656b7fd1152b3,packaging_wrapper,hershey_latest_esg_packaging_section.pdf,text_or_table,unified_memory_scan,retail_price,retail_price_evidence,direct_visual_or_page_evidence,direct_retail_or_visual_page_evidence,retail_page_level,medium_high,high,candidate_for_strict_audit,pending_step16i,hershey; target,,retail_observation_not_margin; retail_price_varies_by_store_date_promotion; supplier_claim_not_sku_confirmed,"hershey, target / packaging_wrapper may support observed retail page or price evidence. Use for observed retailer page or price evidence only. Price may vary by store, date, and promotion.","a range of policies on: 
• Responsible sourcing of key ingredients 
• Standards we expect from our suppliers 
• ESG issues of key concern to us, such as environmental 
management, human rights and food safety 
All Directors and professional employees are trained on 
the Code at onboarding and annually thereafter. They 
must confirm they have read a"
EEVID_5fa1a3443418a895,packaging_wrapper,hershey_latest_esg_packaging_section.pdf,text_or_table,unified_memory_scan,retail_price,retail_price_evidence,direct_visual_or_page_evidence,direct_retail_or_visual_page_evidence,retail_page_level,medium_high,high,candidate_for_strict_audit,pending_step16i,hershey; target,cocoa_chocolate,benchmark_not_invoice; retail_observation_not_margin; retail_price_varies_by_store_date_promotion; supplier_claim_not_sku_confirmed,"hershey, target / cocoa_chocolate / packaging_wrapper may support observed retail page or price evidence. Use for observed retailer page or price evidence only. Price may vary by store, date, and promotion.","’s inaugural event, 
we held our second enterprise-wide Integrity Day 
in October 2023 — with a focus on the importance 
of privacy and cybersecurity. This collaboration 
between the Ethics, Compliance & Privacy team 
and local Compliance Ambassadors across all 
Hershey locations engaged colleagues in activities 
that promoted awareness of data pri"
EEVID_d2b1d4fba304076b,packaging_wrapper,hershey_latest_esg_packaging_section.pdf,text_or_table,unified_memory_scan,retail_price,retail_price_evidence,direct_visual_or_page_evidence,direct_retail_or_visual_page_evidence,retail_page_level,medium_high,high,candidate_for_strict_audit,pending_step16i,hershey; target,cocoa_chocolate; packaging,retail_observation_not_margin; retail_price_varies_by_store_date_promotion; supplier_claim_not_sku_confirmed,"hershey, target / cocoa_chocolate, packaging / packaging_wrapper may support observed retail page or price evidence. Use for observed retailer page or price evidence only. Price may vary by store, date, and promotion.","nsible for 
collecting and reporting on CLMRS data. Hershey has 
used industry-aligned best practices, implemented 
by supply chain and community partners, since 2018.
Hershey sets forth Cocoa Key Requirements for suppliers, 
which means that CLMRS implemented by Hershey’s 
suppliers include at least the following core activities:
Awareness Raising"
EEVID_8bb07d0066e09e8f,packaging_wrapper,hershey_latest_esg_packaging_section.pdf,text_or_table,unified_memory_scan,retail_price,retail_price_evidence,direct_visual_or_page_evidence,direct_retail_or_visual_page_evidence,retail_page_level,medium_high,high,candidate_for_strict_audit,pending_step16i,hershey; target,cocoa_chocolate,retail_observation_not_margin; retail_price_varies_by_store_date_promotion; supplier_claim_not_sku_confirmed,"hershey, target / cocoa_chocolate / packaging_wrapper may support observed retail page or price evidence. Use for observed retailer page or price evidence only. Price may vary by store, date, and promotion.","rovided
27
classrooms built 
or renovated
 Contents
Making Good
Our Company
Cocoa
Responsible Sourcing and Human Rights
Environment
Our People
Youth
Community
About This Report
31
The Hershey Company 2023 ESG Report
CNS, ICI and Hershey build modern school infrastructure in Drissapé, 
Côte d’Ivoire


--- PAGE 32 ---
Creating a More Resilient 
Suppl"
EEVID_200a2510b962cc52,packaging_wrapper,hershey_latest_esg_packaging_section.pdf,text_or_table,unified_memory_scan,retail_price,retail_price_evidence,direct_visual_or_page_evidence,direct_retail_or_visual_page_evidence,retail_page_level,medium_high,high,candidate_for_strict_audit,pending_step16i,hershey; target,cocoa_chocolate,benchmark_not_invoice; retail_observation_not_margin; retail_price_varies_by_store_date_promotion; supplier_claim_not_sku_confirmed,"hershey, target / cocoa_chocolate / packaging_wrapper may support observed retail page or price evidence. Use for observed retailer page or price evidence only. Price may vary by store, date, and promotion.",". We advance sustainable agricultural 
practices, promoting climate-smart techniques and 
economically viable agroforestry and shade-grown cocoa. 
Hershey has pledged to achieve a deforestation and 
conversion-free supply chain, including cocoa, by the end 
of 2025. Working toward this target we:
• Partner with suppliers to polygon map 100% of farm"
EEVID_91a1ae7af873aa79,packaging_wrapper,hershey_latest_esg_packaging_section.pdf,text_or_table,unified_memory_scan,retail_price,retail_price_evidence,direct_visual_or_page_evidence,direct_retail_or_visual_page_evidence,retail_page_level,medium_high,high,candidate_for_strict_audit,pending_step16i,hershey; target,cocoa_chocolate,retail_observation_not_margin; retail_price_varies_by_store_date_promotion; supplier_claim_not_sku_confirmed,"hershey, target / cocoa_chocolate / packaging_wrapper may support observed retail page or price evidence. Use for observed retailer page or price evidence only. Price may vary by store, date, and promotion.","ng on 2023, our focus was 
centered on the farmer perspective, 
their interests as well as the 
well-being of their children 
and their communities.
More broadly, we have sharpened 
our understanding of what we can 
do and where and how we need 
to partner. This is helping us better 
communicate our rationale, 
commitments and progress. 
Behind the"
EEVID_f3702cc110438655,packaging_wrapper,hershey_latest_esg_packaging_section.pdf,text_or_table,unified_memory_scan,retail_price,retail_price_evidence,direct_visual_or_page_evidence,direct_retail_or_visual_page_evidence,retail_page_level,medium_high,high,candidate_for_strict_audit,pending_step16i,hershey; target,,benchmark_not_invoice; retail_observation_not_margin; retail_price_varies_by_store_date_promotion; supplier_claim_not_sku_confirmed,"hershey, target / packaging_wrapper may support observed retail page or price evidence. Use for observed retailer page or price evidence only. Price may vary by store, date, and promotion.","w approach to longer-term 
capability building in Mexico in 2023. The eight-month 
program was delivered with AIM-Progress and digital 
training company, Quizrr. Its eight sessions covered 
a range of health and safety, human rights and 
environmental topics. Participants also gained no-cost 
access to Quizrr’s digital training platform. At its 
co"
EEVID_2c4ce95454ee1988,packaging_wrapper,hershey_latest_esg_packaging_section.pdf,text_or_table,unified_memory_scan,retail_price,retail_price_evidence,direct_visual_or_page_evidence,direct_retail_or_visual_page_evidence,retail_page_level,medium_high,high,candidate_for_strict_audit,pending_step16i,hershey; land_olakes; target,cocoa_chocolate; milk_dairy; sugar,retail_observation_not_margin; retail_price_varies_by_store_date_promotion; supplier_claim_not_sku_confirmed,"hershey, land_olakes, target / cocoa_chocolate, milk_dairy, sugar / packaging_wrapper may support observed retail page or price evidence. Use for observed retailer page or price evidence only. Price may vary by store, date, and promotion.","Three-Year Pilot in Numbers 
• 45 acres of riparian buffer planted
• 9,260 trees planted
• 1.7 million pounds of sediment/2,210 pounds of 
phosphorous/24,200 pounds of nitrogen kept out 
of waterways annually
• 490 metric tons of CO2e sequestered
Hershey’s, EPA’s and Land O’Lakes leadership 
to support our Pennsylvania dairy farmers and 
local ecos"
EEVID_09092f7b6c56d885,packaging_wrapper,hershey_latest_esg_packaging_section.pdf,text_or_table,unified_memory_scan,retail_price,retail_price_evidence,direct_visual_or_page_evidence,direct_retail_or_visual_page_evidence,retail_page_level,medium_high,high,candidate_for_strict_audit,pending_step16i,hershey; target,sugar,retail_observation_not_margin; retail_price_varies_by_store_date_promotion; supplier_claim_not_sku_confirmed,"hershey, target / sugar / packaging_wrapper may support observed retail page or price evidence. Use for observed retailer page or price evidence only. Price may vary by store, date, and promotion.","our 
2025 target for 100% verified volumes. Credible third-
party standards and verification, like Bonsucro, are 
essential to improving sustainability performance 
in a complex supply chain.
Engaging Suppliers for Continuous Improvement
We conducted our second assessment of suppliers’ 
sustainability and responsible sourcing practices and 
managem"
EEVID_b15e45f1d650af76,packaging_wrapper,hershey_latest_esg_packaging_section.pdf,text_or_table,unified_memory_scan,retail_price,retail_price_evidence,direct_visual_or_page_evidence,direct_retail_or_visual_page_evidence,retail_page_level,medium_high,high,candidate_for_strict_audit,pending_step16i,hershey; target,cocoa_chocolate,retail_observation_not_margin; retail_price_varies_by_store_date_promotion; supplier_claim_not_sku_confirmed,"hershey, target / cocoa_chocolate / packaging_wrapper may support observed retail page or price evidence. Use for observed retailer page or price evidence only. Price may vary by store, date, and promotion.","h, 
field assessments and stakeholder 
engagement found the opportunity to be 
strong. We will use it to update our strategy.
 Contents
Making Good
Our Company
Cocoa
Responsible Sourcing and Human Rights
Environment
Our People
Youth
Community
About This Report
50
The Hershey Company 2023 ESG Report


--- PAGE 51 ---
Sourcing Our Priority Ingredient"
EEVID_92b56690890d4e4c,packaging_wrapper,hershey_latest_esg_packaging_section.pdf,text_or_table,unified_memory_scan,retail_price,retail_price_evidence,direct_visual_or_page_evidence,direct_retail_or_visual_page_evidence,retail_page_level,medium_high,high,candidate_for_strict_audit,pending_step16i,hershey; target,cocoa_chocolate; packaging,benchmark_not_invoice; retail_observation_not_margin; retail_price_varies_by_store_date_promotion; supplier_claim_not_sku_confirmed,"hershey, target / cocoa_chocolate, packaging / packaging_wrapper may support observed retail page or price evidence. Use for observed retailer page or price evidence only. Price may vary by store, date, and promotion.","r 12,000 hectares. They will 
sustainably farm the 2,000 already-cultivated 
hectares and fully protect the remaining 10,000 
hectares of forest, while continuing to sustainably 
harvest non-timber forest products. Hershey 
funding will help with activities including: 
• Equipment for patrol teams
• Conducting biodiversity surveys
• Developing biod"
EEVID_6f833822296414a0,packaging_wrapper,hershey_latest_esg_packaging_section.pdf,text_or_table,unified_memory_scan,retail_price,retail_price_evidence,direct_visual_or_page_evidence,direct_retail_or_visual_page_evidence,retail_page_level,medium_high,high,candidate_for_strict_audit,pending_step16i,hershey; target,cocoa_chocolate,retail_observation_not_margin; retail_price_varies_by_store_date_promotion; supplier_claim_not_sku_confirmed,"hershey, target / cocoa_chocolate / packaging_wrapper may support observed retail page or price evidence. Use for observed retailer page or price evidence only. Price may vary by store, date, and promotion.","Further embed sustainability into procurement category 
management strategies and supplier relationship 
management practices
 Contents
Making Good
Our Company
Cocoa
Responsible Sourcing and Human Rights
Environment
Our People
Youth
Community
About This Report
52
The Hershey Company 2023 ESG Report


--- PAGE 53 ---
Our Progress
Responsible Sourcin"
EEVID_026837d4da101138,packaging_wrapper,hershey_latest_esg_packaging_section.pdf,text_or_table,unified_memory_scan,retail_price,retail_price_evidence,direct_visual_or_page_evidence,direct_retail_or_visual_page_evidence,retail_page_level,medium_high,high,candidate_for_strict_audit,pending_step16i,hershey; target,cocoa_chocolate; packaging,benchmark_not_invoice; retail_observation_not_margin; retail_price_varies_by_store_date_promotion; supplier_claim_not_sku_confirmed,"hershey, target / cocoa_chocolate, packaging / packaging_wrapper may support observed retail page or price evidence. Use for observed retailer page or price evidence only. Price may vary by store, date, and promotion.","ce of Biodiversity 
71
Making Progress on Packaging
72
New Solutions for Waste
73
Employees Catalyzing Change
74
Our Progress
 Contents
Making Good
Our Company
Cocoa
Responsible Sourcing and Human Rights
Environment
Our People
Youth
Community
About This Report
59
The Hershey Company 2023 ESG Report


--- PAGE 60 ---
Action on Climate Change 
The ch"
EEVID_fa6fbb48e4706d82,packaging_wrapper,hershey_latest_esg_packaging_section.pdf,text_or_table,unified_memory_scan,retail_price,retail_price_evidence,direct_visual_or_page_evidence,direct_retail_or_visual_page_evidence,retail_page_level,medium_high,high,candidate_for_strict_audit,pending_step16i,hershey; target,cocoa_chocolate; milk_dairy,benchmark_not_invoice; retail_observation_not_margin; retail_price_varies_by_store_date_promotion; supplier_claim_not_sku_confirmed,"hershey, target / cocoa_chocolate, milk_dairy / packaging_wrapper may support observed retail page or price evidence. Use for observed retailer page or price evidence only. Price may vary by store, date, and promotion.","2024. The project will have five waves 
of tree planting over a five-year timeframe. The aim is to 
plant 1.2 million total trees by the end of 2028, all in areas 
supplying Hershey. 
The trees planted are expected to sequester over 
15,000 tons of carbon by 2030, while also building 
resilience to climate risk.
 Contents
Making Good
Our Company
Co"
EEVID_862a23845867f03c,packaging_wrapper,hershey_latest_esg_packaging_section.pdf,text_or_table,unified_memory_scan,retail_price,retail_price_evidence,direct_visual_or_page_evidence,direct_retail_or_visual_page_evidence,retail_page_level,medium_high,high,candidate_for_strict_audit,pending_step16i,hershey; target,cocoa_chocolate; milk_dairy; packaging; sugar,retail_observation_not_margin; retail_price_varies_by_store_date_promotion; supplier_claim_not_sku_confirmed,"hershey, target / cocoa_chocolate, milk_dairy, packaging, sugar / packaging_wrapper may support observed retail page or price evidence. Use for observed retailer page or price evidence only. Price may vary by store, date, and promotion.","in our dairy 
and cocoa supply chains 
• Improved our carbon accounting and data 
collection capabilities
→Learn more about progress against our GHG goals in Reducing 
Emissions in Our Operations on page 63 and Reducing Emissions 
in Our Value Chain on pages 64-65. 
Robust Data and Accounting
We continue to improve the rigor of our emissions-relate"
EEVID_ca3d63eb97cfe981,packaging_wrapper,hershey_latest_esg_packaging_section.pdf,text_or_table,unified_memory_scan,retail_price,retail_price_evidence,direct_visual_or_page_evidence,direct_retail_or_visual_page_evidence,retail_page_level,medium_high,high,candidate_for_strict_audit,pending_step16i,hershey; target,packaging,benchmark_not_invoice; retail_observation_not_margin; retail_price_varies_by_store_date_promotion; supplier_claim_not_sku_confirmed,"hershey, target / packaging / packaging_wrapper may support observed retail page or price evidence. Use for observed retailer page or price evidence only. Price may vary by store, date, and promotion.","ucts includes fuel and energy-related activities; Co-
manufacturers includes co-packers; Packaging our Products includes upstream transportation emissions for these materials.
Sourcing our 
Ingredients
Manufacturing 
our Products
Packaging 
our Products
Transporting 
our Products 
to Customers
Packaging 
End-of-Life
80.1%
9.3%
6.1%
2.9%
1.6%


--- "
EEVID_ce1c4b334199b29d,packaging_wrapper,hershey_latest_esg_packaging_section.pdf,text_or_table,unified_memory_scan,retail_price,retail_price_evidence,direct_visual_or_page_evidence,direct_retail_or_visual_page_evidence,retail_page_level,medium_high,high,candidate_for_strict_audit,pending_step16i,hershey; target,cocoa_chocolate; milk_dairy; packaging; sugar,retail_observation_not_margin; retail_price_varies_by_store_date_promotion; supplier_claim_not_sku_confirmed,"hershey, target / cocoa_chocolate, milk_dairy, packaging, sugar / packaging_wrapper may support observed retail page or price evidence. Use for observed retailer page or price evidence only. Price may vary by store, date, and promotion.","for the communities 
where they are located.
~80% 
of electricity sourced from 
renewable and zero-emission 
sources in 2023
 Contents
Making Good
Our Company
Cocoa
Responsible Sourcing and Human Rights
Environment
Our People
Youth
Community
About This Report
63
The Hershey Company 2023 ESG Report


--- PAGE 64 ---
Reducing Emissions 
in Our Value "
EEVID_64a7eef12567686a,packaging_wrapper,hershey_latest_esg_packaging_section.pdf,text_or_table,unified_memory_scan,retail_price,retail_price_evidence,direct_visual_or_page_evidence,direct_retail_or_visual_page_evidence,retail_page_level,medium_high,high,candidate_for_strict_audit,pending_step16i,target,cocoa_chocolate; milk_dairy; packaging; sugar,benchmark_not_invoice; retail_observation_not_margin; retail_price_varies_by_store_date_promotion; supplier_claim_not_sku_confirmed,"target / cocoa_chocolate, milk_dairy, packaging, sugar / packaging_wrapper may support observed retail page or price evidence. Use for observed retailer page or price evidence only. Price may vary by store, date, and promotion.","land-use change 
• Partnerships to scale good agricultural practices that 
reduce emissions and mitigate environmental risks 
Roadmaps are progressing from assessment and project 
design phases into pilots and, in some cases, from pilots to 
scaled implementation. 
In 2024, we expect to start seeing benefits from investments 
in satellite monitorin"
EEVID_5e4e02cf538b2d19,packaging_wrapper,hershey_latest_esg_packaging_section.pdf,text_or_table,unified_memory_scan,retail_price,retail_price_evidence,direct_visual_or_page_evidence,direct_retail_or_visual_page_evidence,retail_page_level,medium_high,high,candidate_for_strict_audit,pending_step16i,hershey; target,cocoa_chocolate; packaging,benchmark_not_invoice; retail_observation_not_margin; retail_price_varies_by_store_date_promotion; supplier_claim_not_sku_confirmed,"hershey, target / cocoa_chocolate, packaging / packaging_wrapper may support observed retail page or price evidence. Use for observed retailer page or price evidence only. Price may vary by store, date, and promotion.","roving Farmer Income and Livelihoods on pages 26-27 and 
Sourcing Our Priority Ingredients and Materials on pages 48-52.
Non-FLAG Emissions Mapping
Once approved by the SBTi, we will have targets specific 
to our non-FLAG emissions. We are creating detailed 
roadmaps, starting with the largest elements of our non-
ingredient footprint, such as logi"
EEVID_f5ad5c9470f6cb8d,packaging_wrapper,hershey_latest_esg_packaging_section.pdf,text_or_table,unified_memory_scan,retail_price,retail_price_evidence,direct_visual_or_page_evidence,direct_retail_or_visual_page_evidence,retail_page_level,medium_high,high,candidate_for_strict_audit,pending_step16i,hershey; target,cocoa_chocolate; milk_dairy,retail_observation_not_margin; retail_price_varies_by_store_date_promotion; supplier_claim_not_sku_confirmed,"hershey, target / cocoa_chocolate, milk_dairy / packaging_wrapper may support observed retail page or price evidence. Use for observed retailer page or price evidence only. Price may vary by store, date, and promotion.","manufacturing 
processes. Water is an issue of double materiality for 
Hershey. We fully understand how critical it is to steward 
water responsibly. Access to water and sanitation 
is a human right. We strive to manage our facilities 
and supply chain to protect supplies of clean water. 
Hershey Water Journey 
Hershey facilities compete for water "
EEVID_710b8e47faacd5f4,packaging_wrapper,hershey_latest_esg_packaging_section.pdf,text_or_table,unified_memory_scan,retail_price,retail_price_evidence,direct_visual_or_page_evidence,direct_retail_or_visual_page_evidence,retail_page_level,medium_high,high,candidate_for_strict_audit,pending_step16i,hershey; target,,retail_observation_not_margin; retail_price_varies_by_store_date_promotion; supplier_claim_not_sku_confirmed,"hershey, target / packaging_wrapper may support observed retail page or price evidence. Use for observed retailer page or price evidence only. Price may vary by store, date, and promotion.","climate-nature-water 
connection
1
Water Stewardship, United Nations Global Compact.
2
The methodology for this calculation is based on mass of ingredients sourced 
and the Aqueduct Water Risk Atlas and WWF Water Risk Filter. This 
assessment was first completed for Hershey’s food ingredients in 2021 and 
refreshed in 2023.


--- PAGE 68 ---
Water:"
EEVID_ea3f24ae07d0fe9b,packaging_wrapper,hershey_latest_esg_packaging_section.pdf,text_or_table,unified_memory_scan,retail_price,retail_price_evidence,direct_visual_or_page_evidence,direct_retail_or_visual_page_evidence,retail_page_level,medium_high,high,candidate_for_strict_audit,pending_step16i,hershey; target,milk_dairy,retail_observation_not_margin; retail_price_varies_by_store_date_promotion; supplier_claim_not_sku_confirmed,"hershey, target / milk_dairy / packaging_wrapper may support observed retail page or price evidence. Use for observed retailer page or price evidence only. Price may vary by store, date, and promotion.","Facilitating integration of visibility and accountability 
into our business to drive results, making data available, 
understanding usage patterns, securing investments 
and engaging teams to find opportunities
Champions at Hershey manufacturing locations rally their 
teams to implement projects, meet conservation goals 
and find further reduction"
EEVID_82eb90540e425a21,packaging_wrapper,hershey_latest_esg_packaging_section.pdf,text_or_table,unified_memory_scan,retail_price,retail_price_evidence,direct_visual_or_page_evidence,direct_retail_or_visual_page_evidence,retail_page_level,medium_high,high,candidate_for_strict_audit,pending_step16i,hershey; target,cocoa_chocolate; milk_dairy,retail_observation_not_margin; retail_price_varies_by_store_date_promotion; supplier_claim_not_sku_confirmed,"hershey, target / cocoa_chocolate, milk_dairy / packaging_wrapper may support observed retail page or price evidence. Use for observed retailer page or price evidence only. Price may vary by store, date, and promotion.","o work with others. The 
collaborative Sustainable Dairy PA initiative is an excellent 
example, with the pilot already improving water quality 
and more impact to come as the program scales. We are 
also exploring what other interventions might most 
improve water quality of the bay.
→For more details on Expanding Dairy Initiatives, see page 65.
W"
EEVID_2d0cd8058624a6ab,packaging_wrapper,hershey_latest_esg_packaging_section.pdf,text_or_table,unified_memory_scan,retail_price,retail_price_evidence,direct_visual_or_page_evidence,direct_retail_or_visual_page_evidence,retail_page_level,medium_high,high,candidate_for_strict_audit,pending_step16i,hershey; target,,retail_observation_not_margin; retail_price_varies_by_store_date_promotion; supplier_claim_not_sku_confirmed,"hershey, target / packaging_wrapper may support observed retail page or price evidence. Use for observed retailer page or price evidence only. Price may vary by store, date, and promotion.","coa
Responsible Sourcing and Human Rights
Environment
Our People
Youth
Community
About This Report
68
The Hershey Company 2023 ESG Report
1
Due to lower production volumes in 2023, we haven’t seen the same improvement 
in water intensity even though Hershey used less water in 2023 compared to 2022.


--- PAGE 69 ---
The Significance of Biodiversity"
EEVID_415cffe630728c8a,packaging_wrapper,hershey_latest_esg_packaging_section.pdf,text_or_table,unified_memory_scan,retail_price,retail_price_evidence,direct_visual_or_page_evidence,direct_retail_or_visual_page_evidence,retail_page_level,medium_high,high,candidate_for_strict_audit,pending_step16i,hershey; target,cocoa_chocolate; milk_dairy,benchmark_not_invoice; retail_observation_not_margin; retail_price_varies_by_store_date_promotion; supplier_claim_not_sku_confirmed,"hershey, target / cocoa_chocolate, milk_dairy / packaging_wrapper may support observed retail page or price evidence. Use for observed retailer page or price evidence only. Price may vary by store, date, and promotion.","on, forest degradation and natural 
ecosystem conversion remain major global challenges 
with far-reaching implications for future generations. 
As detailed in our updated Deforestation and Conversion-
free Policy, we accelerated the target date to eliminate 
deforestation from our supply chain by five years to 2025. 
This recognizes both the urgen"
EEVID_cd549f0cff9bf534,packaging_wrapper,hershey_latest_esg_packaging_section.pdf,text_or_table,unified_memory_scan,retail_price,retail_price_evidence,direct_visual_or_page_evidence,direct_retail_or_visual_page_evidence,retail_page_level,medium_high,high,candidate_for_strict_audit,pending_step16i,hershey; target,cocoa_chocolate; packaging,retail_observation_not_margin; retail_price_varies_by_store_date_promotion; supplier_claim_not_sku_confirmed,"hershey, target / cocoa_chocolate, packaging / packaging_wrapper may support observed retail page or price evidence. Use for observed retailer page or price evidence only. Price may vary by store, date, and promotion.","material 
by eliminating, redesigning and reducing packaging. 
Beyond consumer packaging, we constantly seek ways to 
reduce secondary, transport and retail display packaging, 
investing in designs that make distribution more efficient. 
That means fewer trucks on the road and a significant 
contribution toward our Scope 3 GHG emissions targets.
Im"
EEVID_4a6dba6b0153c7f7,packaging_wrapper,hershey_latest_esg_packaging_section.pdf,text_or_table,unified_memory_scan,retail_price,retail_price_evidence,direct_visual_or_page_evidence,direct_retail_or_visual_page_evidence,retail_page_level,medium_high,high,candidate_for_strict_audit,pending_step16i,hershey; target,cocoa_chocolate; packaging,benchmark_not_invoice; retail_observation_not_margin; retail_price_varies_by_store_date_promotion; supplier_claim_not_sku_confirmed,"hershey, target / cocoa_chocolate, packaging / packaging_wrapper may support observed retail page or price evidence. Use for observed retailer page or price evidence only. Price may vary by store, date, and promotion.","te from landfill. They repurpose it as 
an input for livestock feed, relying less on crops and 
the resources needed to grow them. The stock feed 
is added to nutrient-dense dry feed ingredients 
where it is specially fine tuned for nutritional value 
and quality control. 
This collaboration directly circles our food waste 
back into our supply cha"
EEVID_71cad86e0165e10c,packaging_wrapper,hershey_latest_esg_packaging_section.pdf,text_or_table,unified_memory_scan,retail_price,retail_price_evidence,direct_visual_or_page_evidence,direct_retail_or_visual_page_evidence,retail_page_level,medium_high,high,candidate_for_strict_audit,pending_step16i,hershey; target,cocoa_chocolate; packaging,benchmark_not_invoice; retail_observation_not_margin; retail_price_varies_by_store_date_promotion; supplier_claim_not_sku_confirmed,"hershey, target / cocoa_chocolate, packaging / packaging_wrapper may support observed retail page or price evidence. Use for observed retailer page or price evidence only. Price may vary by store, date, and promotion.","fit the community 
and strengthen the company’s 
reputation, contributing to 
a more sustainable world. 
For me, this means aligning 
myself with a purpose, and 
having the possibility to make 
a difference through initiatives 
that have a positive impact on 
the environment and society.” 
Elisama Justo, Brazil Green Team Leader, 
The Hershey Compa"
EEVID_bb9a05af39883a06,packaging_wrapper,hershey_latest_esg_packaging_section.pdf,text_or_table,unified_memory_scan,retail_price,retail_price_evidence,direct_visual_or_page_evidence,direct_retail_or_visual_page_evidence,retail_page_level,medium_high,high,candidate_for_strict_audit,pending_step16i,target,,retail_observation_not_margin; retail_price_varies_by_store_date_promotion,"target / packaging_wrapper may support observed retail page or price evidence. Use for observed retailer page or price evidence only. Price may vary by store, date, and promotion.","rtunity to improve perceived equity, primarily 
through increased transparency and candid career 
conversations. Demographic breakdowns show trends 
highly consistent with enterprise-level results.
→For Employee Engagement data, see pages 98-99.
Pay Equity
We are strongly committed to providing equal pay for 
equal work. Achieving pay equity by gen"
EEVID_da199bac3d767651,packaging_wrapper,hershey_latest_esg_packaging_section.pdf,text_or_table,unified_memory_scan,retail_price,retail_price_evidence,direct_visual_or_page_evidence,direct_retail_or_visual_page_evidence,retail_page_level,medium_high,high,candidate_for_strict_audit,pending_step16i,hershey; target,,retail_observation_not_margin; retail_price_varies_by_store_date_promotion,"hershey, target / packaging_wrapper may support observed retail page or price evidence. Use for observed retailer page or price evidence only. Price may vary by store, date, and promotion.","nts 
and training it comprises.
In 2023, following initial implementation of the new 
system and as part of our robust system of risk 
assessments and internal audits, our EHS team evaluated 
Hershey sites for their safety culture and compliance with 
procedures. They assessed 80% of sites, and identified 
opportunities to improve, creating a plan "
EEVID_02a366505fc427aa,packaging_wrapper,hershey_latest_esg_packaging_section.pdf,text_or_table,unified_memory_scan,retail_price,retail_price_evidence,direct_visual_or_page_evidence,direct_retail_or_visual_page_evidence,retail_page_level,medium_high,high,candidate_for_strict_audit,pending_step16i,hershey; target,cocoa_chocolate,benchmark_not_invoice; retail_observation_not_margin; retail_price_varies_by_store_date_promotion; supplier_claim_not_sku_confirmed,"hershey, target / cocoa_chocolate / packaging_wrapper may support observed retail page or price evidence. Use for observed retailer page or price evidence only. Price may vary by store, date, and promotion.","do we!
 Contents
Making Good
Our Company
Cocoa
Responsible Sourcing and Human Rights
Environment
Our People
Youth
Community
About This Report
89
The Hershey Company 2023 ESG Report
Material ESG issue:
• Diversity, Equity and Inclusion (DEI)
Salient Human Rights Issue:
• Gender and social inequality


--- PAGE 90 ---
More Pathways to JOIN 
We find c"
EEVID_292cfe6523941191,packaging_wrapper,hershey_latest_esg_packaging_section.pdf,text_or_table,unified_memory_scan,retail_price,retail_price_evidence,direct_visual_or_page_evidence,direct_retail_or_visual_page_evidence,retail_page_level,medium_high,high,candidate_for_strict_audit,pending_step16i,hershey; target,cocoa_chocolate,benchmark_not_invoice; retail_observation_not_margin; retail_price_varies_by_store_date_promotion; supplier_claim_not_sku_confirmed,"hershey, target / cocoa_chocolate / packaging_wrapper may support observed retail page or price evidence. Use for observed retailer page or price evidence only. Price may vary by store, date, and promotion.","work experiences, 
returning to chocolate town 
has been sweet.”
Brock Romano, Specialist, Procurement, 
The Hershey Company
 Contents
Making Good
Our Company
Cocoa
Responsible Sourcing and Human Rights
Environment
Our People
Youth
Community
About This Report
90
The Hershey Company 2023 ESG Report


--- PAGE 91 ---
More Pathways to JOIN
continued
V"
EEVID_8c3ee713f4fdeb5b,packaging_wrapper,hershey_latest_esg_packaging_section.pdf,text_or_table,unified_memory_scan,retail_price,retail_price_evidence,direct_visual_or_page_evidence,direct_retail_or_visual_page_evidence,retail_page_level,medium_high,high,candidate_for_strict_audit,pending_step16i,hershey; target,cocoa_chocolate,benchmark_not_invoice; retail_observation_not_margin; retail_price_varies_by_store_date_promotion; supplier_claim_not_sku_confirmed,"hershey, target / cocoa_chocolate / packaging_wrapper may support observed retail page or price evidence. Use for observed retailer page or price evidence only. Price may vary by store, date, and promotion.","mpany
Cocoa
Responsible Sourcing and Human Rights
Environment
Our People
Youth
Community
About This Report
91
The Hershey Company 2023 ESG Report
1
Diverse spend includes formal industry-recognized certification and self-
certification, and Tier 1 and Tier 2 spend. Diverse suppliers refers to businesses 
that are 51% owned, managed and controlled b"
EEVID_0f0d9b206546d2f7,packaging_wrapper,hershey_latest_esg_packaging_section.pdf,text_or_table,unified_memory_scan,retail_price,retail_price_evidence,direct_visual_or_page_evidence,direct_retail_or_visual_page_evidence,retail_page_level,medium_high,high,candidate_for_strict_audit,pending_step16i,hershey; target,cocoa_chocolate,retail_observation_not_margin; retail_price_varies_by_store_date_promotion; supplier_claim_not_sku_confirmed,"hershey, target / cocoa_chocolate / packaging_wrapper may support observed retail page or price evidence. Use for observed retailer page or price evidence only. Price may vary by store, date, and promotion.","by lively reverse-mentorship meetings where 
the young women advised Hershey leaders on issues 
important to them.
 Contents
Making Good
Our Company
Cocoa
Responsible Sourcing and Human Rights
Environment
Our People
Youth
Community
About This Report
94
The Hershey Company 2023 ESG Report
CASE STUDY


--- PAGE 95 ---
Our Progress
Our People
Target Y"
EEVID_eb531a963ac2d85c,packaging_wrapper,hershey_latest_esg_packaging_section.pdf,text_or_table,unified_memory_scan,retail_price,retail_price_evidence,direct_visual_or_page_evidence,direct_retail_or_visual_page_evidence,retail_page_level,medium_high,high,candidate_for_strict_audit,pending_step16i,hershey; target,,retail_observation_not_margin; retail_price_varies_by_store_date_promotion; supplier_claim_not_sku_confirmed,"hershey, target / packaging_wrapper may support observed retail page or price evidence. Use for observed retailer page or price evidence only. Price may vary by store, date, and promotion.","0 students. 
We build on that relationship, adding programs that 
connect with MHS students and staff. We have taken 
a number of steps to support alumni and students with 
the kind of skills and experience that contribute to 
generational change. In 2023, we significantly grew the 
formal talent pipeline partnership with MHS, originally 
created i"
EEVID_603353448eb1ee4c,packaging_wrapper,hershey_latest_esg_packaging_section.pdf,text_or_table,unified_memory_scan,retail_price,retail_price_evidence,direct_visual_or_page_evidence,direct_retail_or_visual_page_evidence,retail_page_level,medium_high,high,candidate_for_strict_audit,pending_step16i,hershey; target,cocoa_chocolate,retail_observation_not_margin; retail_price_varies_by_store_date_promotion; supplier_claim_not_sku_confirmed,"hershey, target / cocoa_chocolate / packaging_wrapper may support observed retail page or price evidence. Use for observed retailer page or price evidence only. Price may vary by store, date, and promotion.","at 
I have learned to work even 
more efficiently and safely.”
Allen Snyder, MHS student and 
Pre-Apprenticeship participant
 Contents
Making Good
Our Company
Cocoa
Responsible Sourcing and Human Rights
Environment
Our People
Youth
Community
About This Report
106
The Hershey Company 2023 ESG Report


--- PAGE 107 ---
Our Progress
Youth
Target Year
"
EEVID_e922522290ee7109,packaging_wrapper,hershey_latest_esg_packaging_section.pdf,text_or_table,unified_memory_scan,retail_price,retail_price_evidence,direct_visual_or_page_evidence,direct_retail_or_visual_page_evidence,retail_page_level,medium_high,high,candidate_for_strict_audit,pending_step16i,hershey; target,cocoa_chocolate,benchmark_not_invoice; retail_observation_not_margin; retail_price_varies_by_store_date_promotion; supplier_claim_not_sku_confirmed,"hershey, target / cocoa_chocolate / packaging_wrapper may support observed retail page or price evidence. Use for observed retailer page or price evidence only. Price may vary by store, date, and promotion.","$400,000 
for CMN, bringing our fundraising total to more 
than $7 million since our employees first began 
hosting events. 
 Contents
Making Good
Our Company
Cocoa
Responsible Sourcing and Human Rights
Environment
Our People
Youth
Community
About This Report
112
The Hershey Company 2023 ESG Report


--- PAGE 113 ---
Our Progress
Community
Target Y"
EEVID_7e498169914177f6,packaging_wrapper,hershey_latest_esg_packaging_section.pdf,text_or_table,unified_memory_scan,retail_price,retail_price_evidence,direct_visual_or_page_evidence,direct_retail_or_visual_page_evidence,retail_page_level,medium_high,high,candidate_for_strict_audit,pending_step16i,hershey; target,cocoa_chocolate,benchmark_not_invoice; retail_observation_not_margin; retail_price_varies_by_store_date_promotion; supplier_claim_not_sku_confirmed,"hershey, target / cocoa_chocolate / packaging_wrapper may support observed retail page or price evidence. Use for observed retailer page or price evidence only. Price may vary by store, date, and promotion.","communities.
4
The 2023 Good to Give Back campaign offered more volunteer opportunities due to lifted pandemic restrictions.
 Contents
Making Good
Our Company
Cocoa
Responsible Sourcing and Human Rights
Environment
Our People
Youth
Community
About This Report
113
The Hershey Company 2023 ESG Report


--- PAGE 114 ---
About This Report
Hershey’s 202"
EEVID_388ef2736bd05d0b,packaging_wrapper,hershey_latest_esg_packaging_section.pdf,text_or_table,unified_memory_scan,retail_price,retail_price_evidence,direct_visual_or_page_evidence,direct_retail_or_visual_page_evidence,retail_page_level,medium_high,high,candidate_for_strict_audit,pending_step16i,hershey; target,,benchmark_not_invoice; retail_observation_not_margin; retail_price_varies_by_store_date_promotion,"hershey, target / packaging_wrapper may support observed retail page or price evidence. Use for observed retailer page or price evidence only. Price may vary by store, date, and promotion.","believe,” “continue,” “estimate,” “expect,” 
“forecast,” “future,” “intend,” “plan,” “potential,” “predict,” 
“project,” “strategy,” “target” and similar terms, and future 
or conditional tense verbs like “could,” “may,” “might,” 
“should,” “will” and “would,” among others.
These forward-looking statements reflect our current 
assumptions and expec"
EEVID_07e0850b29f0ff33,packaging_wrapper,paperboard_packaging_market_overview_reference.pdf,visual_ocr,unified_memory_scan,retail_price,retail_price_evidence,direct_visual_or_page_evidence,direct_retail_or_visual_page_evidence,retail_page_level,medium_high,high,candidate_for_strict_audit,pending_step16i,target,packaging,benchmark_not_invoice; ocr_text_requires_visual_confidence_review; retail_observation_not_margin; retail_price_varies_by_store_date_promotion; supplier_claim_not_sku_confirmed,"target / packaging / packaging_wrapper may support observed retail page or price evidence. Use for observed retailer page or price evidence only. Price may vary by store, date, and promotion.","nd), Smurfit Kappa (Ireland), and Oji Holdings Corporation (Japan) are leading
companies of the paper and paperboard packaging market. These companies are pursuing both organic and inorganic growth strategies,
such as product launches, acquisitions, and expansions, to increase their market presence.

The paper & paperboard packaging market is expec"
EEVID_2cb2bee04999ca5e,pgpr,pgpr_market_overview_reference.pdf,text_or_table,unified_memory_scan,retail_price,retail_price_evidence,direct_visual_or_page_evidence,direct_retail_or_visual_page_evidence,retail_page_level,medium_high,high,candidate_for_strict_audit,pending_step16i,target,milk_dairy; natural_flavor; pgpr,benchmark_not_invoice; retail_observation_not_margin; retail_price_varies_by_store_date_promotion; supplier_claim_not_sku_confirmed,"target / milk_dairy, natural_flavor, pgpr / pgpr may support observed retail page or price evidence. Use for observed retailer page or price evidence only. Price may vary by store, date, and promotion.","and for texture-modifying and 
stabilizing agents, with PGPR emerging as a preferred choice due to its superior 
emulsifying properties and cost-effectiveness. The beverage industry is also 
incorporating PGPR to improve dispersion and stability in flavored drinks and 
nutritional supplements. As consumers seek premium experiences in taste and 
app"
EEVID_c37f26f06f342575,pgpr,pgpr_market_overview_reference.pdf,text_or_table,unified_memory_scan,retail_price,retail_price_evidence,direct_visual_or_page_evidence,direct_retail_or_visual_page_evidence,retail_page_level,medium_high,high,candidate_for_strict_audit,pending_step16i,target,pgpr,benchmark_not_invoice; retail_observation_not_margin; retail_price_varies_by_store_date_promotion; supplier_claim_not_sku_confirmed,"target / pgpr / pgpr may support observed retail page or price evidence. Use for observed retailer page or price evidence only. Price may vary by store, date, and promotion.","mpetitive landscape is evolving rapidly, with new 
entrants leveraging advanced technologies and agile business models to disrupt 
established supply chains. Strategic collaborations, mergers, and acquisitions are 
common, as companies seek to expand their product portfolios, access new 
markets, and achieve economies of scale. 
Innovation-based di"
EEVID_184d76daa5934bc6,pgpr,pgpr_market_overview_reference.pdf,text_or_table,unified_memory_scan,retail_price,retail_price_evidence,direct_visual_or_page_evidence,direct_retail_or_visual_page_evidence,retail_page_level,medium_high,high,candidate_for_strict_audit,pending_step16i,target,pgpr,benchmark_not_invoice; retail_observation_not_margin; retail_price_varies_by_store_date_promotion; supplier_claim_not_sku_confirmed,"target / pgpr / pgpr may support observed retail page or price evidence. Use for observed retailer page or price evidence only. Price may vary by store, date, and promotion.","maintain an edge through superior 
resources, established distribution networks, and strong relationships with 
multinational food processors. 
New entrants are disrupting the market by introducing sustainable, clean-label, 
and specialty PGPR products, targeting unmet needs in vegan, organic, and


--- PAGE 8 ---
allergen-free food segments. These"
EEVID_4fe6cfce4ff96373,retail_price_evidence,walgreens_hershey_1_55oz_price_page.pdf,visual_ocr,unified_memory_scan,retail_price,retail_price_evidence,direct_visual_or_page_evidence,direct_retail_or_visual_page_evidence,retail_page_level,medium_high,high,candidate_for_strict_audit,pending_step16i,hershey; walgreens,cocoa_chocolate; milk_dairy,benchmark_not_invoice; ocr_text_requires_visual_confidence_review; retail_observation_not_margin; retail_price_varies_by_store_date_promotion,"hershey, walgreens / cocoa_chocolate, milk_dairy / retail_price_evidence may support observed retail page or price evidence. Use for observed retailer page or price evidence only. Price may vary by store, date, and promotion.","--- VISUAL OCR PAGE 1: page_001.png ---
20% OFF $50+ sitewide* with code SPRING20 50% OFF Everything Photo Get $15 in rewards* on $45 select P&G products
w { Search Q ) © 668 Farmington Ave, West Hart... & Accot
harmacyY HealthServicesy ShopY Savingsy Photoy FinancialServicesy Weekly Ad _ Vaccinations

Home > Shop > Grocery & Beverages > Candy & Ch"
EEVID_6f0059f6125ed9e0,sugar,asr_fy23_sustainability_report.pdf,text_or_table,unified_memory_scan,retail_price,retail_price_evidence,direct_visual_or_page_evidence,direct_retail_or_visual_page_evidence,retail_page_level,medium_high,high,candidate_for_strict_audit,pending_step16i,asr; target,packaging,retail_observation_not_margin; retail_price_varies_by_store_date_promotion; supplier_claim_not_sku_confirmed,"asr, target / packaging / sugar may support observed retail page or price evidence. Use for observed retailer page or price evidence only. Price may vary by store, date, and promotion.","upply Chain
Employee and Community 
Engagement
Governance, Communication 
and Reporting
Closing
Appendix
EXECUTIVE SUMMARY
Since we published our FY22 Sustainability Report, 
we’ve continued to strive to better understand our 
influence on the world around us.
4
ASR Group Sustainability Report 2023


--- PAGE 5 ---
Executive 
Summary
About ASR 
Gro"
EEVID_f7ed1cac37dea25f,sugar,asr_fy23_sustainability_report.pdf,text_or_table,unified_memory_scan,retail_price,retail_price_evidence,direct_visual_or_page_evidence,direct_retail_or_visual_page_evidence,retail_page_level,medium_high,high,candidate_for_strict_audit,pending_step16i,asr; target,sugar,retail_observation_not_margin; retail_price_varies_by_store_date_promotion; supplier_claim_not_sku_confirmed,"asr, target / sugar / sugar may support observed retail page or price evidence. Use for observed retailer page or price evidence only. Price may vary by store, date, and promotion.","nservation 
and Circularity
Sustainable 
Agriculture
Sustainable and 
Ethical Supply Chain
Employee and Community 
Engagement
Governance, Communication 
and Reporting
Closing
Appendix
We aim to be the lowest carbon 
sugar company in the world.
DECARBONIZATION
21
ASR Group Sustainability Report 2023


--- PAGE 22 ---
Executive 
Summary
About ASR 
Gr"
EEVID_dd0c984d18a86382,sugar,asr_fy23_sustainability_report.pdf,text_or_table,unified_memory_scan,retail_price,retail_price_evidence,direct_visual_or_page_evidence,direct_retail_or_visual_page_evidence,retail_page_level,medium_high,high,candidate_for_strict_audit,pending_step16i,asr; target,,retail_observation_not_margin; retail_price_varies_by_store_date_promotion; supplier_claim_not_sku_confirmed,"asr, target / sugar may support observed retail page or price evidence. Use for observed retailer page or price evidence only. Price may vary by store, date, and promotion.","process reconfiguration efforts: large-scale carbon 
economy transitions with known but not yet integrated innovations
• Green our energy mixes
• Employ innovative technologies
• Use alternative fuel sources for operations and transport fleet
• Implement waste circularity programs
• Prioritize low-carbon supply chain partners, including material 
s"
EEVID_bc0f86527fa04ede,sugar,asr_fy23_sustainability_report.pdf,text_or_table,unified_memory_scan,retail_price,retail_price_evidence,direct_visual_or_page_evidence,direct_retail_or_visual_page_evidence,retail_page_level,medium_high,high,candidate_for_strict_audit,pending_step16i,asr; target,,retail_observation_not_margin; retail_price_varies_by_store_date_promotion; supplier_claim_not_sku_confirmed,"asr, target / sugar may support observed retail page or price evidence. Use for observed retailer page or price evidence only. Price may vary by store, date, and promotion.","support our decarbonization 
efforts, we publicly declared our ambitions with the Science Based Targets Initiative (SBTi). Per the initiative’s 
expectations, we are working to validate our target commitments, and are awaiting a review meeting with 
CDP that is scheduled for July 2024.
23
ASR Group Sustainability Report 2023


--- PAGE 24 ---
Execu"
EEVID_1acd4730fddddb52,sugar,asr_fy23_sustainability_report.pdf,text_or_table,unified_memory_scan,retail_price,retail_price_evidence,direct_visual_or_page_evidence,direct_retail_or_visual_page_evidence,retail_page_level,medium_high,high,candidate_for_strict_audit,pending_step16i,asr; target,sugar,retail_observation_not_margin; retail_price_varies_by_store_date_promotion; supplier_claim_not_sku_confirmed,"asr, target / sugar / sugar may support observed retail page or price evidence. Use for observed retailer page or price evidence only. Price may vary by store, date, and promotion.","neries: 
• Stationary fuel use for process steam generation, downstream wastewater 
treatment needs, energy required for ingredient supplies and solid waste 
treatment​.
• Embodied carbon from purchased goods and services, employee commute, 
business travel, and capital goods.
Our carbon emissions originate from:
6 Not all categories of scope 3 inf"
EEVID_cd6f0d9f531de7d9,sugar,asr_fy23_sustainability_report.pdf,text_or_table,unified_memory_scan,retail_price,retail_price_evidence,direct_visual_or_page_evidence,direct_retail_or_visual_page_evidence,retail_page_level,medium_high,high,candidate_for_strict_audit,pending_step16i,asr; target,,retail_observation_not_margin; retail_price_varies_by_store_date_promotion,"asr, target / sugar may support observed retail page or price evidence. Use for observed retailer page or price evidence only. Price may vary by store, date, and promotion.","oward this reduction goal as we implement energy efficiency projects. These projects enable us to produce our previous product volumes using less energy and are crucial to reduce CO2 
emissions. Alongside these projects, we adopted energy-management practices that optimize our assets’ energy usage and apply technical actions according to the best e"
EEVID_05b22e65777d2581,sugar,asr_fy23_sustainability_report.pdf,text_or_table,unified_memory_scan,retail_price,retail_price_evidence,direct_visual_or_page_evidence,direct_retail_or_visual_page_evidence,retail_page_level,medium_high,high,candidate_for_strict_audit,pending_step16i,asr; target,sugar,retail_observation_not_margin; retail_price_varies_by_store_date_promotion; supplier_claim_not_sku_confirmed,"asr, target / sugar / sugar may support observed retail page or price evidence. Use for observed retailer page or price evidence only. Price may vary by store, date, and promotion.","lifornia purchased continued to be green through 
its participation in the Marin Clean Energy’s Light Green 
Electricity program.
Renewable Electricity in Our Operations
FY 19
FY 20
FY 21
50
40
60
30
20
FY 22
Percentage
% Green Electricity Generated
70
60%
57%
54%
57%
FY 23
54%
FY 19
FY 20
FY 21
50
40
60
30
20
FY 22
% Green Electricity Purchased
70"
EEVID_5d6b0d3e0cbd20bb,sugar,asr_fy23_sustainability_report.pdf,text_or_table,unified_memory_scan,retail_price,retail_price_evidence,direct_visual_or_page_evidence,direct_retail_or_visual_page_evidence,retail_page_level,medium_high,high,candidate_for_strict_audit,pending_step16i,asr; target,sugar,benchmark_not_invoice; retail_observation_not_margin; retail_price_varies_by_store_date_promotion; supplier_claim_not_sku_confirmed,"asr, target / sugar / sugar may support observed retail page or price evidence. Use for observed retailer page or price evidence only. Price may vary by store, date, and promotion.","artWay Partner 
Peers, which is 87% of freight through SmartWay carriers. 
Furthermore, our carbon efficiency attributable to road freight 
continues to increase. By continuously raising awareness of the 
program to our fright partners, our total SmartWay carrier pool grew 
from 46 to 63 participants over the past year. Their participation in the 
"
EEVID_ef73f48cfbf7d81a,sugar,asr_fy23_sustainability_report.pdf,text_or_table,unified_memory_scan,retail_price,retail_price_evidence,direct_visual_or_page_evidence,direct_retail_or_visual_page_evidence,retail_page_level,medium_high,high,candidate_for_strict_audit,pending_step16i,asr; target,,retail_observation_not_margin; retail_price_varies_by_store_date_promotion; supplier_claim_not_sku_confirmed,"asr, target / sugar may support observed retail page or price evidence. Use for observed retailer page or price evidence only. Price may vary by store, date, and promotion.","ategy
FY 22
FY 23
FY 24
FY 25
FY 26
FY 27
FY 28
FY 29
millions of gallons of water
FY 30
FY 30 Goal
Site 1
Site 3
Site 2
500
2,898
2,290
1,751
78
41
23
7
FY 21
2,205
2,288
FY 31
FY 32
FY 33
FY 34
FY 35
FY 36
FY 37
FY 38
FY 39
FY 40
52
206
87
39
194
112
Site 4
Site 5
Site 6
Site 7
98
44
ASR Group Sustainability Report 2023


--- PAGE 45 ---
Executiv"
EEVID_6157d40bc1a926c3,sugar,asr_fy23_sustainability_report.pdf,text_or_table,unified_memory_scan,retail_price,retail_price_evidence,direct_visual_or_page_evidence,direct_retail_or_visual_page_evidence,retail_page_level,medium_high,high,candidate_for_strict_audit,pending_step16i,asr; target,,retail_observation_not_margin; retail_price_varies_by_store_date_promotion; supplier_claim_not_sku_confirmed,"asr, target / sugar may support observed retail page or price evidence. Use for observed retailer page or price evidence only. Price may vary by store, date, and promotion.",", or recycling.
We conducted a comprehensive analysis of our FY23 waste profile. The waste we 
generate accounts for a mere 0.25% of all materials that leave our facilities. This waste 
is composed of recycling, converted to energy materials, and directed to landfills. Our 
production constitutes 83.7% of our outbound materials, while beneficial re"
EEVID_795454ee4061420a,sugar,asr_fy23_sustainability_report.pdf,text_or_table,unified_memory_scan,retail_price,retail_price_evidence,direct_visual_or_page_evidence,direct_retail_or_visual_page_evidence,retail_page_level,medium_high,high,candidate_for_strict_audit,pending_step16i,asr; target,sugar,retail_observation_not_margin; retail_price_varies_by_store_date_promotion; supplier_claim_not_sku_confirmed,"asr, target / sugar / sugar may support observed retail page or price evidence. Use for observed retailer page or price evidence only. Price may vary by store, date, and promotion.","s in the 
U.K. These regulations determine the countries from which we can source sugar and permitted volumes. Click each country on the map below to learn where our sugar comes 
from and where it goes. 
click each country to learn where 
our sugar comes from
68
ASR Group Sustainability Report 2023


--- PAGE 69 ---
Executive 
Summary
About ASR 
Gr"
EEVID_3e889177b06601fa,sugar,asr_fy23_sustainability_report.pdf,text_or_table,unified_memory_scan,retail_price,retail_price_evidence,direct_visual_or_page_evidence,direct_retail_or_visual_page_evidence,retail_page_level,medium_high,high,candidate_for_strict_audit,pending_step16i,asr; target,,benchmark_not_invoice; retail_observation_not_margin; retail_price_varies_by_store_date_promotion; supplier_claim_not_sku_confirmed,"asr, target / sugar may support observed retail page or price evidence. Use for observed retailer page or price evidence only. Price may vary by store, date, and promotion.","ates on climate and other sustainability 
matters throughout the year from our CSO. 
These matters are discussed at the quarterly Executive Management Committee 
meeting and with the Board of Directors.
18 See Materiality Assessment section.
Alejandro Londoño
99
ASR Group Sustainability Report 2023


--- PAGE 100 ---
Executive 
Summary
About ASR 
G"
EEVID_2426c2abe9443d87,sugar,asr_fy23_sustainability_report.pdf,text_or_table,unified_memory_scan,retail_price,retail_price_evidence,direct_visual_or_page_evidence,direct_retail_or_visual_page_evidence,retail_page_level,medium_high,high,candidate_for_strict_audit,pending_step16i,asr; target,,retail_observation_not_margin; retail_price_varies_by_store_date_promotion; supplier_claim_not_sku_confirmed,"asr, target / sugar may support observed retail page or price evidence. Use for observed retailer page or price evidence only. Price may vary by store, date, and promotion.","ublicly committed to the Science Based Targets 
Initiative (SBTi) and submitted both interim and long-term decarbonization objectives for 
verification in late 2023. Finally, ASR Group implemented several third-party verification 
programs - including SMETA 4-Pilar audits and GreenCircle Certified Sustainability Facts 
label – and is pursuing an ex"
EEVID_26a67918e52cb499,sugar,asr_fy23_sustainability_report.pdf,text_or_table,unified_memory_scan,retail_price,retail_price_evidence,direct_visual_or_page_evidence,direct_retail_or_visual_page_evidence,retail_page_level,medium_high,high,candidate_for_strict_audit,pending_step16i,asr; target,,retail_observation_not_margin; retail_price_varies_by_store_date_promotion; supplier_claim_not_sku_confirmed,"asr, target / sugar may support observed retail page or price evidence. Use for observed retailer page or price evidence only. Price may vary by store, date, and promotion.","About ASR 
Group
Vision and 
Strategy
Decarbonization
Resource Conservation 
and Circularity
Sustainable 
Agriculture
Sustainable and 
Ethical Supply Chain
Employee and Community 
Engagement
Governance, Communication 
and Reporting
Closing
Appendix
APPENDIX
106
ASR Group Sustainability Report 2023


--- PAGE 107 ---
Executive 
Summary
About ASR 
Gr"
EEVID_3ddf0c3e52101742,cocoa_chocolate_cocoa_butter,Cocoa-The-Hershey-Company-05-06-2026_02_25_PM.pdf,visual_ocr,unified_memory_scan,ingredient_confirmation,ingredient_or_label_evidence,company_level_relationship_evidence,company_level_confirmed,company_level_only,medium,high,candidate_for_strict_audit,pending_step16i,hershey,cocoa_chocolate,do_not_claim_sku_level_supplier; ocr_text_requires_visual_confidence_review; supplier_claim_not_sku_confirmed,"hershey / cocoa_chocolate / cocoa_chocolate_cocoa_butter may support ingredient, label, or product identity evidence. Use only as company-level relationship evidence. Do not claim exact 1.55 oz SKU allocation.","arning recommendations
to enhance the ettectiveness and sustainability ot HIAP. Discover how we are turning insights into
action.
Hershey Income Accelerator Progress Briefing - (English, French)
e e 9 e
Supporting Children’s Well-being
Hershey works with many stakeholders to seek the opportunities children deserve.
:
Educational Infrastructure Inve"
EEVID_fdbad482606b2296,cocoa_chocolate_cocoa_butter,Cocoa-The-Hershey-Company-05-06-2026_02_25_PM.pdf,visual_ocr,unified_memory_scan,ingredient_confirmation,ingredient_or_label_evidence,company_level_relationship_evidence,company_level_confirmed,company_level_only,medium,high,candidate_for_strict_audit,pending_step16i,hershey,cocoa_chocolate,benchmark_not_invoice; do_not_claim_sku_level_supplier; ocr_text_requires_visual_confidence_review; supplier_claim_not_sku_confirmed,"hershey / cocoa_chocolate / cocoa_chocolate_cocoa_butter may support ingredient, label, or product identity evidence. Use only as company-level relationship evidence. Do not claim exact 1.55 oz SKU allocation.","s in rural areas to create a more resilient supply chain. This project will enable
five waves of tree planting with an overall ambition to plant 1.18 million trees by the end of 2028.
° : : °
Protecting Biodiversity
We support multi-year forest protection activities for the Mabi-Yaya Nature Reserve in Céte
d'Ivoire and the Kakum National Park in Gh"
EEVID_7073dbcf3fde337b,cocoa_chocolate_cocoa_butter,Cocoa-The-Hershey-Company-05-06-2026_02_25_PM.pdf,visual_ocr,unified_memory_scan,ingredient_confirmation,ingredient_or_label_evidence,company_level_relationship_evidence,company_level_confirmed,company_level_only,medium,high,candidate_for_strict_audit,pending_step16i,hershey,cocoa_chocolate,do_not_claim_sku_level_supplier; ocr_text_requires_visual_confidence_review; supplier_claim_not_sku_confirmed,"hershey / cocoa_chocolate / cocoa_chocolate_cocoa_butter may support ingredient, label, or product identity evidence. Use only as company-level relationship evidence. Do not claim exact 1.55 oz SKU allocation.","nd Conversion Free
+ Grievance Procedure for Potential Violations of Hershey's Implementation Approach
DCF Policy
| = n =_=
L
‘| ?
SUSTAINABILITY @ HERSHEY e a ! 4
Related Priority Areas a a
Human Rights Responsible Sourcing Environment Our Peop
C >
THE COMPANY EXPERIENCE HERSHEY BUSINESS CUSTOMERS
HERSHEY'S CAREERS HERSHEYLAND HERSHEY PAC ANNUAL R"
EEVID_967980f7d1ea60fd,cocoa_chocolate_cocoa_butter,hershey_cocoa_for_good_strategy.pdf,visual_ocr,unified_memory_scan,ingredient_confirmation,ingredient_or_label_evidence,company_level_relationship_evidence,company_level_confirmed,company_level_only,medium,high,candidate_for_strict_audit,pending_step16i,hershey,cocoa_chocolate,benchmark_not_invoice; do_not_claim_sku_level_supplier; ocr_text_requires_visual_confidence_review; supplier_claim_not_sku_confirmed,"hershey / cocoa_chocolate / cocoa_chocolate_cocoa_butter may support ingredient, label, or product identity evidence. Use only as company-level relationship evidence. Do not claim exact 1.55 oz SKU allocation.","--- VISUAL OCR PAGE 1: page_001.png ---
CAREERS MEDIA INVESTORS
HERSHEY.
SUSTAINABILITY
ee 9
e
Visible Progress: Hershey’s Cocoa For
i bl UJ 4 fv oT ae. (pM 7 J . (- rv
Po SOOO TN Br 7 KS Ne
é uP a vay < ; . a
# ws a > . . ‘ i a .
? a / dina ‘
‘ a 4 *
2 @F et , ~ 7
. a — Se be ed
>. > td =e p J , ‘|
Keres eS / Am <i ‘ geal
Lar > J ok aun A — , / PP"
EEVID_fe3a3fe7a2047c66,cocoa_chocolate_cocoa_butter,hershey_cocoa_for_good_strategy.pdf,visual_ocr,unified_memory_scan,ingredient_confirmation,ingredient_or_label_evidence,company_level_relationship_evidence,company_level_confirmed,company_level_only,medium,high,candidate_for_strict_audit,pending_step16i,hershey,cocoa_chocolate,do_not_claim_sku_level_supplier; ocr_text_requires_visual_confidence_review; supplier_claim_not_sku_confirmed,"hershey / cocoa_chocolate / cocoa_chocolate_cocoa_butter may support ingredient, label, or product identity evidence. Use only as company-level relationship evidence. Do not claim exact 1.55 oz SKU allocation.","producers of
cocoa. Clear visibility into how and under what conditions the cocoa volumes we source is grown and cultivated
enables us to refine Cocoa For Good, implementing programs that focus on helping improve farmer incomes,
end child labor and protect the environment. Understanding the origin of cocoa is also essential to ensure that it
meets "
EEVID_542c2915dd2d259b,cocoa_chocolate_cocoa_butter,hershey_cocoa_for_good_strategy.pdf,visual_ocr,unified_memory_scan,ingredient_confirmation,ingredient_or_label_evidence,company_level_relationship_evidence,company_level_confirmed,company_level_only,medium,high,candidate_for_strict_audit,pending_step16i,hershey,cocoa_chocolate,do_not_claim_sku_level_supplier; ocr_text_requires_visual_confidence_review; supplier_claim_not_sku_confirmed,"hershey / cocoa_chocolate / cocoa_chocolate_cocoa_butter may support ingredient, label, or product identity evidence. Use only as company-level relationship evidence. Do not claim exact 1.55 oz SKU allocation.","e and Ghana as we aim for 100% coverage of our Cocoa For
Good farms by 2025. In 2021 alone, we monitored nearly 103,000 children. This includes engaging trusted members
of farmers’ own communities in auditing farmers’ work practices and following up with them to identify appropriate
remediation approaches that help farming families lessen their rel"
EEVID_969ea7f1ce3416ef,cocoa_chocolate_cocoa_butter,hershey_cocoa_for_good_strategy.pdf,visual_ocr,unified_memory_scan,ingredient_confirmation,ingredient_or_label_evidence,company_level_relationship_evidence,company_level_confirmed,company_level_only,medium,high,candidate_for_strict_audit,pending_step16i,hershey,cocoa_chocolate,do_not_claim_sku_level_supplier; ocr_text_requires_visual_confidence_review; supplier_claim_not_sku_confirmed,"hershey / cocoa_chocolate / cocoa_chocolate_cocoa_butter may support ingredient, label, or product identity evidence. Use only as company-level relationship evidence. Do not claim exact 1.55 oz SKU allocation.","te d’lvoire and Ghana and are at 46%! of the
way to our goal. Additionally, we are providing specialized guidance on environment-friendly actions, climate-smart
farming techniques, and agroforestry. Over the past four years, we have distributed more than ,1.3 million non-cocoa
trees to farmers for planting on their farms and in 2021 we have trained"
EEVID_727800a098c43131,cocoa_chocolate_cocoa_butter,hershey_cocoa_sustainability_page.pdf,visual_ocr,unified_memory_scan,ingredient_confirmation,ingredient_or_label_evidence,company_level_relationship_evidence,company_level_confirmed,company_level_only,medium,high,candidate_for_strict_audit,pending_step16i,hershey,cocoa_chocolate,do_not_claim_sku_level_supplier; ocr_text_requires_visual_confidence_review; supplier_claim_not_sku_confirmed,"hershey / cocoa_chocolate / cocoa_chocolate_cocoa_butter may support ingredient, label, or product identity evidence. Use only as company-level relationship evidence. Do not claim exact 1.55 oz SKU allocation.","o our business and are key drivers for building trust. Our
we operate responsibly and remain stakeholders. We are focused on the Board oversees our sustainability
prepared, resilient and competitive. issues where we can make the greatest strategies, priorities, progress, risks and
impact. opportunities.
inl SEAT v a 2 2 {} ;
- j j 4 “Give
Pre {] r "
EEVID_d3425a9ef75007f9,dairy_milk_skim_milk_milk_fat,alliance_sustainable_dairy_pa_page.pdf,visual_ocr,unified_memory_scan,ingredient_confirmation,ingredient_or_label_evidence,company_level_relationship_evidence,company_level_confirmed,company_level_only,medium,high,candidate_for_strict_audit,pending_step16i,hershey; land_olakes,cocoa_chocolate; milk_dairy,do_not_claim_sku_level_supplier; ocr_text_requires_visual_confidence_review; supplier_claim_not_sku_confirmed,"hershey, land_olakes / cocoa_chocolate, milk_dairy / dairy_milk_skim_milk_milk_fat may support ingredient, label, or product identity evidence. Use only as company-level relationship evidence. Do not claim exact 1.55 oz SKU allocation.","e for the Chesapeake Bay
ad
; 3 4 C4
<a,
>
> © Watch on @§ YouTube
“As we continue on our path to reduce our environmental footprint and address climate
change, we're excited to partner with Land O'Lakes and the Alliance for the Chesapeake
Bay to promote best on-farm sustainable management practices in our dairy supply
chain,” said Eric Boyle, Dire"
EEVID_3416c6e9e40d4a6a,dairy_milk_skim_milk_milk_fat,hershey_latest_esg_dairy_section.pdf,text_or_table,unified_memory_scan,ingredient_confirmation,ingredient_or_label_evidence,company_level_relationship_evidence,company_level_confirmed,company_level_only,medium,high,candidate_for_strict_audit,pending_step16i,hershey,cocoa_chocolate,do_not_claim_sku_level_supplier; supplier_claim_not_sku_confirmed,"hershey / cocoa_chocolate / dairy_milk_skim_milk_milk_fat may support ingredient, label, or product identity evidence. Use only as company-level relationship evidence. Do not claim exact 1.55 oz SKU allocation.","or Our Communities
89 
Being a Good Neighbor
90 
A Culture of Giving Back
92 
Our Progress
93 
About This Report
We Are
Hershey 
2 
The Hershey Company | 2021 ESG Report
The Big Picture Our Company Cocoa Responsible Sourcing and Human Rights Environment Our People Youth Community About This Report


--- PAGE 3 ---
We don’t just make chocolates 
an"
EEVID_0091ded2035a43f5,dairy_milk_skim_milk_milk_fat,hershey_latest_esg_dairy_section.pdf,text_or_table,unified_memory_scan,ingredient_confirmation,ingredient_or_label_evidence,company_level_relationship_evidence,company_level_confirmed,company_level_only,medium,high,candidate_for_strict_audit,pending_step16i,hershey,cocoa_chocolate,do_not_claim_sku_level_supplier; supplier_claim_not_sku_confirmed,"hershey / cocoa_chocolate / dairy_milk_skim_milk_milk_fat may support ingredient, label, or product identity evidence. Use only as company-level relationship evidence. Do not claim exact 1.55 oz SKU allocation.","to 
keep children in school, helping to diversify and 
increase incomes, giving farmers the support 
to build thriving businesses and protecting the 
forests around cocoa farms.
This work is complemented by our growing 
efforts to protect human rights across our value 
chain. We have been refining both our due 
diligence work and our transparency i"
EEVID_a612e886bc133e67,dairy_milk_skim_milk_milk_fat,hershey_latest_esg_dairy_section.pdf,text_or_table,unified_memory_scan,ingredient_confirmation,ingredient_or_label_evidence,company_level_relationship_evidence,company_level_confirmed,company_level_only,medium,high,candidate_for_strict_audit,pending_step16i,hershey,cocoa_chocolate,benchmark_not_invoice; do_not_claim_sku_level_supplier; supplier_claim_not_sku_confirmed,"hershey / cocoa_chocolate / dairy_milk_skim_milk_milk_fat may support ingredient, label, or product identity evidence. Use only as company-level relationship evidence. Do not claim exact 1.55 oz SKU allocation.","work of embedding these priorities 
within our short and long-term business 
strategies. I have great confidence in our ability 
to create positive change for our business, our 
communities and our world, and I look forward 
to another year of progress, evolution and 
making a difference for our many stakeholders 
and partners.
Through all of the 
"
EEVID_8aca7cfe07272ac0,dairy_milk_skim_milk_milk_fat,hershey_latest_esg_dairy_section.pdf,text_or_table,unified_memory_scan,ingredient_confirmation,ingredient_or_label_evidence,company_level_relationship_evidence,company_level_confirmed,company_level_only,medium,high,candidate_for_strict_audit,pending_step16i,hershey,cocoa_chocolate,do_not_claim_sku_level_supplier; supplier_claim_not_sku_confirmed,"hershey / cocoa_chocolate / dairy_milk_skim_milk_milk_fat may support ingredient, label, or product identity evidence. Use only as company-level relationship evidence. Do not claim exact 1.55 oz SKU allocation.","nes 
were updated to clarify the Board’s role in 
overseeing all ESG matters, including our 
ESG strategies, priorities, progress, risks and 
opportunities. All Board committee charters 
were enhanced to include oversight of each 
committee’s relevant ESG responsibilities and 
reporting requirements. 
While various ESG-related matters have been 
in"
EEVID_c9a3e405cc76547c,dairy_milk_skim_milk_milk_fat,hershey_latest_esg_dairy_section.pdf,text_or_table,unified_memory_scan,ingredient_confirmation,ingredient_or_label_evidence,company_level_relationship_evidence,company_level_confirmed,company_level_only,medium,high,candidate_for_strict_audit,pending_step16i,hershey,cocoa_chocolate; packaging,do_not_claim_sku_level_supplier; supplier_claim_not_sku_confirmed,"hershey / cocoa_chocolate, packaging / dairy_milk_skim_milk_milk_fat may support ingredient, label, or product identity evidence. Use only as company-level relationship evidence. Do not claim exact 1.55 oz SKU allocation.","political parties at the 
federal and state levels. 
Corporate funds are used to support or 
advocate for issues, legislation or referenda of 
importance to Hershey and our shareholders. 
These funds, classified under the U.S. Internal 
Revenue Code as non-deductible lobbying 
expenditures, are paid primarily to industry 
trade associations and sup"
EEVID_c395e7a25999bd34,dairy_milk_skim_milk_milk_fat,hershey_latest_esg_dairy_section.pdf,text_or_table,unified_memory_scan,ingredient_confirmation,ingredient_or_label_evidence,company_level_relationship_evidence,company_level_confirmed,company_level_only,medium,high,candidate_for_strict_audit,pending_step16i,hershey,cocoa_chocolate,do_not_claim_sku_level_supplier; supplier_claim_not_sku_confirmed,"hershey / cocoa_chocolate / dairy_milk_skim_milk_milk_fat may support ingredient, label, or product identity evidence. Use only as company-level relationship evidence. Do not claim exact 1.55 oz SKU allocation.","t compliance 
and progress report, which addresses the 
performance of Hershey and all other 
participating companies.
In Canada, we participate in the Canadian 
Children’s Food and Beverage Advertising 
Initiative (CAI), overseen by Advertising 
Standards Canada, which commits us to similar 
standards and principles as the CFBAI in the 
U.S. CAI’s"
EEVID_59834e6d75a92d04,dairy_milk_skim_milk_milk_fat,hershey_latest_esg_dairy_section.pdf,text_or_table,unified_memory_scan,retail_price,retail_price_evidence,company_level_relationship_evidence,company_level_confirmed,company_level_only,medium,high,candidate_for_strict_audit,pending_step16i,hershey,cocoa_chocolate,benchmark_not_invoice; do_not_claim_sku_level_supplier; retail_observation_not_margin; supplier_claim_not_sku_confirmed,hershey / cocoa_chocolate / dairy_milk_skim_milk_milk_fat may support observed retail page or price evidence. Use only as company-level relationship evidence. Do not claim exact 1.55 oz SKU allocation.,"license our brands for use on educational 
material or materials intended for use primarily 
in elementary schools.
17 
The Hershey Company | 2021 ESG Report
The Big Picture Our Company Cocoa Responsible Sourcing and Human Rights Environment Our People Youth Community About This Report
Our Company


--- PAGE 18 ---
Staying Agile Through Change
The "
EEVID_a51575c612c24387,dairy_milk_skim_milk_milk_fat,hershey_latest_esg_dairy_section.pdf,text_or_table,unified_memory_scan,ingredient_confirmation,ingredient_or_label_evidence,company_level_relationship_evidence,company_level_confirmed,company_level_only,medium,high,candidate_for_strict_audit,pending_step16i,hershey,cocoa_chocolate,do_not_claim_sku_level_supplier; supplier_claim_not_sku_confirmed,"hershey / cocoa_chocolate / dairy_milk_skim_milk_milk_fat may support ingredient, label, or product identity evidence. Use only as company-level relationship evidence. Do not claim exact 1.55 oz SKU allocation.",", foster women’s 
leadership and improve the 
quality of nutrition and access 
to education. 
Responsibly 
Sourcing 
Cocoa
20 
The Hershey Company | 2021 ESG Report
The Big Picture Our Company Cocoa Responsible Sourcing and Human Rights Environment Our People Youth Community About This Report
Cocoa


--- PAGE 21 ---
Cocoa For Good
We’re working to "
EEVID_e6784a3580aecbee,dairy_milk_skim_milk_milk_fat,hershey_latest_esg_dairy_section.pdf,text_or_table,unified_memory_scan,ingredient_confirmation,ingredient_or_label_evidence,company_level_relationship_evidence,company_level_confirmed,company_level_only,medium,high,candidate_for_strict_audit,pending_step16i,hershey,cocoa_chocolate,benchmark_not_invoice; do_not_claim_sku_level_supplier; supplier_claim_not_sku_confirmed,"hershey / cocoa_chocolate / dairy_milk_skim_milk_milk_fat may support ingredient, label, or product identity evidence. Use only as company-level relationship evidence. Do not claim exact 1.55 oz SKU allocation.","iversify and stabilize their 
household income. 
• Preserving Ecosystems 
We advance environmentally responsible 
agricultural practices and promote 
agroforestry and shade-grown 
cocoa. We use polygon mapping 
to improve traceability, understand 
how and where cocoa is being grown 
and monitor deforestation risk using 
satellite technology.
21 
T"
EEVID_698f721b14772104,dairy_milk_skim_milk_milk_fat,hershey_latest_esg_dairy_section.pdf,text_or_table,unified_memory_scan,ingredient_confirmation,ingredient_or_label_evidence,company_level_relationship_evidence,company_level_confirmed,company_level_only,medium,high,candidate_for_strict_audit,pending_step16i,hershey,cocoa_chocolate,do_not_claim_sku_level_supplier; supplier_claim_not_sku_confirmed,"hershey / cocoa_chocolate / dairy_milk_skim_milk_milk_fat may support ingredient, label, or product identity evidence. Use only as company-level relationship evidence. Do not claim exact 1.55 oz SKU allocation.","in these 
countries are:
• Polygon mapped by our suppliers to improve 
traceability and monitor deforestation; and 
• Covered by Child Labor Monitoring and 
Remediation Systems (CLMRS) to prevent, 
monitor and remediate child labor.
Farmer groups and farmers participating in 
our Cocoa For Good strategy in Côte d’Ivoire 
and Ghana together supply"
EEVID_ac0b47a024920b8a,dairy_milk_skim_milk_milk_fat,hershey_latest_esg_dairy_section.pdf,text_or_table,unified_memory_scan,ingredient_confirmation,ingredient_or_label_evidence,company_level_relationship_evidence,company_level_confirmed,company_level_only,medium,high,candidate_for_strict_audit,pending_step16i,hershey,cocoa_chocolate,do_not_claim_sku_level_supplier; supplier_claim_not_sku_confirmed,"hershey / cocoa_chocolate / dairy_milk_skim_milk_milk_fat may support ingredient, label, or product identity evidence. Use only as company-level relationship evidence. Do not claim exact 1.55 oz SKU allocation.","icipating in programs as part of Cocoa For 
Good worldwide by 24%. 
 
68%
sourcing visibility in 
Côte d’Ivoire and Ghana 
22 
The Hershey Company | 2021 ESG Report
The Big Picture Our Company Cocoa Responsible Sourcing and Human Rights Environment Our People Youth Community About This Report
Cocoa


--- PAGE 23 ---
Accountability, Transparency and"
EEVID_ce90df5e4c9b75e7,dairy_milk_skim_milk_milk_fat,hershey_latest_esg_dairy_section.pdf,text_or_table,unified_memory_scan,ingredient_confirmation,ingredient_or_label_evidence,company_level_relationship_evidence,company_level_confirmed,company_level_only,medium,high,candidate_for_strict_audit,pending_step16i,hershey,cocoa_chocolate,do_not_claim_sku_level_supplier; supplier_claim_not_sku_confirmed,"hershey / cocoa_chocolate / dairy_milk_skim_milk_milk_fat may support ingredient, label, or product identity evidence. Use only as company-level relationship evidence. Do not claim exact 1.55 oz SKU allocation.","ey’s 
value chain. 
• Identify areas for improvement and work 
with our suppliers on their responsible 
sourcing journey.
23 
The Hershey Company | 2021 ESG Report
The Big Picture Our Company Cocoa Responsible Sourcing and Human Rights Environment Our People Youth Community About This Report
Cocoa


--- PAGE 24 ---
Hershey does not tolerate 
child"
EEVID_201a4be0587ea56d,dairy_milk_skim_milk_milk_fat,hershey_latest_esg_dairy_section.pdf,text_or_table,unified_memory_scan,supplier_relationship,supplier_relationship_evidence,company_level_relationship_evidence,company_level_confirmed,company_level_only,medium,high,candidate_for_strict_audit,pending_step16i,hershey,,do_not_claim_sku_level_supplier; supplier_claim_not_sku_confirmed,hershey / dairy_milk_skim_milk_milk_fat may support a company level confirmed relationship claim. Use only as company-level relationship evidence. Do not claim exact 1.55 oz SKU allocation.,"igence process on page 23) continues 
to highlight the importance of monitoring, 
preventing and remediating instances of 
child labor. 
CLMRS, championed by the ICI and proven 
to be an effective measure in helping to 
protect against child labor, is the leading 
method of child labor detection and 
remediation among children aged 5–17 years 
old."
EEVID_ea95194a9f3fd313,dairy_milk_skim_milk_milk_fat,hershey_latest_esg_dairy_section.pdf,text_or_table,unified_memory_scan,ingredient_confirmation,ingredient_or_label_evidence,company_level_relationship_evidence,company_level_confirmed,company_level_only,medium,high,candidate_for_strict_audit,pending_step16i,hershey,cocoa_chocolate; packaging,do_not_claim_sku_level_supplier; supplier_claim_not_sku_confirmed,"hershey / cocoa_chocolate, packaging / dairy_milk_skim_milk_milk_fat may support ingredient, label, or product identity evidence. Use only as company-level relationship evidence. Do not claim exact 1.55 oz SKU allocation.","hazardous activities. 
 
Working to Eliminate Child Labor
What Is Child Labor?
Hershey uses the International Labour 
Organization (ILO) definition:
Child labor is work that is mentally, 
physically, socially or morally dangerous 
and harmful to children and/or interferes 
with their schooling.
Not all work performed by children, such as 
helping t"
EEVID_30af307e05f23d99,dairy_milk_skim_milk_milk_fat,hershey_latest_esg_dairy_section.pdf,text_or_table,unified_memory_scan,ingredient_confirmation,ingredient_or_label_evidence,company_level_relationship_evidence,company_level_confirmed,company_level_only,medium,high,candidate_for_strict_audit,pending_step16i,hershey,cocoa_chocolate,do_not_claim_sku_level_supplier; supplier_claim_not_sku_confirmed,"hershey / cocoa_chocolate / dairy_milk_skim_milk_milk_fat may support ingredient, label, or product identity evidence. Use only as company-level relationship evidence. Do not claim exact 1.55 oz SKU allocation.","nowledge, 
skills, and action on preventing, monitoring, 
identifying and addressing forced labor in 
cocoa supply chains.
24 
The Hershey Company | 2021 ESG Report
The Big Picture Our Company Cocoa Responsible Sourcing and Human Rights Environment Our People Youth Community About This Report
Cocoa


--- PAGE 25 ---
How CLMRS Is Helping Keep Kids S"
EEVID_8a754acb68d14e2f,dairy_milk_skim_milk_milk_fat,hershey_latest_esg_dairy_section.pdf,text_or_table,unified_memory_scan,ingredient_confirmation,ingredient_or_label_evidence,company_level_relationship_evidence,company_level_confirmed,company_level_only,medium,high,candidate_for_strict_audit,pending_step16i,hershey,cocoa_chocolate,do_not_claim_sku_level_supplier; supplier_claim_not_sku_confirmed,"hershey / cocoa_chocolate / dairy_milk_skim_milk_milk_fat may support ingredient, label, or product identity evidence. Use only as company-level relationship evidence. Do not claim exact 1.55 oz SKU allocation.",". 
What’s Next
We will continue to invest funds to improve 
the quality of CLMRS and to expand it with the 
aim of ensuring that no child is overlooked, and 
everyone receives the support they need. 
Our CLMRS covered 62% of Hershey cocoa 
volumes, on the way to achieving our goal of 
100% by 2025. As of 2021, Hershey’s CLMRS 
found no evidence of "
EEVID_3966a9aedbd9ce27,dairy_milk_skim_milk_milk_fat,hershey_latest_esg_dairy_section.pdf,text_or_table,unified_memory_scan,ingredient_confirmation,ingredient_or_label_evidence,company_level_relationship_evidence,company_level_confirmed,company_level_only,medium,high,candidate_for_strict_audit,pending_step16i,hershey,cocoa_chocolate,benchmark_not_invoice; do_not_claim_sku_level_supplier; supplier_claim_not_sku_confirmed,"hershey / cocoa_chocolate / dairy_milk_skim_milk_milk_fat may support ingredient, label, or product identity evidence. Use only as company-level relationship evidence. Do not claim exact 1.55 oz SKU allocation.","numeracy skills for five million children at 
primary school level and includes an investment 
in 2,500 new classrooms. 
Addressing Child Labor Through 
School-Based Nutrition
Not only does a full stomach improve a 
student’s ability to concentrate and learn, it can 
also be the deciding factor between whether 
or not a child attends school. In col"
EEVID_cb72fbae34e6bb62,dairy_milk_skim_milk_milk_fat,hershey_latest_esg_dairy_section.pdf,text_or_table,unified_memory_scan,retail_price,retail_price_evidence,company_level_relationship_evidence,company_level_confirmed,company_level_only,medium,high,candidate_for_strict_audit,pending_step16i,hershey,cocoa_chocolate,benchmark_not_invoice; do_not_claim_sku_level_supplier; retail_observation_not_margin; supplier_claim_not_sku_confirmed,hershey / cocoa_chocolate / dairy_milk_skim_milk_milk_fat may support observed retail page or price evidence. Use only as company-level relationship evidence. Do not claim exact 1.55 oz SKU allocation.,"r publication | ICI.
2 Steiner-Aseidu, M. (Prof) and Saalia, F.B. (Prof) (2016–2018) A Pilot Study to Determine the Efficacy of Consuming Highly Fortified Groundnut Nutritional Supplement on the Nutritional Status of School Children, University of Ghana.
Our 2021 Impact
• 45,000 children received daily servings 
of ViVi, our vitamin-fortified, pea"
EEVID_2d1678356e606210,dairy_milk_skim_milk_milk_fat,hershey_latest_esg_dairy_section.pdf,text_or_table,unified_memory_scan,ingredient_confirmation,ingredient_or_label_evidence,company_level_relationship_evidence,company_level_confirmed,company_level_only,medium,high,candidate_for_strict_audit,pending_step16i,hershey,cocoa_chocolate,do_not_claim_sku_level_supplier; supplier_claim_not_sku_confirmed,"hershey / cocoa_chocolate / dairy_milk_skim_milk_milk_fat may support ingredient, label, or product identity evidence. Use only as company-level relationship evidence. Do not claim exact 1.55 oz SKU allocation.","across seven origins.
Our support has assisted these farmer groups 
and farmers in receiving independent verification 
of their cocoa in compliance with credible 
sustainability standards. This action not only 
helped us reach our goal of sourcing 100% 
independently verified cocoa but also ensures 
the farmer groups and farmers are paid a higher 
"
EEVID_7f5a17b9da0b45f7,dairy_milk_skim_milk_milk_fat,hershey_latest_esg_dairy_section.pdf,text_or_table,unified_memory_scan,ingredient_confirmation,ingredient_or_label_evidence,company_level_relationship_evidence,company_level_confirmed,company_level_only,medium,high,candidate_for_strict_audit,pending_step16i,hershey,cocoa_chocolate,do_not_claim_sku_level_supplier; supplier_claim_not_sku_confirmed,"hershey / cocoa_chocolate / dairy_milk_skim_milk_milk_fat may support ingredient, label, or product identity evidence. Use only as company-level relationship evidence. Do not claim exact 1.55 oz SKU allocation.","n alternative income-
generating opportunities, such as soap making 
and cassava processing. 
Lifting up Rural Livelihoods
27 
The Hershey Company | 2021 ESG Report
The Big Picture Our Company Cocoa Responsible Sourcing and Human Rights Environment Our People Youth Community About This Report
Cocoa


--- PAGE 28 ---
Supporting Women in Achieving 
E"
EEVID_5ad8c2f6011cb67c,dairy_milk_skim_milk_milk_fat,hershey_latest_esg_dairy_section.pdf,text_or_table,unified_memory_scan,ingredient_confirmation,ingredient_or_label_evidence,company_level_relationship_evidence,company_level_confirmed,company_level_only,medium,high,candidate_for_strict_audit,pending_step16i,hershey,cocoa_chocolate,benchmark_not_invoice; do_not_claim_sku_level_supplier; supplier_claim_not_sku_confirmed,"hershey / cocoa_chocolate / dairy_milk_skim_milk_milk_fat may support ingredient, label, or product identity evidence. Use only as company-level relationship evidence. Do not claim exact 1.55 oz SKU allocation.","r farmers to 
apply agrochemicals and pesticides. 
In addition to providing an invaluable service 
to farmers, in 2021, these community pruning 
teams provided 372 young adults (39 of them 
women) in cocoa-growing communities with 
valuable skills and knowledge about cocoa 
farming, while also helping to support their 
families with extra income.
C"
EEVID_84f1b10b280aa967,dairy_milk_skim_milk_milk_fat,hershey_latest_esg_dairy_section.pdf,text_or_table,unified_memory_scan,ingredient_confirmation,ingredient_or_label_evidence,company_level_relationship_evidence,company_level_confirmed,company_level_only,medium,high,candidate_for_strict_audit,pending_step16i,hershey,cocoa_chocolate,benchmark_not_invoice; do_not_claim_sku_level_supplier; supplier_claim_not_sku_confirmed,"hershey / cocoa_chocolate / dairy_milk_skim_milk_milk_fat may support ingredient, label, or product identity evidence. Use only as company-level relationship evidence. Do not claim exact 1.55 oz SKU allocation.","percentage of 
households above the Living Income threshold. 
For our key performance metrics from 
the year, see page 31.
28 
The Hershey Company | 2021 ESG Report
The Big Picture Our Company Cocoa Responsible Sourcing and Human Rights Environment Our People Youth Community About This Report
Cocoa


--- PAGE 29 ---
In cocoa-growing 
regions in Wes"
EEVID_df400ae55025fcb9,dairy_milk_skim_milk_milk_fat,hershey_latest_esg_dairy_section.pdf,text_or_table,unified_memory_scan,ingredient_confirmation,ingredient_or_label_evidence,company_level_relationship_evidence,company_level_confirmed,company_level_only,medium,high,candidate_for_strict_audit,pending_step16i,hershey,cocoa_chocolate,benchmark_not_invoice; do_not_claim_sku_level_supplier; supplier_claim_not_sku_confirmed,"hershey / cocoa_chocolate / dairy_milk_skim_milk_milk_fat may support ingredient, label, or product identity evidence. Use only as company-level relationship evidence. Do not claim exact 1.55 oz SKU allocation.","try 
and climate-smart cocoa farming.
Through our partnership with the USAID 
Integrated Land and Resource Governance 
(ILRG) Project, we support communities in 
Ghana to clarify and document land rights as well 
as improve land-use planning practices through 
agroforestry. In 2021, our engagement with ILRG 
and one of our suppliers, ECOM, assisted"
EEVID_593da46b75c7ea8e,dairy_milk_skim_milk_milk_fat,hershey_latest_esg_dairy_section.pdf,text_or_table,unified_memory_scan,ingredient_confirmation,ingredient_or_label_evidence,company_level_relationship_evidence,company_level_confirmed,company_level_only,medium,high,candidate_for_strict_audit,pending_step16i,hershey,cocoa_chocolate,do_not_claim_sku_level_supplier; supplier_claim_not_sku_confirmed,"hershey / cocoa_chocolate / dairy_milk_skim_milk_milk_fat may support ingredient, label, or product identity evidence. Use only as company-level relationship evidence. Do not claim exact 1.55 oz SKU allocation.","imate-smart cocoa-
growing practices and provides training for extra 
income-generating activities.
Fighting Deforestation
29 
The Hershey Company | 2021 ESG Report
The Big Picture Our Company Cocoa Responsible Sourcing and Human Rights Environment Our People Youth Community About This Report
Cocoa


--- PAGE 30 ---
Promoting Cocoa 
Agroforestry in"
EEVID_9b772538cc00b525,dairy_milk_skim_milk_milk_fat,hershey_latest_esg_dairy_section.pdf,text_or_table,unified_memory_scan,ingredient_confirmation,ingredient_or_label_evidence,company_level_relationship_evidence,company_level_confirmed,company_level_only,medium,high,candidate_for_strict_audit,pending_step16i,hershey,cocoa_chocolate,benchmark_not_invoice; do_not_claim_sku_level_supplier; supplier_claim_not_sku_confirmed,"hershey / cocoa_chocolate / dairy_milk_skim_milk_milk_fat may support ingredient, label, or product identity evidence. Use only as company-level relationship evidence. Do not claim exact 1.55 oz SKU allocation.","f farmers producing Hershey’s cocoa volume in Côte d’Ivoire and Ghana are covered by Child Labor 
Monitoring and Remediation Systems (CLMRS) to prevent, monitor and remediate child labor2
2025
On Track
62%
1 
Beginning in 2021, to be considered polygon mapped, all farm plots managed by the farmer must be mapped, as defined by the World Cocoa Founda"
EEVID_573f6e7ed449b5cf,dairy_milk_skim_milk_milk_fat,hershey_latest_esg_dairy_section.pdf,text_or_table,unified_memory_scan,ingredient_confirmation,ingredient_or_label_evidence,company_level_relationship_evidence,company_level_confirmed,company_level_only,medium,high,candidate_for_strict_audit,pending_step16i,hershey,cocoa_chocolate,benchmark_not_invoice; do_not_claim_sku_level_supplier; supplier_claim_not_sku_confirmed,"hershey / cocoa_chocolate / dairy_milk_skim_milk_milk_fat may support ingredient, label, or product identity evidence. Use only as company-level relationship evidence. Do not claim exact 1.55 oz SKU allocation.","22
70
Total farmers with all their farm boundaries mapped via GPS polygon mapping5 
49,569 
Farmers in Côte d’Ivoire and 
Ghana with all farms mapped
45,242
44,770 
Total farm area mapped in Côte d’Ivoire and Ghana (in hectares)
136,108
119,537
102,084
2 Data reflects results as provided by Hershey suppliers and implementation partners. 
3 Non-coco"
EEVID_78d4369bbda2f89f,dairy_milk_skim_milk_milk_fat,hershey_latest_esg_dairy_section.pdf,text_or_table,unified_memory_scan,ingredient_confirmation,ingredient_or_label_evidence,company_level_relationship_evidence,company_level_confirmed,company_level_only,medium,high,candidate_for_strict_audit,pending_step16i,hershey,cocoa_chocolate,do_not_claim_sku_level_supplier; supplier_claim_not_sku_confirmed,"hershey / cocoa_chocolate / dairy_milk_skim_milk_milk_fat may support ingredient, label, or product identity evidence. Use only as company-level relationship evidence. Do not claim exact 1.55 oz SKU allocation.","an rights  
and enhance their economic security. 
D
o
i
n
g
 
t
h
e 
R
i
g
h
t
 
T
h
i
n
g
The Big Picture Our Company Cocoa Responsible Sourcing and Human Rights Environment Our People Youth Community About This Report
33 
The Hershey Company | 2021 ESG Report
Responsible Sourcing and Human Rights


--- PAGE 34 ---
Human Rights Across Our Value Ch"
EEVID_93835a7bb1fd9e3e,dairy_milk_skim_milk_milk_fat,hershey_latest_esg_dairy_section.pdf,text_or_table,unified_memory_scan,ingredient_confirmation,ingredient_or_label_evidence,company_level_relationship_evidence,company_level_confirmed,company_level_only,medium,high,candidate_for_strict_audit,pending_step16i,hershey,cocoa_chocolate,do_not_claim_sku_level_supplier; supplier_claim_not_sku_confirmed,"hershey / cocoa_chocolate / dairy_milk_skim_milk_milk_fat may support ingredient, label, or product identity evidence. Use only as company-level relationship evidence. Do not claim exact 1.55 oz SKU allocation.","ning for human 
resources staff. We are currently working 
with the site on corrective actions and 
will continue our ongoing monitoring and 
reporting activities.
Ac
ce
ss
 
t
o 
w
at
er
 a
nd
 
sa
ni
t
at
io
n
Cl
im
at
e 
ch
a
ng
e
C
hil
d 
 l
a
bo
r
A
cc
es
s t
o 
gr
ie
va
nc
e 
m
e
ch
an
is
ms
Fo
rc
ed
 l
ab
or 
an
d 
hu
m
an
tr
a
ffi
c
ki
n
g
"
EEVID_da9c3abb71cc263e,dairy_milk_skim_milk_milk_fat,hershey_latest_esg_dairy_section.pdf,text_or_table,unified_memory_scan,ingredient_confirmation,ingredient_or_label_evidence,company_level_relationship_evidence,company_level_confirmed,company_level_only,medium,high,candidate_for_strict_audit,pending_step16i,hershey,cocoa_chocolate,do_not_claim_sku_level_supplier; supplier_claim_not_sku_confirmed,"hershey / cocoa_chocolate / dairy_milk_skim_milk_milk_fat may support ingredient, label, or product identity evidence. Use only as company-level relationship evidence. Do not claim exact 1.55 oz SKU allocation.","root causes of nonconformities and 
implement effective corrective actions. 
We continue to offer all labor agencies in the 
program access to RLI’s E-Learning Academy.
Our Achievements
• Completed due diligence on 68 labor 
agencies in Brazil, Canada, India, Malaysia, 
Mexico and the U.S.
• Conducted human rights assessments 
and Sedex Members Eth"
EEVID_4385d5f0b2ecd63b,dairy_milk_skim_milk_milk_fat,hershey_latest_esg_dairy_section.pdf,text_or_table,unified_memory_scan,retail_price,retail_price_evidence,company_level_relationship_evidence,company_level_confirmed,company_level_only,medium,high,candidate_for_strict_audit,pending_step16i,hershey,cocoa_chocolate,benchmark_not_invoice; do_not_claim_sku_level_supplier; retail_observation_not_margin; supplier_claim_not_sku_confirmed,hershey / cocoa_chocolate / dairy_milk_skim_milk_milk_fat may support observed retail page or price evidence. Use only as company-level relationship evidence. Do not claim exact 1.55 oz SKU allocation.,"f our primary grievance 
mechanisms include:
• Hershey’s Concern Line (available in more 
than 47 languages), which is primarily geared 
toward our employees but is also accessible to 
our suppliers and other stakeholders.
• The requirement that our direct suppliers have 
grievance mechanisms, which we validate via 
social compliance audits and our"
EEVID_269c891b172f7a65,dairy_milk_skim_milk_milk_fat,hershey_latest_esg_dairy_section.pdf,text_or_table,unified_memory_scan,ingredient_confirmation,ingredient_or_label_evidence,company_level_relationship_evidence,company_level_confirmed,company_level_only,medium,high,candidate_for_strict_audit,pending_step16i,hershey,cocoa_chocolate,benchmark_not_invoice; do_not_claim_sku_level_supplier; supplier_claim_not_sku_confirmed,"hershey / cocoa_chocolate / dairy_milk_skim_milk_milk_fat may support ingredient, label, or product identity evidence. Use only as company-level relationship evidence. Do not claim exact 1.55 oz SKU allocation.","nce its launch, nearly 1,400 
Hershey employees have successfully completed 
the training.
36 
The Hershey Company | 2021 ESG Report
The Big Picture Our Company Cocoa Responsible Sourcing and Human Rights Environment Our People Youth Community About This Report
Responsible Sourcing and Human Rights


--- PAGE 37 ---
Living Wages 
and Income 
We bel"
EEVID_d8853c7b41d8d002,dairy_milk_skim_milk_milk_fat,hershey_latest_esg_dairy_section.pdf,text_or_table,unified_memory_scan,ingredient_confirmation,ingredient_or_label_evidence,company_level_relationship_evidence,company_level_confirmed,company_level_only,medium,high,candidate_for_strict_audit,pending_step16i,hershey,cocoa_chocolate; milk_dairy; packaging; sugar,do_not_claim_sku_level_supplier; supplier_claim_not_sku_confirmed,"hershey / cocoa_chocolate, milk_dairy, packaging, sugar / dairy_milk_skim_milk_milk_fat may support ingredient, label, or product identity evidence. Use only as company-level relationship evidence. Do not claim exact 1.55 oz SKU allocation.","se resources.
Flour
Soy
Dairy
Cocoa
Coconut
Pulp 
and paper
Peanuts
Sugar
Almonds
Palm oil
38 
The Hershey Company | 2021 ESG Report
The Big Picture Our Company Cocoa Responsible Sourcing and Human Rights Environment Our People Youth Community About This Report
Responsible Sourcing and Human Rights


--- PAGE 39 ---
Responsible Sourcing
Our Respons"
EEVID_ac6a12780a4a8995,dairy_milk_skim_milk_milk_fat,hershey_latest_esg_dairy_section.pdf,text_or_table,unified_memory_scan,ingredient_confirmation,ingredient_or_label_evidence,company_level_relationship_evidence,company_level_confirmed,company_level_only,medium,high,candidate_for_strict_audit,pending_step16i,asr; hershey,milk_dairy; sugar,do_not_claim_sku_level_supplier; supplier_claim_not_sku_confirmed,"asr, hershey / milk_dairy, sugar / dairy_milk_skim_milk_milk_fat may support ingredient, label, or product identity evidence. Use only as company-level relationship evidence. Do not claim exact 1.55 oz SKU allocation.",", visit our Sugar 
Sourcing webpage.
In 2022, we will initiate an annual survey of our 
direct suppliers’ sustainability and responsible 
sourcing practices and management systems. 
Our aim is to open a dialogue between Hershey 
and our suppliers for sharing concerns and best 
practices and identifying where training and 
investment is needed. This"
EEVID_8edff7deff056701,dairy_milk_skim_milk_milk_fat,hershey_latest_esg_dairy_section.pdf,text_or_table,unified_memory_scan,ingredient_confirmation,ingredient_or_label_evidence,company_level_relationship_evidence,company_level_confirmed,company_level_only,medium,high,candidate_for_strict_audit,pending_step16i,hershey; land_olakes,cocoa_chocolate; milk_dairy,do_not_claim_sku_level_supplier; supplier_claim_not_sku_confirmed,"hershey, land_olakes / cocoa_chocolate, milk_dairy / dairy_milk_skim_milk_milk_fat may support ingredient, label, or product identity evidence. Use only as company-level relationship evidence. Do not claim exact 1.55 oz SKU allocation.","ble Dairy 
Partnership (SDP). We use this to verify 
our dairy supply chain’s compliance with 
our sustainability policies and engage 
with our suppliers on their journey toward 
more sustainable dairy production. The 
SDP includes sustainability requirements 
that must be met by dairy processors and 
supplying farms as well as an assurance model 
"
EEVID_970da623be331b52,dairy_milk_skim_milk_milk_fat,hershey_latest_esg_dairy_section.pdf,text_or_table,unified_memory_scan,ingredient_confirmation,ingredient_or_label_evidence,company_level_relationship_evidence,company_level_confirmed,company_level_only,medium,high,candidate_for_strict_audit,pending_step16i,hershey,cocoa_chocolate,benchmark_not_invoice; do_not_claim_sku_level_supplier; supplier_claim_not_sku_confirmed,"hershey / cocoa_chocolate / dairy_milk_skim_milk_milk_fat may support ingredient, label, or product identity evidence. Use only as company-level relationship evidence. Do not claim exact 1.55 oz SKU allocation.","80%
of our volumes were sourced 
from suppliers enrolled in and 
assessed through the SDP
41 
The Hershey Company | 2021 ESG Report
The Big Picture Our Company Cocoa Responsible Sourcing and Human Rights Environment Our People Youth Community About This Report
Responsible Sourcing and Human Rights


--- PAGE 42 ---
Palm Oil 
Hershey is committed to"
EEVID_1409e0f73a3241a6,dairy_milk_skim_milk_milk_fat,hershey_latest_esg_dairy_section.pdf,text_or_table,unified_memory_scan,supplier_relationship,supplier_relationship_evidence,company_level_relationship_evidence,company_level_confirmed,company_level_only,medium,high,candidate_for_strict_audit,pending_step16i,hershey,packaging,benchmark_not_invoice; do_not_claim_sku_level_supplier; supplier_claim_not_sku_confirmed,hershey / packaging / dairy_milk_skim_milk_milk_fat may support a company level confirmed relationship claim. Use only as company-level relationship evidence. Do not claim exact 1.55 oz SKU allocation.,"we continue to publicly disclose our Palm 
Oil Grievance Log with monthly updates to 
increase transparency on NDPE violations 
found within our supply chain. As of March 
2022, we have suspended 18 suppliers in our 
upstream supply chain for NDPE violations, 
none of whom supplied us directly. We have not 
yet granted re-entry to any of these supp"
EEVID_c2c327b226e935b4,dairy_milk_skim_milk_milk_fat,hershey_latest_esg_dairy_section.pdf,text_or_table,unified_memory_scan,ingredient_confirmation,ingredient_or_label_evidence,company_level_relationship_evidence,company_level_confirmed,company_level_only,medium,high,candidate_for_strict_audit,pending_step16i,hershey,cocoa_chocolate,benchmark_not_invoice; do_not_claim_sku_level_supplier; supplier_claim_not_sku_confirmed,"hershey / cocoa_chocolate / dairy_milk_skim_milk_milk_fat may support ingredient, label, or product identity evidence. Use only as company-level relationship evidence. Do not claim exact 1.55 oz SKU allocation.","e issues rated as critical or zero-tolerance issues.
2 As documented in the audit reports.
44 
The Hershey Company | 2021 ESG Report
The Big Picture Our Company Cocoa Responsible Sourcing and Human Rights Environment Our People Youth Community About This Report
Responsible Sourcing and Human Rights


--- PAGE 45 ---
KPIs
SUPPLIER PROGRAM AUDIT RESU"
EEVID_c672f3a83f1b5378,dairy_milk_skim_milk_milk_fat,hershey_latest_esg_dairy_section.pdf,text_or_table,unified_memory_scan,ingredient_confirmation,ingredient_or_label_evidence,company_level_relationship_evidence,company_level_confirmed,company_level_only,medium,high,candidate_for_strict_audit,pending_step16i,hershey,cocoa_chocolate,do_not_claim_sku_level_supplier; supplier_claim_not_sku_confirmed,"hershey / cocoa_chocolate / dairy_milk_skim_milk_milk_fat may support ingredient, label, or product identity evidence. Use only as company-level relationship evidence. Do not claim exact 1.55 oz SKU allocation.","acturing 
location around the world has a designated 
energy champion who is responsible for 
implementing carbon savings projects, meeting 
conservation goals, identifying opportunities for 
energy reduction and efficiency, and engaging 
employees in these efforts.
The Hershey manufacturing facility in São 
Roque, Brazil, achieved the ENERGY STAR "
EEVID_2a9887656cbe97a4,dairy_milk_skim_milk_milk_fat,hershey_latest_esg_dairy_section.pdf,text_or_table,unified_memory_scan,ingredient_confirmation,ingredient_or_label_evidence,company_level_relationship_evidence,company_level_confirmed,company_level_only,medium,high,candidate_for_strict_audit,pending_step16i,hershey,cocoa_chocolate; milk_dairy,benchmark_not_invoice; do_not_claim_sku_level_supplier; supplier_claim_not_sku_confirmed,"hershey / cocoa_chocolate, milk_dairy / dairy_milk_skim_milk_milk_fat may support ingredient, label, or product identity evidence. Use only as company-level relationship evidence. Do not claim exact 1.55 oz SKU allocation.","es purchased RECs and Zero-Emissions Credits (ZECs) as well as solar and hydro power directly sourced by facilities.
51 
The Hershey Company | 2021 ESG Report
The Big Picture Our Company Cocoa Responsible Sourcing and Human Rights Environment Our People Youth Community About This Report
Environment


--- PAGE 52 ---
Planting Trees Today 
to Benefit"
EEVID_14926e04eedee82e,dairy_milk_skim_milk_milk_fat,hershey_latest_esg_dairy_section.pdf,text_or_table,unified_memory_scan,ingredient_confirmation,ingredient_or_label_evidence,company_level_relationship_evidence,company_level_confirmed,company_level_only,medium,high,candidate_for_strict_audit,pending_step16i,hershey,cocoa_chocolate,do_not_claim_sku_level_supplier; supplier_claim_not_sku_confirmed,"hershey / cocoa_chocolate / dairy_milk_skim_milk_milk_fat may support ingredient, label, or product identity evidence. Use only as company-level relationship evidence. Do not claim exact 1.55 oz SKU allocation.","rld 
that come together out of a shared interest 
in advancing sustainability at Hershey and in 
the communities where we operate. Hershey 
launched its first Green Team on Earth Day 
2020. At the end of 2021, there are now 11 
Green Team chapters. Hershey’s sustainability 
goals require action from employees across 
the enterprise and Green Teams "
EEVID_24275b5431237e76,dairy_milk_skim_milk_milk_fat,hershey_latest_esg_dairy_section.pdf,text_or_table,unified_memory_scan,ingredient_confirmation,ingredient_or_label_evidence,company_level_relationship_evidence,company_level_confirmed,company_level_only,medium,high,candidate_for_strict_audit,pending_step16i,hershey,cocoa_chocolate; packaging,do_not_claim_sku_level_supplier; supplier_claim_not_sku_confirmed,"hershey / cocoa_chocolate, packaging / dairy_milk_skim_milk_milk_fat may support ingredient, label, or product identity evidence. Use only as company-level relationship evidence. Do not claim exact 1.55 oz SKU allocation.","ard. The 
garden was certified as a pollinator habitat 
by the Penn State Extension Office Master 
Gardener Program.
52 
The Hershey Company | 2021 ESG Report
The Big Picture Our Company Cocoa Responsible Sourcing and Human Rights Environment Our People Youth Community About This Report
Environment


--- PAGE 53 ---
Making Progress on Packaging
Sus"
EEVID_e37b7ca47ac681fd,dairy_milk_skim_milk_milk_fat,hershey_latest_esg_dairy_section.pdf,text_or_table,unified_memory_scan,ingredient_confirmation,ingredient_or_label_evidence,company_level_relationship_evidence,company_level_confirmed,company_level_only,medium,high,candidate_for_strict_audit,pending_step16i,hershey,cocoa_chocolate; packaging,benchmark_not_invoice; do_not_claim_sku_level_supplier; supplier_claim_not_sku_confirmed,"hershey / cocoa_chocolate, packaging / dairy_milk_skim_milk_milk_fat may support ingredient, label, or product identity evidence. Use only as company-level relationship evidence. Do not claim exact 1.55 oz SKU allocation.","his 
effort alone has saved almost 625,000 hours 
of energy, over 14,000 trees and almost 
two million gallons of water. It also reduced 
GHG emissions by over 12 million pounds. 
Lastly, we continue our long-standing 
commitment to reducing packaging waste to 
landfill by eliminating unnecessary packaging. 
In 2021 alone, we eliminated 9.5 million"
EEVID_150834e86f55aa79,dairy_milk_skim_milk_milk_fat,hershey_latest_esg_dairy_section.pdf,text_or_table,unified_memory_scan,ingredient_confirmation,ingredient_or_label_evidence,company_level_relationship_evidence,company_level_confirmed,company_level_only,medium,high,candidate_for_strict_audit,pending_step16i,hershey,cocoa_chocolate; packaging,benchmark_not_invoice; do_not_claim_sku_level_supplier; supplier_claim_not_sku_confirmed,"hershey / cocoa_chocolate, packaging / dairy_milk_skim_milk_milk_fat may support ingredient, label, or product identity evidence. Use only as company-level relationship evidence. Do not claim exact 1.55 oz SKU allocation.","t are below Hershey’s average water intensity and are located in Very low to Low-medium baseline water stress areas.
55 
The Hershey Company | 2021 ESG Report
The Big Picture Our Company Cocoa Responsible Sourcing and Human Rights Environment Our People Youth Community About This Report
Environment


--- PAGE 56 ---
Nearly a century ago, our founde"
EEVID_1ad3f2b89111cd44,dairy_milk_skim_milk_milk_fat,hershey_latest_esg_dairy_section.pdf,text_or_table,unified_memory_scan,ingredient_confirmation,ingredient_or_label_evidence,company_level_relationship_evidence,company_level_confirmed,company_level_only,medium,high,candidate_for_strict_audit,pending_step16i,hershey,cocoa_chocolate,do_not_claim_sku_level_supplier; supplier_claim_not_sku_confirmed,"hershey / cocoa_chocolate / dairy_milk_skim_milk_milk_fat may support ingredient, label, or product identity evidence. Use only as company-level relationship evidence. Do not claim exact 1.55 oz SKU allocation.","ms, such as the increased 
use of disposable masks.
Hershey’s Tech Center campus and 
headquarters have implemented a pilot 
PPE recycling program for hard-to-recycle 
items like disposable masks, hairnets, 
gloves and ear plugs using Zero Waste 
Boxes from Terracycle.
Turning Waste Into 
Resources in Brazil 
Our plant in São Roque, Brazil, install"
EEVID_a6b9746d687b8c67,dairy_milk_skim_milk_milk_fat,hershey_latest_esg_dairy_section.pdf,text_or_table,unified_memory_scan,ingredient_confirmation,ingredient_or_label_evidence,company_level_relationship_evidence,company_level_confirmed,company_level_only,medium,high,candidate_for_strict_audit,pending_step16i,hershey,cocoa_chocolate,benchmark_not_invoice; do_not_claim_sku_level_supplier; supplier_claim_not_sku_confirmed,"hershey / cocoa_chocolate / dairy_milk_skim_milk_milk_fat may support ingredient, label, or product identity evidence. Use only as company-level relationship evidence. Do not claim exact 1.55 oz SKU allocation.","of our total baseline (as per SBTi standards). All calculations include relevant GHG as specified by the Greenhouse Gas Reporting Protocol. The data in this table excludes ONE Brands, 
Lily’s, Dot’s and Pretzels. Emission factor sources include: Scope 1: ecoinvent and DEFRA. Scope 2: EPA Emissions & Generation Resource Integrated Database (eGRID), "
EEVID_ff7dad23b19e4ec1,dairy_milk_skim_milk_milk_fat,hershey_latest_esg_dairy_section.pdf,text_or_table,unified_memory_scan,ingredient_confirmation,ingredient_or_label_evidence,company_level_relationship_evidence,company_level_confirmed,company_level_only,medium,high,candidate_for_strict_audit,pending_step16i,hershey,cocoa_chocolate,benchmark_not_invoice; do_not_claim_sku_level_supplier; supplier_claim_not_sku_confirmed,"hershey / cocoa_chocolate / dairy_milk_skim_milk_milk_fat may support ingredient, label, or product identity evidence. Use only as company-level relationship evidence. Do not claim exact 1.55 oz SKU allocation.","eatment of Sold Products
87,842
84,524
80,832
Category 13 – Downstream Leased Assets
Not applicable
Not applicable
Not applicable
Category 14 – Franchises
Not applicable
Not applicable
Not applicable
Category 15 – Investments
Not applicable
Not applicable
Not applicable
1 
Hershey’s 2019 and 2020 GHG emissions data has been restated to include at l"
EEVID_67cb0348c19c6a07,dairy_milk_skim_milk_milk_fat,hershey_latest_esg_dairy_section.pdf,text_or_table,unified_memory_scan,ingredient_confirmation,ingredient_or_label_evidence,company_level_relationship_evidence,company_level_confirmed,company_level_only,medium,high,candidate_for_strict_audit,pending_step16i,hershey,cocoa_chocolate,benchmark_not_invoice; do_not_claim_sku_level_supplier; supplier_claim_not_sku_confirmed,"hershey / cocoa_chocolate / dairy_milk_skim_milk_milk_fat may support ingredient, label, or product identity evidence. Use only as company-level relationship evidence. Do not claim exact 1.55 oz SKU allocation.","329
5.797
4 Data in this table has been restated. The current scope excludes ONE Brands, Lily’s, Dot’s and Pretzels.
58 
The Hershey Company | 2021 ESG Report
The Big Picture Our Company Cocoa Responsible Sourcing and Human Rights Environment Our People Youth Community About This Report
Environment


--- PAGE 59 ---
KPIs
ENERGY CONSUMPTION1,2 (GIGA"
EEVID_edce949c937b86bd,dairy_milk_skim_milk_milk_fat,hershey_latest_esg_dairy_section.pdf,text_or_table,unified_memory_scan,ingredient_confirmation,ingredient_or_label_evidence,company_level_relationship_evidence,company_level_confirmed,company_level_only,medium,high,candidate_for_strict_audit,pending_step16i,hershey,cocoa_chocolate; milk_dairy; packaging,do_not_claim_sku_level_supplier; supplier_claim_not_sku_confirmed,"hershey / cocoa_chocolate, milk_dairy, packaging / dairy_milk_skim_milk_milk_fat may support ingredient, label, or product identity evidence. Use only as company-level relationship evidence. Do not claim exact 1.55 oz SKU allocation.","ECs until 2020. 
5 Represents energy usage at Hershey manufacturing plants related to fuel, electricity and heating.
59 
The Hershey Company | 2021 ESG Report
The Big Picture Our Company Cocoa Responsible Sourcing and Human Rights Environment Our People Youth Community About This Report
Environment


--- PAGE 60 ---
ACCELERATING SUSTAINABILITY WITH"
EEVID_6674f2c0c8579c93,dairy_milk_skim_milk_milk_fat,hershey_latest_esg_dairy_section.pdf,text_or_table,unified_memory_scan,ingredient_confirmation,ingredient_or_label_evidence,company_level_relationship_evidence,company_level_confirmed,company_level_only,medium,high,candidate_for_strict_audit,pending_step16i,hershey,cocoa_chocolate; packaging,benchmark_not_invoice; do_not_claim_sku_level_supplier; supplier_claim_not_sku_confirmed,"hershey / cocoa_chocolate, packaging / dairy_milk_skim_milk_milk_fat may support ingredient, label, or product identity evidence. Use only as company-level relationship evidence. Do not claim exact 1.55 oz SKU allocation.","ght by an additional 1.65 million pounds in 2020.
7 
In the 2019 Sustainability Report, Hershey disclosed that we saved more than 23.6 million pounds of packaging cumulatively since 2015.
KPIs
AIR QUALITY (METRIC TONS – MT) 
2021
2020
2019
NOx emissions 
67.4
74.9 
77.8 
SOx emissions 
2.15
2.5 
2.4 
VOC emissions 
101.9
83.8 
190.3 
CO emissions 
"
EEVID_9d6396b2ef77f7f0,dairy_milk_skim_milk_milk_fat,hershey_latest_esg_dairy_section.pdf,text_or_table,unified_memory_scan,ingredient_confirmation,ingredient_or_label_evidence,company_level_relationship_evidence,company_level_confirmed,company_level_only,medium,high,candidate_for_strict_audit,pending_step16i,hershey,cocoa_chocolate,do_not_claim_sku_level_supplier; supplier_claim_not_sku_confirmed,"hershey / cocoa_chocolate / dairy_milk_skim_milk_milk_fat may support ingredient, label, or product identity evidence. Use only as company-level relationship evidence. Do not claim exact 1.55 oz SKU allocation.","n assured by Quantis, an independent verifier. 
3 Water consumption is calculated as water use less water discharge.
61 
The Hershey Company | 2021 ESG Report
The Big Picture Our Company Cocoa Responsible Sourcing and Human Rights Environment Our People Youth Community About This Report
Environment


--- PAGE 62 ---
At Hershey, we foster a culture "
EEVID_bfe7469e8b3cb98d,dairy_milk_skim_milk_milk_fat,hershey_latest_esg_dairy_section.pdf,text_or_table,unified_memory_scan,ingredient_confirmation,ingredient_or_label_evidence,company_level_relationship_evidence,company_level_confirmed,company_level_only,medium,high,candidate_for_strict_audit,pending_step16i,hershey,cocoa_chocolate,benchmark_not_invoice; do_not_claim_sku_level_supplier; supplier_claim_not_sku_confirmed,"hershey / cocoa_chocolate / dairy_milk_skim_milk_milk_fat may support ingredient, label, or product identity evidence. Use only as company-level relationship evidence. Do not claim exact 1.55 oz SKU allocation.","of our people, 
including future-facing commercial skills, 
leadership and career development. 
We continue to support employees’ careers 
and connections through engagement with 
managers, mentors and sponsors, as well as 
through the adaptation and expansion of our 
benefits. Flexibility and care systems are key to 
employee well-being and mental"
EEVID_e6d829d541171be3,dairy_milk_skim_milk_milk_fat,hershey_latest_esg_dairy_section.pdf,text_or_table,unified_memory_scan,ingredient_confirmation,ingredient_or_label_evidence,company_level_relationship_evidence,company_level_confirmed,company_level_only,medium,high,candidate_for_strict_audit,pending_step16i,hershey,cocoa_chocolate,do_not_claim_sku_level_supplier; supplier_claim_not_sku_confirmed,"hershey / cocoa_chocolate / dairy_milk_skim_milk_milk_fat may support ingredient, label, or product identity evidence. Use only as company-level relationship evidence. Do not claim exact 1.55 oz SKU allocation.","ng 
required, the relevant personnel to be trained 
or to manage training and what resources 
the training requires, such as online classes 
or in‑person demonstrations.
Meeting New EHS Goals
We are already on track to meet our newly 
launched goal of 50% hazard reduction for job 
functions with ergonomic risks. To get there, 
we have been implemen"
EEVID_b2b7f104668ab253,dairy_milk_skim_milk_milk_fat,hershey_latest_esg_dairy_section.pdf,text_or_table,unified_memory_scan,ingredient_confirmation,ingredient_or_label_evidence,company_level_relationship_evidence,company_level_confirmed,company_level_only,medium,high,candidate_for_strict_audit,pending_step16i,hershey,cocoa_chocolate,do_not_claim_sku_level_supplier; supplier_claim_not_sku_confirmed,"hershey / cocoa_chocolate / dairy_milk_skim_milk_milk_fat may support ingredient, label, or product identity evidence. Use only as company-level relationship evidence. Do not claim exact 1.55 oz SKU allocation.","ntures in science, engineering, 
arts and culture, health and wellness or 
diversity and inclusion, and receive tutoring or 
collaboratively work on homework. Older family 
members can connect with others and engage 
in intellectually stimulating experiences in arts 
and culture, travel and games. This program 
was expanded in 2021 to include “Powe"
EEVID_8180201235fde67c,dairy_milk_skim_milk_milk_fat,hershey_latest_esg_dairy_section.pdf,text_or_table,unified_memory_scan,ingredient_confirmation,ingredient_or_label_evidence,company_level_relationship_evidence,company_level_confirmed,company_level_only,medium,high,candidate_for_strict_audit,pending_step16i,hershey,cocoa_chocolate,do_not_claim_sku_level_supplier; supplier_claim_not_sku_confirmed,"hershey / cocoa_chocolate / dairy_milk_skim_milk_milk_fat may support ingredient, label, or product identity evidence. Use only as company-level relationship evidence. Do not claim exact 1.55 oz SKU allocation.","ibility 
in a virtual work setting and better equips 
employees to balance business needs 
with personal obligations.
The Big Picture Our Company Cocoa Responsible Sourcing and Human Rights Environment Our People Youth Community About This Report
65 
The Hershey Company | 2021 ESG Report
Our People


--- PAGE 66 ---
Engaging With Unions 
The employ"
EEVID_3dc60c163f9d246a,dairy_milk_skim_milk_milk_fat,hershey_latest_esg_dairy_section.pdf,text_or_table,unified_memory_scan,ingredient_confirmation,ingredient_or_label_evidence,company_level_relationship_evidence,company_level_confirmed,company_level_only,medium,high,candidate_for_strict_audit,pending_step16i,hershey,cocoa_chocolate,do_not_claim_sku_level_supplier; supplier_claim_not_sku_confirmed,"hershey / cocoa_chocolate / dairy_milk_skim_milk_milk_fat may support ingredient, label, or product identity evidence. Use only as company-level relationship evidence. Do not claim exact 1.55 oz SKU allocation.","focusing 
on removing the stigma of mental health. 
“Your Blues Ain’t Like Mine; Acknowledging 
and Healing Our Past, Looking Forward To The 
Future,“ presented by Malkia Newman, Team 
Supervisor at CNS Healthcare, was a featured 
session. Hershey also provided Exercise 
Your Wellness with personal trainer Bodine 
Wolchuk sharing how to move your b"
EEVID_b61fe5d875f6e01c,dairy_milk_skim_milk_milk_fat,hershey_latest_esg_dairy_section.pdf,text_or_table,unified_memory_scan,ingredient_confirmation,ingredient_or_label_evidence,company_level_relationship_evidence,company_level_confirmed,company_level_only,medium,high,candidate_for_strict_audit,pending_step16i,hershey,cocoa_chocolate,benchmark_not_invoice; do_not_claim_sku_level_supplier; supplier_claim_not_sku_confirmed,"hershey / cocoa_chocolate / dairy_milk_skim_milk_milk_fat may support ingredient, label, or product identity evidence. Use only as company-level relationship evidence. Do not claim exact 1.55 oz SKU allocation.","completed by such firms. We are 
extremely pleased to report that 41% of all talent 
acquisition search volume in 2021 was led by 
diverse-owned firms.
In addition, we set a goal to achieve a college 
recruiting portfolio that is at least 50% 
diverse. To ensure we meet this, we added 
23 HBCUs and HSIs to our roster of universities 
and schools th"
EEVID_32605f94dbb1c9e5,dairy_milk_skim_milk_milk_fat,hershey_latest_esg_dairy_section.pdf,text_or_table,unified_memory_scan,ingredient_confirmation,ingredient_or_label_evidence,company_level_relationship_evidence,company_level_confirmed,company_level_only,medium,high,candidate_for_strict_audit,pending_step16i,hershey,cocoa_chocolate; packaging,benchmark_not_invoice; do_not_claim_sku_level_supplier; supplier_claim_not_sku_confirmed,"hershey / cocoa_chocolate, packaging / dairy_milk_skim_milk_milk_fat may support ingredient, label, or product identity evidence. Use only as company-level relationship evidence. Do not claim exact 1.55 oz SKU allocation.","ilitary veteran, LGBTQ+ and disabled persons, or other individuals that qualify 
as socio-economically disadvantaged.
The Big Picture Our Company Cocoa Responsible Sourcing and Human Rights Environment Our People Youth Community About This Report
69 
The Hershey Company | 2021 ESG Report
Our People


--- PAGE 70 ---
Meet Some of Our Diverse 
Suppli"
EEVID_d03482f113f3ac14,dairy_milk_skim_milk_milk_fat,hershey_latest_esg_dairy_section.pdf,text_or_table,unified_memory_scan,ingredient_confirmation,ingredient_or_label_evidence,company_level_relationship_evidence,company_level_confirmed,company_level_only,medium,high,candidate_for_strict_audit,pending_step16i,hershey,cocoa_chocolate,benchmark_not_invoice; do_not_claim_sku_level_supplier; supplier_claim_not_sku_confirmed,"hershey / cocoa_chocolate / dairy_milk_skim_milk_milk_fat may support ingredient, label, or product identity evidence. Use only as company-level relationship evidence. Do not claim exact 1.55 oz SKU allocation.","and disabled person-owned businesses. 
In 2021, we spent $92 million with 139 
diverse suppliers1, working toward our newly 
established goal of $400 million by 2030.
In 2021, we brought in a new data partner 
to strengthen our systems for tracking 
diverse supplier spend and to provide us 
with an improved tool for identifying and 
vetting new div"
EEVID_39c4ffd0a6a2f99a,dairy_milk_skim_milk_milk_fat,hershey_latest_esg_dairy_section.pdf,text_or_table,unified_memory_scan,ingredient_confirmation,ingredient_or_label_evidence,company_level_relationship_evidence,company_level_confirmed,company_level_only,medium,high,candidate_for_strict_audit,pending_step16i,hershey,cocoa_chocolate,benchmark_not_invoice; do_not_claim_sku_level_supplier; supplier_claim_not_sku_confirmed,"hershey / cocoa_chocolate / dairy_milk_skim_milk_milk_fat may support ingredient, label, or product identity evidence. Use only as company-level relationship evidence. Do not claim exact 1.55 oz SKU allocation.",", or other individuals that qualify 
as socioeconomically disadvantaged.
$92M
spent with diverse 
suppliers in 2021 1
The Big Picture Our Company Cocoa Responsible Sourcing and Human Rights Environment Our People Youth Community About This Report
70 
The Hershey Company | 2021 ESG Report
Our People


--- PAGE 71 ---
More Pathways to GROW
Pathways t"
EEVID_0d9a15bf199d2f26,dairy_milk_skim_milk_milk_fat,hershey_latest_esg_dairy_section.pdf,text_or_table,unified_memory_scan,ingredient_confirmation,ingredient_or_label_evidence,company_level_relationship_evidence,company_level_confirmed,company_level_only,medium,high,candidate_for_strict_audit,pending_step16i,hershey,cocoa_chocolate,do_not_claim_sku_level_supplier; supplier_claim_not_sku_confirmed,"hershey / cocoa_chocolate / dairy_milk_skim_milk_milk_fat may support ingredient, label, or product identity evidence. Use only as company-level relationship evidence. Do not claim exact 1.55 oz SKU allocation.","as training across the company. 
We now conduct training twice a year, with 
intentional timing to increase the likelihood 
of employees incorporating the learnings 
into their daily behavior. By the end of 2021, 
6,943 unconscious bias training hours had 
been completed.
After each session, leaders met with their 
teams to reflect on the discussio"
EEVID_ab0eae2649db9136,dairy_milk_skim_milk_milk_fat,hershey_latest_esg_dairy_section.pdf,text_or_table,unified_memory_scan,ingredient_confirmation,ingredient_or_label_evidence,company_level_relationship_evidence,company_level_confirmed,company_level_only,medium,high,candidate_for_strict_audit,pending_step16i,hershey,cocoa_chocolate,benchmark_not_invoice; do_not_claim_sku_level_supplier; supplier_claim_not_sku_confirmed,"hershey / cocoa_chocolate / dairy_milk_skim_milk_milk_fat may support ingredient, label, or product identity evidence. Use only as company-level relationship evidence. Do not claim exact 1.55 oz SKU allocation.","in 2021.
By the end of the sessions, 402 people leaders 
completed the course and 2,000 training hours 
were logged.
The Big Picture Our Company Cocoa Responsible Sourcing and Human Rights Environment Our People Youth Community About This Report
71 
The Hershey Company | 2021 ESG Report
Our People


--- PAGE 72 ---
How Our BRGs Are 
Driving Diversi"
EEVID_017590215f47af1c,dairy_milk_skim_milk_milk_fat,hershey_latest_esg_dairy_section.pdf,text_or_table,unified_memory_scan,retail_price,retail_price_evidence,company_level_relationship_evidence,company_level_confirmed,company_level_only,medium,high,candidate_for_strict_audit,pending_step16i,hershey,cocoa_chocolate,benchmark_not_invoice; do_not_claim_sku_level_supplier; retail_observation_not_margin; supplier_claim_not_sku_confirmed,hershey / cocoa_chocolate / dairy_milk_skim_milk_milk_fat may support observed retail page or price evidence. Use only as company-level relationship evidence. Do not claim exact 1.55 oz SKU allocation.,".
• Gender neutral restrooms were installed in 
Hershey’s headquarters, Hershey Technical 
Center in Hershey, Pennsylvania, and the 
Annville Fulfillment Center in Annville, 
Pennsylvania,. These are only a few examples of 
how our BRGs continue to develop talent and 
influence policy for a more inclusive Hershey.
Attending the Lunch ’n Learn 
sess"
EEVID_5ddb72f703ed217f,dairy_milk_skim_milk_milk_fat,hershey_latest_esg_dairy_section.pdf,text_or_table,unified_memory_scan,supplier_relationship,supplier_relationship_evidence,company_level_relationship_evidence,company_level_confirmed,company_level_only,medium,high,candidate_for_strict_audit,pending_step16i,hershey,,do_not_claim_sku_level_supplier; supplier_claim_not_sku_confirmed,hershey / dairy_milk_skim_milk_milk_fat may support a company level confirmed relationship claim. Use only as company-level relationship evidence. Do not claim exact 1.55 oz SKU allocation.,"ese workshops in 
2021 directly reached 135 prospective 
candidates. In addition, Hershey employee 
Star Gibbs leads forums for Thurgood 
Marshall students to learn more about 
The Hershey Company. 
Be Real
The Pathways Project was born from 
listening sessions. We knew that an 
updated enterprise strategy needed to be 
realistic about the gaps tha"
EEVID_c2fc4d1361ce18f8,dairy_milk_skim_milk_milk_fat,hershey_latest_esg_dairy_section.pdf,text_or_table,unified_memory_scan,ingredient_confirmation,ingredient_or_label_evidence,company_level_relationship_evidence,company_level_confirmed,company_level_only,medium,high,candidate_for_strict_audit,pending_step16i,hershey,cocoa_chocolate,do_not_claim_sku_level_supplier; supplier_claim_not_sku_confirmed,"hershey / cocoa_chocolate / dairy_milk_skim_milk_milk_fat may support ingredient, label, or product identity evidence. Use only as company-level relationship evidence. Do not claim exact 1.55 oz SKU allocation.","g 
achievements and continuous 
improvement on pay equity for 
similar job categories throughout our 
organization.
47–50% women representation across all employees 
globally and 30–40% people of color (POC) representation 
across U.S. employees1
2025
Achieved 
47.7% women globally
 
On Track
24.6% POC in the U.S.
50% hazard reduction for job funct"
EEVID_ea9a635faeb0fdca,dairy_milk_skim_milk_milk_fat,hershey_latest_esg_dairy_section.pdf,text_or_table,unified_memory_scan,ingredient_confirmation,ingredient_or_label_evidence,company_level_relationship_evidence,company_level_confirmed,company_level_only,medium,high,candidate_for_strict_audit,pending_step16i,hershey,cocoa_chocolate,do_not_claim_sku_level_supplier; supplier_claim_not_sku_confirmed,"hershey / cocoa_chocolate / dairy_milk_skim_milk_milk_fat may support ingredient, label, or product identity evidence. Use only as company-level relationship evidence. Do not claim exact 1.55 oz SKU allocation.","Hershey’s recent acquisitions of Lily’s, Dot’s and Pretzels. 
2 The 2019 female global employee percentage has been restated due to a calculation error. The raw data remains unchanged and is accurate.
The Big Picture Our Company Cocoa Responsible Sourcing and Human Rights Environment Our People Youth Community About This Report
75 
The Hershey Comp"
EEVID_ef3edcf4237c731d,dairy_milk_skim_milk_milk_fat,hershey_latest_esg_dairy_section.pdf,text_or_table,unified_memory_scan,ingredient_confirmation,ingredient_or_label_evidence,company_level_relationship_evidence,company_level_confirmed,company_level_only,medium,high,candidate_for_strict_audit,pending_step16i,hershey,cocoa_chocolate,do_not_claim_sku_level_supplier; supplier_claim_not_sku_confirmed,"hershey / cocoa_chocolate / dairy_milk_skim_milk_milk_fat may support ingredient, label, or product identity evidence. Use only as company-level relationship evidence. Do not claim exact 1.55 oz SKU allocation.","mmercial functions
33.3%
13.9%
Sales employees
48.1% 
14.6% 
Hourly manufacturing employees 
35.0% 
30.5% 
4 Hershey internal HR job category data does not directly correlate to EEOC job category data.
The Big Picture Our Company Cocoa Responsible Sourcing and Human Rights Environment Our People Youth Community About This Report
76 
The Hershey Com"
EEVID_46013ad8899176f7,dairy_milk_skim_milk_milk_fat,hershey_latest_esg_dairy_section.pdf,text_or_table,unified_memory_scan,ingredient_confirmation,ingredient_or_label_evidence,company_level_relationship_evidence,company_level_confirmed,company_level_only,medium,high,candidate_for_strict_audit,pending_step16i,hershey,cocoa_chocolate,do_not_claim_sku_level_supplier; supplier_claim_not_sku_confirmed,"hershey / cocoa_chocolate / dairy_milk_skim_milk_milk_fat may support ingredient, label, or product identity evidence. Use only as company-level relationship evidence. Do not claim exact 1.55 oz SKU allocation.","s 
at an internal pay band level of 3B or higher.
3 Race/ethnicity and gender percentages are based on employee self-identification in Hershey’s HR data system as of December 31, 2021. This employee data does not include Hershey’s recent acquisitions of Lily’s, Dot’s and Pretzels.
The Big Picture Our Company Cocoa Responsible Sourcing and Human Rig"
EEVID_9aca7ade2b3696aa,dairy_milk_skim_milk_milk_fat,hershey_latest_esg_dairy_section.pdf,text_or_table,unified_memory_scan,ingredient_confirmation,ingredient_or_label_evidence,company_level_relationship_evidence,company_level_confirmed,company_level_only,medium,high,candidate_for_strict_audit,pending_step16i,hershey,cocoa_chocolate,do_not_claim_sku_level_supplier; supplier_claim_not_sku_confirmed,"hershey / cocoa_chocolate / dairy_milk_skim_milk_milk_fat may support ingredient, label, or product identity evidence. Use only as company-level relationship evidence. Do not claim exact 1.55 oz SKU allocation.","2 (22%)
3 The executive team includes employees who report to Hershey’s CEO, including the CEO.
4 Race/ethnicity and gender percentages are based on employee self-identification in Hershey’s HR data system as of December 31, 2021. This employee data does not include Hershey’s recent acquisitions of Lily’s, Dot’s and Pretzels.
The Big Picture Our C"
EEVID_7809e527af02158a,dairy_milk_skim_milk_milk_fat,hershey_latest_esg_dairy_section.pdf,text_or_table,unified_memory_scan,ingredient_confirmation,ingredient_or_label_evidence,company_level_relationship_evidence,company_level_confirmed,company_level_only,medium,high,candidate_for_strict_audit,pending_step16i,hershey,cocoa_chocolate,benchmark_not_invoice; do_not_claim_sku_level_supplier; supplier_claim_not_sku_confirmed,"hershey / cocoa_chocolate / dairy_milk_skim_milk_milk_fat may support ingredient, label, or product identity evidence. Use only as company-level relationship evidence. Do not claim exact 1.55 oz SKU allocation.","ch contractor company is responsible for gathering this information and reporting it according to local requirements.
The Big Picture Our Company Cocoa Responsible Sourcing and Human Rights Environment Our People Youth Community About This Report
79 
The Hershey Company | 2021 ESG Report
Our People


--- PAGE 80 ---
Nurturing 
Potential
Their
Helpi"
EEVID_57877a856a6463cb,dairy_milk_skim_milk_milk_fat,hershey_latest_esg_dairy_section.pdf,text_or_table,unified_memory_scan,ingredient_confirmation,ingredient_or_label_evidence,company_level_relationship_evidence,company_level_confirmed,company_level_only,medium,high,candidate_for_strict_audit,pending_step16i,hershey,cocoa_chocolate,benchmark_not_invoice; do_not_claim_sku_level_supplier; supplier_claim_not_sku_confirmed,"hershey / cocoa_chocolate / dairy_milk_skim_milk_milk_fat may support ingredient, label, or product identity evidence. Use only as company-level relationship evidence. Do not claim exact 1.55 oz SKU allocation.","age and highlight young people 
who take action to create more inclusive, 
empathetic communities.
Since 2019, Hershey has partnered with 
WE to award $250 microgrants to up to 
500 teens annually across the U.S. leading 
projects focused on building inclusion, 
empathy and connection in their communities. 
During 2021, we continued our Heartwarmin"
EEVID_55a517146d3c5cd8,dairy_milk_skim_milk_milk_fat,hershey_latest_esg_dairy_section.pdf,text_or_table,unified_memory_scan,ingredient_confirmation,ingredient_or_label_evidence,company_level_relationship_evidence,company_level_confirmed,company_level_only,medium,high,candidate_for_strict_audit,pending_step16i,hershey,cocoa_chocolate,benchmark_not_invoice; do_not_claim_sku_level_supplier; supplier_claim_not_sku_confirmed,"hershey / cocoa_chocolate / dairy_milk_skim_milk_milk_fat may support ingredient, label, or product identity evidence. Use only as company-level relationship evidence. Do not claim exact 1.55 oz SKU allocation.","ty | Perspectives on Psychological Science
3 The impact of COVID-19 on the mental health of adolescents and youth | UNICEF
The Big Picture Our Company Cocoa Responsible Sourcing and Human Rights Environment Our People Youth Community About This Report
81 
The Hershey Company | 2021 ESG Report
Youth


--- PAGE 82 ---
Supporting Connections 
Our 2021"
EEVID_7368efa59ee0001a,dairy_milk_skim_milk_milk_fat,hershey_latest_esg_dairy_section.pdf,text_or_table,unified_memory_scan,supplier_relationship,supplier_relationship_evidence,company_level_relationship_evidence,company_level_confirmed,company_level_only,medium,high,candidate_for_strict_audit,pending_step16i,hershey,,benchmark_not_invoice; do_not_claim_sku_level_supplier; supplier_claim_not_sku_confirmed,hershey / dairy_milk_skim_milk_milk_fat may support a company level confirmed relationship claim. Use only as company-level relationship evidence. Do not claim exact 1.55 oz SKU allocation.,"cts worldwide. 
In 2021, we also expanded our support for youth 
well-being programming outside the U.S. In 
Canada, the Sweeter Together project launched 
in partnership with BGC Canada (formerly 
Boys and Girls Club of Canada), which includes 
support for the Buy a Bar, Build a Court program 
and sponsorship of BGC Canada’s Pink Shirt 
Day progra"
EEVID_b7994d693731321f,dairy_milk_skim_milk_milk_fat,hershey_latest_esg_dairy_section.pdf,text_or_table,unified_memory_scan,ingredient_confirmation,ingredient_or_label_evidence,company_level_relationship_evidence,company_level_confirmed,company_level_only,medium,high,candidate_for_strict_audit,pending_step16i,hershey,cocoa_chocolate,benchmark_not_invoice; do_not_claim_sku_level_supplier; supplier_claim_not_sku_confirmed,"hershey / cocoa_chocolate / dairy_milk_skim_milk_milk_fat may support ingredient, label, or product identity evidence. Use only as company-level relationship evidence. Do not claim exact 1.55 oz SKU allocation.","of 7,000 meals for the San Antonio Food 
Bank. He also spent a day helping sort 
and pack 13,000 pounds of food to be 
distributed to people in 16 counties across 
south-central Texas. 
Empowering 
Young Heroes
In the rural Fairfield, Illinois, community 
where six-year-old Perry Kimberlin lives, 
approximately one in 10 people received 
a positive"
EEVID_490b313caefd5747,dairy_milk_skim_milk_milk_fat,hershey_latest_esg_dairy_section.pdf,text_or_table,unified_memory_scan,ingredient_confirmation,ingredient_or_label_evidence,company_level_relationship_evidence,company_level_confirmed,company_level_only,medium,high,candidate_for_strict_audit,pending_step16i,hershey,cocoa_chocolate,benchmark_not_invoice; do_not_claim_sku_level_supplier; supplier_claim_not_sku_confirmed,"hershey / cocoa_chocolate / dairy_milk_skim_milk_milk_fat may support ingredient, label, or product identity evidence. Use only as company-level relationship evidence. Do not claim exact 1.55 oz SKU allocation.","Hospital Foundation purchase pediatric 
rehabilitation equipment for their new wing 
that is currently under construction.
The Big Picture Our Company Cocoa Responsible Sourcing and Human Rights Environment Our People Youth Community About This Report
82 
The Hershey Company | 2021 ESG Report
Youth


--- PAGE 83 ---
Creating Unique 
Community Space"
EEVID_fe00a394e9d47beb,dairy_milk_skim_milk_milk_fat,hershey_latest_esg_dairy_section.pdf,text_or_table,unified_memory_scan,ingredient_confirmation,ingredient_or_label_evidence,company_level_relationship_evidence,company_level_confirmed,company_level_only,medium,high,candidate_for_strict_audit,pending_step16i,hershey,cocoa_chocolate,benchmark_not_invoice; do_not_claim_sku_level_supplier; supplier_claim_not_sku_confirmed,"hershey / cocoa_chocolate / dairy_milk_skim_milk_milk_fat may support ingredient, label, or product identity evidence. Use only as company-level relationship evidence. Do not claim exact 1.55 oz SKU allocation.","hey move within, but 
are also incisive critics and agents of change 
within those systems. 
Credit: Epic Theatre Ensemble
The Big Picture Our Company Cocoa Responsible Sourcing and Human Rights Environment Our People Youth Community About This Report
83 
The Hershey Company | 2021 ESG Report
Youth


--- PAGE 84 ---
Our Shared Goodness Legacy — Mil"
EEVID_11791a4e7a133b5f,dairy_milk_skim_milk_milk_fat,hershey_latest_esg_dairy_section.pdf,text_or_table,unified_memory_scan,ingredient_confirmation,ingredient_or_label_evidence,company_level_relationship_evidence,company_level_confirmed,company_level_only,medium,high,candidate_for_strict_audit,pending_step16i,hershey,cocoa_chocolate,do_not_claim_sku_level_supplier; supplier_claim_not_sku_confirmed,"hershey / cocoa_chocolate / dairy_milk_skim_milk_milk_fat may support ingredient, label, or product identity evidence. Use only as company-level relationship evidence. Do not claim exact 1.55 oz SKU allocation.","than 128,800 children took action and impacted their communities, cumulatively from January 1, 2020 to December 31, 2021.
The Big Picture Our Company Cocoa Responsible Sourcing and Human Rights Environment Our People Youth Community About This Report
85 
The Hershey Company | 2021 ESG Report
Youth


--- PAGE 86 ---
C
o
n
n
e
c
t
i
n
g
 
T
h
r
o
u
g"
EEVID_2261f4c8fc132356,dairy_milk_skim_milk_milk_fat,hershey_latest_esg_dairy_section.pdf,text_or_table,unified_memory_scan,ingredient_confirmation,ingredient_or_label_evidence,company_level_relationship_evidence,company_level_confirmed,company_level_only,medium,high,candidate_for_strict_audit,pending_step16i,hershey,cocoa_chocolate,benchmark_not_invoice; do_not_claim_sku_level_supplier; supplier_claim_not_sku_confirmed,"hershey / cocoa_chocolate / dairy_milk_skim_milk_milk_fat may support ingredient, label, or product identity evidence. Use only as company-level relationship evidence. Do not claim exact 1.55 oz SKU allocation.","y 
needs and craft tailored approaches to 
provide support. This work includes forging 
partnerships with local NGOs, providing grants 
and contributions, and organizing volunteer 
service activities and employee fundraisers. 
We encourage all grantees to provide impact 
reports with both quantitative and qualitative 
data, and host annual meetings"
EEVID_7965137c1c7c8c4d,dairy_milk_skim_milk_milk_fat,hershey_latest_esg_dairy_section.pdf,text_or_table,unified_memory_scan,ingredient_confirmation,ingredient_or_label_evidence,company_level_relationship_evidence,company_level_confirmed,company_level_only,medium,high,candidate_for_strict_audit,pending_step16i,hershey,cocoa_chocolate,benchmark_not_invoice; do_not_claim_sku_level_supplier; supplier_claim_not_sku_confirmed,"hershey / cocoa_chocolate / dairy_milk_skim_milk_milk_fat may support ingredient, label, or product identity evidence. Use only as company-level relationship evidence. Do not claim exact 1.55 oz SKU allocation.","grant to their 
nonprofit of choice. 
It isn’t what you leave 
your children but how 
you leave them.
Milton Hershey
“
The Big Picture Our Company Cocoa Responsible Sourcing and Human Rights Environment Our People Youth Community About This Report
87 
The Hershey Company | 2021 ESG Report
Community


--- PAGE 88 ---
Showing up for Our Communities
M"
EEVID_2a939772a69918c5,dairy_milk_skim_milk_milk_fat,hershey_latest_esg_dairy_section.pdf,text_or_table,unified_memory_scan,ingredient_confirmation,ingredient_or_label_evidence,company_level_relationship_evidence,company_level_confirmed,company_level_only,medium,high,candidate_for_strict_audit,pending_step16i,hershey,cocoa_chocolate,do_not_claim_sku_level_supplier; supplier_claim_not_sku_confirmed,"hershey / cocoa_chocolate / dairy_milk_skim_milk_milk_fat may support ingredient, label, or product identity evidence. Use only as company-level relationship evidence. Do not claim exact 1.55 oz SKU allocation.","Advancing Justice and Asian 
Indian Americans of Central Pennsylvania. 
Additionally, we established new partnerships 
supporting the Latino community, partnering 
with the League of United Latin American 
Citizens. Hershey also supported the newly 
established Center for Racial and Gender Equity 
at YWCA Lancaster, and continued its support 
for a"
EEVID_e55005f70498ec80,dairy_milk_skim_milk_milk_fat,hershey_latest_esg_dairy_section.pdf,text_or_table,unified_memory_scan,ingredient_confirmation,ingredient_or_label_evidence,company_level_relationship_evidence,company_level_confirmed,company_level_only,medium,high,candidate_for_strict_audit,pending_step16i,hershey,cocoa_chocolate,benchmark_not_invoice; do_not_claim_sku_level_supplier; supplier_claim_not_sku_confirmed,"hershey / cocoa_chocolate / dairy_milk_skim_milk_milk_fat may support ingredient, label, or product identity evidence. Use only as company-level relationship evidence. Do not claim exact 1.55 oz SKU allocation.","ficant strategic partnership for talent 
pipeline development and community impact 
in this majority Latino community.
The Big Picture Our Company Cocoa Responsible Sourcing and Human Rights Environment Our People Youth Community About This Report
88 
The Hershey Company | 2021 ESG Report
Community


--- PAGE 89 ---
Being a Good Neighbor
Our plant "
EEVID_e78ffee4a8022a50,dairy_milk_skim_milk_milk_fat,hershey_latest_esg_dairy_section.pdf,text_or_table,unified_memory_scan,ingredient_confirmation,ingredient_or_label_evidence,company_level_relationship_evidence,company_level_confirmed,company_level_only,medium,high,candidate_for_strict_audit,pending_step16i,hershey,cocoa_chocolate,do_not_claim_sku_level_supplier; supplier_claim_not_sku_confirmed,"hershey / cocoa_chocolate / dairy_milk_skim_milk_milk_fat may support ingredient, label, or product identity evidence. Use only as company-level relationship evidence. Do not claim exact 1.55 oz SKU allocation.","eton Plant celebrated National Salute 
to Veteran Patients Week by donating candy 
and Hershey T-shirts to spread joy.
The Big Picture Our Company Cocoa Responsible Sourcing and Human Rights Environment Our People Youth Community About This Report
89 
The Hershey Company | 2021 ESG Report
Community


--- PAGE 90 ---
A Culture of Giving Back 
While "
EEVID_32c905a6d92c6dd2,dairy_milk_skim_milk_milk_fat,hershey_latest_esg_dairy_section.pdf,text_or_table,unified_memory_scan,ingredient_confirmation,ingredient_or_label_evidence,company_level_relationship_evidence,company_level_confirmed,company_level_only,medium,high,candidate_for_strict_audit,pending_step16i,hershey; usda,cocoa_chocolate,benchmark_not_invoice; do_not_claim_sku_level_supplier; supplier_claim_not_sku_confirmed,"hershey, usda / cocoa_chocolate / dairy_milk_skim_milk_milk_fat may support ingredient, label, or product identity evidence. Use only as company-level relationship evidence. Do not claim exact 1.55 oz SKU allocation.","and organized collections of food.
Hershey proudly continued its partnership 
with Feeding America by focusing on the 
intersection of children and hunger, which 
aligns to our commitment to support children in 
need and our desire to strengthen communities 
where we operate. Hershey’s support enabled 
Feeding America’s ongoing national efforts 
fo"
EEVID_4b5aa0fcaa08b54f,dairy_milk_skim_milk_milk_fat,hershey_latest_esg_dairy_section.pdf,text_or_table,unified_memory_scan,ingredient_confirmation,ingredient_or_label_evidence,company_level_relationship_evidence,company_level_confirmed,company_level_only,medium,high,candidate_for_strict_audit,pending_step16i,hershey,cocoa_chocolate,benchmark_not_invoice; do_not_claim_sku_level_supplier; supplier_claim_not_sku_confirmed,"hershey / cocoa_chocolate / dairy_milk_skim_milk_milk_fat may support ingredient, label, or product identity evidence. Use only as company-level relationship evidence. Do not claim exact 1.55 oz SKU allocation.","d by women, to share knowledge, 
empower entrepreneurs, improve nutrition 
and strengthen food value chains in Africa.
The Big Picture Our Company Cocoa Responsible Sourcing and Human Rights Environment Our People Youth Community About This Report
90 
The Hershey Company | 2021 ESG Report
Community


--- PAGE 91 ---
Children’s Miracle Network
In th"
EEVID_51fc7627796d909b,dairy_milk_skim_milk_milk_fat,hershey_latest_esg_dairy_section.pdf,text_or_table,unified_memory_scan,ingredient_confirmation,ingredient_or_label_evidence,company_level_relationship_evidence,company_level_confirmed,company_level_only,medium,high,candidate_for_strict_audit,pending_step16i,hershey,cocoa_chocolate,benchmark_not_invoice; do_not_claim_sku_level_supplier; supplier_claim_not_sku_confirmed,"hershey / cocoa_chocolate / dairy_milk_skim_milk_milk_fat may support ingredient, label, or product identity evidence. Use only as company-level relationship evidence. Do not claim exact 1.55 oz SKU allocation.","y employees tried to ease 
the burden where they live in different ways.
In Brazil, $169,000 in pandemic relief 
donations was used to give food baskets, 
hospital materials and equipment, and 
a total of 208,000 chocolate bars to 
several hospitals.
Hershey Mexico donated medical equipment 
and supplies to hospitals in Guadalajara to 
help youth b"
EEVID_8d610bb99764b1ed,dairy_milk_skim_milk_milk_fat,hershey_sustainable_dairy_pa_2021_press_release.pdf,visual_ocr,unified_memory_scan,ingredient_confirmation,ingredient_or_label_evidence,company_level_relationship_evidence,company_level_confirmed,company_level_only,medium,high,candidate_for_strict_audit,pending_step16i,hershey; land_olakes,milk_dairy,benchmark_not_invoice; do_not_claim_sku_level_supplier; ocr_text_requires_visual_confidence_review; supplier_claim_not_sku_confirmed,"hershey, land_olakes / milk_dairy / dairy_milk_skim_milk_milk_fat may support ingredient, label, or product identity evidence. Use only as company-level relationship evidence. Do not claim exact 1.55 oz SKU allocation.","--- VISUAL OCR PAGE 1: page_001.png ---
CAREERS MEDIA INVESTORS
HERSHEY, Pa., June 29, 2021 /PRNewswire/ - The Hershey Company (NYSE: HSY), Land O'Lakes, Inc., and
the Alliance for the Chesapeake Bay have partnered to implement on-farm best management practices to
reduce greenhouse gas emissions and help improve water quality in the Chesapeake Bay "
EEVID_e25e04ac74ad8a6d,hershey_company,Dairy-The-Hershey-Company-05-06-2026_02_22_PM.pdf,visual_ocr,unified_memory_scan,ingredient_confirmation,ingredient_or_label_evidence,company_level_relationship_evidence,company_level_confirmed,company_level_only,medium,high,candidate_for_strict_audit,pending_step16i,hershey; land_olakes,cocoa_chocolate; milk_dairy,do_not_claim_sku_level_supplier; ocr_text_requires_visual_confidence_review; supplier_claim_not_sku_confirmed,"hershey, land_olakes / cocoa_chocolate, milk_dairy / hershey_company may support ingredient, label, or product identity evidence. Use only as company-level relationship evidence. Do not claim exact 1.55 oz SKU allocation.","ssues.
We are collaborating with Land O'Lakes, our highest-volume dairy supplier and strategic partner,
and the Alliance for the Chesapeake Bay on a three-year pilot program, Sustainable Dairy PA.
Now in its second year, this program aims to reduce GHG emissions and protect water quality
across dairy farms in our Pennsylvania supply chain. To achie"
EEVID_1718ff17eaeed455,hershey_company,Palm-Oil-The-Hershey-Company-05-06-2026_02_22_PM.pdf,visual_ocr,unified_memory_scan,supplier_relationship,supplier_relationship_evidence,company_level_relationship_evidence,company_level_confirmed,company_level_only,medium,high,candidate_for_strict_audit,pending_step16i,hershey,,benchmark_not_invoice; do_not_claim_sku_level_supplier; ocr_text_requires_visual_confidence_review; supplier_claim_not_sku_confirmed,hershey / hershey_company may support a company level confirmed relationship claim. Use only as company-level relationship evidence. Do not claim exact 1.55 oz SKU allocation.,"eeded due to lack of RSPO certified palm or palm kernel oil volumes to meet our
demand, Hershey purchases RSPO Credits to cover such gaps.
The palm volumes from H1-2025 have originated from mills in nine countries—though most of the
palm oil we source is from Indonesia and Malaysia.
As members of the RSPO, we annually report our palm oil volumes in"
EEVID_c49154d6ec93634b,hershey_company,Palm-Oil-The-Hershey-Company-05-06-2026_02_22_PM.pdf,visual_ocr,unified_memory_scan,supplier_relationship,supplier_relationship_evidence,company_level_relationship_evidence,company_level_confirmed,company_level_only,medium,high,candidate_for_strict_audit,pending_step16i,hershey,,do_not_claim_sku_level_supplier; ocr_text_requires_visual_confidence_review; supplier_claim_not_sku_confirmed,hershey / hershey_company may support a company level confirmed relationship claim. Use only as company-level relationship evidence. Do not claim exact 1.55 oz SKU allocation.,"and often involve multiple tiers of suppliers as well as
intermediaries and smallholder suppliers. Supply chain traceability and purchasing certified palm
oil enable us to prioritize our due diligence efforts in monitoring and verifying our palm suppliers’
compliance with our NDPE commitments.
. eye

Supply Chain Traceability
On a biannual basis, H"
EEVID_0ebd70aadd0f0d84,hershey_company,Palm-Oil-The-Hershey-Company-05-06-2026_02_22_PM.pdf,visual_ocr,unified_memory_scan,supplier_relationship,supplier_relationship_evidence,company_level_relationship_evidence,company_level_confirmed,company_level_only,medium,high,candidate_for_strict_audit,pending_step16i,hershey,,benchmark_not_invoice; do_not_claim_sku_level_supplier; ocr_text_requires_visual_confidence_review; supplier_claim_not_sku_confirmed,hershey / hershey_company may support a company level confirmed relationship claim. Use only as company-level relationship evidence. Do not claim exact 1.55 oz SKU allocation.,"hin and without
Hershey’s specific supply chain.
Our partner, Earthworm Foundation, supports us in collating and analyzing these traceability
submissions from our suppliers.
We remain committed to achieving 100 percent traceability, through our suppliers, to the
plantation level - that is, identification of all plantations from which the reported m"
EEVID_77edbfae0b7c202d,hershey_company,Palm-Oil-The-Hershey-Company-05-06-2026_02_22_PM.pdf,visual_ocr,unified_memory_scan,supplier_relationship,supplier_relationship_evidence,company_level_relationship_evidence,company_level_confirmed,company_level_only,medium,high,candidate_for_strict_audit,pending_step16i,hershey,,do_not_claim_sku_level_supplier; ocr_text_requires_visual_confidence_review; supplier_claim_not_sku_confirmed,hershey / hershey_company may support a company level confirmed relationship claim. Use only as company-level relationship evidence. Do not claim exact 1.55 oz SKU allocation.,"ccelerate the uptake of certified sustainable palm oil in
North America. Additionally, Hershey has been involved in the Palm Oil Collaboration Group’s
Independent Veritication Working Group to accelerate ettective NDPE commitments with
brands, traders, producers and NGOs.
Supply Chain Monitoring and

es e
Verification
We expect all of our palm oil "
EEVID_c429225ebe30ae7a,hershey_company,Palm-Oil-The-Hershey-Company-05-06-2026_02_22_PM.pdf,visual_ocr,unified_memory_scan,supplier_relationship,supplier_relationship_evidence,company_level_relationship_evidence,company_level_confirmed,company_level_only,medium,high,candidate_for_strict_audit,pending_step16i,hershey,,do_not_claim_sku_level_supplier; ocr_text_requires_visual_confidence_review; supplier_claim_not_sku_confirmed,hershey / hershey_company may support a company level confirmed relationship claim. Use only as company-level relationship evidence. Do not claim exact 1.55 oz SKU allocation.,"with these suspended parties to push for meaningful and decisive corrective action
plans and the establishment of a timeline and progress report.
Engagement for Policy Implementation
Starting in 2019, Hershey began using Earthworm Foundation’s Engagement for Policy
Implementation (EPI) tool with several of our direct suppliers. Our suppliers comple"
EEVID_b842b3c65ff99c06,hershey_company,Palm-Oil-The-Hershey-Company-05-06-2026_02_22_PM.pdf,visual_ocr,unified_memory_scan,supplier_relationship,supplier_relationship_evidence,company_level_relationship_evidence,company_level_confirmed,company_level_only,medium,high,candidate_for_strict_audit,pending_step16i,hershey,,do_not_claim_sku_level_supplier; ocr_text_requires_visual_confidence_review; supplier_claim_not_sku_confirmed,hershey / hershey_company may support a company level confirmed relationship claim. Use only as company-level relationship evidence. Do not claim exact 1.55 oz SKU allocation.,"and 2019, the Aceh
Landscape has seen a 60 percent reduction in deforestation, which has directly impacted the
livelihoods of 2,095 households through development of Participatory Conservation Plans in five
forest-frontier communities.
The Southern Central Forest Spine (SCFS) Landscape in Malaysia is host to critical wildlife
corridors for tigers, "
EEVID_d425902a56e15935,hershey_company,Palm-Oil-The-Hershey-Company-05-06-2026_02_22_PM.pdf,visual_ocr,unified_memory_scan,ingredient_confirmation,ingredient_or_label_evidence,company_level_relationship_evidence,company_level_confirmed,company_level_only,medium,high,candidate_for_strict_audit,pending_step16i,hershey,cocoa_chocolate,do_not_claim_sku_level_supplier; ocr_text_requires_visual_confidence_review; supplier_claim_not_sku_confirmed,"hershey / cocoa_chocolate / hershey_company may support ingredient, label, or product identity evidence. Use only as company-level relationship evidence. Do not claim exact 1.55 oz SKU allocation.","rea for Priority Transformation project in Aceh
Tamiang and Southern Aceh, where it overlaps with the Leuser Ecosystem to address
deforestation within the two Aceh regions and build NDPE capacity for local actors

« Co-funding Kumacaya in the Rawa Singkil Wildlife Reserve within the Leuser Ecosystem

+ Exploring additional opportunities with Earthw"
EEVID_d50426030c7915c3,hershey_company,hershey_2025_10k_full.pdf,visual_ocr,unified_memory_scan,supplier_relationship,supplier_relationship_evidence,company_level_relationship_evidence,company_level_confirmed,company_level_only,medium,high,candidate_for_strict_audit,pending_step16i,hershey,,do_not_claim_sku_level_supplier; ocr_text_requires_visual_confidence_review; supplier_claim_not_sku_confirmed,hershey / hershey_company may support a company level confirmed relationship claim. Use only as company-level relationship evidence. Do not claim exact 1.55 oz SKU allocation.,"terprise summits and team “Ask Me Anything” meetings, which, in
conjunction with the continuous listening surveys, generate stronger employee engagement with the Company’s strategy,
initiatives and leadership.

https://www.sec.gov/Archives/edgar/data/47 111/000004711125000014/hsy-20241231.htm 11/142

--- VISUAL OCR PAGE 12: page_012.png ---
5/6/26,"
EEVID_c23026abecf63b22,hershey_company,hershey_2025_10k_full.pdf,visual_ocr,unified_memory_scan,supplier_relationship,supplier_relationship_evidence,company_level_relationship_evidence,company_level_confirmed,company_level_only,medium,high,candidate_for_strict_audit,pending_step16i,hershey,,do_not_claim_sku_level_supplier; ocr_text_requires_visual_confidence_review; supplier_claim_not_sku_confirmed,hershey / hershey_company may support a company level confirmed relationship claim. Use only as company-level relationship evidence. Do not claim exact 1.55 oz SKU allocation.,"communities where we do business. In 2024, the Company was recognized among the World’s Most Ethical Companies as
rated by Ethisphere, achieved global Great Place to Work certifications, and was recognized as a Best Place to Work for
Disability Inclusion based on our Disability Equality Index score.

* Community and Social Impact. Our philanthropy "
EEVID_c6c09c7174f389f7,hershey_company,hershey_2025_10k_full.pdf,visual_ocr,unified_memory_scan,supplier_relationship,supplier_relationship_evidence,company_level_relationship_evidence,company_level_confirmed,company_level_only,medium,high,candidate_for_strict_audit,pending_step16i,hershey,packaging,benchmark_not_invoice; do_not_claim_sku_level_supplier; ocr_text_requires_visual_confidence_review; supplier_claim_not_sku_confirmed,hershey / packaging / hershey_company may support a company level confirmed relationship claim. Use only as company-level relationship evidence. Do not claim exact 1.55 oz SKU allocation.,"of violence;

* Labor strikes or other labor activities;

* Unavailability of raw or packaging materials;

* Third party service provider disruptions, such as cyber breaches or system failures;

* Operational and/or financial instability of key suppliers, and other vendors or service providers; and

* Suboptimal production planning which could impa"
EEVID_400ddc309ece0eeb,hershey_company,hershey_2025_10k_full.pdf,visual_ocr,unified_memory_scan,retail_price,retail_price_evidence,company_level_relationship_evidence,company_level_confirmed,company_level_only,medium,high,candidate_for_strict_audit,pending_step16i,hershey,cocoa_chocolate; milk_dairy; sugar,benchmark_not_invoice; do_not_claim_sku_level_supplier; ocr_text_requires_visual_confidence_review; retail_observation_not_margin; supplier_claim_not_sku_confirmed,"hershey / cocoa_chocolate, milk_dairy, sugar / hershey_company may support observed retail page or price evidence. Use only as company-level relationship evidence. Do not claim exact 1.55 oz SKU allocation.","y affect our business, reputation and increase
risk of litigation.

a
Table of Contents The Hershey Company | 2024 Form 10-K | Page 10 a

https:/Awww.sec.gov/Archives/edgar/data/47 111/0000047 1112500001 4/hsy-20241231.htm 17/142

--- VISUAL OCR PAGE 18: page_018.png ---
5/6/26, 1:25 PM hsy-20241231

The effects and costs of climate change, or any "
EEVID_2b66ba180487eb38,hershey_company,hershey_2025_10k_full.pdf,visual_ocr,unified_memory_scan,supplier_relationship,supplier_relationship_evidence,company_level_relationship_evidence,company_level_confirmed,company_level_only,medium,high,candidate_for_strict_audit,pending_step16i,hershey,,do_not_claim_sku_level_supplier; ocr_text_requires_visual_confidence_review; supplier_claim_not_sku_confirmed,hershey / hershey_company may support a company level confirmed relationship claim. Use only as company-level relationship evidence. Do not claim exact 1.55 oz SKU allocation.,"success of such activity depends, in part, upon our ability to identify suitable buyers, sellers or business partners; perform effective
assessments prior to contract execution; negotiate contract terms; and, if applicable, obtain government approval. These activities may
present certain financial, managerial, staffing and talent, and operational r"
EEVID_e4cdec3213cf40b2,hershey_company,hershey_2025_10k_full.pdf,visual_ocr,unified_memory_scan,supplier_relationship,supplier_relationship_evidence,company_level_relationship_evidence,company_level_confirmed,company_level_only,medium,high,candidate_for_strict_audit,pending_step16i,hershey,,benchmark_not_invoice; do_not_claim_sku_level_supplier; ocr_text_requires_visual_confidence_review; supplier_claim_not_sku_confirmed,hershey / hershey_company may support a company level confirmed relationship claim. Use only as company-level relationship evidence. Do not claim exact 1.55 oz SKU allocation.,"liers. A significant reduction in liquidity
could increase counterparty risk associated with certain suppliers and service providers, resulting in disruption to our supply chain
and/or higher costs, and could impact our customers, resulting in a reduction in our revenue, or a possible increase in bad debt expense.
Additionally, in February 2022, Ru"
EEVID_65ddbd5716173122,hershey_company,hershey_2025_10k_full.pdf,visual_ocr,unified_memory_scan,supplier_relationship,supplier_relationship_evidence,company_level_relationship_evidence,company_level_confirmed,company_level_only,medium,high,candidate_for_strict_audit,pending_step16i,hershey,,do_not_claim_sku_level_supplier; ocr_text_requires_visual_confidence_review; supplier_claim_not_sku_confirmed,hershey / hershey_company may support a company level confirmed relationship claim. Use only as company-level relationship evidence. Do not claim exact 1.55 oz SKU allocation.,"eventive measures
against such security breaches in a timely manner.

a
Table of Contents The Hershey Company | 2024 Form 10-K | Page 16 a

https://www.sec.gov/Archives/edgar/data/47 111/000004711125000014/hsy-20241231.htm 25/142

--- VISUAL OCR PAGE 26: page_026.png ---
5/6/26, 1:25 PM hsy-20241231

Cybersecurity Governance and Oversight
The Compa"
EEVID_f2f395783b98c256,hershey_company,hershey_latest_esg_sugar_section.pdf,text_or_table,unified_memory_scan,ingredient_confirmation,ingredient_or_label_evidence,company_level_relationship_evidence,company_level_confirmed,company_level_only,medium,high,candidate_for_strict_audit,pending_step16i,hershey,cocoa_chocolate,benchmark_not_invoice; do_not_claim_sku_level_supplier; supplier_claim_not_sku_confirmed,"hershey / cocoa_chocolate / hershey_company may support ingredient, label, or product identity evidence. Use only as company-level relationship evidence. Do not claim exact 1.55 oz SKU allocation.","unity
109 Hershey For Communities
112 Employee Impact
113 Our Progress
114 About This Report
115 Material Issue Definitions
117 Salient Human Rights Issues Definitions
 Contents
Making Good
Our Company
Cocoa
Responsible Sourcing and Human Rights
Environment
Our People
Youth
Community
About This Report
2
The Hershey Company 2023 ESG Report


--- PAG"
EEVID_abf59712b6787dc9,hershey_company,hershey_latest_esg_sugar_section.pdf,text_or_table,unified_memory_scan,ingredient_confirmation,ingredient_or_label_evidence,company_level_relationship_evidence,company_level_confirmed,company_level_only,medium,high,candidate_for_strict_audit,pending_step16i,hershey,cocoa_chocolate,benchmark_not_invoice; do_not_claim_sku_level_supplier; supplier_claim_not_sku_confirmed,"hershey / cocoa_chocolate / hershey_company may support ingredient, label, or product identity evidence. Use only as company-level relationship evidence. Do not claim exact 1.55 oz SKU allocation.","ence for the planet and 
people. We take action. When we encounter challenges 
or barriers to achieving our goals, we problem solve, learn 
from our experience and adapt. We make progress. As you 
review our report, we welcome your insight and feedback 
as we continue on this journey and build a successful and 
sustainable future.
Leigh Horner
Chie"
EEVID_e2c3a122612673d3,hershey_company,hershey_latest_esg_sugar_section.pdf,text_or_table,unified_memory_scan,ingredient_confirmation,ingredient_or_label_evidence,company_level_relationship_evidence,company_level_confirmed,company_level_only,medium,high,candidate_for_strict_audit,pending_step16i,hershey,cocoa_chocolate; packaging,do_not_claim_sku_level_supplier; supplier_claim_not_sku_confirmed,"hershey / cocoa_chocolate, packaging / hershey_company may support ingredient, label, or product identity evidence. Use only as company-level relationship evidence. Do not claim exact 1.55 oz SKU allocation.","ents’ lives.
→Learn more about our work with MHS on 
page 106 in the Education and Opportunity page 
within the Youth chapter.
 Contents
Making Good
Our Company
Cocoa
Responsible Sourcing and Human Rights
Environment
Our People
Youth
Community
About This Report
5
The Hershey Company 2023 ESG Report


--- PAGE 6 ---
Double Materiality Assessment
We "
EEVID_02b5a45e0c298f44,hershey_company,hershey_latest_esg_sugar_section.pdf,text_or_table,unified_memory_scan,ingredient_confirmation,ingredient_or_label_evidence,company_level_relationship_evidence,company_level_confirmed,company_level_only,medium,high,candidate_for_strict_audit,pending_step16i,hershey,cocoa_chocolate; packaging,benchmark_not_invoice; do_not_claim_sku_level_supplier; supplier_claim_not_sku_confirmed,"hershey / cocoa_chocolate, packaging / hershey_company may support ingredient, label, or product identity evidence. Use only as company-level relationship evidence. Do not claim exact 1.55 oz SKU allocation.","sible sourcing programs evolve.
5
Hershey's GHG emissions reduction goal for 2030 is based on Scope 1 and 
Scope 2 (market-based). Our 2023 Scope 1 and Scope 2 data received limited 
assurance by EY.
6
Our 2023 Scope 3 data is verified by Quantis.
7
Cumulative packaging waste eliminated (2021-2023) is 15.4 million pounds. This 
value includes Candy"
EEVID_ab83bbe664362eea,hershey_company,hershey_latest_esg_sugar_section.pdf,text_or_table,unified_memory_scan,ingredient_confirmation,ingredient_or_label_evidence,company_level_relationship_evidence,company_level_confirmed,company_level_only,medium,high,candidate_for_strict_audit,pending_step16i,hershey,cocoa_chocolate,benchmark_not_invoice; do_not_claim_sku_level_supplier; supplier_claim_not_sku_confirmed,"hershey / cocoa_chocolate / hershey_company may support ingredient, label, or product identity evidence. Use only as company-level relationship evidence. Do not claim exact 1.55 oz SKU allocation.","early $104 million in cash and products cumulatively from 
January 1, 2020 to December 31, 2023.
 Contents
Making Good
Our Company
Cocoa
Responsible Sourcing and Human Rights
Environment
Our People
Youth
Community
About This Report
8
The Hershey Company 2023 ESG Report
Achieved
On Track
In Progress


--- PAGE 9 ---
Stakeholder Engagement and 
Selec"
EEVID_9d3d3955de9b2713,hershey_company,hershey_latest_esg_sugar_section.pdf,text_or_table,unified_memory_scan,ingredient_confirmation,ingredient_or_label_evidence,company_level_relationship_evidence,company_level_confirmed,company_level_only,medium,high,candidate_for_strict_audit,pending_step16i,hershey,cocoa_chocolate,do_not_claim_sku_level_supplier; supplier_claim_not_sku_confirmed,"hershey / cocoa_chocolate / hershey_company may support ingredient, label, or product identity evidence. Use only as company-level relationship evidence. Do not claim exact 1.55 oz SKU allocation.","rts, this cross-functional group meets at least 
quarterly to evaluate ESG strategy effectiveness and 
interdependencies, provides input on investments to 
support ESG program deliverables and reviews progress 
toward goals and key performance indicators relevant 
to our global ESG and sustainability programs.
Global Sustainability Team
Led by our "
EEVID_f598b9d64170a6cb,hershey_company,hershey_latest_esg_sugar_section.pdf,text_or_table,unified_memory_scan,ingredient_confirmation,ingredient_or_label_evidence,company_level_relationship_evidence,company_level_confirmed,company_level_only,medium,high,candidate_for_strict_audit,pending_step16i,hershey,cocoa_chocolate,benchmark_not_invoice; do_not_claim_sku_level_supplier; supplier_claim_not_sku_confirmed,"hershey / cocoa_chocolate / hershey_company may support ingredient, label, or product identity evidence. Use only as company-level relationship evidence. Do not claim exact 1.55 oz SKU allocation.","and Sustainability topics 
55%
of Hershey’s Board of Directors 
have ESG and Human Capital 
management experience 
(as of May 2024)
 Contents
Making Good
Our Company
Cocoa
Responsible Sourcing and Human Rights
Environment
Our People
Youth
Community
About This Report
10
The Hershey Company 2023 ESG Report


--- PAGE 11 ---
Awards and 
Recognition
 C"
EEVID_cc6ef5b776a2406e,hershey_company,hershey_latest_esg_sugar_section.pdf,text_or_table,unified_memory_scan,retail_price,retail_price_evidence,company_level_relationship_evidence,company_level_confirmed,company_level_only,medium,high,candidate_for_strict_audit,pending_step16i,hershey,cocoa_chocolate; milk_dairy; natural_flavor; sugar,do_not_claim_sku_level_supplier; retail_observation_not_margin; supplier_claim_not_sku_confirmed,"hershey / cocoa_chocolate, milk_dairy, natural_flavor, sugar / hershey_company may support observed retail page or price evidence. Use only as company-level relationship evidence. Do not claim exact 1.55 oz SKU allocation.","FULFIL 
Nutrition and ONE protein bars already in our portfolio. 
ONE Puffs was launched in 2023 and we plan to launch 
new flavors of ONE bars in 2024.
What’s Next in Satisfying Consumer Needs
• Continue meeting consumer interest in sugar reduction 
and protein enhancements across our better-for-you 
confection portfolio
• Continue funding researc"
EEVID_c89a345f030d68ca,hershey_company,hershey_latest_esg_sugar_section.pdf,text_or_table,unified_memory_scan,ingredient_confirmation,ingredient_or_label_evidence,company_level_relationship_evidence,company_level_confirmed,company_level_only,medium,high,candidate_for_strict_audit,pending_step16i,hershey,cocoa_chocolate,do_not_claim_sku_level_supplier; supplier_claim_not_sku_confirmed,"hershey / cocoa_chocolate / hershey_company may support ingredient, label, or product identity evidence. Use only as company-level relationship evidence. Do not claim exact 1.55 oz SKU allocation.","hey Company
 Contents
Making Good
Our Company
Cocoa
Responsible Sourcing and Human Rights
Environment
Our People
Youth
Community
About This Report
14
The Hershey Company 2023 ESG Report
Material ESG issue:
• Nutrition and health
1 2023 Food and Health Survey, International Food Information Council.


--- PAGE 15 ---
Excellence 
in Food Safety
Commi"
EEVID_30d8ecac2c6e0de3,hershey_company,hershey_latest_esg_sugar_section.pdf,text_or_table,unified_memory_scan,ingredient_confirmation,ingredient_or_label_evidence,company_level_relationship_evidence,company_level_confirmed,company_level_only,medium,high,candidate_for_strict_audit,pending_step16i,hershey,cocoa_chocolate,do_not_claim_sku_level_supplier; supplier_claim_not_sku_confirmed,"hershey / cocoa_chocolate / hershey_company may support ingredient, label, or product identity evidence. Use only as company-level relationship evidence. Do not claim exact 1.55 oz SKU allocation.","on guidelines and applicable election 
laws. The Hershey PAC is bipartisan and distributes funds 
equally between both major political parties at federal and 
state levels. See the Hershey PAC Annual Report 2023 for 
more information. 
Corporate funds are used to support and advocate for 
issues, legislation or referenda of importance to Hershey. 
"
EEVID_15bd7f880cc47e27,hershey_company,hershey_latest_esg_sugar_section.pdf,text_or_table,unified_memory_scan,ingredient_confirmation,ingredient_or_label_evidence,company_level_relationship_evidence,company_level_confirmed,company_level_only,medium,high,candidate_for_strict_audit,pending_step16i,hershey,cocoa_chocolate,do_not_claim_sku_level_supplier; supplier_claim_not_sku_confirmed,"hershey / cocoa_chocolate / hershey_company may support ingredient, label, or product identity evidence. Use only as company-level relationship evidence. Do not claim exact 1.55 oz SKU allocation.",".” 
Lauren Lacey, Vice President, Deputy 
General Counsel, Asst. Secretary and Chief 
Compliance Officer, The Hershey Company
 Contents
Making Good
Our Company
Cocoa
Responsible Sourcing and Human Rights
Environment
Our People
Youth
Community
About This Report
16
The Hershey Company 2023 ESG Report


--- PAGE 17 ---
Data Protection 
and Cybersecuri"
EEVID_367d4fdcacef5c05,hershey_company,hershey_latest_esg_sugar_section.pdf,text_or_table,unified_memory_scan,ingredient_confirmation,ingredient_or_label_evidence,company_level_relationship_evidence,company_level_confirmed,company_level_only,medium,high,candidate_for_strict_audit,pending_step16i,hershey,cocoa_chocolate; milk_dairy; natural_flavor,do_not_claim_sku_level_supplier; supplier_claim_not_sku_confirmed,"hershey / cocoa_chocolate, milk_dairy, natural_flavor / hershey_company may support ingredient, label, or product identity evidence. Use only as company-level relationship evidence. Do not claim exact 1.55 oz SKU allocation.","snacks, protein bars and other better-for-you snacks.
2
This result includes non-GMO confectionery and salty snack products.
 Contents
Making Good
Our Company
Cocoa
Responsible Sourcing and Human Rights
Environment
Our People
Youth
Community
About This Report
19
The Hershey Company 2023 ESG Report


--- PAGE 20 ---
Food Safety
Unit
2023
2022
2021
N"
EEVID_c534468589b9bbd9,hershey_company,hershey_latest_esg_sugar_section.pdf,text_or_table,unified_memory_scan,ingredient_confirmation,ingredient_or_label_evidence,company_level_relationship_evidence,company_level_confirmed,company_level_only,medium,high,candidate_for_strict_audit,pending_step16i,hershey,cocoa_chocolate,do_not_claim_sku_level_supplier; supplier_claim_not_sku_confirmed,"hershey / cocoa_chocolate / hershey_company may support ingredient, label, or product identity evidence. Use only as company-level relationship evidence. Do not claim exact 1.55 oz SKU allocation.","6
Improving Farmer Income and Livelihoods
28
Children’s Well-being
32 
Creating a More Resilient Supply Chain
34
Our Progress
 Contents
Making Good
Our Company
Cocoa
Responsible Sourcing and Human Rights
Environment
Our People
Youth
Community
About This Report
21
The Hershey Company 2023 ESG Report


--- PAGE 22 ---
Cocoa For Good
We strive to have"
EEVID_02b21b38c80b44cd,hershey_company,hershey_latest_esg_sugar_section.pdf,text_or_table,unified_memory_scan,ingredient_confirmation,ingredient_or_label_evidence,company_level_relationship_evidence,company_level_confirmed,company_level_only,medium,high,candidate_for_strict_audit,pending_step16i,hershey,cocoa_chocolate,benchmark_not_invoice; do_not_claim_sku_level_supplier; supplier_claim_not_sku_confirmed,"hershey / cocoa_chocolate / hershey_company may support ingredient, label, or product identity evidence. Use only as company-level relationship evidence. Do not claim exact 1.55 oz SKU allocation.","es through cash transfers to farmers, 
in addition to the premiums we pay for independently 
verified cocoa. Our efforts to increase farmer household 
income also seek to economically empower women to 
improve their livelihoods. We are working with CARE 
International (CARE) and the government to strengthen 
existing Village Savings & Loan Associat"
EEVID_9489627135f21e29,hershey_company,hershey_latest_esg_sugar_section.pdf,text_or_table,unified_memory_scan,ingredient_confirmation,ingredient_or_label_evidence,company_level_relationship_evidence,company_level_confirmed,company_level_only,medium,high,candidate_for_strict_audit,pending_step16i,barry_callebaut; hershey,cocoa_chocolate,do_not_claim_sku_level_supplier; supplier_claim_not_sku_confirmed,"barry_callebaut, hershey / cocoa_chocolate / hershey_company may support ingredient, label, or product identity evidence. Use only as company-level relationship evidence. Do not claim exact 1.55 oz SKU allocation.","e information 
on where we source cocoa.
 Contents
Making Good
Our Company
Cocoa
Responsible Sourcing and Human Rights
Environment
Our People
Youth
Community
About This Report
23
The Hershey Company 2023 ESG Report
❶ Mexico
❷ Ecuador
❸ Brazil
❹ Côte d’Ivoire
❺ Ghana
❻ Cameroon
❼ Nigeria
❽ Indonesia


--- PAGE 24 ---
Cocoa Partners
Hershey has an im"
EEVID_74848ee9a30d553d,hershey_company,hershey_latest_esg_sugar_section.pdf,text_or_table,unified_memory_scan,ingredient_confirmation,ingredient_or_label_evidence,company_level_relationship_evidence,company_level_confirmed,company_level_only,medium,high,candidate_for_strict_audit,pending_step16i,hershey,cocoa_chocolate,do_not_claim_sku_level_supplier; supplier_claim_not_sku_confirmed,"hershey / cocoa_chocolate / hershey_company may support ingredient, label, or product identity evidence. Use only as company-level relationship evidence. Do not claim exact 1.55 oz SKU allocation.","on for the Parks and Reserves of 
Côte d’Ivoire
• German Agency for International Cooperation (GIZ)
• Ghana Cocoa Board
• Government of Côte d’Ivoire Ministry of Water 
Resources and Forests (MINEF)
• Government of Côte d’Ivoire Rural Land Agency 
(AFOR)
• Government of Ghana Ministry of Gender, Children 
and Social Protection
• Government of Ghana"
EEVID_de3b7b7ced6ae58e,hershey_company,hershey_latest_esg_sugar_section.pdf,text_or_table,unified_memory_scan,ingredient_confirmation,ingredient_or_label_evidence,company_level_relationship_evidence,company_level_confirmed,company_level_only,medium,high,candidate_for_strict_audit,pending_step16i,hershey,cocoa_chocolate,benchmark_not_invoice; do_not_claim_sku_level_supplier; supplier_claim_not_sku_confirmed,"hershey / cocoa_chocolate / hershey_company may support ingredient, label, or product identity evidence. Use only as company-level relationship evidence. Do not claim exact 1.55 oz SKU allocation.","Labor Sub-Group and 
founding member of its Expert Working Group on 
Protecting Children from Pesticides. 
ICI has driven the industry’s approach to child and forced 
labor for over 20 years, particularly as a thought-leader on 
child labor, publishing numerous studies. ICI also 
partnered with us, along with Côte d’Ivoire’s CNS 
(National Oversigh"
EEVID_f471d06eaacb54c8,hershey_company,hershey_latest_esg_sugar_section.pdf,text_or_table,unified_memory_scan,ingredient_confirmation,ingredient_or_label_evidence,company_level_relationship_evidence,company_level_confirmed,company_level_only,medium,high,candidate_for_strict_audit,pending_step16i,hershey,cocoa_chocolate,benchmark_not_invoice; do_not_claim_sku_level_supplier; supplier_claim_not_sku_confirmed,"hershey / cocoa_chocolate / hershey_company may support ingredient, label, or product identity evidence. Use only as company-level relationship evidence. Do not claim exact 1.55 oz SKU allocation.","on investment, with the Foundation 
for the Parks and Reserves of Côte d’Ivoire, for 
preservation and reforestation at the Mabi-Yaya 
Nature Reserve
Through the visit, executives witnessed the resiliency 
of cocoa farming communities first-hand and saw how 
Cocoa For Good investments are offering much-needed 
resources and support. While achieving"
EEVID_9f45984a0c2b824a,hershey_company,hershey_latest_esg_sugar_section.pdf,text_or_table,unified_memory_scan,ingredient_confirmation,ingredient_or_label_evidence,company_level_relationship_evidence,company_level_confirmed,company_level_only,medium,high,candidate_for_strict_audit,pending_step16i,hershey,cocoa_chocolate,benchmark_not_invoice; do_not_claim_sku_level_supplier; supplier_claim_not_sku_confirmed,"hershey / cocoa_chocolate / hershey_company may support ingredient, label, or product identity evidence. Use only as company-level relationship evidence. Do not claim exact 1.55 oz SKU allocation.","ment by Hershey 
to support farmers and their 
families. No company alone 
can solve the problem of 
poverty that occurs too 
frequently in rural areas. 
Measurable improvements 
will require time, a sustained 
investment and collaboration 
with a wide range of 
government, private sector, 
civil society and community-
based partners.” 
Jason Reima"
EEVID_9f3d0a8ee0a71a07,hershey_company,hershey_latest_esg_sugar_section.pdf,text_or_table,unified_memory_scan,retail_price,retail_price_evidence,company_level_relationship_evidence,company_level_confirmed,company_level_only,medium,high,candidate_for_strict_audit,pending_step16i,hershey,cocoa_chocolate,benchmark_not_invoice; do_not_claim_sku_level_supplier; retail_observation_not_margin; supplier_claim_not_sku_confirmed,hershey / cocoa_chocolate / hershey_company may support observed retail page or price evidence. Use only as company-level relationship evidence. Do not claim exact 1.55 oz SKU allocation.,"se incomes in rural areas 
where formal banking services are typically not available. 
These community-based groups build social cohesion 
and increase economic stability through member-based 
savings and loans. Through VSLAs, CARE is supporting 
women and their families to increase: 
• Household savings and access to finance
• Entrepreneurial, lea"
EEVID_a834e12d6cbf234e,hershey_company,hershey_latest_esg_sugar_section.pdf,text_or_table,unified_memory_scan,ingredient_confirmation,ingredient_or_label_evidence,company_level_relationship_evidence,company_level_confirmed,company_level_only,medium,high,candidate_for_strict_audit,pending_step16i,hershey,cocoa_chocolate,do_not_claim_sku_level_supplier; supplier_claim_not_sku_confirmed,"hershey / cocoa_chocolate / hershey_company may support ingredient, label, or product identity evidence. Use only as company-level relationship evidence. Do not claim exact 1.55 oz SKU allocation.","attendance
• Use HIAP learnings to contribute new, evidence-backed 
models for cocoa both in Côte d’Ivoire and other origins
 Contents
Making Good
Our Company
Cocoa
Responsible Sourcing and Human Rights
Environment
Our People
Youth
Community
About This Report
27
The Hershey Company 2023 ESG Report


--- PAGE 28 ---
Children’s Well-being
Hershey wor"
EEVID_647eb545f55711d8,hershey_company,hershey_latest_esg_sugar_section.pdf,text_or_table,unified_memory_scan,ingredient_confirmation,ingredient_or_label_evidence,company_level_relationship_evidence,company_level_confirmed,company_level_only,medium,high,candidate_for_strict_audit,pending_step16i,hershey,cocoa_chocolate; packaging,do_not_claim_sku_level_supplier; supplier_claim_not_sku_confirmed,"hershey / cocoa_chocolate, packaging / hershey_company may support ingredient, label, or product identity evidence. Use only as company-level relationship evidence. Do not claim exact 1.55 oz SKU allocation.","to work 
through the use of violence or intimidation, or by 
more subtle means such as accumulated debt 
retention of identity papers or threats of 
denunciation to immigration authorities.
As a member of the International Cocoa Initiative’s 
(ICI) Forced Labor Sub-Group, we work with peers 
and technical experts to advance knowledge, skills 
and a"
EEVID_ad9665b819e3b216,hershey_company,hershey_latest_esg_sugar_section.pdf,text_or_table,unified_memory_scan,ingredient_confirmation,ingredient_or_label_evidence,company_level_relationship_evidence,company_level_confirmed,company_level_only,medium,high,candidate_for_strict_audit,pending_step16i,hershey,cocoa_chocolate,do_not_claim_sku_level_supplier; supplier_claim_not_sku_confirmed,"hershey / cocoa_chocolate / hershey_company may support ingredient, label, or product identity evidence. Use only as company-level relationship evidence. Do not claim exact 1.55 oz SKU allocation.","child, household or community level. 
Therefore, remediation responsiveness can range from 
almost instant (e.g., household awareness training 
conducted when data is collected and/or cases found) 
to six to 18 months (e.g., renovating classrooms or school 
canteens to get kids back to school).
We also support the establishment of community-level 
"
EEVID_cddb36c7d67f978d,hershey_company,hershey_latest_esg_sugar_section.pdf,text_or_table,unified_memory_scan,ingredient_confirmation,ingredient_or_label_evidence,company_level_relationship_evidence,company_level_confirmed,company_level_only,medium,high,candidate_for_strict_audit,pending_step16i,hershey,cocoa_chocolate,do_not_claim_sku_level_supplier; supplier_claim_not_sku_confirmed,"hershey / cocoa_chocolate / hershey_company may support ingredient, label, or product identity evidence. Use only as company-level relationship evidence. Do not claim exact 1.55 oz SKU allocation.","children were identified as no longer doing inappropriate 
work or had aged out of the CLMRS.
 Contents
Making Good
Our Company
Cocoa
Responsible Sourcing and Human Rights
Environment
Our People
Youth
Community
About This Report
29
The Hershey Company 2023 ESG Report
How CLMRS Helps 
Keep Kids Safe


--- PAGE 30 ---
Children’s Well-being
continued
"
EEVID_8092b3005e5ea369,hershey_company,hershey_latest_esg_sugar_section.pdf,text_or_table,unified_memory_scan,ingredient_confirmation,ingredient_or_label_evidence,company_level_relationship_evidence,company_level_confirmed,company_level_only,medium,high,candidate_for_strict_audit,pending_step16i,hershey,cocoa_chocolate,do_not_claim_sku_level_supplier; supplier_claim_not_sku_confirmed,"hershey / cocoa_chocolate / hershey_company may support ingredient, label, or product identity evidence. Use only as company-level relationship evidence. Do not claim exact 1.55 oz SKU allocation.","ool.
New School 
for Drissapé
A new public primary school stands at the 
entrance to the village of Drissapé, a hard-to-
reach cocoa-growing community of 1,412 people 
located 68km from Man, Côte d’Ivoire. The 
school has six classrooms, a principal’s office, 
a canteen, a teacher’s quarters, a well and 
three latrine blocks. 
This is the first of "
EEVID_7b2003857984d0d7,hershey_company,hershey_latest_esg_sugar_section.pdf,text_or_table,unified_memory_scan,ingredient_confirmation,ingredient_or_label_evidence,company_level_relationship_evidence,company_level_confirmed,company_level_only,medium,high,candidate_for_strict_audit,pending_step16i,hershey,cocoa_chocolate,do_not_claim_sku_level_supplier; supplier_claim_not_sku_confirmed,"hershey / cocoa_chocolate / hershey_company may support ingredient, label, or product identity evidence. Use only as company-level relationship evidence. Do not claim exact 1.55 oz SKU allocation.","poverty, a new 
generation of farmers in cocoa communities (defined as 
15 to 35-year-olds) need the life, technical and vocational 
skills, and the practical knowledge and tools, to become 
self-sufficient community leaders of the future. 
We support young farmer economic empowerment 
through access to vocational training, land tenure 
documents a"
EEVID_35a4a4744096c197,hershey_company,hershey_latest_esg_sugar_section.pdf,text_or_table,unified_memory_scan,ingredient_confirmation,ingredient_or_label_evidence,company_level_relationship_evidence,company_level_confirmed,company_level_only,medium,high,candidate_for_strict_audit,pending_step16i,hershey,cocoa_chocolate,benchmark_not_invoice; do_not_claim_sku_level_supplier; supplier_claim_not_sku_confirmed,"hershey / cocoa_chocolate / hershey_company may support ingredient, label, or product identity evidence. Use only as company-level relationship evidence. Do not claim exact 1.55 oz SKU allocation.","diversity 
within and around the park, in 2023 community-based 
teams conducted surveys. They identified 188 species of 
birds across the dry and wet seasons. That included six 
species of hornbills — the same number observed in 2021. 
Hornbills are a keystone species and a good indicator of 
overall biodiversity due to their dependence on an intac"
EEVID_b259b001e42aa5e0,hershey_company,hershey_latest_esg_sugar_section.pdf,text_or_table,unified_memory_scan,retail_price,retail_price_evidence,company_level_relationship_evidence,company_level_confirmed,company_level_only,medium,high,candidate_for_strict_audit,pending_step16i,hershey,cocoa_chocolate,benchmark_not_invoice; do_not_claim_sku_level_supplier; retail_observation_not_margin; supplier_claim_not_sku_confirmed,hershey / cocoa_chocolate / hershey_company may support observed retail page or price evidence. Use only as company-level relationship evidence. Do not claim exact 1.55 oz SKU allocation.,"issions by 2030 against 
a 2018 baseline.
→Learn more about how we are Reducing 
Emissions in Our Value Chain on pages 64-65.
 Contents
Making Good
Our Company
Cocoa
Responsible Sourcing and Human Rights
Environment
Our People
Youth
Community
About This Report
32
The Hershey Company 2023 ESG Report


--- PAGE 33 ---
Creating a More Resilient Supply"
EEVID_5ceb5e31557ded88,hershey_company,hershey_latest_esg_sugar_section.pdf,text_or_table,unified_memory_scan,ingredient_confirmation,ingredient_or_label_evidence,company_level_relationship_evidence,company_level_confirmed,company_level_only,medium,high,candidate_for_strict_audit,pending_step16i,hershey,cocoa_chocolate,do_not_claim_sku_level_supplier; supplier_claim_not_sku_confirmed,"hershey / cocoa_chocolate / hershey_company may support ingredient, label, or product identity evidence. Use only as company-level relationship evidence. Do not claim exact 1.55 oz SKU allocation.","When we talk about farmers producing Hershey’s cocoa volumes, these are the known farmers where we have sourcing visibility.
3
Beginning in 2023, we are reporting progress based on an analysis of supplier-provided polygon maps. This analysis follows World Cocoa Foundation definitions and checks that all farm plots managed by a farmer are linked to "
EEVID_ab447e554b93a27d,hershey_company,hershey_latest_esg_sugar_section.pdf,text_or_table,unified_memory_scan,ingredient_confirmation,ingredient_or_label_evidence,company_level_relationship_evidence,company_level_confirmed,company_level_only,medium,high,candidate_for_strict_audit,pending_step16i,hershey,cocoa_chocolate,do_not_claim_sku_level_supplier; supplier_claim_not_sku_confirmed,"hershey / cocoa_chocolate / hershey_company may support ingredient, label, or product identity evidence. Use only as company-level relationship evidence. Do not claim exact 1.55 oz SKU allocation.","liers and implementing partners. Hershey strives to align our KPIs to industry best practices and methodologies, including those recommended by the International Cocoa Initiative (ICI), which are constantly 
improving and evolving.
2
Results for the number of households covered by CLMRS are cumulative and begin with the establishment of CLMRS in ea"
EEVID_41377d3423fc47f1,hershey_company,hershey_latest_esg_sugar_section.pdf,text_or_table,unified_memory_scan,ingredient_confirmation,ingredient_or_label_evidence,company_level_relationship_evidence,company_level_confirmed,company_level_only,medium,high,candidate_for_strict_audit,pending_step16i,hershey,cocoa_chocolate,benchmark_not_invoice; do_not_claim_sku_level_supplier; supplier_claim_not_sku_confirmed,"hershey / cocoa_chocolate / hershey_company may support ingredient, label, or product identity evidence. Use only as company-level relationship evidence. Do not claim exact 1.55 oz SKU allocation.","partners.
7
This includes classrooms built or renovated under the agreement between Hershey, Côte d'Ivoire’s CNS and the ICI.
 Contents
Making Good
Our Company
Cocoa
Responsible Sourcing and Human Rights
Environment
Our People
Youth
Community
About This Report
35
The Hershey Company 2023 ESG Report


--- PAGE 36 ---
Lifting Up Rural Livelihoods1
Un"
EEVID_e520b5156e530daf,hershey_company,hershey_latest_esg_sugar_section.pdf,text_or_table,unified_memory_scan,ingredient_confirmation,ingredient_or_label_evidence,company_level_relationship_evidence,company_level_confirmed,company_level_only,medium,high,candidate_for_strict_audit,pending_step16i,hershey,cocoa_chocolate,benchmark_not_invoice; do_not_claim_sku_level_supplier; supplier_claim_not_sku_confirmed,"hershey / cocoa_chocolate / hershey_company may support ingredient, label, or product identity evidence. Use only as company-level relationship evidence. Do not claim exact 1.55 oz SKU allocation.","Supporting Women in Achieving Economic Independence1
Unit
2023
2022
2021
Notes
VSLAs supported
# of VSLAs
384
362
199 
— 
VSLA members - Total #
Total # of members (% Female)
11,964 (77% female)
10,073 (77% female)
5,879 (79% female) 
— 
Total savings and interest accrued annually
USD
$1,354,120
$1,693,285
$1,112,456 
— 
1
Data reflects results as "
EEVID_fcfdbc953cb7458b,hershey_company,hershey_latest_esg_sugar_section.pdf,text_or_table,unified_memory_scan,ingredient_confirmation,ingredient_or_label_evidence,company_level_relationship_evidence,company_level_confirmed,company_level_only,medium,high,candidate_for_strict_audit,pending_step16i,hershey,cocoa_chocolate; packaging; sugar,do_not_claim_sku_level_supplier; supplier_claim_not_sku_confirmed,"hershey / cocoa_chocolate, packaging, sugar / hershey_company may support ingredient, label, or product identity evidence. Use only as company-level relationship evidence. Do not claim exact 1.55 oz SKU allocation.","pacts, we seek to mitigate them and take 
corrective action.
Accountability for managing our human rights agenda is 
embedded in our ESG governance structure. The Director 
of Global Sustainability and ESG, Director of Responsible 
Sourcing and Head of Sustainable Sourcing Cocoa 
oversee day-to-day management. They are also 
responsible for the dev"
EEVID_291619afba342bf7,hershey_company,hershey_latest_esg_sugar_section.pdf,text_or_table,unified_memory_scan,ingredient_confirmation,ingredient_or_label_evidence,company_level_relationship_evidence,company_level_confirmed,company_level_only,medium,high,candidate_for_strict_audit,pending_step16i,hershey,cocoa_chocolate; packaging; sugar,do_not_claim_sku_level_supplier; supplier_claim_not_sku_confirmed,"hershey / cocoa_chocolate, packaging, sugar / hershey_company may support ingredient, label, or product identity evidence. Use only as company-level relationship evidence. Do not claim exact 1.55 oz SKU allocation.","free Policy
• Responsible Palm Oil Sourcing Policy
• Responsible Pulp & Paper Sourcing Policy
• Statement Against Slavery & Human Trafficking
• Sustainable Sugar Sourcing Policy
 Contents
Making Good
Our Company
Cocoa
Responsible Sourcing and Human Rights
Environment
Our People
Youth
Community
About This Report
38
The Hershey Company 2023 ESG Repor"
EEVID_3d944767bbb85662,hershey_company,hershey_latest_esg_sugar_section.pdf,text_or_table,unified_memory_scan,ingredient_confirmation,ingredient_or_label_evidence,company_level_relationship_evidence,company_level_confirmed,company_level_only,medium,high,candidate_for_strict_audit,pending_step16i,hershey,cocoa_chocolate,do_not_claim_sku_level_supplier; supplier_claim_not_sku_confirmed,"hershey / cocoa_chocolate / hershey_company may support ingredient, label, or product identity evidence. Use only as company-level relationship evidence. Do not claim exact 1.55 oz SKU allocation.","important rightsholders.
In 2023, we expanded saliency work to create an impact 
framework to inform strategic programming that supports 
our human rights agenda. Partnering again with 
twentyfifty, we examined interlinkage between our salient 
issues, strategic gaps and existing best practice research. 
That examination identified areas that cut a"
EEVID_518de269ae3bab39,hershey_company,hershey_latest_esg_sugar_section.pdf,text_or_table,unified_memory_scan,ingredient_confirmation,ingredient_or_label_evidence,company_level_relationship_evidence,company_level_confirmed,company_level_only,medium,high,candidate_for_strict_audit,pending_step16i,hershey,cocoa_chocolate; sugar,do_not_claim_sku_level_supplier; supplier_claim_not_sku_confirmed,"hershey / cocoa_chocolate, sugar / hershey_company may support ingredient, label, or product identity evidence. Use only as company-level relationship evidence. Do not claim exact 1.55 oz SKU allocation.","to the root of 
systemic issues.”
Maddy Eldredge, Human Rights Analyst, 
Global Sustainability and ESG, 
The Hershey Company
 Contents
Making Good
Our Company
Cocoa
Responsible Sourcing and Human Rights
Environment
Our People
Youth
Community
About This Report
41
The Hershey Company 2023 ESG Report


--- PAGE 42 ---
Action on Human Rights
continued
"
EEVID_a267e57c21b6d7c3,hershey_company,hershey_latest_esg_sugar_section.pdf,text_or_table,unified_memory_scan,ingredient_confirmation,ingredient_or_label_evidence,company_level_relationship_evidence,company_level_confirmed,company_level_only,medium,high,candidate_for_strict_audit,pending_step16i,hershey,cocoa_chocolate,do_not_claim_sku_level_supplier; supplier_claim_not_sku_confirmed,"hershey / cocoa_chocolate / hershey_company may support ingredient, label, or product identity evidence. Use only as company-level relationship evidence. Do not claim exact 1.55 oz SKU allocation.","scheduled as part of Hershey’s mandatory Code 
of Conduct training every three years, with select rotating 
topics set by our Ethics & Compliance team.
It covers: 
• An overview of fundamental human rights 
• How to identify and report a human rights violation 
• A case study on indicators of forced labor, including 
recruitment fees 
Additionally,"
EEVID_000b8500170eb8f7,hershey_company,hershey_latest_esg_sugar_section.pdf,text_or_table,unified_memory_scan,ingredient_confirmation,ingredient_or_label_evidence,company_level_relationship_evidence,company_level_confirmed,company_level_only,medium,high,candidate_for_strict_audit,pending_step16i,hershey,cocoa_chocolate,do_not_claim_sku_level_supplier; supplier_claim_not_sku_confirmed,"hershey / cocoa_chocolate / hershey_company may support ingredient, label, or product identity evidence. Use only as company-level relationship evidence. Do not claim exact 1.55 oz SKU allocation.","ement 
Against Slavery & Human Trafficking.
→Find out more about Our Salient Issues in Hershey's Commitment 
to Human Rights.
 Contents
Making Good
Our Company
Cocoa
Responsible Sourcing and Human Rights
Environment
Our People
Youth
Community
About This Report
42
The Hershey Company 2023 ESG Report


--- PAGE 43 ---
Responsible Recruitment 
and Emp"
EEVID_d8a20a69c805bf5d,hershey_company,hershey_latest_esg_sugar_section.pdf,text_or_table,unified_memory_scan,supplier_relationship,supplier_relationship_evidence,company_level_relationship_evidence,company_level_confirmed,company_level_only,medium,high,candidate_for_strict_audit,pending_step16i,hershey,,do_not_claim_sku_level_supplier; supplier_claim_not_sku_confirmed,hershey / hershey_company may support a company level confirmed relationship claim. Use only as company-level relationship evidence. Do not claim exact 1.55 oz SKU allocation.,"to promote responsible practices and 
prevent, identify and remediate forced labor is to 
strengthen the management systems of labor providers 
that recruit workers for Hershey facilities and strategic co-
packers. Through our Responsible Recruitment Program, 
we require labor providers to: 
• Acknowledge our Supplier Code of Conduct and 
Responsib"
EEVID_3c6a8ef51d52e100,hershey_company,hershey_latest_esg_sugar_section.pdf,text_or_table,unified_memory_scan,ingredient_confirmation,ingredient_or_label_evidence,company_level_relationship_evidence,company_level_confirmed,company_level_only,medium,high,candidate_for_strict_audit,pending_step16i,hershey,cocoa_chocolate,do_not_claim_sku_level_supplier; supplier_claim_not_sku_confirmed,"hershey / cocoa_chocolate / hershey_company may support ingredient, label, or product identity evidence. Use only as company-level relationship evidence. Do not claim exact 1.55 oz SKU allocation.","ibly and follow the 
Employer Pays Principle. Workers are asked to complete 
a survey before the on-site audit. Their feedback helps 
find potential non-compliances. Auditors triangulate data 
from the worker survey during the on-site audit by 
interviewing workers confidentially, questioning the labor 
provider’s managers and reviewing records. 
T"
EEVID_f82bf690f55193f3,hershey_company,hershey_latest_esg_sugar_section.pdf,text_or_table,unified_memory_scan,ingredient_confirmation,ingredient_or_label_evidence,company_level_relationship_evidence,company_level_confirmed,company_level_only,medium,high,candidate_for_strict_audit,pending_step16i,hershey,cocoa_chocolate,benchmark_not_invoice; do_not_claim_sku_level_supplier; supplier_claim_not_sku_confirmed,"hershey / cocoa_chocolate / hershey_company may support ingredient, label, or product identity evidence. Use only as company-level relationship evidence. Do not claim exact 1.55 oz SKU allocation.","cies
• Provide contracts to workers in their primary language 
• Incorporate new policies in their agreements with 
recruitment agencies
→See Remediation and Continuous Improvement on page 47 for 
more details.
 Contents
Making Good
Our Company
Cocoa
Responsible Sourcing and Human Rights
Environment
Our People
Youth
Community
About This Report
43
T"
EEVID_33d57350f424fd4b,hershey_company,hershey_latest_esg_sugar_section.pdf,text_or_table,unified_memory_scan,ingredient_confirmation,ingredient_or_label_evidence,company_level_relationship_evidence,company_level_confirmed,company_level_only,medium,high,candidate_for_strict_audit,pending_step16i,hershey,cocoa_chocolate,benchmark_not_invoice; do_not_claim_sku_level_supplier; supplier_claim_not_sku_confirmed,"hershey / cocoa_chocolate / hershey_company may support ingredient, label, or product identity evidence. Use only as company-level relationship evidence. Do not claim exact 1.55 oz SKU allocation.","remediation strategies. 
Cocoa Supply Chain
Cocoa is the part of our supply chain with the greatest 
income vulnerability. We continue to contribute solutions 
through the Hershey Income Accelerator Program in 
Côte d’Ivoire and premiums paid to farmers. 
→Learn more in Improving Farmer Income and Livelihoods 
on pages 26-27. 
Investing in the Land"
EEVID_814e75a6d903932c,hershey_company,hershey_latest_esg_sugar_section.pdf,text_or_table,unified_memory_scan,ingredient_confirmation,ingredient_or_label_evidence,company_level_relationship_evidence,company_level_confirmed,company_level_only,medium,high,candidate_for_strict_audit,pending_step16i,hershey,cocoa_chocolate,do_not_claim_sku_level_supplier; supplier_claim_not_sku_confirmed,"hershey / cocoa_chocolate / hershey_company may support ingredient, label, or product identity evidence. Use only as company-level relationship evidence. Do not claim exact 1.55 oz SKU allocation.","and 
initiatives that promote a world where opportunity exists 
for everyone to earn a living wage and every household 
to secure a living income.
What’s Next in Human Rights
• Continue to refine our salient issues, due diligence 
and programming 
• Continue to deepen our understanding of the 
intersection of human rights and environmental issues, "
EEVID_f62b1ebcc14f14bb,hershey_company,hershey_latest_esg_sugar_section.pdf,text_or_table,unified_memory_scan,ingredient_confirmation,ingredient_or_label_evidence,company_level_relationship_evidence,company_level_confirmed,company_level_only,medium,high,candidate_for_strict_audit,pending_step16i,hershey,cocoa_chocolate,do_not_claim_sku_level_supplier; supplier_claim_not_sku_confirmed,"hershey / cocoa_chocolate / hershey_company may support ingredient, label, or product identity evidence. Use only as company-level relationship evidence. Do not claim exact 1.55 oz SKU allocation.","hemes are both essential given the complexity 
of addressing many interrelated issues in global 
supply chains. 
 Contents
Making Good
Our Company
Cocoa
Responsible Sourcing and Human Rights
Environment
Our People
Youth
Community
About This Report
45
The Hershey Company 2023 ESG Report
Material ESG issues:
• Responsible sourcing
• Business operatio"
EEVID_c13986bcf9d53215,hershey_company,hershey_latest_esg_sugar_section.pdf,text_or_table,unified_memory_scan,supplier_relationship,supplier_relationship_evidence,company_level_relationship_evidence,company_level_confirmed,company_level_only,medium,high,candidate_for_strict_audit,pending_step16i,hershey,,benchmark_not_invoice; do_not_claim_sku_level_supplier; supplier_claim_not_sku_confirmed,hershey / hershey_company may support a company level confirmed relationship claim. Use only as company-level relationship evidence. Do not claim exact 1.55 oz SKU allocation.,"sponsible Sourcing and Human Rights
Environment
Our People
Youth
Community
About This Report
46
The Hershey Company 2023 ESG Report
Human Rights 
Pre-screening 2023
❶ Approved
❷ Pending submission 
of required 
information and/or 
completion of 
corrective actions
❸ Rejected or 
canceled
268
157
47


--- PAGE 47 ---
Responsible Sourcing Supplier Pr"
EEVID_c315459ccee4253a,hershey_company,hershey_latest_esg_sugar_section.pdf,text_or_table,unified_memory_scan,ingredient_confirmation,ingredient_or_label_evidence,company_level_relationship_evidence,company_level_confirmed,company_level_only,medium,high,candidate_for_strict_audit,pending_step16i,hershey,cocoa_chocolate; sugar,do_not_claim_sku_level_supplier; supplier_claim_not_sku_confirmed,"hershey / cocoa_chocolate, sugar / hershey_company may support ingredient, label, or product identity evidence. Use only as company-level relationship evidence. Do not claim exact 1.55 oz SKU allocation.","sugar projects we featured in 
our 2022 ESG Report (“Improving Soil Health 
for Sugar Beets”), showed excellent results. 
In the 2022-23 growing season, the pilot with 
United Sugar, the Soil and Water Outcomes 
Fund and others: 
• Covered 7,400 acres across all program 
participants 
• Reduced our Scope 3 GHG emissions from 
sugar supplied by part"
EEVID_71a305f0fcf7d7ac,hershey_company,hershey_latest_esg_sugar_section.pdf,text_or_table,unified_memory_scan,supplier_relationship,supplier_relationship_evidence,company_level_relationship_evidence,company_level_confirmed,company_level_only,medium,high,candidate_for_strict_audit,pending_step16i,hershey,,benchmark_not_invoice; do_not_claim_sku_level_supplier; supplier_claim_not_sku_confirmed,hershey / hershey_company may support a company level confirmed relationship claim. Use only as company-level relationship evidence. Do not claim exact 1.55 oz SKU allocation.,"between Airbus and Earthworm Foundation. 
To accelerate progress, Earthworm is engaging our palm 
suppliers to reinforce their deforestation monitoring, 
verification and reporting, and to prioritize actual 
deforestation alerts for action. 
→Learn more in The Significance of Biodiversity on page 69. 
Following Earthworm’s mapping of Hershey’s palm"
EEVID_67c5ed0c2e0dfc9b,hershey_company,hershey_latest_esg_sugar_section.pdf,text_or_table,unified_memory_scan,ingredient_confirmation,ingredient_or_label_evidence,company_level_relationship_evidence,company_level_confirmed,company_level_only,medium,high,candidate_for_strict_audit,pending_step16i,hershey,cocoa_chocolate; milk_dairy; packaging; sugar,do_not_claim_sku_level_supplier; supplier_claim_not_sku_confirmed,"hershey / cocoa_chocolate, milk_dairy, packaging, sugar / hershey_company may support ingredient, label, or product identity evidence. Use only as company-level relationship evidence. Do not claim exact 1.55 oz SKU allocation.","ts to: 
• Source 100% of pulp and paper packaging from recycled 
or certified sources
• Trace 100% of virgin pulp and paper packaging we source 
back to the country of harvest
In 2023, we started working with Earthworm on an annual 
supplier traceability assessment. We collected data about 
the volume of recycled and virgin fiber we source, as well"
EEVID_1cf3d2a3cac9dcde,hershey_company,hershey_latest_esg_sugar_section.pdf,text_or_table,unified_memory_scan,ingredient_confirmation,ingredient_or_label_evidence,company_level_relationship_evidence,company_level_confirmed,company_level_only,medium,high,candidate_for_strict_audit,pending_step16i,hershey,cocoa_chocolate; packaging,do_not_claim_sku_level_supplier; supplier_claim_not_sku_confirmed,"hershey / cocoa_chocolate, packaging / hershey_company may support ingredient, label, or product identity evidence. Use only as company-level relationship evidence. Do not claim exact 1.55 oz SKU allocation.","s training. The 2022 value has been restated to reflect the number of employees who completed optional human rights training.
 Contents
Making Good
Our Company
Cocoa
Responsible Sourcing and Human Rights
Environment
Our People
Youth
Community
About This Report
53
The Hershey Company 2023 ESG Report


--- PAGE 54 ---
Responsible Recruitment Program
"
EEVID_fdedd1d91afdc783,hershey_company,hershey_latest_esg_sugar_section.pdf,text_or_table,unified_memory_scan,ingredient_confirmation,ingredient_or_label_evidence,company_level_relationship_evidence,company_level_confirmed,company_level_only,medium,high,candidate_for_strict_audit,pending_step16i,hershey,cocoa_chocolate,do_not_claim_sku_level_supplier; supplier_claim_not_sku_confirmed,"hershey / cocoa_chocolate / hershey_company may support ingredient, label, or product identity evidence. Use only as company-level relationship evidence. Do not claim exact 1.55 oz SKU allocation.","mpletion at end 2023.
5
Assessments conducted on labor providers may include worker surveys, Sedex's SMETA 2-Pillar audits, and/or ELEVATE's Labor Agency Assessment Tool. Additionally, if a labor provider is identified with a noncompliance during a Hershey-owned operation 
SMETA 4-Pillar audit, this is categorized as the labor provider undergoing a"
EEVID_60a2b7d97714e194,hershey_company,hershey_latest_esg_sugar_section.pdf,text_or_table,unified_memory_scan,ingredient_confirmation,ingredient_or_label_evidence,company_level_relationship_evidence,company_level_confirmed,company_level_only,medium,high,candidate_for_strict_audit,pending_step16i,hershey,cocoa_chocolate,benchmark_not_invoice; do_not_claim_sku_level_supplier; supplier_claim_not_sku_confirmed,"hershey / cocoa_chocolate / hershey_company may support ingredient, label, or product identity evidence. Use only as company-level relationship evidence. Do not claim exact 1.55 oz SKU allocation.","closed
%
 38 %
 21.4 %
 71 %
1
At Hershey, major non-conformances include issues rated as critical or zero-tolerance issues.
 Contents
Making Good
Our Company
Cocoa
Responsible Sourcing and Human Rights
Environment
Our People
Youth
Community
About This Report
56
The Hershey Company 2023 ESG Report


--- PAGE 57 ---
2023 Non-compliance issues by cat"
EEVID_4837271ff00f30d9,hershey_company,hershey_latest_esg_sugar_section.pdf,text_or_table,unified_memory_scan,ingredient_confirmation,ingredient_or_label_evidence,company_level_relationship_evidence,company_level_confirmed,company_level_only,medium,high,candidate_for_strict_audit,pending_step16i,hershey,cocoa_chocolate; packaging,benchmark_not_invoice; do_not_claim_sku_level_supplier; supplier_claim_not_sku_confirmed,"hershey / cocoa_chocolate, packaging / hershey_company may support ingredient, label, or product identity evidence. Use only as company-level relationship evidence. Do not claim exact 1.55 oz SKU allocation.","able
7
Source pulp and paper packaging (by volume) from recycled or certified 
sources globally
100% by 2025
On Track
 87 %
 89 %
 69 %
7
Coconut 
Source certified coconut (by volume) through Fair Trade USA
100% by 2020
Achieved
 100 %
 100 %
 96 %
8
Eggs 
Source certified cage-free eggs (by volume) for the U.S. and Canadian markets 
from cage-free"
EEVID_84844ccd31b0e092,hershey_company,hershey_latest_esg_sugar_section.pdf,text_or_table,unified_memory_scan,ingredient_confirmation,ingredient_or_label_evidence,company_level_relationship_evidence,company_level_confirmed,company_level_only,medium,high,candidate_for_strict_audit,pending_step16i,hershey,cocoa_chocolate; packaging,do_not_claim_sku_level_supplier; supplier_claim_not_sku_confirmed,"hershey / cocoa_chocolate, packaging / hershey_company may support ingredient, label, or product identity evidence. Use only as company-level relationship evidence. Do not claim exact 1.55 oz SKU allocation.","conut shortage related to issues with raw material sourcing and transportation complications caused by the COVID-19 pandemic.
 Contents
Making Good
Our Company
Cocoa
Responsible Sourcing and Human Rights
Environment
Our People
Youth
Community
About This Report
58
The Hershey Company 2023 ESG Report


--- PAGE 59 ---
Doing good by the planet is not "
EEVID_ef892a61a72e059a,hershey_company,hershey_latest_esg_sugar_section.pdf,text_or_table,unified_memory_scan,ingredient_confirmation,ingredient_or_label_evidence,company_level_relationship_evidence,company_level_confirmed,company_level_only,medium,high,candidate_for_strict_audit,pending_step16i,hershey,cocoa_chocolate,do_not_claim_sku_level_supplier; supplier_claim_not_sku_confirmed,"hershey / cocoa_chocolate / hershey_company may support ingredient, label, or product identity evidence. Use only as company-level relationship evidence. Do not claim exact 1.55 oz SKU allocation.","external stakeholders. 
The results of our climate scenario planning have also 
informed the steps we need to take toward our goals.
Addressing climate change also positively impacts 
watershed health, biodiversity and soil health. 
→For more about Managing Climate Risk, see page 61.
→Learn more about our work toward Reducing Emissions 
on pages 63"
EEVID_b4936e0934bf5bea,hershey_company,hershey_latest_esg_sugar_section.pdf,text_or_table,unified_memory_scan,ingredient_confirmation,ingredient_or_label_evidence,company_level_relationship_evidence,company_level_confirmed,company_level_only,medium,high,candidate_for_strict_audit,pending_step16i,hershey,cocoa_chocolate; packaging,do_not_claim_sku_level_supplier; supplier_claim_not_sku_confirmed,"hershey / cocoa_chocolate, packaging / hershey_company may support ingredient, label, or product identity evidence. Use only as company-level relationship evidence. Do not claim exact 1.55 oz SKU allocation.","onger-term evolving risks, such 
as those presented by climate change. ERM is overseen 
by our Board of Directors and managed by our 
Resiliency team. 
We integrate climate risk insights into business planning 
to better understand the potential impacts and any 
mitigation steps. For example, in 2023, we conducted 
a deep dive on insured value calc"
EEVID_6b65804bedbf803a,hershey_company,hershey_latest_esg_sugar_section.pdf,text_or_table,unified_memory_scan,ingredient_confirmation,ingredient_or_label_evidence,company_level_relationship_evidence,company_level_confirmed,company_level_only,medium,high,candidate_for_strict_audit,pending_step16i,hershey,cocoa_chocolate,do_not_claim_sku_level_supplier; supplier_claim_not_sku_confirmed,"hershey / cocoa_chocolate / hershey_company may support ingredient, label, or product identity evidence. Use only as company-level relationship evidence. Do not claim exact 1.55 oz SKU allocation.","Energy 
Using more renewable and zero-emissions energy is 
essential to our Scope 2 reduction plan. We have set 
an ambitious goal to source 100% of electricity from 
renewable and zero-emission sources by 2030.
This year we sourced approximately 80% of electricity 
from renewable and zero-emission sources, up from 
77% in 2022.
We achieved this ye"
EEVID_37dce1501e75859b,hershey_company,hershey_latest_esg_sugar_section.pdf,text_or_table,unified_memory_scan,retail_price,retail_price_evidence,company_level_relationship_evidence,company_level_confirmed,company_level_only,medium,high,candidate_for_strict_audit,pending_step16i,hershey,cocoa_chocolate; packaging,do_not_claim_sku_level_supplier; retail_observation_not_margin; supplier_claim_not_sku_confirmed,"hershey / cocoa_chocolate, packaging / hershey_company may support observed retail page or price evidence. Use only as company-level relationship evidence. Do not claim exact 1.55 oz SKU allocation.","to strive for greater circularity by using 
more recycled materials. With limited possibilities for 
direct food-contact applications available, we focused 
on increasing recycled content on corrugate and 
cartons — like launching Reese’s Caramel Big Cup 
with a 100% recycled carton. This conversion equated 
to significant savings: 
• Keeping 200 t"
EEVID_f857b1e6443e5ee2,hershey_company,hershey_latest_esg_sugar_section.pdf,text_or_table,unified_memory_scan,ingredient_confirmation,ingredient_or_label_evidence,company_level_relationship_evidence,company_level_confirmed,company_level_only,medium,high,candidate_for_strict_audit,pending_step16i,hershey,cocoa_chocolate,benchmark_not_invoice; do_not_claim_sku_level_supplier; supplier_claim_not_sku_confirmed,"hershey / cocoa_chocolate / hershey_company may support ingredient, label, or product identity evidence. Use only as company-level relationship evidence. Do not claim exact 1.55 oz SKU allocation.","ng of CO2.
Totals may not equal 100%, due to rounding.
All calculations include relevant GHG emissions as specified by the Greenhouse Gas Reporting Protocol and follows the Operational Control methodology. 
Emission factor sources include: 
Scope 1: DEFRA. Operational control. 
Scope 2: EPA Emissions & Generation Resource Integrated Database (eGRID"
EEVID_b086b5ac28b76e47,hershey_company,hershey_latest_esg_sugar_section.pdf,text_or_table,unified_memory_scan,supplier_relationship,supplier_relationship_evidence,company_level_relationship_evidence,company_level_confirmed,company_level_only,medium,high,candidate_for_strict_audit,pending_step16i,hershey,,benchmark_not_invoice; do_not_claim_sku_level_supplier; supplier_claim_not_sku_confirmed,hershey / hershey_company may support a company level confirmed relationship claim. Use only as company-level relationship evidence. Do not claim exact 1.55 oz SKU allocation.,"Processing of Sold Products
MTCO2e
Not Applicable
Not Applicable
Not Applicable
Scope 3: Category 11 – Use of Sold Products
MTCO2e
Not Applicable
Not Applicable
Not Applicable
Scope 3: Category 12 – End-of-Life Treatment of Sold Products
MTCO2e
119,725
113,005
87,842
Scope 3: Category 13 – Downstream Leased Assets
MTCO2e
Not Applicable
Not Applicab"
EEVID_67d6650b7a464e39,hershey_company,hershey_latest_esg_sugar_section.pdf,text_or_table,unified_memory_scan,ingredient_confirmation,ingredient_or_label_evidence,company_level_relationship_evidence,company_level_confirmed,company_level_only,medium,high,candidate_for_strict_audit,pending_step16i,hershey,cocoa_chocolate,benchmark_not_invoice; do_not_claim_sku_level_supplier; supplier_claim_not_sku_confirmed,"hershey / cocoa_chocolate / hershey_company may support ingredient, label, or product identity evidence. Use only as company-level relationship evidence. Do not claim exact 1.55 oz SKU allocation.","nc. Hershey’s 2021 GHG emissions data excludes ONE Brands, Lily's, Dot's 
and Pretzels.
2
Hershey's 2023 Scope 1 and Scope 2 data (including intensity) received limited assurance by EY. The corresponding limited assurance statement is found on our corporate website.
3
Hershey's 2023 Scope 3 emissions intensity has been independently verified by Qua"
EEVID_e8959a86efc63713,hershey_company,hershey_latest_esg_sugar_section.pdf,text_or_table,unified_memory_scan,ingredient_confirmation,ingredient_or_label_evidence,company_level_relationship_evidence,company_level_confirmed,company_level_only,medium,high,candidate_for_strict_audit,pending_step16i,hershey,cocoa_chocolate,do_not_claim_sku_level_supplier; supplier_claim_not_sku_confirmed,"hershey / cocoa_chocolate / hershey_company may support ingredient, label, or product identity evidence. Use only as company-level relationship evidence. Do not claim exact 1.55 oz SKU allocation.","iomass and coal due to the optimization of the boiler system within our Mandideep plant in 2023.
4
Sources include hydroelectric, renewable electricity contractual instruments, zero emissions contractual instruments and traditional grid electricity.
5
Fuel oil no. 6 is a carbon-intensive fuel, Hershey eliminated from use in 2022.
6
Propane use incr"
EEVID_032204c5bf91da49,hershey_company,hershey_latest_esg_sugar_section.pdf,text_or_table,unified_memory_scan,ingredient_confirmation,ingredient_or_label_evidence,company_level_relationship_evidence,company_level_confirmed,company_level_only,medium,high,candidate_for_strict_audit,pending_step16i,hershey,cocoa_chocolate; packaging,do_not_claim_sku_level_supplier; supplier_claim_not_sku_confirmed,"hershey / cocoa_chocolate, packaging / hershey_company may support ingredient, label, or product identity evidence. Use only as company-level relationship evidence. Do not claim exact 1.55 oz SKU allocation.","cts with the first coming online in 2021 and the second in 2022. The third is scheduled to generate power beginning in 2024. 
 Contents
Making Good
Our Company
Cocoa
Responsible Sourcing and Human Rights
Environment
Our People
Youth
Community
About This Report
76
The Hershey Company 2023 ESG Report


--- PAGE 77 ---
Air Quality1
Unit
2023
2022
2021"
EEVID_9e79eb41ec039d80,hershey_company,hershey_latest_esg_sugar_section.pdf,text_or_table,unified_memory_scan,ingredient_confirmation,ingredient_or_label_evidence,company_level_relationship_evidence,company_level_confirmed,company_level_only,medium,high,candidate_for_strict_audit,pending_step16i,hershey,cocoa_chocolate; packaging,do_not_claim_sku_level_supplier; supplier_claim_not_sku_confirmed,"hershey / cocoa_chocolate, packaging / hershey_company may support ingredient, label, or product identity evidence. Use only as company-level relationship evidence. Do not claim exact 1.55 oz SKU allocation.","r our North America Salty Snacks segment, after recent corporate acquisitions. 
As of December 31, 2023, we eliminated PVC from our branded business and have active projects to eliminate PVC from private label offerings. We are on track to remove PVC fully in 2024.
2
Cumulative packaging waste eliminated (2021-2023) is 15.4 million pounds. This val"
EEVID_6c6a8125c12cb238,hershey_company,hershey_latest_esg_sugar_section.pdf,text_or_table,unified_memory_scan,ingredient_confirmation,ingredient_or_label_evidence,company_level_relationship_evidence,company_level_confirmed,company_level_only,medium,high,candidate_for_strict_audit,pending_step16i,hershey,cocoa_chocolate,do_not_claim_sku_level_supplier; supplier_claim_not_sku_confirmed,"hershey / cocoa_chocolate / hershey_company may support ingredient, label, or product identity evidence. Use only as company-level relationship evidence. Do not claim exact 1.55 oz SKU allocation.","nd Pretzels.
3
Water consumption is calculated as water use less water discharge. 
4
This data represents Hershey's global manufacturing facilities and owned U.S. distribution centers and corporate offices.
 
 Contents
Making Good
Our Company
Cocoa
Responsible Sourcing and Human Rights
Environment
Our People
Youth
Community
About This Report
78
The"
EEVID_a5a17b7c60dcbc0a,hershey_company,hershey_latest_esg_sugar_section.pdf,text_or_table,unified_memory_scan,ingredient_confirmation,ingredient_or_label_evidence,company_level_relationship_evidence,company_level_confirmed,company_level_only,medium,high,candidate_for_strict_audit,pending_step16i,hershey,cocoa_chocolate,do_not_claim_sku_level_supplier; supplier_claim_not_sku_confirmed,"hershey / cocoa_chocolate / hershey_company may support ingredient, label, or product identity evidence. Use only as company-level relationship evidence. Do not claim exact 1.55 oz SKU allocation.",", ND
Low-medium (10-20%)
—
Whitestown, IN
Medium-high (20-40%)
—
1
The Lawrence, KS facility began operations in August 2021.
 Contents
Making Good
Our Company
Cocoa
Responsible Sourcing and Human Rights
Environment
Our People
Youth
Community
About This Report
79
The Hershey Company 2023 ESG Report


--- PAGE 80 ---
Waste Management1,2
Unit
2023
20"
EEVID_10d6594cdaf876c2,hershey_company,hershey_latest_esg_sugar_section.pdf,text_or_table,unified_memory_scan,ingredient_confirmation,ingredient_or_label_evidence,company_level_relationship_evidence,company_level_confirmed,company_level_only,medium,high,candidate_for_strict_audit,pending_step16i,hershey,cocoa_chocolate,do_not_claim_sku_level_supplier; supplier_claim_not_sku_confirmed,"hershey / cocoa_chocolate / hershey_company may support ingredient, label, or product identity evidence. Use only as company-level relationship evidence. Do not claim exact 1.55 oz SKU allocation.","buted to the growth of Hershey's Salty segment. Work is underway to integrate innovative waste solutions at these facilities.
 Contents
Making Good
Our Company
Cocoa
Responsible Sourcing and Human Rights
Environment
Our People
Youth
Community
About This Report
80
The Hershey Company 2023 ESG Report


--- PAGE 81 ---
Biodiversity1
Unit
2023
2022
202"
EEVID_f55b3e09f3899ecd,hershey_company,hershey_latest_esg_sugar_section.pdf,text_or_table,unified_memory_scan,ingredient_confirmation,ingredient_or_label_evidence,company_level_relationship_evidence,company_level_confirmed,company_level_only,medium,high,candidate_for_strict_audit,pending_step16i,hershey,cocoa_chocolate; milk_dairy,do_not_claim_sku_level_supplier; supplier_claim_not_sku_confirmed,"hershey / cocoa_chocolate, milk_dairy / hershey_company may support ingredient, label, or product identity evidence. Use only as company-level relationship evidence. Do not claim exact 1.55 oz SKU allocation.","se on 
terrestrial and marine protected areas and is updated on a monthly basis to track the dynamics of changes to the world's protected areas. The WDPA database is continuously improving based on new information. The results reflected in this 
table are up to date as of February 2024.
 Contents
Making Good
Our Company
Cocoa
Responsible Sourcing a"
EEVID_5d7c15b176964813,hershey_company,hershey_latest_esg_sugar_section.pdf,text_or_table,unified_memory_scan,ingredient_confirmation,ingredient_or_label_evidence,company_level_relationship_evidence,company_level_confirmed,company_level_only,medium,high,candidate_for_strict_audit,pending_step16i,hershey,cocoa_chocolate; milk_dairy,benchmark_not_invoice; do_not_claim_sku_level_supplier; supplier_claim_not_sku_confirmed,"hershey / cocoa_chocolate, milk_dairy / hershey_company may support ingredient, label, or product identity evidence. Use only as company-level relationship evidence. Do not claim exact 1.55 oz SKU allocation.",">690,000 
3 
1
Represents active Green Teams globally.
2
The total trees planted represented in this metric includes the activities of Hershey Green Teams and ongoing partnerships like the Arbor Day Foundation and Sustainable Dairy PA. It does not include tree planting related to cocoa.
3
Hershey's 2021-2022 projects included participation in the A"
EEVID_63082d2dcfc7e3a4,hershey_company,hershey_latest_esg_sugar_section.pdf,text_or_table,unified_memory_scan,ingredient_confirmation,ingredient_or_label_evidence,company_level_relationship_evidence,company_level_confirmed,company_level_only,medium,high,candidate_for_strict_audit,pending_step16i,hershey,cocoa_chocolate,do_not_claim_sku_level_supplier; supplier_claim_not_sku_confirmed,"hershey / cocoa_chocolate / hershey_company may support ingredient, label, or product identity evidence. Use only as company-level relationship evidence. Do not claim exact 1.55 oz SKU allocation.","lerating Togetherness Efforts
90
More Pathways to JOIN
92
More Pathways to REACH OUT
93
More Pathways to GROW
95
Our Progress
 Contents
Making Good
Our Company
Cocoa
Responsible Sourcing and Human Rights
Environment
Our People
Youth
Community
About This Report
83
The Hershey Company 2023 ESG Report


--- PAGE 84 ---
Lead Today, 
Create Tomorrow 
Le"
EEVID_301c474708ab9111,hershey_company,hershey_latest_esg_sugar_section.pdf,text_or_table,unified_memory_scan,ingredient_confirmation,ingredient_or_label_evidence,company_level_relationship_evidence,company_level_confirmed,company_level_only,medium,high,candidate_for_strict_audit,pending_step16i,hershey,cocoa_chocolate,do_not_claim_sku_level_supplier; supplier_claim_not_sku_confirmed,"hershey / cocoa_chocolate / hershey_company may support ingredient, label, or product identity evidence. Use only as company-level relationship evidence. Do not claim exact 1.55 oz SKU allocation.","strably 
driven innovation, engagement, inclusion and belonging 
across our teams over the last three years. 
→See Flexible, Family-Friendly Options on page 86 for more.
Development for All
Nurturing a fulfilling work environment, promoting 
professional growth for all 20,000 employees and a talent 
pipeline of future Hershey leaders is at the hear"
EEVID_6bbf3f92b5aed684,hershey_company,hershey_latest_esg_sugar_section.pdf,text_or_table,unified_memory_scan,ingredient_confirmation,ingredient_or_label_evidence,company_level_relationship_evidence,company_level_confirmed,company_level_only,medium,high,candidate_for_strict_audit,pending_step16i,hershey,cocoa_chocolate,benchmark_not_invoice; do_not_claim_sku_level_supplier; supplier_claim_not_sku_confirmed,"hershey / cocoa_chocolate / hershey_company may support ingredient, label, or product identity evidence. Use only as company-level relationship evidence. Do not claim exact 1.55 oz SKU allocation.","l. 
We believe a better you makes 
a stronger us.”
Anna Serafin, Vice President, 
Talent & Transformation, The Hershey Company
 Contents
Making Good
Our Company
Cocoa
Responsible Sourcing and Human Rights
Environment
Our People
Youth
Community
About This Report
84
The Hershey Company 2023 ESG Report


--- PAGE 85 ---
Employee Well-being 
and Develo"
EEVID_e7686498d3a6159d,hershey_company,hershey_latest_esg_sugar_section.pdf,text_or_table,unified_memory_scan,ingredient_confirmation,ingredient_or_label_evidence,company_level_relationship_evidence,company_level_confirmed,company_level_only,medium,high,candidate_for_strict_audit,pending_step16i,hershey,cocoa_chocolate,benchmark_not_invoice; do_not_claim_sku_level_supplier; supplier_claim_not_sku_confirmed,"hershey / cocoa_chocolate / hershey_company may support ingredient, label, or product identity evidence. Use only as company-level relationship evidence. Do not claim exact 1.55 oz SKU allocation.","on caring for every 
employee and sharing directly with employees 
information and resources about staying safe or 
supporting one another, as we did during times of 
concern following major world events 
Let’s Get Transparent 
About Pay
Continuously listening brings endless learning 
opportunities. In 2023, a survey revealed that — 
beyond aggrega"
EEVID_798b1920a375a64d,hershey_company,hershey_latest_esg_sugar_section.pdf,text_or_table,unified_memory_scan,ingredient_confirmation,ingredient_or_label_evidence,company_level_relationship_evidence,company_level_confirmed,company_level_only,medium,high,candidate_for_strict_audit,pending_step16i,hershey,cocoa_chocolate,do_not_claim_sku_level_supplier; supplier_claim_not_sku_confirmed,"hershey / cocoa_chocolate / hershey_company may support ingredient, label, or product identity evidence. Use only as company-level relationship evidence. Do not claim exact 1.55 oz SKU allocation.","rogram.
 Contents
Making Good
Our Company
Cocoa
Responsible Sourcing and Human Rights
Environment
Our People
Youth
Community
About This Report
85
The Hershey Company 2023 ESG Report
Salient Human Rights Issue:
• Gender and social inequality
1 Fair360 is the group previously known as Diversity, Inc.


--- PAGE 86 ---
Employee Well-being and Developm"
EEVID_7c0aee634f20d313,hershey_company,hershey_latest_esg_sugar_section.pdf,text_or_table,unified_memory_scan,ingredient_confirmation,ingredient_or_label_evidence,company_level_relationship_evidence,company_level_confirmed,company_level_only,medium,high,candidate_for_strict_audit,pending_step16i,hershey,cocoa_chocolate,benchmark_not_invoice; do_not_claim_sku_level_supplier; supplier_claim_not_sku_confirmed,"hershey / cocoa_chocolate / hershey_company may support ingredient, label, or product identity evidence. Use only as company-level relationship evidence. Do not claim exact 1.55 oz SKU allocation.","oration
Support Beyond the Workplace
Because life beyond works matters to employees, it 
matters to us. We run programs where we know it matters 
most to our people:
• Hershey Scholars Program, where Hershey employees’ 
children can apply for financial awards for their post-
secondary education 
• Hershey Employees 1st Fund, offering grants from co"
EEVID_adc3f83a29ed5e28,hershey_company,hershey_latest_esg_sugar_section.pdf,text_or_table,unified_memory_scan,ingredient_confirmation,ingredient_or_label_evidence,company_level_relationship_evidence,company_level_confirmed,company_level_only,medium,high,candidate_for_strict_audit,pending_step16i,hershey,cocoa_chocolate,benchmark_not_invoice; do_not_claim_sku_level_supplier; supplier_claim_not_sku_confirmed,"hershey / cocoa_chocolate / hershey_company may support ingredient, label, or product identity evidence. Use only as company-level relationship evidence. Do not claim exact 1.55 oz SKU allocation.","o manage stress and 
helps me stay mindful of my 
thoughts and feelings when 
things get hectic.”
Jacquie Zygmund, HR Services Technical 
Lead, The Hershey Company
 Contents
Making Good
Our Company
Cocoa
Responsible Sourcing and Human Rights
Environment
Our People
Youth
Community
About This Report
86
The Hershey Company 2023 ESG Report


--- PAGE 8"
EEVID_36a166765c0fb4b3,hershey_company,hershey_latest_esg_sugar_section.pdf,text_or_table,unified_memory_scan,retail_price,retail_price_evidence,company_level_relationship_evidence,company_level_confirmed,company_level_only,medium,high,candidate_for_strict_audit,pending_step16i,hershey,cocoa_chocolate,do_not_claim_sku_level_supplier; retail_observation_not_margin; supplier_claim_not_sku_confirmed,hershey / cocoa_chocolate / hershey_company may support observed retail page or price evidence. Use only as company-level relationship evidence. Do not claim exact 1.55 oz SKU allocation.,"sed on similarly 
excellent feedback.
Mentoring For All
We encourage all employees to take advantage of 
mentoring opportunities through our Stronger & Growing 
Together program. As well as developing skills, the social 
and experiential learning experience with internal experts 
is invaluable. Over 680 mentor-mentee matches have 
been made since S"
EEVID_284d290ec39e541a,hershey_company,hershey_latest_esg_sugar_section.pdf,text_or_table,unified_memory_scan,ingredient_confirmation,ingredient_or_label_evidence,company_level_relationship_evidence,company_level_confirmed,company_level_only,medium,high,candidate_for_strict_audit,pending_step16i,hershey,cocoa_chocolate,do_not_claim_sku_level_supplier; supplier_claim_not_sku_confirmed,"hershey / cocoa_chocolate / hershey_company may support ingredient, label, or product identity evidence. Use only as company-level relationship evidence. Do not claim exact 1.55 oz SKU allocation.","y 
into health and safety initiatives 
is important as it can help 
reduce harmful environmental 
exposures that may lead to 
illness or injury. Adopting 
sustainable practices can create 
healthier, safer workplaces 
and communities, reduce 
our carbon footprint and 
contribute to a better future 
for all.”
Ken Soltesz, Director, Environment, 
Hea"
EEVID_f0b4553cb70216ae,hershey_company,hershey_latest_esg_sugar_section.pdf,text_or_table,unified_memory_scan,retail_price,retail_price_evidence,company_level_relationship_evidence,company_level_confirmed,company_level_only,medium,high,candidate_for_strict_audit,pending_step16i,hershey,cocoa_chocolate,benchmark_not_invoice; do_not_claim_sku_level_supplier; retail_observation_not_margin; supplier_claim_not_sku_confirmed,hershey / cocoa_chocolate / hershey_company may support observed retail page or price evidence. Use only as company-level relationship evidence. Do not claim exact 1.55 oz SKU allocation.,"difference 
between people, often referred to in terms of race 
and gender. Hershey also includes dimensions such 
as age, ethnicity, sexual orientation, veteran status 
and physical abilities.
People of Color (POC): Refers to Black, African 
American, Hispanic/Latino, Asian/Asian Pacific 
Islander, Hawaiian Pacific Islander and those who 
identify"
EEVID_d600215f3d208ded,hershey_company,hershey_latest_esg_sugar_section.pdf,text_or_table,unified_memory_scan,supplier_relationship,supplier_relationship_evidence,company_level_relationship_evidence,company_level_confirmed,company_level_only,medium,high,candidate_for_strict_audit,pending_step16i,hershey,,benchmark_not_invoice; do_not_claim_sku_level_supplier; supplier_claim_not_sku_confirmed,hershey / hershey_company may support a company level confirmed relationship claim. Use only as company-level relationship evidence. Do not claim exact 1.55 oz SKU allocation.,"n, 
Pennsylvania, has seen excellent results already. We were 
more consistently able to hire talent with desirable food 
experience, contributing to a 56% lower attrition rate in 
2023 than 2022. This saved approximately $800,000 in 
recruitment costs. The plant also doubled representation 
of POC to 36% and of Hispanic employees to 32% since 
bef"
EEVID_8ed4ed1e5b76593c,hershey_company,hershey_latest_esg_sugar_section.pdf,text_or_table,unified_memory_scan,ingredient_confirmation,ingredient_or_label_evidence,company_level_relationship_evidence,company_level_confirmed,company_level_only,medium,high,candidate_for_strict_audit,pending_step16i,hershey,cocoa_chocolate,do_not_claim_sku_level_supplier; supplier_claim_not_sku_confirmed,"hershey / cocoa_chocolate / hershey_company may support ingredient, label, or product identity evidence. Use only as company-level relationship evidence. Do not claim exact 1.55 oz SKU allocation.","→See Education and Opportunity on page 106 for more about our 
growing partnership with MHS.
Say “Hola” to POKA
Being inclusive really teaches you unexpected 
things: Say “Hola” may have given us a 
transformational training tool.
POKA is a digital training and translation app we have 
been trialing to give employees on the production line 
insight"
EEVID_580eedb8440f14e8,hershey_company,hershey_latest_esg_sugar_section.pdf,text_or_table,unified_memory_scan,ingredient_confirmation,ingredient_or_label_evidence,company_level_relationship_evidence,company_level_confirmed,company_level_only,medium,high,candidate_for_strict_audit,pending_step16i,hershey,cocoa_chocolate,benchmark_not_invoice; do_not_claim_sku_level_supplier; supplier_claim_not_sku_confirmed,"hershey / cocoa_chocolate / hershey_company may support ingredient, label, or product identity evidence. Use only as company-level relationship evidence. Do not claim exact 1.55 oz SKU allocation.","engage a diverse slate 
of prospective suppliers for sourcing events, such as 
requests for proposal (RFP) worth $250,000 or more
• Launched an e-learning module about our Supplier 
Diversity Program, required for all procurement 
employees globally and for managers and above 
in the U.S. and Canada
• Re-established our network of supplier diversit"
EEVID_ec408f39ff066ffa,hershey_company,hershey_latest_esg_sugar_section.pdf,text_or_table,unified_memory_scan,supplier_relationship,supplier_relationship_evidence,company_level_relationship_evidence,company_level_confirmed,company_level_only,medium,high,candidate_for_strict_audit,pending_step16i,hershey,,benchmark_not_invoice; do_not_claim_sku_level_supplier; supplier_claim_not_sku_confirmed,hershey / hershey_company may support a company level confirmed relationship claim. Use only as company-level relationship evidence. Do not claim exact 1.55 oz SKU allocation.,"Harrisburg 
University. CIE is part of a national ecosystem of 
entrepreneurs and network of innovation incubators. 
Hershey support included: 
• Setting CIE entrepreneurs a business challenge and 
hosting them at our headquarters for them to present 
their solutions 
• Alicia Petross, our Chief Diversity Officer, serving 
as a judge at a CIE “shar"
EEVID_7f3aa3c5610dd8ca,hershey_company,hershey_latest_esg_sugar_section.pdf,text_or_table,unified_memory_scan,ingredient_confirmation,ingredient_or_label_evidence,company_level_relationship_evidence,company_level_confirmed,company_level_only,medium,high,candidate_for_strict_audit,pending_step16i,hershey,cocoa_chocolate,benchmark_not_invoice; do_not_claim_sku_level_supplier; supplier_claim_not_sku_confirmed,"hershey / cocoa_chocolate / hershey_company may support ingredient, label, or product identity evidence. Use only as company-level relationship evidence. Do not claim exact 1.55 oz SKU allocation.","at 
139 Costco locations across the U.S., bringing 
in an estimated $1 million in additional sales. 
This is just one example of how our inclusive 
culture leads to more moments of goodness.
Costco leadership, internal 
and external commercial 
teams and the Asian & Pacific 
Islander BRG worked together 
to develop a different way to 
celebrate the"
EEVID_3df9711a58956249,hershey_company,hershey_latest_esg_sugar_section.pdf,text_or_table,unified_memory_scan,ingredient_confirmation,ingredient_or_label_evidence,company_level_relationship_evidence,company_level_confirmed,company_level_only,medium,high,candidate_for_strict_audit,pending_step16i,hershey,cocoa_chocolate,do_not_claim_sku_level_supplier; supplier_claim_not_sku_confirmed,"hershey / cocoa_chocolate / hershey_company may support ingredient, label, or product identity evidence. Use only as company-level relationship evidence. Do not claim exact 1.55 oz SKU allocation.","r 
Accelerator program for Pathways to GROW graduates.
We graduated 35 participants in 2023 and over 130 since 
instituting the program. Graduates continue to have a 
higher lateral and upward promotion rate than the rest of 
the enterprise.1 In 2024, while continuing to invest in the 
program, we will evaluate a possible combination with the 
LSP "
EEVID_cdaae50c8ea8cd54,hershey_company,hershey_latest_esg_sugar_section.pdf,text_or_table,unified_memory_scan,ingredient_confirmation,ingredient_or_label_evidence,company_level_relationship_evidence,company_level_confirmed,company_level_only,medium,high,candidate_for_strict_audit,pending_step16i,hershey,cocoa_chocolate; packaging,do_not_claim_sku_level_supplier; supplier_claim_not_sku_confirmed,"hershey / cocoa_chocolate, packaging / hershey_company may support ingredient, label, or product identity evidence. Use only as company-level relationship evidence. Do not claim exact 1.55 oz SKU allocation.","offer Career Development Action Planning workshops
 
 Contents
Making Good
Our Company
Cocoa
Responsible Sourcing and Human Rights
Environment
Our People
Youth
Community
About This Report
93
The Hershey Company 2023 ESG Report
1
Program graduates are promoted at a rate that is 11% higher than non-
participant colleagues. We also consider Pathways t"
EEVID_1342c8843ee9f9da,hershey_company,hershey_latest_esg_sugar_section.pdf,text_or_table,unified_memory_scan,ingredient_confirmation,ingredient_or_label_evidence,company_level_relationship_evidence,company_level_confirmed,company_level_only,medium,high,candidate_for_strict_audit,pending_step16i,hershey,cocoa_chocolate,benchmark_not_invoice; do_not_claim_sku_level_supplier; supplier_claim_not_sku_confirmed,"hershey / cocoa_chocolate / hershey_company may support ingredient, label, or product identity evidence. Use only as company-level relationship evidence. Do not claim exact 1.55 oz SKU allocation.","That led into:
• The inaugural Future CEO program, launched March 7, 
2023, with nonprofits Girl Up and Girls on the Run
• Liz Kunz, CEO of Girls on the Run, joining Michele Buck 
on International Women’s Day for a keynote speaker 
event, with a live audience of 950 at our corporate 
HQ and 21 watch parties in Hershey and Kroger offices
• Hershey t"
EEVID_60d388c1e142e987,hershey_company,hershey_latest_esg_sugar_section.pdf,text_or_table,unified_memory_scan,ingredient_confirmation,ingredient_or_label_evidence,company_level_relationship_evidence,company_level_confirmed,company_level_only,medium,high,candidate_for_strict_audit,pending_step16i,hershey,cocoa_chocolate,do_not_claim_sku_level_supplier; supplier_claim_not_sku_confirmed,"hershey / cocoa_chocolate / hershey_company may support ingredient, label, or product identity evidence. Use only as company-level relationship evidence. Do not claim exact 1.55 oz SKU allocation.","he percentage of employees covered by collective bargaining agreements and includes employees worldwide.
Employees1
2023
2022
2021
Total
Female
Male
Total
Female
Male
Total
Female
Male
Global Employees
 
20,507 
9,878 
10,626 
19,271 
9,216 
10,055 
17,848 
8,507 
9,341 
Full-time
 
18,650 
8,866 
9,784 
17,489 
8,252 
9,237 
16,379 
7,690 
8,689 
"
EEVID_dbf0ea266f450299,hershey_company,hershey_latest_esg_sugar_section.pdf,text_or_table,unified_memory_scan,ingredient_confirmation,ingredient_or_label_evidence,company_level_relationship_evidence,company_level_confirmed,company_level_only,medium,high,candidate_for_strict_audit,pending_step16i,hershey,cocoa_chocolate,do_not_claim_sku_level_supplier; supplier_claim_not_sku_confirmed,"hershey / cocoa_chocolate / hershey_company may support ingredient, label, or product identity evidence. Use only as company-level relationship evidence. Do not claim exact 1.55 oz SKU allocation.","agement
 7.4 %
 66.2 %
 26.4 %
 6.5 %
 66.7 %
 26.8 %
 7.0 %
 65.4 %
 27.6 %
Senior Leader
 0.0 %
 57.4 %
 42.6 %
 0.0 %
 53.9 %
 46.1 %
 0.0 %
 55.2 %
 44.8 %
Executive team
 0.0 %
 36.4 %
 63.6 %
 0.0 %
 40.0 %
 60.0 %
 0.0 %
 44.4 %
 55.6 %
1
Select data in the global workforce by age table received limited assurance by EY and the corresponding "
EEVID_9aeb6dc73df8e67a,hershey_company,hershey_latest_esg_sugar_section.pdf,text_or_table,unified_memory_scan,supplier_relationship,supplier_relationship_evidence,company_level_relationship_evidence,company_level_confirmed,company_level_only,medium,high,candidate_for_strict_audit,pending_step16i,hershey,,do_not_claim_sku_level_supplier; supplier_claim_not_sku_confirmed,hershey / hershey_company may support a company level confirmed relationship claim. Use only as company-level relationship evidence. Do not claim exact 1.55 oz SKU allocation.,"1
Management as percentage of total workforce
 14.1 %
 13.3 %
 13.0 % 
— 
Non-management as percentage of total workforce
 85.9 %
 86.7 %
 87.0 % 
— 
Proportion of senior management hired from the local community
 79.3 %
 100.0 %
 87.5 %
2
1
Senior leader level data includes Hershey people leaders or employees at an internal pay band level of 3B or"
EEVID_eb17064f0b1b5d80,hershey_company,hershey_latest_esg_sugar_section.pdf,text_or_table,unified_memory_scan,ingredient_confirmation,ingredient_or_label_evidence,company_level_relationship_evidence,company_level_confirmed,company_level_only,medium,high,candidate_for_strict_audit,pending_step16i,hershey,cocoa_chocolate,do_not_claim_sku_level_supplier; supplier_claim_not_sku_confirmed,"hershey / cocoa_chocolate / hershey_company may support ingredient, label, or product identity evidence. Use only as company-level relationship evidence. Do not claim exact 1.55 oz SKU allocation.","24.6 %
 19.4 %
 17.2 %
 17.0 %
 17.7 %
 17.1 %
 16.7 %
 30.7 %
 29.7 %
 26.0 %
Asian
 4.3 %
 4.2 %
 4.2 %
 9.0 %
 8.3 %
 7.5 %
 5.7 %
 5.6 %
 5.9 %
 4.0 %
 4.0 %
 3.9 %
Black
 12.4 %
 12.9 %
 12.1 %
 2.9 %
 3.1 %
 2.9 %
 4.9 %
 4.7 %
 4.9 %
 13.9 %
 14.4 %
 13.3 %
Hispanic/Latino
 9.6 %
 8.7 %
 6.6 %
 6.6 %
 5.3 %
 5.9 %
 6.2 %
 6.1 %
 5.1 %
 10.3 "
EEVID_5cdd3566745261cb,hershey_company,hershey_latest_esg_sugar_section.pdf,text_or_table,unified_memory_scan,ingredient_confirmation,ingredient_or_label_evidence,company_level_relationship_evidence,company_level_confirmed,company_level_only,medium,high,candidate_for_strict_audit,pending_step16i,hershey,cocoa_chocolate,do_not_claim_sku_level_supplier; supplier_claim_not_sku_confirmed,"hershey / cocoa_chocolate / hershey_company may support ingredient, label, or product identity evidence. Use only as company-level relationship evidence. Do not claim exact 1.55 oz SKU allocation.","tify as two of more races. However, we only disclose Asian, Black and Hispanic/Latino. Thus, totals will not add up to 100%. 
 Contents
Making Good
Our Company
Cocoa
Responsible Sourcing and Human Rights
Environment
Our People
Youth
Community
About This Report
97
The Hershey Company 2023 ESG Report


--- PAGE 98 ---
Executive Team1,2,3
Unit
2023
20"
EEVID_6253fb84ce0590f6,hershey_company,hershey_latest_esg_sugar_section.pdf,text_or_table,unified_memory_scan,ingredient_confirmation,ingredient_or_label_evidence,company_level_relationship_evidence,company_level_confirmed,company_level_only,medium,high,candidate_for_strict_audit,pending_step16i,hershey,cocoa_chocolate,do_not_claim_sku_level_supplier; supplier_claim_not_sku_confirmed,"hershey / cocoa_chocolate / hershey_company may support ingredient, label, or product identity evidence. Use only as company-level relationship evidence. Do not claim exact 1.55 oz SKU allocation.","e engagement (eNPS) 
44
50
47
43
31
44
43
Intent to stay 
 82 %
 88 %
 84 %
 81 %
 70 %
 83 %
 81 %
Expectations (meet/exceed) 
 90 %
 91 %
 90 %
 90 %
 86 %
 91 %
 89 %
1
This employee engagement data represents results from The Hershey Company's 2023 Q4 Continuous Listening Survey, which included both salaried and hourly Hershey employees. Data b"
EEVID_c85c5920b6ac717a,hershey_company,hershey_latest_esg_sugar_section.pdf,text_or_table,unified_memory_scan,ingredient_confirmation,ingredient_or_label_evidence,company_level_relationship_evidence,company_level_confirmed,company_level_only,medium,high,candidate_for_strict_audit,pending_step16i,hershey,cocoa_chocolate,benchmark_not_invoice; do_not_claim_sku_level_supplier; supplier_claim_not_sku_confirmed,"hershey / cocoa_chocolate / hershey_company may support ingredient, label, or product identity evidence. Use only as company-level relationship evidence. Do not claim exact 1.55 oz SKU allocation.","mployee works at a plant that does not have this parental leave benefit. The remaining four employees still have an opportunity to elect and use the benefit in 2024.
Of the 14 male employees in the ""did not elect"" category, only one actually did not elect to use this benefit. Five employees work at a plant that does not have the parental leave bene"
EEVID_b9ffae9833832848,hershey_company,hershey_latest_esg_sugar_section.pdf,text_or_table,unified_memory_scan,ingredient_confirmation,ingredient_or_label_evidence,company_level_relationship_evidence,company_level_confirmed,company_level_only,medium,high,candidate_for_strict_audit,pending_step16i,hershey,cocoa_chocolate,benchmark_not_invoice; do_not_claim_sku_level_supplier; supplier_claim_not_sku_confirmed,"hershey / cocoa_chocolate / hershey_company may support ingredient, label, or product identity evidence. Use only as company-level relationship evidence. Do not claim exact 1.55 oz SKU allocation.","is value represents Hershey spending with direct diverse suppliers (Tier 1) as well as spend with 
diverse suppliers made on our behalf by our direct suppliers (Tier 2).
3
This value represents the number of diverse suppliers Hershey is directly spending dollars with in a given calendar year.
4
These results show the percentage of our procurement b"
EEVID_8d5fad020f14614c,hershey_company,hershey_latest_esg_sugar_section.pdf,text_or_table,unified_memory_scan,ingredient_confirmation,ingredient_or_label_evidence,company_level_relationship_evidence,company_level_confirmed,company_level_only,medium,high,candidate_for_strict_audit,pending_step16i,hershey,cocoa_chocolate,do_not_claim_sku_level_supplier; supplier_claim_not_sku_confirmed,"hershey / cocoa_chocolate / hershey_company may support ingredient, label, or product identity evidence. Use only as company-level relationship evidence. Do not claim exact 1.55 oz SKU allocation.","hese hours do not account for outside team or individual training programs not offered through Hershey’s centralized system.
 Contents
Making Good
Our Company
Cocoa
Responsible Sourcing and Human Rights
Environment
Our People
Youth
Community
About This Report
100
The Hershey Company 2023 ESG Report


--- PAGE 101 ---
New Employees Hired1
2023
2022
"
EEVID_723637d09c4f87e2,hershey_company,hershey_latest_esg_sugar_section.pdf,text_or_table,unified_memory_scan,ingredient_confirmation,ingredient_or_label_evidence,company_level_relationship_evidence,company_level_confirmed,company_level_only,medium,high,candidate_for_strict_audit,pending_step16i,hershey,cocoa_chocolate,do_not_claim_sku_level_supplier; supplier_claim_not_sku_confirmed,"hershey / cocoa_chocolate / hershey_company may support ingredient, label, or product identity evidence. Use only as company-level relationship evidence. Do not claim exact 1.55 oz SKU allocation.","part-time employment. 
New employee hire and turnover data for Mexico is included in the Latin America and Caribbean region.
 Contents
Making Good
Our Company
Cocoa
Responsible Sourcing and Human Rights
Environment
Our People
Youth
Community
About This Report
101
The Hershey Company 2023 ESG Report


--- PAGE 102 ---
Employee Turnover1
2023
2022
20"
EEVID_5babb303b66bd3b8,hershey_company,hershey_latest_esg_sugar_section.pdf,text_or_table,unified_memory_scan,ingredient_confirmation,ingredient_or_label_evidence,company_level_relationship_evidence,company_level_confirmed,company_level_only,medium,high,candidate_for_strict_audit,pending_step16i,hershey,cocoa_chocolate,benchmark_not_invoice; do_not_claim_sku_level_supplier; supplier_claim_not_sku_confirmed,"hershey / cocoa_chocolate / hershey_company may support ingredient, label, or product identity evidence. Use only as company-level relationship evidence. Do not claim exact 1.55 oz SKU allocation.","kers who are not employees but whose work is controlled by our 
organizations. We do not track metrics for contractors. Each contractor company is responsible for gathering this information and reporting it according to local requirements.
 Contents
Making Good
Our Company
Cocoa
Responsible Sourcing and Human Rights
Environment
Our People
Youth
Com"
EEVID_937b5b0aae384bc0,hershey_company,hershey_latest_esg_sugar_section.pdf,text_or_table,unified_memory_scan,supplier_relationship,supplier_relationship_evidence,company_level_relationship_evidence,company_level_confirmed,company_level_only,medium,high,candidate_for_strict_audit,pending_step16i,hershey,,benchmark_not_invoice; do_not_claim_sku_level_supplier; supplier_claim_not_sku_confirmed,hershey / hershey_company may support a company level confirmed relationship claim. Use only as company-level relationship evidence. Do not claim exact 1.55 oz SKU allocation.,"others
• Take action to create kinder, more inclusive communities
Heartwarming Project Highlights
Our work in 2023 advanced all those aims. We also 
celebrated the fifth year of our signature HWP Action 
Grants Program, which awards micro-grants to teens 
to create heartwarming changes in their communities.
 In 2023, the program announced it would:"
EEVID_2a1ef301a12a11dd,hershey_company,hershey_latest_esg_sugar_section.pdf,text_or_table,unified_memory_scan,ingredient_confirmation,ingredient_or_label_evidence,company_level_relationship_evidence,company_level_confirmed,company_level_only,medium,high,candidate_for_strict_audit,pending_step16i,hershey,cocoa_chocolate,do_not_claim_sku_level_supplier; supplier_claim_not_sku_confirmed,"hershey / cocoa_chocolate / hershey_company may support ingredient, label, or product identity evidence. Use only as company-level relationship evidence. Do not claim exact 1.55 oz SKU allocation.","ice Day. 6,900 young people took 
part in 138 projects promoting kindness, inclusion, 
empathy and connection. 
→See The Heartwarming Project data on page 107. 
Connecting Across Difference
We continued to support Global Nomads Group (GNG), 
a nonprofit offering safe digital spaces designed by global 
youth, for global youth. These spaces include o"
EEVID_5823caf844b20cf6,hershey_company,hershey_latest_esg_sugar_section.pdf,text_or_table,unified_memory_scan,supplier_relationship,supplier_relationship_evidence,company_level_relationship_evidence,company_level_confirmed,company_level_only,medium,high,candidate_for_strict_audit,pending_step16i,hershey,packaging,benchmark_not_invoice; do_not_claim_sku_level_supplier; supplier_claim_not_sku_confirmed,hershey / packaging / hershey_company may support a company level confirmed relationship claim. Use only as company-level relationship evidence. Do not claim exact 1.55 oz SKU allocation.,"Sourcing and Human Rights
Environment
Our People
Youth
Community
About This Report
104
The Hershey Company 2023 ESG Report
1
Current Priorities of the U.S. Surgeon General: Youth Mental Health.
2
Loneliness and Social Isolation as Risk Factors for Mortality | Perspectives 
on Psychological Science.


--- PAGE 105 ---
Empowering the Next Generation
"
EEVID_87b1fa3b5cfef205,hershey_company,hershey_latest_esg_sugar_section.pdf,text_or_table,unified_memory_scan,ingredient_confirmation,ingredient_or_label_evidence,company_level_relationship_evidence,company_level_confirmed,company_level_only,medium,high,candidate_for_strict_audit,pending_step16i,hershey,cocoa_chocolate; packaging,benchmark_not_invoice; do_not_claim_sku_level_supplier; supplier_claim_not_sku_confirmed,"hershey / cocoa_chocolate, packaging / hershey_company may support ingredient, label, or product identity evidence. Use only as company-level relationship evidence. Do not claim exact 1.55 oz SKU allocation.","cil that met regularly with 
Hershey employees to advise on the campaign, 
packaging design and amplification strategy 
• Shared insights from Hershey employees on careers and 
how to plan and execute creative marketing campaigns
The participating organizations were:
• Memphis Music Initiative of Memphis, Tennessee
• We Are Culture Creators of Detr"
EEVID_74e400c0009f525f,hershey_company,hershey_latest_esg_sugar_section.pdf,text_or_table,unified_memory_scan,ingredient_confirmation,ingredient_or_label_evidence,company_level_relationship_evidence,company_level_confirmed,company_level_only,medium,high,candidate_for_strict_audit,pending_step16i,hershey,cocoa_chocolate,do_not_claim_sku_level_supplier; supplier_claim_not_sku_confirmed,"hershey / cocoa_chocolate / hershey_company may support ingredient, label, or product identity evidence. Use only as company-level relationship evidence. Do not claim exact 1.55 oz SKU allocation.","ter. The internship culminated with 
students presenting new product ideas they had created 
in response to current, actual Hershey business needs. 
A Growing Apprenticeship Program
More MHS students obtained their Pennsylvania-
recognized pre-apprenticeship certificate with Hershey 
in 2023. We have now supported 25 MHS students 
through this two-"
EEVID_8741d8007f754e75,hershey_company,hershey_latest_esg_sugar_section.pdf,text_or_table,unified_memory_scan,ingredient_confirmation,ingredient_or_label_evidence,company_level_relationship_evidence,company_level_confirmed,company_level_only,medium,high,candidate_for_strict_audit,pending_step16i,hershey,cocoa_chocolate,do_not_claim_sku_level_supplier; supplier_claim_not_sku_confirmed,"hershey / cocoa_chocolate / hershey_company may support ingredient, label, or product identity evidence. Use only as company-level relationship evidence. Do not claim exact 1.55 oz SKU allocation.","artwarming actions decreased in 2023 as we had fewer partners engaged in youth actions and also awarded fewer action grants.
 Contents
Making Good
Our Company
Cocoa
Responsible Sourcing and Human Rights
Environment
Our People
Youth
Community
About This Report
107
The Hershey Company 2023 ESG Report


--- PAGE 108 ---
Everyone at Hershey is proud to"
EEVID_19abf62b85471e06,hershey_company,hershey_latest_esg_sugar_section.pdf,text_or_table,unified_memory_scan,supplier_relationship,supplier_relationship_evidence,company_level_relationship_evidence,company_level_confirmed,company_level_only,medium,high,candidate_for_strict_audit,pending_step16i,hershey,,benchmark_not_invoice; do_not_claim_sku_level_supplier; supplier_claim_not_sku_confirmed,hershey / hershey_company may support a company level confirmed relationship claim. Use only as company-level relationship evidence. Do not claim exact 1.55 oz SKU allocation.,"ionships with NGOs
• Dispense grants and review impact reports
• Organize employee volunteering and fundraising
We focus our community philanthropic investments on 
communities where we live and work. Our giving supports 
more inclusive communities, basic needs, disaster 
response efforts and educational initiatives. 
The following are highlights f"
EEVID_2fdd585fd69ec267,hershey_company,hershey_latest_esg_sugar_section.pdf,text_or_table,unified_memory_scan,ingredient_confirmation,ingredient_or_label_evidence,company_level_relationship_evidence,company_level_confirmed,company_level_only,medium,high,candidate_for_strict_audit,pending_step16i,hershey,cocoa_chocolate,do_not_claim_sku_level_supplier; supplier_claim_not_sku_confirmed,"hershey / cocoa_chocolate / hershey_company may support ingredient, label, or product identity evidence. Use only as company-level relationship evidence. Do not claim exact 1.55 oz SKU allocation.","bution to help support holiday celebrations 
at USOs nationwide.
Basic Needs, Disaster Response and Supporting 
Our Plant Communities 
We proactively support American National Red Cross 
(ANRC) Disaster Relief efforts by pre-funding the 
organization before disasters strike. This helps deploy 
resources to the thousands of disasters ANRC responds 
"
EEVID_9ed4c327df91d684,hershey_company,hershey_latest_esg_sugar_section.pdf,text_or_table,unified_memory_scan,ingredient_confirmation,ingredient_or_label_evidence,company_level_relationship_evidence,company_level_confirmed,company_level_only,medium,high,candidate_for_strict_audit,pending_step16i,hershey,cocoa_chocolate,do_not_claim_sku_level_supplier; supplier_claim_not_sku_confirmed,"hershey / cocoa_chocolate / hershey_company may support ingredient, label, or product identity evidence. Use only as company-level relationship evidence. Do not claim exact 1.55 oz SKU allocation.","helped support their Reimagine 
Campaign to modernize, improve accessibility and 
increase the capacity of their building. 
 Contents
Making Good
Our Company
Cocoa
Responsible Sourcing and Human Rights
Environment
Our People
Youth
Community
About This Report
109
The Hershey Company 2023 ESG Report


--- PAGE 110 ---
Hershey For Communities
continue"
EEVID_376ae5d3f898b76e,hershey_company,hershey_latest_esg_sugar_section.pdf,text_or_table,unified_memory_scan,ingredient_confirmation,ingredient_or_label_evidence,company_level_relationship_evidence,company_level_confirmed,company_level_only,medium,high,candidate_for_strict_audit,pending_step16i,hershey,cocoa_chocolate,do_not_claim_sku_level_supplier; supplier_claim_not_sku_confirmed,"hershey / cocoa_chocolate / hershey_company may support ingredient, label, or product identity evidence. Use only as company-level relationship evidence. Do not claim exact 1.55 oz SKU allocation.","helped launch 
a fun effort to educate young students across 
Pennsylvania about the nation’s upcoming birthday: 
the Keystone Classroom Initiative (KCI). This unique 
storytelling and visitation program for children’s hospitals, 
pre-kindergarten through fourth grade classrooms and 
youth camps teaches about Pennsylvania’s historic role. 
After ea"
EEVID_072caa431e7779a8,hershey_company,hershey_latest_esg_sugar_section.pdf,text_or_table,unified_memory_scan,ingredient_confirmation,ingredient_or_label_evidence,company_level_relationship_evidence,company_level_confirmed,company_level_only,medium,high,candidate_for_strict_audit,pending_step16i,hershey,cocoa_chocolate,do_not_claim_sku_level_supplier; supplier_claim_not_sku_confirmed,"hershey / cocoa_chocolate / hershey_company may support ingredient, label, or product identity evidence. Use only as company-level relationship evidence. Do not claim exact 1.55 oz SKU allocation.","te, Preserve, Innovate and Celebrate 
Pennsylvania’s rich history, culture and future, 
and enables us to ensure that this historic 
semiquincentennial commemoration 
is one that is most inclusive, engaging 
ALL Pennsylvanians in ALL 67 counties.”
Cassandra Coleman, Executive Director, America250PA


--- PAGE 111 ---
Hershey For Communities
continu"
EEVID_326105e9bd2aeb8b,hershey_company,hershey_latest_esg_sugar_section.pdf,text_or_table,unified_memory_scan,ingredient_confirmation,ingredient_or_label_evidence,company_level_relationship_evidence,company_level_confirmed,company_level_only,medium,high,candidate_for_strict_audit,pending_step16i,hershey,cocoa_chocolate,do_not_claim_sku_level_supplier; supplier_claim_not_sku_confirmed,"hershey / cocoa_chocolate / hershey_company may support ingredient, label, or product identity evidence. Use only as company-level relationship evidence. Do not claim exact 1.55 oz SKU allocation.","Commerce. This is their fourth consecutive win! 
The award recognizes our commitment to corporate 
citizenship in key areas like strategy, sustainability, 
measurability, communication and partnerships. 
Of the 120 participants, Hershey is one of 60 scoring 
high across all pillars by implementing responsibility 
and sustainability initiatives.
Pro"
EEVID_e1c89bb07d1738aa,hershey_company,hershey_latest_esg_sugar_section.pdf,text_or_table,unified_memory_scan,supplier_relationship,supplier_relationship_evidence,company_level_relationship_evidence,company_level_confirmed,company_level_only,medium,high,candidate_for_strict_audit,pending_step16i,hershey,,benchmark_not_invoice; do_not_claim_sku_level_supplier; supplier_claim_not_sku_confirmed,hershey / hershey_company may support a company level confirmed relationship claim. Use only as company-level relationship evidence. Do not claim exact 1.55 oz SKU allocation.,"nities. In 2023: 
• 1,400 employees participated 
• 3,500 total hours were volunteered 
• 45 nonprofit organizations supported globally
• Volunteers worked on 65 events 
We brought back our Rise Against Hunger (RAH) meal 
packing event in 2023. RAH is a growing global movement 
to end hunger.
Our largest volunteer activity during Good to Give Back "
EEVID_0c65440ed6ebe337,hershey_company,hershey_latest_esg_sugar_section.pdf,text_or_table,unified_memory_scan,ingredient_confirmation,ingredient_or_label_evidence,company_level_relationship_evidence,company_level_confirmed,company_level_only,medium,high,candidate_for_strict_audit,pending_step16i,hershey,cocoa_chocolate,benchmark_not_invoice; do_not_claim_sku_level_supplier; supplier_claim_not_sku_confirmed,"hershey / cocoa_chocolate / hershey_company may support ingredient, label, or product identity evidence. Use only as company-level relationship evidence. Do not claim exact 1.55 oz SKU allocation.","ifferent causes across 
the globe, including: 
• Hunger 
• Social and emotional learning 
• Social justice and inclusive organizations 
• Workforce development 
• Environmental conservation
2023 Employee Impact in Numbers
127,440 
hours volunteered by employees
$1.7M+ 
raised by Season of Giving Campaign
$1.6M+ 
raised by employee and matched givin"
EEVID_dece68b18b3c1949,hershey_company,hershey_latest_esg_sugar_section.pdf,text_or_table,unified_memory_scan,ingredient_confirmation,ingredient_or_label_evidence,company_level_relationship_evidence,company_level_confirmed,company_level_only,medium,high,candidate_for_strict_audit,pending_step16i,hershey,cocoa_chocolate,do_not_claim_sku_level_supplier; supplier_claim_not_sku_confirmed,"hershey / cocoa_chocolate / hershey_company may support ingredient, label, or product identity evidence. Use only as company-level relationship evidence. Do not claim exact 1.55 oz SKU allocation.","tzels.
For 130 years, Hershey has been committed to operating 
fairly, ethically and sustainably. The candy and snack 
maker’s founder, Milton Hershey, created Milton Hershey 
School in 1909, and since then, the company has focused 
on helping children succeed through equitable access to 
education.
→To learn more visit, www.thehersheycompany.com
W"
EEVID_a020924b1d0c9a01,hershey_company,hershey_latest_esg_sugar_section.pdf,text_or_table,unified_memory_scan,supplier_relationship,supplier_relationship_evidence,company_level_relationship_evidence,company_level_confirmed,company_level_only,medium,high,candidate_for_strict_audit,pending_step16i,hershey,,benchmark_not_invoice; do_not_claim_sku_level_supplier; supplier_claim_not_sku_confirmed,hershey / hershey_company may support a company level confirmed relationship claim. Use only as company-level relationship evidence. Do not claim exact 1.55 oz SKU allocation.,"pply chain resilience
The active management of supply chain activities to minimize disruptions of any form and maximize company and customer value.
Sub-issues: Natural disaster preparedness, climate change, pandemic, risk assessment, geo-politics, tax
Child labor
Prohibiting work that deprives children of their childhood, their potential and their "
EEVID_007eb6bb36e2a503,hershey_company,hershey_latest_esg_sugar_section.pdf,text_or_table,unified_memory_scan,ingredient_confirmation,ingredient_or_label_evidence,company_level_relationship_evidence,company_level_confirmed,company_level_only,medium,high,candidate_for_strict_audit,pending_step16i,hershey,cocoa_chocolate,do_not_claim_sku_level_supplier; supplier_claim_not_sku_confirmed,"hershey / cocoa_chocolate / hershey_company may support ingredient, label, or product identity evidence. Use only as company-level relationship evidence. Do not claim exact 1.55 oz SKU allocation.","th 
industry standards.
Sub-issues: Learning and development, talent acquisition, compensation and benefits, pension management
Energy management
Optimizing operational practices and power sources to conserve energy and reduce overall energy consumption.
Sub-issues: Renewable energy, energy efficiency, LED lighting
Ethics and compliance
Maintaining"
EEVID_8616cb7242baf33c,hershey_company,hershey_latest_esg_sugar_section.pdf,text_or_table,unified_memory_scan,ingredient_confirmation,ingredient_or_label_evidence,company_level_relationship_evidence,company_level_confirmed,company_level_only,medium,high,candidate_for_strict_audit,pending_step16i,hershey,cocoa_chocolate; packaging,do_not_claim_sku_level_supplier; supplier_claim_not_sku_confirmed,"hershey / cocoa_chocolate, packaging / hershey_company may support ingredient, label, or product identity evidence. Use only as company-level relationship evidence. Do not claim exact 1.55 oz SKU allocation.","heir livelihoods.
Sub-issues: Employment opportunity, fair wages, living wage
Issue
Definition
 Contents
Making Good
Our Company
Cocoa
Responsible Sourcing and Human Rights
Environment
Our People
Youth
Community
About This Report
115
The Hershey Company 2023 ESG Report
Environment
Governance
Social


--- PAGE 116 ---
Material Issue Definitions
cont"
EEVID_df3ea70e7aaa1f9b,hershey_company,hershey_latest_esg_sugar_section.pdf,text_or_table,unified_memory_scan,ingredient_confirmation,ingredient_or_label_evidence,company_level_relationship_evidence,company_level_confirmed,company_level_only,medium,high,candidate_for_strict_audit,pending_step16i,hershey,cocoa_chocolate,do_not_claim_sku_level_supplier; supplier_claim_not_sku_confirmed,"hershey / cocoa_chocolate / hershey_company may support ingredient, label, or product identity evidence. Use only as company-level relationship evidence. Do not claim exact 1.55 oz SKU allocation.","and farmers to receive a wage and/or income level that allows all members of the household to afford a decent standard of living.1
Health and safety
A safe and healthy workplace in both our own business and in our supply chains in line with applicable safety and health laws and in consultation with rightsholders.
Access to water and sanitation
Suff"
EEVID_3180bed8daec8e8d,logistics_distribution,hershey_distribution_center_logistics_reference.pdf,visual_ocr,unified_memory_scan,supplier_relationship,supplier_relationship_evidence,company_level_relationship_evidence,company_level_confirmed,company_level_only,medium,high,candidate_for_strict_audit,pending_step16i,hershey,packaging,do_not_claim_sku_level_supplier; ocr_text_requires_visual_confidence_review; supplier_claim_not_sku_confirmed,hershey / packaging / logistics_distribution may support a company level confirmed relationship claim. Use only as company-level relationship evidence. Do not claim exact 1.55 oz SKU allocation.,"--- VISUAL OCR PAGE 1: page_001.png ---
° a NE j j 7 Pr) PRESET. I RAE wn he Le eB Ay, Wd WZ | ieee Nae ON
G1 Na tg Lok lee tm A. pT EET Ss po Oe Sear YO Saar ey
Q ‘ 4 if . . iy \“~¢ id as be a4 ay q Pega) ACD as ) * ey ey? r y t i alt
wives N ¥ oe WG Y 4 a tay’ 2 P a> ais «A | 4 iff OAR 4 io ies Red ¢ y 1?
AA\EL-4F . , 460: A @° @ ee “J ) 4 ‘ AY r"
EEVID_559929169d3e6480,logistics_distribution,hershey_distribution_center_logistics_reference.pdf,visual_ocr,unified_memory_scan,ingredient_confirmation,ingredient_or_label_evidence,company_level_relationship_evidence,company_level_confirmed,company_level_only,medium,high,candidate_for_strict_audit,pending_step16i,hershey,cocoa_chocolate; packaging,do_not_claim_sku_level_supplier; ocr_text_requires_visual_confidence_review; supplier_claim_not_sku_confirmed,"hershey / cocoa_chocolate, packaging / logistics_distribution may support ingredient, label, or product identity evidence. Use only as company-level relationship evidence. Do not claim exact 1.55 oz SKU allocation.","forward to delivering
great things. To all of our existing partners, thank you and we hope to collectively grow for years to come.
Packaging
- aa Supplier
Helpful Links for Responsible a Quality Supplier
Policies ca Quality Expect ti Dre
nn ourcing es xpectations orta
ae Expectations | ———____ | —_
Hershey's Supply Expectations |
P t Manual nn
< |
"
EEVID_548c167e390a9db1,logistics_distribution,hershey_distribution_center_logistics_reference.pdf,visual_ocr,unified_memory_scan,supplier_relationship,supplier_relationship_evidence,company_level_relationship_evidence,company_level_confirmed,company_level_only,medium,high,candidate_for_strict_audit,pending_step16i,hershey,,benchmark_not_invoice; do_not_claim_sku_level_supplier; ocr_text_requires_visual_confidence_review; supplier_claim_not_sku_confirmed,hershey / logistics_distribution may support a company level confirmed relationship claim. Use only as company-level relationship evidence. Do not claim exact 1.55 oz SKU allocation.,"MIT AN IDEA
SUPPLIERS
DO NOTSELLOR SHARE MYPERSONALINFORMATION = PRIVACYPOLICY = TERMS AND CONDITIONS © 2026 THE HERSHEY COMPANY. ALL RIGHTS RESERVED.
WEBACCESSIBILITY | COOKIE PREFERENCES

--- VISUAL OCR PAGE 2: page_002.png ---
5/6/26, 7:12 PM The Hershey Company Terms
The Hershey Company Terms Vv

General Terms and Conditions of Sale
These terms"
EEVID_dd6199a8b0749e90,logistics_distribution,hershey_distribution_center_logistics_reference.pdf,visual_ocr,unified_memory_scan,supplier_relationship,supplier_relationship_evidence,company_level_relationship_evidence,company_level_confirmed,company_level_only,medium,high,candidate_for_strict_audit,pending_step16i,hershey,,benchmark_not_invoice; do_not_claim_sku_level_supplier; ocr_text_requires_visual_confidence_review; supplier_claim_not_sku_confirmed,hershey / logistics_distribution may support a company level confirmed relationship claim. Use only as company-level relationship evidence. Do not claim exact 1.55 oz SKU allocation.,"ffective November 1, 2016 - U.S.
Click here to download...
PO Terms & Conditions Prior to November 1, 2016 - U.S.
Slick here to download...
Brazil
Canada
China
India
Malaysia
Mexico
Philippines
Singapore
Switzerland
United Arab Emirates
United Kingdom
https://www.thehersheycompany.com/terms.html 2/6

--- VISUAL OCR PAGE 4: page_004.png ---
5/6/26, "
EEVID_495328f94ce5f589,logistics_distribution,hershey_distribution_center_logistics_reference.pdf,visual_ocr,unified_memory_scan,ingredient_confirmation,ingredient_or_label_evidence,company_level_relationship_evidence,company_level_confirmed,company_level_only,medium,high,candidate_for_strict_audit,pending_step16i,hershey,packaging,do_not_claim_sku_level_supplier; ocr_text_requires_visual_confidence_review; supplier_claim_not_sku_confirmed,"hershey / packaging / logistics_distribution may support ingredient, label, or product identity evidence. Use only as company-level relationship evidence. Do not claim exact 1.55 oz SKU allocation.","f Conduct requirements are contained at
https://www.thehersheycompany.com/content/dam/hershey-
corporate/documents/partners-and-suppliers/supplier-code-of-conduct.pdf.
Bahasa Melayu
Chinese
French
Hindi
Japanese
Korean
Portuguese
Spanish
Tamil
Telugu

https://www.thehersheycompany.com/terms.html 3/6

--- VISUAL OCR PAGE 5: page_005.png ---
5/6/26, "
EEVID_1a6ca88690981a80,logistics_distribution,hershey_distribution_center_logistics_reference.pdf,visual_ocr,unified_memory_scan,ingredient_confirmation,ingredient_or_label_evidence,company_level_relationship_evidence,company_level_confirmed,company_level_only,medium,high,candidate_for_strict_audit,pending_step16i,hershey,,benchmark_not_invoice; do_not_claim_sku_level_supplier; ocr_text_requires_visual_confidence_review; supplier_claim_not_sku_confirmed,"hershey / logistics_distribution may support ingredient, label, or product identity evidence. Use only as company-level relationship evidence. Do not claim exact 1.55 oz SKU allocation.","of the Purchase Order or contract with
Hershey. The resources below contain further details on Hershey’s insurance requirements.
Transportation
Distribution Center (Large)
Distribution Center (Small)
Medical Services
Small Co-manufacturer / Co-packer

https://www.thehersheycompany.com/terms.html 4/6

--- VISUAL OCR PAGE 6: page_006.png ---
5/6/26, "
EEVID_984efe8881010dc4,logistics_distribution,hershey_distribution_center_logistics_reference.pdf,visual_ocr,unified_memory_scan,supplier_relationship,supplier_relationship_evidence,company_level_relationship_evidence,company_level_confirmed,company_level_only,medium,high,candidate_for_strict_audit,pending_step16i,hershey,,do_not_claim_sku_level_supplier; ocr_text_requires_visual_confidence_review; supplier_claim_not_sku_confirmed,hershey / logistics_distribution may support a company level confirmed relationship claim. Use only as company-level relationship evidence. Do not claim exact 1.55 oz SKU allocation.,"t and loss, balance sheet, cashflow
statement) via The FHR Exchange, private company suppliers will gain a clear understanding
of their own financial positioning, in parallel with The Hershey Company. Please direct any
questions to TPRM@hersheys.com.

https://www.thehersheycompany.com/terms.html 5/6

--- VISUAL OCR PAGE 7: page_007.png ---
5/6/26, "
EEVID_70480425d8e91582,packaging_wrapper,hershey_latest_esg_packaging_section.pdf,text_or_table,unified_memory_scan,ingredient_confirmation,ingredient_or_label_evidence,company_level_relationship_evidence,company_level_confirmed,company_level_only,medium,high,candidate_for_strict_audit,pending_step16i,hershey,cocoa_chocolate,benchmark_not_invoice; do_not_claim_sku_level_supplier; supplier_claim_not_sku_confirmed,"hershey / cocoa_chocolate / packaging_wrapper may support ingredient, label, or product identity evidence. Use only as company-level relationship evidence. Do not claim exact 1.55 oz SKU allocation.","unity
109 Hershey For Communities
112 Employee Impact
113 Our Progress
114 About This Report
115 Material Issue Definitions
117 Salient Human Rights Issues Definitions
 Contents
Making Good
Our Company
Cocoa
Responsible Sourcing and Human Rights
Environment
Our People
Youth
Community
About This Report
2
The Hershey Company 2023 ESG Report


--- PAG"
EEVID_b0b8d0d7e108d450,packaging_wrapper,hershey_latest_esg_packaging_section.pdf,text_or_table,unified_memory_scan,ingredient_confirmation,ingredient_or_label_evidence,company_level_relationship_evidence,company_level_confirmed,company_level_only,medium,high,candidate_for_strict_audit,pending_step16i,hershey,cocoa_chocolate,benchmark_not_invoice; do_not_claim_sku_level_supplier; supplier_claim_not_sku_confirmed,"hershey / cocoa_chocolate / packaging_wrapper may support ingredient, label, or product identity evidence. Use only as company-level relationship evidence. Do not claim exact 1.55 oz SKU allocation.","ence for the planet and 
people. We take action. When we encounter challenges 
or barriers to achieving our goals, we problem solve, learn 
from our experience and adapt. We make progress. As you 
review our report, we welcome your insight and feedback 
as we continue on this journey and build a successful and 
sustainable future.
Leigh Horner
Chie"
EEVID_eb74d5bf728a9f34,packaging_wrapper,hershey_latest_esg_packaging_section.pdf,text_or_table,unified_memory_scan,ingredient_confirmation,ingredient_or_label_evidence,company_level_relationship_evidence,company_level_confirmed,company_level_only,medium,high,candidate_for_strict_audit,pending_step16i,hershey,cocoa_chocolate; packaging,do_not_claim_sku_level_supplier; supplier_claim_not_sku_confirmed,"hershey / cocoa_chocolate, packaging / packaging_wrapper may support ingredient, label, or product identity evidence. Use only as company-level relationship evidence. Do not claim exact 1.55 oz SKU allocation.","ents’ lives.
→Learn more about our work with MHS on 
page 106 in the Education and Opportunity page 
within the Youth chapter.
 Contents
Making Good
Our Company
Cocoa
Responsible Sourcing and Human Rights
Environment
Our People
Youth
Community
About This Report
5
The Hershey Company 2023 ESG Report


--- PAGE 6 ---
Double Materiality Assessment
We "
EEVID_3f9153fc5477c487,packaging_wrapper,hershey_latest_esg_packaging_section.pdf,text_or_table,unified_memory_scan,ingredient_confirmation,ingredient_or_label_evidence,company_level_relationship_evidence,company_level_confirmed,company_level_only,medium,high,candidate_for_strict_audit,pending_step16i,hershey,cocoa_chocolate; packaging,benchmark_not_invoice; do_not_claim_sku_level_supplier; supplier_claim_not_sku_confirmed,"hershey / cocoa_chocolate, packaging / packaging_wrapper may support ingredient, label, or product identity evidence. Use only as company-level relationship evidence. Do not claim exact 1.55 oz SKU allocation.","sible sourcing programs evolve.
5
Hershey's GHG emissions reduction goal for 2030 is based on Scope 1 and 
Scope 2 (market-based). Our 2023 Scope 1 and Scope 2 data received limited 
assurance by EY.
6
Our 2023 Scope 3 data is verified by Quantis.
7
Cumulative packaging waste eliminated (2021-2023) is 15.4 million pounds. This 
value includes Candy"
EEVID_e17c8efd1027c335,packaging_wrapper,hershey_latest_esg_packaging_section.pdf,text_or_table,unified_memory_scan,ingredient_confirmation,ingredient_or_label_evidence,company_level_relationship_evidence,company_level_confirmed,company_level_only,medium,high,candidate_for_strict_audit,pending_step16i,hershey,cocoa_chocolate,benchmark_not_invoice; do_not_claim_sku_level_supplier; supplier_claim_not_sku_confirmed,"hershey / cocoa_chocolate / packaging_wrapper may support ingredient, label, or product identity evidence. Use only as company-level relationship evidence. Do not claim exact 1.55 oz SKU allocation.","early $104 million in cash and products cumulatively from 
January 1, 2020 to December 31, 2023.
 Contents
Making Good
Our Company
Cocoa
Responsible Sourcing and Human Rights
Environment
Our People
Youth
Community
About This Report
8
The Hershey Company 2023 ESG Report
Achieved
On Track
In Progress


--- PAGE 9 ---
Stakeholder Engagement and 
Selec"
EEVID_6e148418053dbe52,packaging_wrapper,hershey_latest_esg_packaging_section.pdf,text_or_table,unified_memory_scan,ingredient_confirmation,ingredient_or_label_evidence,company_level_relationship_evidence,company_level_confirmed,company_level_only,medium,high,candidate_for_strict_audit,pending_step16i,hershey,cocoa_chocolate,do_not_claim_sku_level_supplier; supplier_claim_not_sku_confirmed,"hershey / cocoa_chocolate / packaging_wrapper may support ingredient, label, or product identity evidence. Use only as company-level relationship evidence. Do not claim exact 1.55 oz SKU allocation.","rts, this cross-functional group meets at least 
quarterly to evaluate ESG strategy effectiveness and 
interdependencies, provides input on investments to 
support ESG program deliverables and reviews progress 
toward goals and key performance indicators relevant 
to our global ESG and sustainability programs.
Global Sustainability Team
Led by our "
EEVID_882e4549544f463a,packaging_wrapper,hershey_latest_esg_packaging_section.pdf,text_or_table,unified_memory_scan,ingredient_confirmation,ingredient_or_label_evidence,company_level_relationship_evidence,company_level_confirmed,company_level_only,medium,high,candidate_for_strict_audit,pending_step16i,hershey,cocoa_chocolate,benchmark_not_invoice; do_not_claim_sku_level_supplier; supplier_claim_not_sku_confirmed,"hershey / cocoa_chocolate / packaging_wrapper may support ingredient, label, or product identity evidence. Use only as company-level relationship evidence. Do not claim exact 1.55 oz SKU allocation.","and Sustainability topics 
55%
of Hershey’s Board of Directors 
have ESG and Human Capital 
management experience 
(as of May 2024)
 Contents
Making Good
Our Company
Cocoa
Responsible Sourcing and Human Rights
Environment
Our People
Youth
Community
About This Report
10
The Hershey Company 2023 ESG Report


--- PAGE 11 ---
Awards and 
Recognition
 C"
EEVID_74cbe5c40ac7c909,packaging_wrapper,hershey_latest_esg_packaging_section.pdf,text_or_table,unified_memory_scan,retail_price,retail_price_evidence,company_level_relationship_evidence,company_level_confirmed,company_level_only,medium,high,candidate_for_strict_audit,pending_step16i,hershey,cocoa_chocolate; milk_dairy; natural_flavor; sugar,do_not_claim_sku_level_supplier; retail_observation_not_margin; supplier_claim_not_sku_confirmed,"hershey / cocoa_chocolate, milk_dairy, natural_flavor, sugar / packaging_wrapper may support observed retail page or price evidence. Use only as company-level relationship evidence. Do not claim exact 1.55 oz SKU allocation.","FULFIL 
Nutrition and ONE protein bars already in our portfolio. 
ONE Puffs was launched in 2023 and we plan to launch 
new flavors of ONE bars in 2024.
What’s Next in Satisfying Consumer Needs
• Continue meeting consumer interest in sugar reduction 
and protein enhancements across our better-for-you 
confection portfolio
• Continue funding researc"
EEVID_a622e0a1dd950df1,packaging_wrapper,hershey_latest_esg_packaging_section.pdf,text_or_table,unified_memory_scan,ingredient_confirmation,ingredient_or_label_evidence,company_level_relationship_evidence,company_level_confirmed,company_level_only,medium,high,candidate_for_strict_audit,pending_step16i,hershey,cocoa_chocolate,do_not_claim_sku_level_supplier; supplier_claim_not_sku_confirmed,"hershey / cocoa_chocolate / packaging_wrapper may support ingredient, label, or product identity evidence. Use only as company-level relationship evidence. Do not claim exact 1.55 oz SKU allocation.","hey Company
 Contents
Making Good
Our Company
Cocoa
Responsible Sourcing and Human Rights
Environment
Our People
Youth
Community
About This Report
14
The Hershey Company 2023 ESG Report
Material ESG issue:
• Nutrition and health
1 2023 Food and Health Survey, International Food Information Council.


--- PAGE 15 ---
Excellence 
in Food Safety
Commi"
EEVID_da706b8b5903f98d,packaging_wrapper,hershey_latest_esg_packaging_section.pdf,text_or_table,unified_memory_scan,ingredient_confirmation,ingredient_or_label_evidence,company_level_relationship_evidence,company_level_confirmed,company_level_only,medium,high,candidate_for_strict_audit,pending_step16i,hershey,cocoa_chocolate,do_not_claim_sku_level_supplier; supplier_claim_not_sku_confirmed,"hershey / cocoa_chocolate / packaging_wrapper may support ingredient, label, or product identity evidence. Use only as company-level relationship evidence. Do not claim exact 1.55 oz SKU allocation.","on guidelines and applicable election 
laws. The Hershey PAC is bipartisan and distributes funds 
equally between both major political parties at federal and 
state levels. See the Hershey PAC Annual Report 2023 for 
more information. 
Corporate funds are used to support and advocate for 
issues, legislation or referenda of importance to Hershey. 
"
EEVID_aff55a39d18c5da2,packaging_wrapper,hershey_latest_esg_packaging_section.pdf,text_or_table,unified_memory_scan,ingredient_confirmation,ingredient_or_label_evidence,company_level_relationship_evidence,company_level_confirmed,company_level_only,medium,high,candidate_for_strict_audit,pending_step16i,hershey,cocoa_chocolate,do_not_claim_sku_level_supplier; supplier_claim_not_sku_confirmed,"hershey / cocoa_chocolate / packaging_wrapper may support ingredient, label, or product identity evidence. Use only as company-level relationship evidence. Do not claim exact 1.55 oz SKU allocation.",".” 
Lauren Lacey, Vice President, Deputy 
General Counsel, Asst. Secretary and Chief 
Compliance Officer, The Hershey Company
 Contents
Making Good
Our Company
Cocoa
Responsible Sourcing and Human Rights
Environment
Our People
Youth
Community
About This Report
16
The Hershey Company 2023 ESG Report


--- PAGE 17 ---
Data Protection 
and Cybersecuri"
EEVID_09e34d0bd5101560,packaging_wrapper,hershey_latest_esg_packaging_section.pdf,text_or_table,unified_memory_scan,ingredient_confirmation,ingredient_or_label_evidence,company_level_relationship_evidence,company_level_confirmed,company_level_only,medium,high,candidate_for_strict_audit,pending_step16i,hershey,cocoa_chocolate; milk_dairy; natural_flavor,do_not_claim_sku_level_supplier; supplier_claim_not_sku_confirmed,"hershey / cocoa_chocolate, milk_dairy, natural_flavor / packaging_wrapper may support ingredient, label, or product identity evidence. Use only as company-level relationship evidence. Do not claim exact 1.55 oz SKU allocation.","snacks, protein bars and other better-for-you snacks.
2
This result includes non-GMO confectionery and salty snack products.
 Contents
Making Good
Our Company
Cocoa
Responsible Sourcing and Human Rights
Environment
Our People
Youth
Community
About This Report
19
The Hershey Company 2023 ESG Report


--- PAGE 20 ---
Food Safety
Unit
2023
2022
2021
N"
EEVID_e2a8c29cd82cee42,packaging_wrapper,hershey_latest_esg_packaging_section.pdf,text_or_table,unified_memory_scan,ingredient_confirmation,ingredient_or_label_evidence,company_level_relationship_evidence,company_level_confirmed,company_level_only,medium,high,candidate_for_strict_audit,pending_step16i,hershey,cocoa_chocolate,do_not_claim_sku_level_supplier; supplier_claim_not_sku_confirmed,"hershey / cocoa_chocolate / packaging_wrapper may support ingredient, label, or product identity evidence. Use only as company-level relationship evidence. Do not claim exact 1.55 oz SKU allocation.","6
Improving Farmer Income and Livelihoods
28
Children’s Well-being
32 
Creating a More Resilient Supply Chain
34
Our Progress
 Contents
Making Good
Our Company
Cocoa
Responsible Sourcing and Human Rights
Environment
Our People
Youth
Community
About This Report
21
The Hershey Company 2023 ESG Report


--- PAGE 22 ---
Cocoa For Good
We strive to have"
EEVID_ea5a28f838eba0f1,packaging_wrapper,hershey_latest_esg_packaging_section.pdf,text_or_table,unified_memory_scan,ingredient_confirmation,ingredient_or_label_evidence,company_level_relationship_evidence,company_level_confirmed,company_level_only,medium,high,candidate_for_strict_audit,pending_step16i,hershey,cocoa_chocolate,benchmark_not_invoice; do_not_claim_sku_level_supplier; supplier_claim_not_sku_confirmed,"hershey / cocoa_chocolate / packaging_wrapper may support ingredient, label, or product identity evidence. Use only as company-level relationship evidence. Do not claim exact 1.55 oz SKU allocation.","es through cash transfers to farmers, 
in addition to the premiums we pay for independently 
verified cocoa. Our efforts to increase farmer household 
income also seek to economically empower women to 
improve their livelihoods. We are working with CARE 
International (CARE) and the government to strengthen 
existing Village Savings & Loan Associat"
EEVID_c586ac6c977d9aec,packaging_wrapper,hershey_latest_esg_packaging_section.pdf,text_or_table,unified_memory_scan,ingredient_confirmation,ingredient_or_label_evidence,company_level_relationship_evidence,company_level_confirmed,company_level_only,medium,high,candidate_for_strict_audit,pending_step16i,barry_callebaut; hershey,cocoa_chocolate,do_not_claim_sku_level_supplier; supplier_claim_not_sku_confirmed,"barry_callebaut, hershey / cocoa_chocolate / packaging_wrapper may support ingredient, label, or product identity evidence. Use only as company-level relationship evidence. Do not claim exact 1.55 oz SKU allocation.","e information 
on where we source cocoa.
 Contents
Making Good
Our Company
Cocoa
Responsible Sourcing and Human Rights
Environment
Our People
Youth
Community
About This Report
23
The Hershey Company 2023 ESG Report
❶ Mexico
❷ Ecuador
❸ Brazil
❹ Côte d’Ivoire
❺ Ghana
❻ Cameroon
❼ Nigeria
❽ Indonesia


--- PAGE 24 ---
Cocoa Partners
Hershey has an im"
EEVID_4fe3f869d86d9e20,packaging_wrapper,hershey_latest_esg_packaging_section.pdf,text_or_table,unified_memory_scan,ingredient_confirmation,ingredient_or_label_evidence,company_level_relationship_evidence,company_level_confirmed,company_level_only,medium,high,candidate_for_strict_audit,pending_step16i,hershey,cocoa_chocolate,do_not_claim_sku_level_supplier; supplier_claim_not_sku_confirmed,"hershey / cocoa_chocolate / packaging_wrapper may support ingredient, label, or product identity evidence. Use only as company-level relationship evidence. Do not claim exact 1.55 oz SKU allocation.","on for the Parks and Reserves of 
Côte d’Ivoire
• German Agency for International Cooperation (GIZ)
• Ghana Cocoa Board
• Government of Côte d’Ivoire Ministry of Water 
Resources and Forests (MINEF)
• Government of Côte d’Ivoire Rural Land Agency 
(AFOR)
• Government of Ghana Ministry of Gender, Children 
and Social Protection
• Government of Ghana"
EEVID_60234fbc231d86a1,packaging_wrapper,hershey_latest_esg_packaging_section.pdf,text_or_table,unified_memory_scan,ingredient_confirmation,ingredient_or_label_evidence,company_level_relationship_evidence,company_level_confirmed,company_level_only,medium,high,candidate_for_strict_audit,pending_step16i,hershey,cocoa_chocolate,benchmark_not_invoice; do_not_claim_sku_level_supplier; supplier_claim_not_sku_confirmed,"hershey / cocoa_chocolate / packaging_wrapper may support ingredient, label, or product identity evidence. Use only as company-level relationship evidence. Do not claim exact 1.55 oz SKU allocation.","Labor Sub-Group and 
founding member of its Expert Working Group on 
Protecting Children from Pesticides. 
ICI has driven the industry’s approach to child and forced 
labor for over 20 years, particularly as a thought-leader on 
child labor, publishing numerous studies. ICI also 
partnered with us, along with Côte d’Ivoire’s CNS 
(National Oversigh"
EEVID_3c5170eab51c1b05,packaging_wrapper,hershey_latest_esg_packaging_section.pdf,text_or_table,unified_memory_scan,ingredient_confirmation,ingredient_or_label_evidence,company_level_relationship_evidence,company_level_confirmed,company_level_only,medium,high,candidate_for_strict_audit,pending_step16i,hershey,cocoa_chocolate,benchmark_not_invoice; do_not_claim_sku_level_supplier; supplier_claim_not_sku_confirmed,"hershey / cocoa_chocolate / packaging_wrapper may support ingredient, label, or product identity evidence. Use only as company-level relationship evidence. Do not claim exact 1.55 oz SKU allocation.","on investment, with the Foundation 
for the Parks and Reserves of Côte d’Ivoire, for 
preservation and reforestation at the Mabi-Yaya 
Nature Reserve
Through the visit, executives witnessed the resiliency 
of cocoa farming communities first-hand and saw how 
Cocoa For Good investments are offering much-needed 
resources and support. While achieving"
EEVID_f77ade3c97cf8169,packaging_wrapper,hershey_latest_esg_packaging_section.pdf,text_or_table,unified_memory_scan,ingredient_confirmation,ingredient_or_label_evidence,company_level_relationship_evidence,company_level_confirmed,company_level_only,medium,high,candidate_for_strict_audit,pending_step16i,hershey,cocoa_chocolate,benchmark_not_invoice; do_not_claim_sku_level_supplier; supplier_claim_not_sku_confirmed,"hershey / cocoa_chocolate / packaging_wrapper may support ingredient, label, or product identity evidence. Use only as company-level relationship evidence. Do not claim exact 1.55 oz SKU allocation.","ment by Hershey 
to support farmers and their 
families. No company alone 
can solve the problem of 
poverty that occurs too 
frequently in rural areas. 
Measurable improvements 
will require time, a sustained 
investment and collaboration 
with a wide range of 
government, private sector, 
civil society and community-
based partners.” 
Jason Reima"
EEVID_843179c979ebeef0,packaging_wrapper,hershey_latest_esg_packaging_section.pdf,text_or_table,unified_memory_scan,retail_price,retail_price_evidence,company_level_relationship_evidence,company_level_confirmed,company_level_only,medium,high,candidate_for_strict_audit,pending_step16i,hershey,cocoa_chocolate,benchmark_not_invoice; do_not_claim_sku_level_supplier; retail_observation_not_margin; supplier_claim_not_sku_confirmed,hershey / cocoa_chocolate / packaging_wrapper may support observed retail page or price evidence. Use only as company-level relationship evidence. Do not claim exact 1.55 oz SKU allocation.,"se incomes in rural areas 
where formal banking services are typically not available. 
These community-based groups build social cohesion 
and increase economic stability through member-based 
savings and loans. Through VSLAs, CARE is supporting 
women and their families to increase: 
• Household savings and access to finance
• Entrepreneurial, lea"
EEVID_4021afa54233eb28,packaging_wrapper,hershey_latest_esg_packaging_section.pdf,text_or_table,unified_memory_scan,ingredient_confirmation,ingredient_or_label_evidence,company_level_relationship_evidence,company_level_confirmed,company_level_only,medium,high,candidate_for_strict_audit,pending_step16i,hershey,cocoa_chocolate,do_not_claim_sku_level_supplier; supplier_claim_not_sku_confirmed,"hershey / cocoa_chocolate / packaging_wrapper may support ingredient, label, or product identity evidence. Use only as company-level relationship evidence. Do not claim exact 1.55 oz SKU allocation.","attendance
• Use HIAP learnings to contribute new, evidence-backed 
models for cocoa both in Côte d’Ivoire and other origins
 Contents
Making Good
Our Company
Cocoa
Responsible Sourcing and Human Rights
Environment
Our People
Youth
Community
About This Report
27
The Hershey Company 2023 ESG Report


--- PAGE 28 ---
Children’s Well-being
Hershey wor"
EEVID_1c343d8bb2b6f3af,packaging_wrapper,hershey_latest_esg_packaging_section.pdf,text_or_table,unified_memory_scan,ingredient_confirmation,ingredient_or_label_evidence,company_level_relationship_evidence,company_level_confirmed,company_level_only,medium,high,candidate_for_strict_audit,pending_step16i,hershey,cocoa_chocolate; packaging,do_not_claim_sku_level_supplier; supplier_claim_not_sku_confirmed,"hershey / cocoa_chocolate, packaging / packaging_wrapper may support ingredient, label, or product identity evidence. Use only as company-level relationship evidence. Do not claim exact 1.55 oz SKU allocation.","to work 
through the use of violence or intimidation, or by 
more subtle means such as accumulated debt 
retention of identity papers or threats of 
denunciation to immigration authorities.
As a member of the International Cocoa Initiative’s 
(ICI) Forced Labor Sub-Group, we work with peers 
and technical experts to advance knowledge, skills 
and a"
EEVID_677a61124114ecff,packaging_wrapper,hershey_latest_esg_packaging_section.pdf,text_or_table,unified_memory_scan,ingredient_confirmation,ingredient_or_label_evidence,company_level_relationship_evidence,company_level_confirmed,company_level_only,medium,high,candidate_for_strict_audit,pending_step16i,hershey,cocoa_chocolate,do_not_claim_sku_level_supplier; supplier_claim_not_sku_confirmed,"hershey / cocoa_chocolate / packaging_wrapper may support ingredient, label, or product identity evidence. Use only as company-level relationship evidence. Do not claim exact 1.55 oz SKU allocation.","child, household or community level. 
Therefore, remediation responsiveness can range from 
almost instant (e.g., household awareness training 
conducted when data is collected and/or cases found) 
to six to 18 months (e.g., renovating classrooms or school 
canteens to get kids back to school).
We also support the establishment of community-level 
"
EEVID_d7a2b5ff316133d9,packaging_wrapper,hershey_latest_esg_packaging_section.pdf,text_or_table,unified_memory_scan,ingredient_confirmation,ingredient_or_label_evidence,company_level_relationship_evidence,company_level_confirmed,company_level_only,medium,high,candidate_for_strict_audit,pending_step16i,hershey,cocoa_chocolate,do_not_claim_sku_level_supplier; supplier_claim_not_sku_confirmed,"hershey / cocoa_chocolate / packaging_wrapper may support ingredient, label, or product identity evidence. Use only as company-level relationship evidence. Do not claim exact 1.55 oz SKU allocation.","children were identified as no longer doing inappropriate 
work or had aged out of the CLMRS.
 Contents
Making Good
Our Company
Cocoa
Responsible Sourcing and Human Rights
Environment
Our People
Youth
Community
About This Report
29
The Hershey Company 2023 ESG Report
How CLMRS Helps 
Keep Kids Safe


--- PAGE 30 ---
Children’s Well-being
continued
"
EEVID_fa358a826c8d0bff,packaging_wrapper,hershey_latest_esg_packaging_section.pdf,text_or_table,unified_memory_scan,ingredient_confirmation,ingredient_or_label_evidence,company_level_relationship_evidence,company_level_confirmed,company_level_only,medium,high,candidate_for_strict_audit,pending_step16i,hershey,cocoa_chocolate,do_not_claim_sku_level_supplier; supplier_claim_not_sku_confirmed,"hershey / cocoa_chocolate / packaging_wrapper may support ingredient, label, or product identity evidence. Use only as company-level relationship evidence. Do not claim exact 1.55 oz SKU allocation.","ool.
New School 
for Drissapé
A new public primary school stands at the 
entrance to the village of Drissapé, a hard-to-
reach cocoa-growing community of 1,412 people 
located 68km from Man, Côte d’Ivoire. The 
school has six classrooms, a principal’s office, 
a canteen, a teacher’s quarters, a well and 
three latrine blocks. 
This is the first of "
EEVID_42eee30ad532120c,packaging_wrapper,hershey_latest_esg_packaging_section.pdf,text_or_table,unified_memory_scan,ingredient_confirmation,ingredient_or_label_evidence,company_level_relationship_evidence,company_level_confirmed,company_level_only,medium,high,candidate_for_strict_audit,pending_step16i,hershey,cocoa_chocolate,do_not_claim_sku_level_supplier; supplier_claim_not_sku_confirmed,"hershey / cocoa_chocolate / packaging_wrapper may support ingredient, label, or product identity evidence. Use only as company-level relationship evidence. Do not claim exact 1.55 oz SKU allocation.","poverty, a new 
generation of farmers in cocoa communities (defined as 
15 to 35-year-olds) need the life, technical and vocational 
skills, and the practical knowledge and tools, to become 
self-sufficient community leaders of the future. 
We support young farmer economic empowerment 
through access to vocational training, land tenure 
documents a"
EEVID_2cf5baa9f6750518,packaging_wrapper,hershey_latest_esg_packaging_section.pdf,text_or_table,unified_memory_scan,ingredient_confirmation,ingredient_or_label_evidence,company_level_relationship_evidence,company_level_confirmed,company_level_only,medium,high,candidate_for_strict_audit,pending_step16i,hershey,cocoa_chocolate,benchmark_not_invoice; do_not_claim_sku_level_supplier; supplier_claim_not_sku_confirmed,"hershey / cocoa_chocolate / packaging_wrapper may support ingredient, label, or product identity evidence. Use only as company-level relationship evidence. Do not claim exact 1.55 oz SKU allocation.","diversity 
within and around the park, in 2023 community-based 
teams conducted surveys. They identified 188 species of 
birds across the dry and wet seasons. That included six 
species of hornbills — the same number observed in 2021. 
Hornbills are a keystone species and a good indicator of 
overall biodiversity due to their dependence on an intac"
EEVID_81b0483ffbbfb864,packaging_wrapper,hershey_latest_esg_packaging_section.pdf,text_or_table,unified_memory_scan,retail_price,retail_price_evidence,company_level_relationship_evidence,company_level_confirmed,company_level_only,medium,high,candidate_for_strict_audit,pending_step16i,hershey,cocoa_chocolate,benchmark_not_invoice; do_not_claim_sku_level_supplier; retail_observation_not_margin; supplier_claim_not_sku_confirmed,hershey / cocoa_chocolate / packaging_wrapper may support observed retail page or price evidence. Use only as company-level relationship evidence. Do not claim exact 1.55 oz SKU allocation.,"issions by 2030 against 
a 2018 baseline.
→Learn more about how we are Reducing 
Emissions in Our Value Chain on pages 64-65.
 Contents
Making Good
Our Company
Cocoa
Responsible Sourcing and Human Rights
Environment
Our People
Youth
Community
About This Report
32
The Hershey Company 2023 ESG Report


--- PAGE 33 ---
Creating a More Resilient Supply"
EEVID_37dcb73a6e79bbb1,packaging_wrapper,hershey_latest_esg_packaging_section.pdf,text_or_table,unified_memory_scan,ingredient_confirmation,ingredient_or_label_evidence,company_level_relationship_evidence,company_level_confirmed,company_level_only,medium,high,candidate_for_strict_audit,pending_step16i,hershey,cocoa_chocolate,do_not_claim_sku_level_supplier; supplier_claim_not_sku_confirmed,"hershey / cocoa_chocolate / packaging_wrapper may support ingredient, label, or product identity evidence. Use only as company-level relationship evidence. Do not claim exact 1.55 oz SKU allocation.","When we talk about farmers producing Hershey’s cocoa volumes, these are the known farmers where we have sourcing visibility.
3
Beginning in 2023, we are reporting progress based on an analysis of supplier-provided polygon maps. This analysis follows World Cocoa Foundation definitions and checks that all farm plots managed by a farmer are linked to "
EEVID_a6b1a8f6554ba493,packaging_wrapper,hershey_latest_esg_packaging_section.pdf,text_or_table,unified_memory_scan,ingredient_confirmation,ingredient_or_label_evidence,company_level_relationship_evidence,company_level_confirmed,company_level_only,medium,high,candidate_for_strict_audit,pending_step16i,hershey,cocoa_chocolate,do_not_claim_sku_level_supplier; supplier_claim_not_sku_confirmed,"hershey / cocoa_chocolate / packaging_wrapper may support ingredient, label, or product identity evidence. Use only as company-level relationship evidence. Do not claim exact 1.55 oz SKU allocation.","liers and implementing partners. Hershey strives to align our KPIs to industry best practices and methodologies, including those recommended by the International Cocoa Initiative (ICI), which are constantly 
improving and evolving.
2
Results for the number of households covered by CLMRS are cumulative and begin with the establishment of CLMRS in ea"
EEVID_784697269e2cc174,packaging_wrapper,hershey_latest_esg_packaging_section.pdf,text_or_table,unified_memory_scan,ingredient_confirmation,ingredient_or_label_evidence,company_level_relationship_evidence,company_level_confirmed,company_level_only,medium,high,candidate_for_strict_audit,pending_step16i,hershey,cocoa_chocolate,benchmark_not_invoice; do_not_claim_sku_level_supplier; supplier_claim_not_sku_confirmed,"hershey / cocoa_chocolate / packaging_wrapper may support ingredient, label, or product identity evidence. Use only as company-level relationship evidence. Do not claim exact 1.55 oz SKU allocation.","partners.
7
This includes classrooms built or renovated under the agreement between Hershey, Côte d'Ivoire’s CNS and the ICI.
 Contents
Making Good
Our Company
Cocoa
Responsible Sourcing and Human Rights
Environment
Our People
Youth
Community
About This Report
35
The Hershey Company 2023 ESG Report


--- PAGE 36 ---
Lifting Up Rural Livelihoods1
Un"
EEVID_43f97e74a0d9ed1c,packaging_wrapper,hershey_latest_esg_packaging_section.pdf,text_or_table,unified_memory_scan,ingredient_confirmation,ingredient_or_label_evidence,company_level_relationship_evidence,company_level_confirmed,company_level_only,medium,high,candidate_for_strict_audit,pending_step16i,hershey,cocoa_chocolate,benchmark_not_invoice; do_not_claim_sku_level_supplier; supplier_claim_not_sku_confirmed,"hershey / cocoa_chocolate / packaging_wrapper may support ingredient, label, or product identity evidence. Use only as company-level relationship evidence. Do not claim exact 1.55 oz SKU allocation.","Supporting Women in Achieving Economic Independence1
Unit
2023
2022
2021
Notes
VSLAs supported
# of VSLAs
384
362
199 
— 
VSLA members - Total #
Total # of members (% Female)
11,964 (77% female)
10,073 (77% female)
5,879 (79% female) 
— 
Total savings and interest accrued annually
USD
$1,354,120
$1,693,285
$1,112,456 
— 
1
Data reflects results as "
EEVID_5bbb656f9038f99b,packaging_wrapper,hershey_latest_esg_packaging_section.pdf,text_or_table,unified_memory_scan,ingredient_confirmation,ingredient_or_label_evidence,company_level_relationship_evidence,company_level_confirmed,company_level_only,medium,high,candidate_for_strict_audit,pending_step16i,hershey,cocoa_chocolate; packaging; sugar,do_not_claim_sku_level_supplier; supplier_claim_not_sku_confirmed,"hershey / cocoa_chocolate, packaging, sugar / packaging_wrapper may support ingredient, label, or product identity evidence. Use only as company-level relationship evidence. Do not claim exact 1.55 oz SKU allocation.","pacts, we seek to mitigate them and take 
corrective action.
Accountability for managing our human rights agenda is 
embedded in our ESG governance structure. The Director 
of Global Sustainability and ESG, Director of Responsible 
Sourcing and Head of Sustainable Sourcing Cocoa 
oversee day-to-day management. They are also 
responsible for the dev"
EEVID_def7a38fc7f66b44,packaging_wrapper,hershey_latest_esg_packaging_section.pdf,text_or_table,unified_memory_scan,ingredient_confirmation,ingredient_or_label_evidence,company_level_relationship_evidence,company_level_confirmed,company_level_only,medium,high,candidate_for_strict_audit,pending_step16i,hershey,cocoa_chocolate; packaging; sugar,do_not_claim_sku_level_supplier; supplier_claim_not_sku_confirmed,"hershey / cocoa_chocolate, packaging, sugar / packaging_wrapper may support ingredient, label, or product identity evidence. Use only as company-level relationship evidence. Do not claim exact 1.55 oz SKU allocation.","free Policy
• Responsible Palm Oil Sourcing Policy
• Responsible Pulp & Paper Sourcing Policy
• Statement Against Slavery & Human Trafficking
• Sustainable Sugar Sourcing Policy
 Contents
Making Good
Our Company
Cocoa
Responsible Sourcing and Human Rights
Environment
Our People
Youth
Community
About This Report
38
The Hershey Company 2023 ESG Repor"
EEVID_0848ebf9ba88cec9,packaging_wrapper,hershey_latest_esg_packaging_section.pdf,text_or_table,unified_memory_scan,ingredient_confirmation,ingredient_or_label_evidence,company_level_relationship_evidence,company_level_confirmed,company_level_only,medium,high,candidate_for_strict_audit,pending_step16i,hershey,cocoa_chocolate,do_not_claim_sku_level_supplier; supplier_claim_not_sku_confirmed,"hershey / cocoa_chocolate / packaging_wrapper may support ingredient, label, or product identity evidence. Use only as company-level relationship evidence. Do not claim exact 1.55 oz SKU allocation.","important rightsholders.
In 2023, we expanded saliency work to create an impact 
framework to inform strategic programming that supports 
our human rights agenda. Partnering again with 
twentyfifty, we examined interlinkage between our salient 
issues, strategic gaps and existing best practice research. 
That examination identified areas that cut a"
EEVID_06a15f86e6319fde,packaging_wrapper,hershey_latest_esg_packaging_section.pdf,text_or_table,unified_memory_scan,ingredient_confirmation,ingredient_or_label_evidence,company_level_relationship_evidence,company_level_confirmed,company_level_only,medium,high,candidate_for_strict_audit,pending_step16i,hershey,cocoa_chocolate; sugar,do_not_claim_sku_level_supplier; supplier_claim_not_sku_confirmed,"hershey / cocoa_chocolate, sugar / packaging_wrapper may support ingredient, label, or product identity evidence. Use only as company-level relationship evidence. Do not claim exact 1.55 oz SKU allocation.","to the root of 
systemic issues.”
Maddy Eldredge, Human Rights Analyst, 
Global Sustainability and ESG, 
The Hershey Company
 Contents
Making Good
Our Company
Cocoa
Responsible Sourcing and Human Rights
Environment
Our People
Youth
Community
About This Report
41
The Hershey Company 2023 ESG Report


--- PAGE 42 ---
Action on Human Rights
continued
"
EEVID_831b7308756f6cf4,packaging_wrapper,hershey_latest_esg_packaging_section.pdf,text_or_table,unified_memory_scan,ingredient_confirmation,ingredient_or_label_evidence,company_level_relationship_evidence,company_level_confirmed,company_level_only,medium,high,candidate_for_strict_audit,pending_step16i,hershey,cocoa_chocolate,do_not_claim_sku_level_supplier; supplier_claim_not_sku_confirmed,"hershey / cocoa_chocolate / packaging_wrapper may support ingredient, label, or product identity evidence. Use only as company-level relationship evidence. Do not claim exact 1.55 oz SKU allocation.","scheduled as part of Hershey’s mandatory Code 
of Conduct training every three years, with select rotating 
topics set by our Ethics & Compliance team.
It covers: 
• An overview of fundamental human rights 
• How to identify and report a human rights violation 
• A case study on indicators of forced labor, including 
recruitment fees 
Additionally,"
EEVID_aef15f5d85311ea6,packaging_wrapper,hershey_latest_esg_packaging_section.pdf,text_or_table,unified_memory_scan,ingredient_confirmation,ingredient_or_label_evidence,company_level_relationship_evidence,company_level_confirmed,company_level_only,medium,high,candidate_for_strict_audit,pending_step16i,hershey,cocoa_chocolate,do_not_claim_sku_level_supplier; supplier_claim_not_sku_confirmed,"hershey / cocoa_chocolate / packaging_wrapper may support ingredient, label, or product identity evidence. Use only as company-level relationship evidence. Do not claim exact 1.55 oz SKU allocation.","ement 
Against Slavery & Human Trafficking.
→Find out more about Our Salient Issues in Hershey's Commitment 
to Human Rights.
 Contents
Making Good
Our Company
Cocoa
Responsible Sourcing and Human Rights
Environment
Our People
Youth
Community
About This Report
42
The Hershey Company 2023 ESG Report


--- PAGE 43 ---
Responsible Recruitment 
and Emp"
EEVID_85a6265a7e256c8b,packaging_wrapper,hershey_latest_esg_packaging_section.pdf,text_or_table,unified_memory_scan,supplier_relationship,supplier_relationship_evidence,company_level_relationship_evidence,company_level_confirmed,company_level_only,medium,high,candidate_for_strict_audit,pending_step16i,hershey,,do_not_claim_sku_level_supplier; supplier_claim_not_sku_confirmed,hershey / packaging_wrapper may support a company level confirmed relationship claim. Use only as company-level relationship evidence. Do not claim exact 1.55 oz SKU allocation.,"to promote responsible practices and 
prevent, identify and remediate forced labor is to 
strengthen the management systems of labor providers 
that recruit workers for Hershey facilities and strategic co-
packers. Through our Responsible Recruitment Program, 
we require labor providers to: 
• Acknowledge our Supplier Code of Conduct and 
Responsib"
EEVID_eaf835a08345848d,packaging_wrapper,hershey_latest_esg_packaging_section.pdf,text_or_table,unified_memory_scan,ingredient_confirmation,ingredient_or_label_evidence,company_level_relationship_evidence,company_level_confirmed,company_level_only,medium,high,candidate_for_strict_audit,pending_step16i,hershey,cocoa_chocolate,do_not_claim_sku_level_supplier; supplier_claim_not_sku_confirmed,"hershey / cocoa_chocolate / packaging_wrapper may support ingredient, label, or product identity evidence. Use only as company-level relationship evidence. Do not claim exact 1.55 oz SKU allocation.","ibly and follow the 
Employer Pays Principle. Workers are asked to complete 
a survey before the on-site audit. Their feedback helps 
find potential non-compliances. Auditors triangulate data 
from the worker survey during the on-site audit by 
interviewing workers confidentially, questioning the labor 
provider’s managers and reviewing records. 
T"
EEVID_f85a5dd869fbb6dc,packaging_wrapper,hershey_latest_esg_packaging_section.pdf,text_or_table,unified_memory_scan,ingredient_confirmation,ingredient_or_label_evidence,company_level_relationship_evidence,company_level_confirmed,company_level_only,medium,high,candidate_for_strict_audit,pending_step16i,hershey,cocoa_chocolate,benchmark_not_invoice; do_not_claim_sku_level_supplier; supplier_claim_not_sku_confirmed,"hershey / cocoa_chocolate / packaging_wrapper may support ingredient, label, or product identity evidence. Use only as company-level relationship evidence. Do not claim exact 1.55 oz SKU allocation.","cies
• Provide contracts to workers in their primary language 
• Incorporate new policies in their agreements with 
recruitment agencies
→See Remediation and Continuous Improvement on page 47 for 
more details.
 Contents
Making Good
Our Company
Cocoa
Responsible Sourcing and Human Rights
Environment
Our People
Youth
Community
About This Report
43
T"
EEVID_ceba1d3fc0daeeda,packaging_wrapper,hershey_latest_esg_packaging_section.pdf,text_or_table,unified_memory_scan,ingredient_confirmation,ingredient_or_label_evidence,company_level_relationship_evidence,company_level_confirmed,company_level_only,medium,high,candidate_for_strict_audit,pending_step16i,hershey,cocoa_chocolate,benchmark_not_invoice; do_not_claim_sku_level_supplier; supplier_claim_not_sku_confirmed,"hershey / cocoa_chocolate / packaging_wrapper may support ingredient, label, or product identity evidence. Use only as company-level relationship evidence. Do not claim exact 1.55 oz SKU allocation.","remediation strategies. 
Cocoa Supply Chain
Cocoa is the part of our supply chain with the greatest 
income vulnerability. We continue to contribute solutions 
through the Hershey Income Accelerator Program in 
Côte d’Ivoire and premiums paid to farmers. 
→Learn more in Improving Farmer Income and Livelihoods 
on pages 26-27. 
Investing in the Land"
EEVID_76f077f25a8eac69,packaging_wrapper,hershey_latest_esg_packaging_section.pdf,text_or_table,unified_memory_scan,ingredient_confirmation,ingredient_or_label_evidence,company_level_relationship_evidence,company_level_confirmed,company_level_only,medium,high,candidate_for_strict_audit,pending_step16i,hershey,cocoa_chocolate,do_not_claim_sku_level_supplier; supplier_claim_not_sku_confirmed,"hershey / cocoa_chocolate / packaging_wrapper may support ingredient, label, or product identity evidence. Use only as company-level relationship evidence. Do not claim exact 1.55 oz SKU allocation.","and 
initiatives that promote a world where opportunity exists 
for everyone to earn a living wage and every household 
to secure a living income.
What’s Next in Human Rights
• Continue to refine our salient issues, due diligence 
and programming 
• Continue to deepen our understanding of the 
intersection of human rights and environmental issues, "
EEVID_1e5aea1d90683d24,packaging_wrapper,hershey_latest_esg_packaging_section.pdf,text_or_table,unified_memory_scan,ingredient_confirmation,ingredient_or_label_evidence,company_level_relationship_evidence,company_level_confirmed,company_level_only,medium,high,candidate_for_strict_audit,pending_step16i,hershey,cocoa_chocolate,do_not_claim_sku_level_supplier; supplier_claim_not_sku_confirmed,"hershey / cocoa_chocolate / packaging_wrapper may support ingredient, label, or product identity evidence. Use only as company-level relationship evidence. Do not claim exact 1.55 oz SKU allocation.","hemes are both essential given the complexity 
of addressing many interrelated issues in global 
supply chains. 
 Contents
Making Good
Our Company
Cocoa
Responsible Sourcing and Human Rights
Environment
Our People
Youth
Community
About This Report
45
The Hershey Company 2023 ESG Report
Material ESG issues:
• Responsible sourcing
• Business operatio"
EEVID_dab2c9396defdab5,packaging_wrapper,hershey_latest_esg_packaging_section.pdf,text_or_table,unified_memory_scan,supplier_relationship,supplier_relationship_evidence,company_level_relationship_evidence,company_level_confirmed,company_level_only,medium,high,candidate_for_strict_audit,pending_step16i,hershey,,benchmark_not_invoice; do_not_claim_sku_level_supplier; supplier_claim_not_sku_confirmed,hershey / packaging_wrapper may support a company level confirmed relationship claim. Use only as company-level relationship evidence. Do not claim exact 1.55 oz SKU allocation.,"sponsible Sourcing and Human Rights
Environment
Our People
Youth
Community
About This Report
46
The Hershey Company 2023 ESG Report
Human Rights 
Pre-screening 2023
❶ Approved
❷ Pending submission 
of required 
information and/or 
completion of 
corrective actions
❸ Rejected or 
canceled
268
157
47


--- PAGE 47 ---
Responsible Sourcing Supplier Pr"
EEVID_40a8dc2c02103b75,packaging_wrapper,hershey_latest_esg_packaging_section.pdf,text_or_table,unified_memory_scan,ingredient_confirmation,ingredient_or_label_evidence,company_level_relationship_evidence,company_level_confirmed,company_level_only,medium,high,candidate_for_strict_audit,pending_step16i,hershey,cocoa_chocolate; sugar,do_not_claim_sku_level_supplier; supplier_claim_not_sku_confirmed,"hershey / cocoa_chocolate, sugar / packaging_wrapper may support ingredient, label, or product identity evidence. Use only as company-level relationship evidence. Do not claim exact 1.55 oz SKU allocation.","sugar projects we featured in 
our 2022 ESG Report (“Improving Soil Health 
for Sugar Beets”), showed excellent results. 
In the 2022-23 growing season, the pilot with 
United Sugar, the Soil and Water Outcomes 
Fund and others: 
• Covered 7,400 acres across all program 
participants 
• Reduced our Scope 3 GHG emissions from 
sugar supplied by part"
EEVID_d8f3dcc7769d4574,packaging_wrapper,hershey_latest_esg_packaging_section.pdf,text_or_table,unified_memory_scan,supplier_relationship,supplier_relationship_evidence,company_level_relationship_evidence,company_level_confirmed,company_level_only,medium,high,candidate_for_strict_audit,pending_step16i,hershey,,benchmark_not_invoice; do_not_claim_sku_level_supplier; supplier_claim_not_sku_confirmed,hershey / packaging_wrapper may support a company level confirmed relationship claim. Use only as company-level relationship evidence. Do not claim exact 1.55 oz SKU allocation.,"between Airbus and Earthworm Foundation. 
To accelerate progress, Earthworm is engaging our palm 
suppliers to reinforce their deforestation monitoring, 
verification and reporting, and to prioritize actual 
deforestation alerts for action. 
→Learn more in The Significance of Biodiversity on page 69. 
Following Earthworm’s mapping of Hershey’s palm"
EEVID_c619f70083ebc2ef,packaging_wrapper,hershey_latest_esg_packaging_section.pdf,text_or_table,unified_memory_scan,ingredient_confirmation,ingredient_or_label_evidence,company_level_relationship_evidence,company_level_confirmed,company_level_only,medium,high,candidate_for_strict_audit,pending_step16i,hershey,cocoa_chocolate; milk_dairy; packaging; sugar,do_not_claim_sku_level_supplier; supplier_claim_not_sku_confirmed,"hershey / cocoa_chocolate, milk_dairy, packaging, sugar / packaging_wrapper may support ingredient, label, or product identity evidence. Use only as company-level relationship evidence. Do not claim exact 1.55 oz SKU allocation.","ts to: 
• Source 100% of pulp and paper packaging from recycled 
or certified sources
• Trace 100% of virgin pulp and paper packaging we source 
back to the country of harvest
In 2023, we started working with Earthworm on an annual 
supplier traceability assessment. We collected data about 
the volume of recycled and virgin fiber we source, as well"
EEVID_5fe602c609094933,packaging_wrapper,hershey_latest_esg_packaging_section.pdf,text_or_table,unified_memory_scan,ingredient_confirmation,ingredient_or_label_evidence,company_level_relationship_evidence,company_level_confirmed,company_level_only,medium,high,candidate_for_strict_audit,pending_step16i,hershey,cocoa_chocolate; packaging,do_not_claim_sku_level_supplier; supplier_claim_not_sku_confirmed,"hershey / cocoa_chocolate, packaging / packaging_wrapper may support ingredient, label, or product identity evidence. Use only as company-level relationship evidence. Do not claim exact 1.55 oz SKU allocation.","s training. The 2022 value has been restated to reflect the number of employees who completed optional human rights training.
 Contents
Making Good
Our Company
Cocoa
Responsible Sourcing and Human Rights
Environment
Our People
Youth
Community
About This Report
53
The Hershey Company 2023 ESG Report


--- PAGE 54 ---
Responsible Recruitment Program
"
EEVID_254f4bb375b98609,packaging_wrapper,hershey_latest_esg_packaging_section.pdf,text_or_table,unified_memory_scan,ingredient_confirmation,ingredient_or_label_evidence,company_level_relationship_evidence,company_level_confirmed,company_level_only,medium,high,candidate_for_strict_audit,pending_step16i,hershey,cocoa_chocolate,do_not_claim_sku_level_supplier; supplier_claim_not_sku_confirmed,"hershey / cocoa_chocolate / packaging_wrapper may support ingredient, label, or product identity evidence. Use only as company-level relationship evidence. Do not claim exact 1.55 oz SKU allocation.","mpletion at end 2023.
5
Assessments conducted on labor providers may include worker surveys, Sedex's SMETA 2-Pillar audits, and/or ELEVATE's Labor Agency Assessment Tool. Additionally, if a labor provider is identified with a noncompliance during a Hershey-owned operation 
SMETA 4-Pillar audit, this is categorized as the labor provider undergoing a"
EEVID_7b2626ccc7f65d9d,packaging_wrapper,hershey_latest_esg_packaging_section.pdf,text_or_table,unified_memory_scan,ingredient_confirmation,ingredient_or_label_evidence,company_level_relationship_evidence,company_level_confirmed,company_level_only,medium,high,candidate_for_strict_audit,pending_step16i,hershey,cocoa_chocolate,benchmark_not_invoice; do_not_claim_sku_level_supplier; supplier_claim_not_sku_confirmed,"hershey / cocoa_chocolate / packaging_wrapper may support ingredient, label, or product identity evidence. Use only as company-level relationship evidence. Do not claim exact 1.55 oz SKU allocation.","closed
%
 38 %
 21.4 %
 71 %
1
At Hershey, major non-conformances include issues rated as critical or zero-tolerance issues.
 Contents
Making Good
Our Company
Cocoa
Responsible Sourcing and Human Rights
Environment
Our People
Youth
Community
About This Report
56
The Hershey Company 2023 ESG Report


--- PAGE 57 ---
2023 Non-compliance issues by cat"
EEVID_d3cdbd89ef0352ff,packaging_wrapper,hershey_latest_esg_packaging_section.pdf,text_or_table,unified_memory_scan,ingredient_confirmation,ingredient_or_label_evidence,company_level_relationship_evidence,company_level_confirmed,company_level_only,medium,high,candidate_for_strict_audit,pending_step16i,hershey,cocoa_chocolate; packaging,benchmark_not_invoice; do_not_claim_sku_level_supplier; supplier_claim_not_sku_confirmed,"hershey / cocoa_chocolate, packaging / packaging_wrapper may support ingredient, label, or product identity evidence. Use only as company-level relationship evidence. Do not claim exact 1.55 oz SKU allocation.","able
7
Source pulp and paper packaging (by volume) from recycled or certified 
sources globally
100% by 2025
On Track
 87 %
 89 %
 69 %
7
Coconut 
Source certified coconut (by volume) through Fair Trade USA
100% by 2020
Achieved
 100 %
 100 %
 96 %
8
Eggs 
Source certified cage-free eggs (by volume) for the U.S. and Canadian markets 
from cage-free"
EEVID_f7cddcb0fbd99f1c,packaging_wrapper,hershey_latest_esg_packaging_section.pdf,text_or_table,unified_memory_scan,ingredient_confirmation,ingredient_or_label_evidence,company_level_relationship_evidence,company_level_confirmed,company_level_only,medium,high,candidate_for_strict_audit,pending_step16i,hershey,cocoa_chocolate; packaging,do_not_claim_sku_level_supplier; supplier_claim_not_sku_confirmed,"hershey / cocoa_chocolate, packaging / packaging_wrapper may support ingredient, label, or product identity evidence. Use only as company-level relationship evidence. Do not claim exact 1.55 oz SKU allocation.","conut shortage related to issues with raw material sourcing and transportation complications caused by the COVID-19 pandemic.
 Contents
Making Good
Our Company
Cocoa
Responsible Sourcing and Human Rights
Environment
Our People
Youth
Community
About This Report
58
The Hershey Company 2023 ESG Report


--- PAGE 59 ---
Doing good by the planet is not "
EEVID_df3e5aa0fd0dcf57,packaging_wrapper,hershey_latest_esg_packaging_section.pdf,text_or_table,unified_memory_scan,ingredient_confirmation,ingredient_or_label_evidence,company_level_relationship_evidence,company_level_confirmed,company_level_only,medium,high,candidate_for_strict_audit,pending_step16i,hershey,cocoa_chocolate,do_not_claim_sku_level_supplier; supplier_claim_not_sku_confirmed,"hershey / cocoa_chocolate / packaging_wrapper may support ingredient, label, or product identity evidence. Use only as company-level relationship evidence. Do not claim exact 1.55 oz SKU allocation.","external stakeholders. 
The results of our climate scenario planning have also 
informed the steps we need to take toward our goals.
Addressing climate change also positively impacts 
watershed health, biodiversity and soil health. 
→For more about Managing Climate Risk, see page 61.
→Learn more about our work toward Reducing Emissions 
on pages 63"
EEVID_6e8794709dbcc1c7,packaging_wrapper,hershey_latest_esg_packaging_section.pdf,text_or_table,unified_memory_scan,ingredient_confirmation,ingredient_or_label_evidence,company_level_relationship_evidence,company_level_confirmed,company_level_only,medium,high,candidate_for_strict_audit,pending_step16i,hershey,cocoa_chocolate; packaging,do_not_claim_sku_level_supplier; supplier_claim_not_sku_confirmed,"hershey / cocoa_chocolate, packaging / packaging_wrapper may support ingredient, label, or product identity evidence. Use only as company-level relationship evidence. Do not claim exact 1.55 oz SKU allocation.","onger-term evolving risks, such 
as those presented by climate change. ERM is overseen 
by our Board of Directors and managed by our 
Resiliency team. 
We integrate climate risk insights into business planning 
to better understand the potential impacts and any 
mitigation steps. For example, in 2023, we conducted 
a deep dive on insured value calc"
EEVID_19e71f980b24ae7a,packaging_wrapper,hershey_latest_esg_packaging_section.pdf,text_or_table,unified_memory_scan,ingredient_confirmation,ingredient_or_label_evidence,company_level_relationship_evidence,company_level_confirmed,company_level_only,medium,high,candidate_for_strict_audit,pending_step16i,hershey,cocoa_chocolate,do_not_claim_sku_level_supplier; supplier_claim_not_sku_confirmed,"hershey / cocoa_chocolate / packaging_wrapper may support ingredient, label, or product identity evidence. Use only as company-level relationship evidence. Do not claim exact 1.55 oz SKU allocation.","Energy 
Using more renewable and zero-emissions energy is 
essential to our Scope 2 reduction plan. We have set 
an ambitious goal to source 100% of electricity from 
renewable and zero-emission sources by 2030.
This year we sourced approximately 80% of electricity 
from renewable and zero-emission sources, up from 
77% in 2022.
We achieved this ye"
EEVID_1d9434326c202727,packaging_wrapper,hershey_latest_esg_packaging_section.pdf,text_or_table,unified_memory_scan,retail_price,retail_price_evidence,company_level_relationship_evidence,company_level_confirmed,company_level_only,medium,high,candidate_for_strict_audit,pending_step16i,hershey,cocoa_chocolate; packaging,do_not_claim_sku_level_supplier; retail_observation_not_margin; supplier_claim_not_sku_confirmed,"hershey / cocoa_chocolate, packaging / packaging_wrapper may support observed retail page or price evidence. Use only as company-level relationship evidence. Do not claim exact 1.55 oz SKU allocation.","to strive for greater circularity by using 
more recycled materials. With limited possibilities for 
direct food-contact applications available, we focused 
on increasing recycled content on corrugate and 
cartons — like launching Reese’s Caramel Big Cup 
with a 100% recycled carton. This conversion equated 
to significant savings: 
• Keeping 200 t"
EEVID_b361e7b16c7bac52,packaging_wrapper,hershey_latest_esg_packaging_section.pdf,text_or_table,unified_memory_scan,ingredient_confirmation,ingredient_or_label_evidence,company_level_relationship_evidence,company_level_confirmed,company_level_only,medium,high,candidate_for_strict_audit,pending_step16i,hershey,cocoa_chocolate,benchmark_not_invoice; do_not_claim_sku_level_supplier; supplier_claim_not_sku_confirmed,"hershey / cocoa_chocolate / packaging_wrapper may support ingredient, label, or product identity evidence. Use only as company-level relationship evidence. Do not claim exact 1.55 oz SKU allocation.","ng of CO2.
Totals may not equal 100%, due to rounding.
All calculations include relevant GHG emissions as specified by the Greenhouse Gas Reporting Protocol and follows the Operational Control methodology. 
Emission factor sources include: 
Scope 1: DEFRA. Operational control. 
Scope 2: EPA Emissions & Generation Resource Integrated Database (eGRID"
EEVID_82fd7a5449e71eea,packaging_wrapper,hershey_latest_esg_packaging_section.pdf,text_or_table,unified_memory_scan,supplier_relationship,supplier_relationship_evidence,company_level_relationship_evidence,company_level_confirmed,company_level_only,medium,high,candidate_for_strict_audit,pending_step16i,hershey,,benchmark_not_invoice; do_not_claim_sku_level_supplier; supplier_claim_not_sku_confirmed,hershey / packaging_wrapper may support a company level confirmed relationship claim. Use only as company-level relationship evidence. Do not claim exact 1.55 oz SKU allocation.,"Processing of Sold Products
MTCO2e
Not Applicable
Not Applicable
Not Applicable
Scope 3: Category 11 – Use of Sold Products
MTCO2e
Not Applicable
Not Applicable
Not Applicable
Scope 3: Category 12 – End-of-Life Treatment of Sold Products
MTCO2e
119,725
113,005
87,842
Scope 3: Category 13 – Downstream Leased Assets
MTCO2e
Not Applicable
Not Applicab"
EEVID_48ada0653f57d705,packaging_wrapper,hershey_latest_esg_packaging_section.pdf,text_or_table,unified_memory_scan,ingredient_confirmation,ingredient_or_label_evidence,company_level_relationship_evidence,company_level_confirmed,company_level_only,medium,high,candidate_for_strict_audit,pending_step16i,hershey,cocoa_chocolate,benchmark_not_invoice; do_not_claim_sku_level_supplier; supplier_claim_not_sku_confirmed,"hershey / cocoa_chocolate / packaging_wrapper may support ingredient, label, or product identity evidence. Use only as company-level relationship evidence. Do not claim exact 1.55 oz SKU allocation.","nc. Hershey’s 2021 GHG emissions data excludes ONE Brands, Lily's, Dot's 
and Pretzels.
2
Hershey's 2023 Scope 1 and Scope 2 data (including intensity) received limited assurance by EY. The corresponding limited assurance statement is found on our corporate website.
3
Hershey's 2023 Scope 3 emissions intensity has been independently verified by Qua"
EEVID_7b32b0396b77a0c7,packaging_wrapper,hershey_latest_esg_packaging_section.pdf,text_or_table,unified_memory_scan,ingredient_confirmation,ingredient_or_label_evidence,company_level_relationship_evidence,company_level_confirmed,company_level_only,medium,high,candidate_for_strict_audit,pending_step16i,hershey,cocoa_chocolate,do_not_claim_sku_level_supplier; supplier_claim_not_sku_confirmed,"hershey / cocoa_chocolate / packaging_wrapper may support ingredient, label, or product identity evidence. Use only as company-level relationship evidence. Do not claim exact 1.55 oz SKU allocation.","iomass and coal due to the optimization of the boiler system within our Mandideep plant in 2023.
4
Sources include hydroelectric, renewable electricity contractual instruments, zero emissions contractual instruments and traditional grid electricity.
5
Fuel oil no. 6 is a carbon-intensive fuel, Hershey eliminated from use in 2022.
6
Propane use incr"
EEVID_f1cab991f543f8aa,packaging_wrapper,hershey_latest_esg_packaging_section.pdf,text_or_table,unified_memory_scan,ingredient_confirmation,ingredient_or_label_evidence,company_level_relationship_evidence,company_level_confirmed,company_level_only,medium,high,candidate_for_strict_audit,pending_step16i,hershey,cocoa_chocolate; packaging,do_not_claim_sku_level_supplier; supplier_claim_not_sku_confirmed,"hershey / cocoa_chocolate, packaging / packaging_wrapper may support ingredient, label, or product identity evidence. Use only as company-level relationship evidence. Do not claim exact 1.55 oz SKU allocation.","cts with the first coming online in 2021 and the second in 2022. The third is scheduled to generate power beginning in 2024. 
 Contents
Making Good
Our Company
Cocoa
Responsible Sourcing and Human Rights
Environment
Our People
Youth
Community
About This Report
76
The Hershey Company 2023 ESG Report


--- PAGE 77 ---
Air Quality1
Unit
2023
2022
2021"
EEVID_e692f0296177a4db,packaging_wrapper,hershey_latest_esg_packaging_section.pdf,text_or_table,unified_memory_scan,ingredient_confirmation,ingredient_or_label_evidence,company_level_relationship_evidence,company_level_confirmed,company_level_only,medium,high,candidate_for_strict_audit,pending_step16i,hershey,cocoa_chocolate; packaging,do_not_claim_sku_level_supplier; supplier_claim_not_sku_confirmed,"hershey / cocoa_chocolate, packaging / packaging_wrapper may support ingredient, label, or product identity evidence. Use only as company-level relationship evidence. Do not claim exact 1.55 oz SKU allocation.","r our North America Salty Snacks segment, after recent corporate acquisitions. 
As of December 31, 2023, we eliminated PVC from our branded business and have active projects to eliminate PVC from private label offerings. We are on track to remove PVC fully in 2024.
2
Cumulative packaging waste eliminated (2021-2023) is 15.4 million pounds. This val"
EEVID_c0052309221e5430,packaging_wrapper,hershey_latest_esg_packaging_section.pdf,text_or_table,unified_memory_scan,ingredient_confirmation,ingredient_or_label_evidence,company_level_relationship_evidence,company_level_confirmed,company_level_only,medium,high,candidate_for_strict_audit,pending_step16i,hershey,cocoa_chocolate,do_not_claim_sku_level_supplier; supplier_claim_not_sku_confirmed,"hershey / cocoa_chocolate / packaging_wrapper may support ingredient, label, or product identity evidence. Use only as company-level relationship evidence. Do not claim exact 1.55 oz SKU allocation.","nd Pretzels.
3
Water consumption is calculated as water use less water discharge. 
4
This data represents Hershey's global manufacturing facilities and owned U.S. distribution centers and corporate offices.
 
 Contents
Making Good
Our Company
Cocoa
Responsible Sourcing and Human Rights
Environment
Our People
Youth
Community
About This Report
78
The"
EEVID_66e720e135bbda9a,packaging_wrapper,hershey_latest_esg_packaging_section.pdf,text_or_table,unified_memory_scan,ingredient_confirmation,ingredient_or_label_evidence,company_level_relationship_evidence,company_level_confirmed,company_level_only,medium,high,candidate_for_strict_audit,pending_step16i,hershey,cocoa_chocolate,do_not_claim_sku_level_supplier; supplier_claim_not_sku_confirmed,"hershey / cocoa_chocolate / packaging_wrapper may support ingredient, label, or product identity evidence. Use only as company-level relationship evidence. Do not claim exact 1.55 oz SKU allocation.",", ND
Low-medium (10-20%)
—
Whitestown, IN
Medium-high (20-40%)
—
1
The Lawrence, KS facility began operations in August 2021.
 Contents
Making Good
Our Company
Cocoa
Responsible Sourcing and Human Rights
Environment
Our People
Youth
Community
About This Report
79
The Hershey Company 2023 ESG Report


--- PAGE 80 ---
Waste Management1,2
Unit
2023
20"
EEVID_30407a38032c7a95,packaging_wrapper,hershey_latest_esg_packaging_section.pdf,text_or_table,unified_memory_scan,ingredient_confirmation,ingredient_or_label_evidence,company_level_relationship_evidence,company_level_confirmed,company_level_only,medium,high,candidate_for_strict_audit,pending_step16i,hershey,cocoa_chocolate,do_not_claim_sku_level_supplier; supplier_claim_not_sku_confirmed,"hershey / cocoa_chocolate / packaging_wrapper may support ingredient, label, or product identity evidence. Use only as company-level relationship evidence. Do not claim exact 1.55 oz SKU allocation.","buted to the growth of Hershey's Salty segment. Work is underway to integrate innovative waste solutions at these facilities.
 Contents
Making Good
Our Company
Cocoa
Responsible Sourcing and Human Rights
Environment
Our People
Youth
Community
About This Report
80
The Hershey Company 2023 ESG Report


--- PAGE 81 ---
Biodiversity1
Unit
2023
2022
202"
EEVID_74db271595341bbd,packaging_wrapper,hershey_latest_esg_packaging_section.pdf,text_or_table,unified_memory_scan,ingredient_confirmation,ingredient_or_label_evidence,company_level_relationship_evidence,company_level_confirmed,company_level_only,medium,high,candidate_for_strict_audit,pending_step16i,hershey,cocoa_chocolate; milk_dairy,do_not_claim_sku_level_supplier; supplier_claim_not_sku_confirmed,"hershey / cocoa_chocolate, milk_dairy / packaging_wrapper may support ingredient, label, or product identity evidence. Use only as company-level relationship evidence. Do not claim exact 1.55 oz SKU allocation.","se on 
terrestrial and marine protected areas and is updated on a monthly basis to track the dynamics of changes to the world's protected areas. The WDPA database is continuously improving based on new information. The results reflected in this 
table are up to date as of February 2024.
 Contents
Making Good
Our Company
Cocoa
Responsible Sourcing a"
EEVID_232a793f21d5239c,packaging_wrapper,hershey_latest_esg_packaging_section.pdf,text_or_table,unified_memory_scan,ingredient_confirmation,ingredient_or_label_evidence,company_level_relationship_evidence,company_level_confirmed,company_level_only,medium,high,candidate_for_strict_audit,pending_step16i,hershey,cocoa_chocolate; milk_dairy,benchmark_not_invoice; do_not_claim_sku_level_supplier; supplier_claim_not_sku_confirmed,"hershey / cocoa_chocolate, milk_dairy / packaging_wrapper may support ingredient, label, or product identity evidence. Use only as company-level relationship evidence. Do not claim exact 1.55 oz SKU allocation.",">690,000 
3 
1
Represents active Green Teams globally.
2
The total trees planted represented in this metric includes the activities of Hershey Green Teams and ongoing partnerships like the Arbor Day Foundation and Sustainable Dairy PA. It does not include tree planting related to cocoa.
3
Hershey's 2021-2022 projects included participation in the A"
EEVID_159f92ed7e6012f7,packaging_wrapper,hershey_latest_esg_packaging_section.pdf,text_or_table,unified_memory_scan,ingredient_confirmation,ingredient_or_label_evidence,company_level_relationship_evidence,company_level_confirmed,company_level_only,medium,high,candidate_for_strict_audit,pending_step16i,hershey,cocoa_chocolate,do_not_claim_sku_level_supplier; supplier_claim_not_sku_confirmed,"hershey / cocoa_chocolate / packaging_wrapper may support ingredient, label, or product identity evidence. Use only as company-level relationship evidence. Do not claim exact 1.55 oz SKU allocation.","lerating Togetherness Efforts
90
More Pathways to JOIN
92
More Pathways to REACH OUT
93
More Pathways to GROW
95
Our Progress
 Contents
Making Good
Our Company
Cocoa
Responsible Sourcing and Human Rights
Environment
Our People
Youth
Community
About This Report
83
The Hershey Company 2023 ESG Report


--- PAGE 84 ---
Lead Today, 
Create Tomorrow 
Le"
EEVID_d80535361168250d,packaging_wrapper,hershey_latest_esg_packaging_section.pdf,text_or_table,unified_memory_scan,ingredient_confirmation,ingredient_or_label_evidence,company_level_relationship_evidence,company_level_confirmed,company_level_only,medium,high,candidate_for_strict_audit,pending_step16i,hershey,cocoa_chocolate,do_not_claim_sku_level_supplier; supplier_claim_not_sku_confirmed,"hershey / cocoa_chocolate / packaging_wrapper may support ingredient, label, or product identity evidence. Use only as company-level relationship evidence. Do not claim exact 1.55 oz SKU allocation.","strably 
driven innovation, engagement, inclusion and belonging 
across our teams over the last three years. 
→See Flexible, Family-Friendly Options on page 86 for more.
Development for All
Nurturing a fulfilling work environment, promoting 
professional growth for all 20,000 employees and a talent 
pipeline of future Hershey leaders is at the hear"
EEVID_9469cf205af521e4,packaging_wrapper,hershey_latest_esg_packaging_section.pdf,text_or_table,unified_memory_scan,ingredient_confirmation,ingredient_or_label_evidence,company_level_relationship_evidence,company_level_confirmed,company_level_only,medium,high,candidate_for_strict_audit,pending_step16i,hershey,cocoa_chocolate,benchmark_not_invoice; do_not_claim_sku_level_supplier; supplier_claim_not_sku_confirmed,"hershey / cocoa_chocolate / packaging_wrapper may support ingredient, label, or product identity evidence. Use only as company-level relationship evidence. Do not claim exact 1.55 oz SKU allocation.","l. 
We believe a better you makes 
a stronger us.”
Anna Serafin, Vice President, 
Talent & Transformation, The Hershey Company
 Contents
Making Good
Our Company
Cocoa
Responsible Sourcing and Human Rights
Environment
Our People
Youth
Community
About This Report
84
The Hershey Company 2023 ESG Report


--- PAGE 85 ---
Employee Well-being 
and Develo"
EEVID_c6ee0face3a7e86c,packaging_wrapper,hershey_latest_esg_packaging_section.pdf,text_or_table,unified_memory_scan,ingredient_confirmation,ingredient_or_label_evidence,company_level_relationship_evidence,company_level_confirmed,company_level_only,medium,high,candidate_for_strict_audit,pending_step16i,hershey,cocoa_chocolate,benchmark_not_invoice; do_not_claim_sku_level_supplier; supplier_claim_not_sku_confirmed,"hershey / cocoa_chocolate / packaging_wrapper may support ingredient, label, or product identity evidence. Use only as company-level relationship evidence. Do not claim exact 1.55 oz SKU allocation.","on caring for every 
employee and sharing directly with employees 
information and resources about staying safe or 
supporting one another, as we did during times of 
concern following major world events 
Let’s Get Transparent 
About Pay
Continuously listening brings endless learning 
opportunities. In 2023, a survey revealed that — 
beyond aggrega"
EEVID_90ceec5cf4bbc9ee,packaging_wrapper,hershey_latest_esg_packaging_section.pdf,text_or_table,unified_memory_scan,ingredient_confirmation,ingredient_or_label_evidence,company_level_relationship_evidence,company_level_confirmed,company_level_only,medium,high,candidate_for_strict_audit,pending_step16i,hershey,cocoa_chocolate,do_not_claim_sku_level_supplier; supplier_claim_not_sku_confirmed,"hershey / cocoa_chocolate / packaging_wrapper may support ingredient, label, or product identity evidence. Use only as company-level relationship evidence. Do not claim exact 1.55 oz SKU allocation.","rogram.
 Contents
Making Good
Our Company
Cocoa
Responsible Sourcing and Human Rights
Environment
Our People
Youth
Community
About This Report
85
The Hershey Company 2023 ESG Report
Salient Human Rights Issue:
• Gender and social inequality
1 Fair360 is the group previously known as Diversity, Inc.


--- PAGE 86 ---
Employee Well-being and Developm"
EEVID_cc6070ba319b97fa,packaging_wrapper,hershey_latest_esg_packaging_section.pdf,text_or_table,unified_memory_scan,ingredient_confirmation,ingredient_or_label_evidence,company_level_relationship_evidence,company_level_confirmed,company_level_only,medium,high,candidate_for_strict_audit,pending_step16i,hershey,cocoa_chocolate,benchmark_not_invoice; do_not_claim_sku_level_supplier; supplier_claim_not_sku_confirmed,"hershey / cocoa_chocolate / packaging_wrapper may support ingredient, label, or product identity evidence. Use only as company-level relationship evidence. Do not claim exact 1.55 oz SKU allocation.","oration
Support Beyond the Workplace
Because life beyond works matters to employees, it 
matters to us. We run programs where we know it matters 
most to our people:
• Hershey Scholars Program, where Hershey employees’ 
children can apply for financial awards for their post-
secondary education 
• Hershey Employees 1st Fund, offering grants from co"
EEVID_8cf5f878d9147b99,packaging_wrapper,hershey_latest_esg_packaging_section.pdf,text_or_table,unified_memory_scan,ingredient_confirmation,ingredient_or_label_evidence,company_level_relationship_evidence,company_level_confirmed,company_level_only,medium,high,candidate_for_strict_audit,pending_step16i,hershey,cocoa_chocolate,benchmark_not_invoice; do_not_claim_sku_level_supplier; supplier_claim_not_sku_confirmed,"hershey / cocoa_chocolate / packaging_wrapper may support ingredient, label, or product identity evidence. Use only as company-level relationship evidence. Do not claim exact 1.55 oz SKU allocation.","o manage stress and 
helps me stay mindful of my 
thoughts and feelings when 
things get hectic.”
Jacquie Zygmund, HR Services Technical 
Lead, The Hershey Company
 Contents
Making Good
Our Company
Cocoa
Responsible Sourcing and Human Rights
Environment
Our People
Youth
Community
About This Report
86
The Hershey Company 2023 ESG Report


--- PAGE 8"
EEVID_32b04967f1e8c79c,packaging_wrapper,hershey_latest_esg_packaging_section.pdf,text_or_table,unified_memory_scan,retail_price,retail_price_evidence,company_level_relationship_evidence,company_level_confirmed,company_level_only,medium,high,candidate_for_strict_audit,pending_step16i,hershey,cocoa_chocolate,do_not_claim_sku_level_supplier; retail_observation_not_margin; supplier_claim_not_sku_confirmed,hershey / cocoa_chocolate / packaging_wrapper may support observed retail page or price evidence. Use only as company-level relationship evidence. Do not claim exact 1.55 oz SKU allocation.,"sed on similarly 
excellent feedback.
Mentoring For All
We encourage all employees to take advantage of 
mentoring opportunities through our Stronger & Growing 
Together program. As well as developing skills, the social 
and experiential learning experience with internal experts 
is invaluable. Over 680 mentor-mentee matches have 
been made since S"
EEVID_af571237957a22c5,packaging_wrapper,hershey_latest_esg_packaging_section.pdf,text_or_table,unified_memory_scan,ingredient_confirmation,ingredient_or_label_evidence,company_level_relationship_evidence,company_level_confirmed,company_level_only,medium,high,candidate_for_strict_audit,pending_step16i,hershey,cocoa_chocolate,do_not_claim_sku_level_supplier; supplier_claim_not_sku_confirmed,"hershey / cocoa_chocolate / packaging_wrapper may support ingredient, label, or product identity evidence. Use only as company-level relationship evidence. Do not claim exact 1.55 oz SKU allocation.","y 
into health and safety initiatives 
is important as it can help 
reduce harmful environmental 
exposures that may lead to 
illness or injury. Adopting 
sustainable practices can create 
healthier, safer workplaces 
and communities, reduce 
our carbon footprint and 
contribute to a better future 
for all.”
Ken Soltesz, Director, Environment, 
Hea"
EEVID_b9d37a29f01ebbd7,packaging_wrapper,hershey_latest_esg_packaging_section.pdf,text_or_table,unified_memory_scan,retail_price,retail_price_evidence,company_level_relationship_evidence,company_level_confirmed,company_level_only,medium,high,candidate_for_strict_audit,pending_step16i,hershey,cocoa_chocolate,benchmark_not_invoice; do_not_claim_sku_level_supplier; retail_observation_not_margin; supplier_claim_not_sku_confirmed,hershey / cocoa_chocolate / packaging_wrapper may support observed retail page or price evidence. Use only as company-level relationship evidence. Do not claim exact 1.55 oz SKU allocation.,"difference 
between people, often referred to in terms of race 
and gender. Hershey also includes dimensions such 
as age, ethnicity, sexual orientation, veteran status 
and physical abilities.
People of Color (POC): Refers to Black, African 
American, Hispanic/Latino, Asian/Asian Pacific 
Islander, Hawaiian Pacific Islander and those who 
identify"
EEVID_9be130b4db777842,packaging_wrapper,hershey_latest_esg_packaging_section.pdf,text_or_table,unified_memory_scan,supplier_relationship,supplier_relationship_evidence,company_level_relationship_evidence,company_level_confirmed,company_level_only,medium,high,candidate_for_strict_audit,pending_step16i,hershey,,benchmark_not_invoice; do_not_claim_sku_level_supplier; supplier_claim_not_sku_confirmed,hershey / packaging_wrapper may support a company level confirmed relationship claim. Use only as company-level relationship evidence. Do not claim exact 1.55 oz SKU allocation.,"n, 
Pennsylvania, has seen excellent results already. We were 
more consistently able to hire talent with desirable food 
experience, contributing to a 56% lower attrition rate in 
2023 than 2022. This saved approximately $800,000 in 
recruitment costs. The plant also doubled representation 
of POC to 36% and of Hispanic employees to 32% since 
bef"
EEVID_3356d2b6ae2310c1,packaging_wrapper,hershey_latest_esg_packaging_section.pdf,text_or_table,unified_memory_scan,ingredient_confirmation,ingredient_or_label_evidence,company_level_relationship_evidence,company_level_confirmed,company_level_only,medium,high,candidate_for_strict_audit,pending_step16i,hershey,cocoa_chocolate,do_not_claim_sku_level_supplier; supplier_claim_not_sku_confirmed,"hershey / cocoa_chocolate / packaging_wrapper may support ingredient, label, or product identity evidence. Use only as company-level relationship evidence. Do not claim exact 1.55 oz SKU allocation.","→See Education and Opportunity on page 106 for more about our 
growing partnership with MHS.
Say “Hola” to POKA
Being inclusive really teaches you unexpected 
things: Say “Hola” may have given us a 
transformational training tool.
POKA is a digital training and translation app we have 
been trialing to give employees on the production line 
insight"
EEVID_5fee1d7150384401,packaging_wrapper,hershey_latest_esg_packaging_section.pdf,text_or_table,unified_memory_scan,ingredient_confirmation,ingredient_or_label_evidence,company_level_relationship_evidence,company_level_confirmed,company_level_only,medium,high,candidate_for_strict_audit,pending_step16i,hershey,cocoa_chocolate,benchmark_not_invoice; do_not_claim_sku_level_supplier; supplier_claim_not_sku_confirmed,"hershey / cocoa_chocolate / packaging_wrapper may support ingredient, label, or product identity evidence. Use only as company-level relationship evidence. Do not claim exact 1.55 oz SKU allocation.","engage a diverse slate 
of prospective suppliers for sourcing events, such as 
requests for proposal (RFP) worth $250,000 or more
• Launched an e-learning module about our Supplier 
Diversity Program, required for all procurement 
employees globally and for managers and above 
in the U.S. and Canada
• Re-established our network of supplier diversit"
EEVID_c63b9f69a2f5dbf5,packaging_wrapper,hershey_latest_esg_packaging_section.pdf,text_or_table,unified_memory_scan,supplier_relationship,supplier_relationship_evidence,company_level_relationship_evidence,company_level_confirmed,company_level_only,medium,high,candidate_for_strict_audit,pending_step16i,hershey,,benchmark_not_invoice; do_not_claim_sku_level_supplier; supplier_claim_not_sku_confirmed,hershey / packaging_wrapper may support a company level confirmed relationship claim. Use only as company-level relationship evidence. Do not claim exact 1.55 oz SKU allocation.,"Harrisburg 
University. CIE is part of a national ecosystem of 
entrepreneurs and network of innovation incubators. 
Hershey support included: 
• Setting CIE entrepreneurs a business challenge and 
hosting them at our headquarters for them to present 
their solutions 
• Alicia Petross, our Chief Diversity Officer, serving 
as a judge at a CIE “shar"
EEVID_638424505c83b273,packaging_wrapper,hershey_latest_esg_packaging_section.pdf,text_or_table,unified_memory_scan,ingredient_confirmation,ingredient_or_label_evidence,company_level_relationship_evidence,company_level_confirmed,company_level_only,medium,high,candidate_for_strict_audit,pending_step16i,hershey,cocoa_chocolate,benchmark_not_invoice; do_not_claim_sku_level_supplier; supplier_claim_not_sku_confirmed,"hershey / cocoa_chocolate / packaging_wrapper may support ingredient, label, or product identity evidence. Use only as company-level relationship evidence. Do not claim exact 1.55 oz SKU allocation.","at 
139 Costco locations across the U.S., bringing 
in an estimated $1 million in additional sales. 
This is just one example of how our inclusive 
culture leads to more moments of goodness.
Costco leadership, internal 
and external commercial 
teams and the Asian & Pacific 
Islander BRG worked together 
to develop a different way to 
celebrate the"
EEVID_65f6489c19eef157,packaging_wrapper,hershey_latest_esg_packaging_section.pdf,text_or_table,unified_memory_scan,ingredient_confirmation,ingredient_or_label_evidence,company_level_relationship_evidence,company_level_confirmed,company_level_only,medium,high,candidate_for_strict_audit,pending_step16i,hershey,cocoa_chocolate,do_not_claim_sku_level_supplier; supplier_claim_not_sku_confirmed,"hershey / cocoa_chocolate / packaging_wrapper may support ingredient, label, or product identity evidence. Use only as company-level relationship evidence. Do not claim exact 1.55 oz SKU allocation.","r 
Accelerator program for Pathways to GROW graduates.
We graduated 35 participants in 2023 and over 130 since 
instituting the program. Graduates continue to have a 
higher lateral and upward promotion rate than the rest of 
the enterprise.1 In 2024, while continuing to invest in the 
program, we will evaluate a possible combination with the 
LSP "
EEVID_ee2d4d52d84017b0,packaging_wrapper,hershey_latest_esg_packaging_section.pdf,text_or_table,unified_memory_scan,ingredient_confirmation,ingredient_or_label_evidence,company_level_relationship_evidence,company_level_confirmed,company_level_only,medium,high,candidate_for_strict_audit,pending_step16i,hershey,cocoa_chocolate; packaging,do_not_claim_sku_level_supplier; supplier_claim_not_sku_confirmed,"hershey / cocoa_chocolate, packaging / packaging_wrapper may support ingredient, label, or product identity evidence. Use only as company-level relationship evidence. Do not claim exact 1.55 oz SKU allocation.","offer Career Development Action Planning workshops
 
 Contents
Making Good
Our Company
Cocoa
Responsible Sourcing and Human Rights
Environment
Our People
Youth
Community
About This Report
93
The Hershey Company 2023 ESG Report
1
Program graduates are promoted at a rate that is 11% higher than non-
participant colleagues. We also consider Pathways t"
EEVID_1ab3c3e0ccbf85f0,packaging_wrapper,hershey_latest_esg_packaging_section.pdf,text_or_table,unified_memory_scan,ingredient_confirmation,ingredient_or_label_evidence,company_level_relationship_evidence,company_level_confirmed,company_level_only,medium,high,candidate_for_strict_audit,pending_step16i,hershey,cocoa_chocolate,benchmark_not_invoice; do_not_claim_sku_level_supplier; supplier_claim_not_sku_confirmed,"hershey / cocoa_chocolate / packaging_wrapper may support ingredient, label, or product identity evidence. Use only as company-level relationship evidence. Do not claim exact 1.55 oz SKU allocation.","That led into:
• The inaugural Future CEO program, launched March 7, 
2023, with nonprofits Girl Up and Girls on the Run
• Liz Kunz, CEO of Girls on the Run, joining Michele Buck 
on International Women’s Day for a keynote speaker 
event, with a live audience of 950 at our corporate 
HQ and 21 watch parties in Hershey and Kroger offices
• Hershey t"
EEVID_180ce10d5a537256,packaging_wrapper,hershey_latest_esg_packaging_section.pdf,text_or_table,unified_memory_scan,ingredient_confirmation,ingredient_or_label_evidence,company_level_relationship_evidence,company_level_confirmed,company_level_only,medium,high,candidate_for_strict_audit,pending_step16i,hershey,cocoa_chocolate,do_not_claim_sku_level_supplier; supplier_claim_not_sku_confirmed,"hershey / cocoa_chocolate / packaging_wrapper may support ingredient, label, or product identity evidence. Use only as company-level relationship evidence. Do not claim exact 1.55 oz SKU allocation.","he percentage of employees covered by collective bargaining agreements and includes employees worldwide.
Employees1
2023
2022
2021
Total
Female
Male
Total
Female
Male
Total
Female
Male
Global Employees
 
20,507 
9,878 
10,626 
19,271 
9,216 
10,055 
17,848 
8,507 
9,341 
Full-time
 
18,650 
8,866 
9,784 
17,489 
8,252 
9,237 
16,379 
7,690 
8,689 
"
EEVID_e34452878b116e5f,packaging_wrapper,hershey_latest_esg_packaging_section.pdf,text_or_table,unified_memory_scan,ingredient_confirmation,ingredient_or_label_evidence,company_level_relationship_evidence,company_level_confirmed,company_level_only,medium,high,candidate_for_strict_audit,pending_step16i,hershey,cocoa_chocolate,do_not_claim_sku_level_supplier; supplier_claim_not_sku_confirmed,"hershey / cocoa_chocolate / packaging_wrapper may support ingredient, label, or product identity evidence. Use only as company-level relationship evidence. Do not claim exact 1.55 oz SKU allocation.","agement
 7.4 %
 66.2 %
 26.4 %
 6.5 %
 66.7 %
 26.8 %
 7.0 %
 65.4 %
 27.6 %
Senior Leader
 0.0 %
 57.4 %
 42.6 %
 0.0 %
 53.9 %
 46.1 %
 0.0 %
 55.2 %
 44.8 %
Executive team
 0.0 %
 36.4 %
 63.6 %
 0.0 %
 40.0 %
 60.0 %
 0.0 %
 44.4 %
 55.6 %
1
Select data in the global workforce by age table received limited assurance by EY and the corresponding "
EEVID_ce09b85639d36806,packaging_wrapper,hershey_latest_esg_packaging_section.pdf,text_or_table,unified_memory_scan,supplier_relationship,supplier_relationship_evidence,company_level_relationship_evidence,company_level_confirmed,company_level_only,medium,high,candidate_for_strict_audit,pending_step16i,hershey,,do_not_claim_sku_level_supplier; supplier_claim_not_sku_confirmed,hershey / packaging_wrapper may support a company level confirmed relationship claim. Use only as company-level relationship evidence. Do not claim exact 1.55 oz SKU allocation.,"1
Management as percentage of total workforce
 14.1 %
 13.3 %
 13.0 % 
— 
Non-management as percentage of total workforce
 85.9 %
 86.7 %
 87.0 % 
— 
Proportion of senior management hired from the local community
 79.3 %
 100.0 %
 87.5 %
2
1
Senior leader level data includes Hershey people leaders or employees at an internal pay band level of 3B or"
EEVID_2a49be6585d569e1,packaging_wrapper,hershey_latest_esg_packaging_section.pdf,text_or_table,unified_memory_scan,ingredient_confirmation,ingredient_or_label_evidence,company_level_relationship_evidence,company_level_confirmed,company_level_only,medium,high,candidate_for_strict_audit,pending_step16i,hershey,cocoa_chocolate,do_not_claim_sku_level_supplier; supplier_claim_not_sku_confirmed,"hershey / cocoa_chocolate / packaging_wrapper may support ingredient, label, or product identity evidence. Use only as company-level relationship evidence. Do not claim exact 1.55 oz SKU allocation.","24.6 %
 19.4 %
 17.2 %
 17.0 %
 17.7 %
 17.1 %
 16.7 %
 30.7 %
 29.7 %
 26.0 %
Asian
 4.3 %
 4.2 %
 4.2 %
 9.0 %
 8.3 %
 7.5 %
 5.7 %
 5.6 %
 5.9 %
 4.0 %
 4.0 %
 3.9 %
Black
 12.4 %
 12.9 %
 12.1 %
 2.9 %
 3.1 %
 2.9 %
 4.9 %
 4.7 %
 4.9 %
 13.9 %
 14.4 %
 13.3 %
Hispanic/Latino
 9.6 %
 8.7 %
 6.6 %
 6.6 %
 5.3 %
 5.9 %
 6.2 %
 6.1 %
 5.1 %
 10.3 "
EEVID_b9c7da65b944e378,packaging_wrapper,hershey_latest_esg_packaging_section.pdf,text_or_table,unified_memory_scan,ingredient_confirmation,ingredient_or_label_evidence,company_level_relationship_evidence,company_level_confirmed,company_level_only,medium,high,candidate_for_strict_audit,pending_step16i,hershey,cocoa_chocolate,do_not_claim_sku_level_supplier; supplier_claim_not_sku_confirmed,"hershey / cocoa_chocolate / packaging_wrapper may support ingredient, label, or product identity evidence. Use only as company-level relationship evidence. Do not claim exact 1.55 oz SKU allocation.","tify as two of more races. However, we only disclose Asian, Black and Hispanic/Latino. Thus, totals will not add up to 100%. 
 Contents
Making Good
Our Company
Cocoa
Responsible Sourcing and Human Rights
Environment
Our People
Youth
Community
About This Report
97
The Hershey Company 2023 ESG Report


--- PAGE 98 ---
Executive Team1,2,3
Unit
2023
20"
EEVID_aa2cdce424e6c490,packaging_wrapper,hershey_latest_esg_packaging_section.pdf,text_or_table,unified_memory_scan,ingredient_confirmation,ingredient_or_label_evidence,company_level_relationship_evidence,company_level_confirmed,company_level_only,medium,high,candidate_for_strict_audit,pending_step16i,hershey,cocoa_chocolate,do_not_claim_sku_level_supplier; supplier_claim_not_sku_confirmed,"hershey / cocoa_chocolate / packaging_wrapper may support ingredient, label, or product identity evidence. Use only as company-level relationship evidence. Do not claim exact 1.55 oz SKU allocation.","e engagement (eNPS) 
44
50
47
43
31
44
43
Intent to stay 
 82 %
 88 %
 84 %
 81 %
 70 %
 83 %
 81 %
Expectations (meet/exceed) 
 90 %
 91 %
 90 %
 90 %
 86 %
 91 %
 89 %
1
This employee engagement data represents results from The Hershey Company's 2023 Q4 Continuous Listening Survey, which included both salaried and hourly Hershey employees. Data b"
EEVID_57ca92165f526a49,packaging_wrapper,hershey_latest_esg_packaging_section.pdf,text_or_table,unified_memory_scan,ingredient_confirmation,ingredient_or_label_evidence,company_level_relationship_evidence,company_level_confirmed,company_level_only,medium,high,candidate_for_strict_audit,pending_step16i,hershey,cocoa_chocolate,benchmark_not_invoice; do_not_claim_sku_level_supplier; supplier_claim_not_sku_confirmed,"hershey / cocoa_chocolate / packaging_wrapper may support ingredient, label, or product identity evidence. Use only as company-level relationship evidence. Do not claim exact 1.55 oz SKU allocation.","mployee works at a plant that does not have this parental leave benefit. The remaining four employees still have an opportunity to elect and use the benefit in 2024.
Of the 14 male employees in the ""did not elect"" category, only one actually did not elect to use this benefit. Five employees work at a plant that does not have the parental leave bene"
EEVID_89e62739ab684a76,packaging_wrapper,hershey_latest_esg_packaging_section.pdf,text_or_table,unified_memory_scan,ingredient_confirmation,ingredient_or_label_evidence,company_level_relationship_evidence,company_level_confirmed,company_level_only,medium,high,candidate_for_strict_audit,pending_step16i,hershey,cocoa_chocolate,benchmark_not_invoice; do_not_claim_sku_level_supplier; supplier_claim_not_sku_confirmed,"hershey / cocoa_chocolate / packaging_wrapper may support ingredient, label, or product identity evidence. Use only as company-level relationship evidence. Do not claim exact 1.55 oz SKU allocation.","is value represents Hershey spending with direct diverse suppliers (Tier 1) as well as spend with 
diverse suppliers made on our behalf by our direct suppliers (Tier 2).
3
This value represents the number of diverse suppliers Hershey is directly spending dollars with in a given calendar year.
4
These results show the percentage of our procurement b"
EEVID_12c59de433793958,packaging_wrapper,hershey_latest_esg_packaging_section.pdf,text_or_table,unified_memory_scan,ingredient_confirmation,ingredient_or_label_evidence,company_level_relationship_evidence,company_level_confirmed,company_level_only,medium,high,candidate_for_strict_audit,pending_step16i,hershey,cocoa_chocolate,do_not_claim_sku_level_supplier; supplier_claim_not_sku_confirmed,"hershey / cocoa_chocolate / packaging_wrapper may support ingredient, label, or product identity evidence. Use only as company-level relationship evidence. Do not claim exact 1.55 oz SKU allocation.","hese hours do not account for outside team or individual training programs not offered through Hershey’s centralized system.
 Contents
Making Good
Our Company
Cocoa
Responsible Sourcing and Human Rights
Environment
Our People
Youth
Community
About This Report
100
The Hershey Company 2023 ESG Report


--- PAGE 101 ---
New Employees Hired1
2023
2022
"
EEVID_8bf13799512672b3,packaging_wrapper,hershey_latest_esg_packaging_section.pdf,text_or_table,unified_memory_scan,ingredient_confirmation,ingredient_or_label_evidence,company_level_relationship_evidence,company_level_confirmed,company_level_only,medium,high,candidate_for_strict_audit,pending_step16i,hershey,cocoa_chocolate,do_not_claim_sku_level_supplier; supplier_claim_not_sku_confirmed,"hershey / cocoa_chocolate / packaging_wrapper may support ingredient, label, or product identity evidence. Use only as company-level relationship evidence. Do not claim exact 1.55 oz SKU allocation.","part-time employment. 
New employee hire and turnover data for Mexico is included in the Latin America and Caribbean region.
 Contents
Making Good
Our Company
Cocoa
Responsible Sourcing and Human Rights
Environment
Our People
Youth
Community
About This Report
101
The Hershey Company 2023 ESG Report


--- PAGE 102 ---
Employee Turnover1
2023
2022
20"
EEVID_23fb0824d196097a,packaging_wrapper,hershey_latest_esg_packaging_section.pdf,text_or_table,unified_memory_scan,ingredient_confirmation,ingredient_or_label_evidence,company_level_relationship_evidence,company_level_confirmed,company_level_only,medium,high,candidate_for_strict_audit,pending_step16i,hershey,cocoa_chocolate,benchmark_not_invoice; do_not_claim_sku_level_supplier; supplier_claim_not_sku_confirmed,"hershey / cocoa_chocolate / packaging_wrapper may support ingredient, label, or product identity evidence. Use only as company-level relationship evidence. Do not claim exact 1.55 oz SKU allocation.","kers who are not employees but whose work is controlled by our 
organizations. We do not track metrics for contractors. Each contractor company is responsible for gathering this information and reporting it according to local requirements.
 Contents
Making Good
Our Company
Cocoa
Responsible Sourcing and Human Rights
Environment
Our People
Youth
Com"
EEVID_f2af3fe6db6781df,packaging_wrapper,hershey_latest_esg_packaging_section.pdf,text_or_table,unified_memory_scan,supplier_relationship,supplier_relationship_evidence,company_level_relationship_evidence,company_level_confirmed,company_level_only,medium,high,candidate_for_strict_audit,pending_step16i,hershey,,benchmark_not_invoice; do_not_claim_sku_level_supplier; supplier_claim_not_sku_confirmed,hershey / packaging_wrapper may support a company level confirmed relationship claim. Use only as company-level relationship evidence. Do not claim exact 1.55 oz SKU allocation.,"others
• Take action to create kinder, more inclusive communities
Heartwarming Project Highlights
Our work in 2023 advanced all those aims. We also 
celebrated the fifth year of our signature HWP Action 
Grants Program, which awards micro-grants to teens 
to create heartwarming changes in their communities.
 In 2023, the program announced it would:"
EEVID_42b6569d74e637b7,packaging_wrapper,hershey_latest_esg_packaging_section.pdf,text_or_table,unified_memory_scan,ingredient_confirmation,ingredient_or_label_evidence,company_level_relationship_evidence,company_level_confirmed,company_level_only,medium,high,candidate_for_strict_audit,pending_step16i,hershey,cocoa_chocolate,do_not_claim_sku_level_supplier; supplier_claim_not_sku_confirmed,"hershey / cocoa_chocolate / packaging_wrapper may support ingredient, label, or product identity evidence. Use only as company-level relationship evidence. Do not claim exact 1.55 oz SKU allocation.","ice Day. 6,900 young people took 
part in 138 projects promoting kindness, inclusion, 
empathy and connection. 
→See The Heartwarming Project data on page 107. 
Connecting Across Difference
We continued to support Global Nomads Group (GNG), 
a nonprofit offering safe digital spaces designed by global 
youth, for global youth. These spaces include o"
EEVID_2bb5973903ae9046,packaging_wrapper,hershey_latest_esg_packaging_section.pdf,text_or_table,unified_memory_scan,supplier_relationship,supplier_relationship_evidence,company_level_relationship_evidence,company_level_confirmed,company_level_only,medium,high,candidate_for_strict_audit,pending_step16i,hershey,packaging,benchmark_not_invoice; do_not_claim_sku_level_supplier; supplier_claim_not_sku_confirmed,hershey / packaging / packaging_wrapper may support a company level confirmed relationship claim. Use only as company-level relationship evidence. Do not claim exact 1.55 oz SKU allocation.,"Sourcing and Human Rights
Environment
Our People
Youth
Community
About This Report
104
The Hershey Company 2023 ESG Report
1
Current Priorities of the U.S. Surgeon General: Youth Mental Health.
2
Loneliness and Social Isolation as Risk Factors for Mortality | Perspectives 
on Psychological Science.


--- PAGE 105 ---
Empowering the Next Generation
"
EEVID_d9aafdc813639a37,packaging_wrapper,hershey_latest_esg_packaging_section.pdf,text_or_table,unified_memory_scan,ingredient_confirmation,ingredient_or_label_evidence,company_level_relationship_evidence,company_level_confirmed,company_level_only,medium,high,candidate_for_strict_audit,pending_step16i,hershey,cocoa_chocolate; packaging,benchmark_not_invoice; do_not_claim_sku_level_supplier; supplier_claim_not_sku_confirmed,"hershey / cocoa_chocolate, packaging / packaging_wrapper may support ingredient, label, or product identity evidence. Use only as company-level relationship evidence. Do not claim exact 1.55 oz SKU allocation.","cil that met regularly with 
Hershey employees to advise on the campaign, 
packaging design and amplification strategy 
• Shared insights from Hershey employees on careers and 
how to plan and execute creative marketing campaigns
The participating organizations were:
• Memphis Music Initiative of Memphis, Tennessee
• We Are Culture Creators of Detr"
EEVID_90f7da01f8a88393,packaging_wrapper,hershey_latest_esg_packaging_section.pdf,text_or_table,unified_memory_scan,ingredient_confirmation,ingredient_or_label_evidence,company_level_relationship_evidence,company_level_confirmed,company_level_only,medium,high,candidate_for_strict_audit,pending_step16i,hershey,cocoa_chocolate,do_not_claim_sku_level_supplier; supplier_claim_not_sku_confirmed,"hershey / cocoa_chocolate / packaging_wrapper may support ingredient, label, or product identity evidence. Use only as company-level relationship evidence. Do not claim exact 1.55 oz SKU allocation.","ter. The internship culminated with 
students presenting new product ideas they had created 
in response to current, actual Hershey business needs. 
A Growing Apprenticeship Program
More MHS students obtained their Pennsylvania-
recognized pre-apprenticeship certificate with Hershey 
in 2023. We have now supported 25 MHS students 
through this two-"
EEVID_079d98a28a70f158,packaging_wrapper,hershey_latest_esg_packaging_section.pdf,text_or_table,unified_memory_scan,ingredient_confirmation,ingredient_or_label_evidence,company_level_relationship_evidence,company_level_confirmed,company_level_only,medium,high,candidate_for_strict_audit,pending_step16i,hershey,cocoa_chocolate,do_not_claim_sku_level_supplier; supplier_claim_not_sku_confirmed,"hershey / cocoa_chocolate / packaging_wrapper may support ingredient, label, or product identity evidence. Use only as company-level relationship evidence. Do not claim exact 1.55 oz SKU allocation.","artwarming actions decreased in 2023 as we had fewer partners engaged in youth actions and also awarded fewer action grants.
 Contents
Making Good
Our Company
Cocoa
Responsible Sourcing and Human Rights
Environment
Our People
Youth
Community
About This Report
107
The Hershey Company 2023 ESG Report


--- PAGE 108 ---
Everyone at Hershey is proud to"
EEVID_c5e5c73ed07faf3a,packaging_wrapper,hershey_latest_esg_packaging_section.pdf,text_or_table,unified_memory_scan,supplier_relationship,supplier_relationship_evidence,company_level_relationship_evidence,company_level_confirmed,company_level_only,medium,high,candidate_for_strict_audit,pending_step16i,hershey,,benchmark_not_invoice; do_not_claim_sku_level_supplier; supplier_claim_not_sku_confirmed,hershey / packaging_wrapper may support a company level confirmed relationship claim. Use only as company-level relationship evidence. Do not claim exact 1.55 oz SKU allocation.,"ionships with NGOs
• Dispense grants and review impact reports
• Organize employee volunteering and fundraising
We focus our community philanthropic investments on 
communities where we live and work. Our giving supports 
more inclusive communities, basic needs, disaster 
response efforts and educational initiatives. 
The following are highlights f"
EEVID_bf597fa370012e28,packaging_wrapper,hershey_latest_esg_packaging_section.pdf,text_or_table,unified_memory_scan,ingredient_confirmation,ingredient_or_label_evidence,company_level_relationship_evidence,company_level_confirmed,company_level_only,medium,high,candidate_for_strict_audit,pending_step16i,hershey,cocoa_chocolate,do_not_claim_sku_level_supplier; supplier_claim_not_sku_confirmed,"hershey / cocoa_chocolate / packaging_wrapper may support ingredient, label, or product identity evidence. Use only as company-level relationship evidence. Do not claim exact 1.55 oz SKU allocation.","bution to help support holiday celebrations 
at USOs nationwide.
Basic Needs, Disaster Response and Supporting 
Our Plant Communities 
We proactively support American National Red Cross 
(ANRC) Disaster Relief efforts by pre-funding the 
organization before disasters strike. This helps deploy 
resources to the thousands of disasters ANRC responds 
"
EEVID_d7acb47eac4bbc43,packaging_wrapper,hershey_latest_esg_packaging_section.pdf,text_or_table,unified_memory_scan,ingredient_confirmation,ingredient_or_label_evidence,company_level_relationship_evidence,company_level_confirmed,company_level_only,medium,high,candidate_for_strict_audit,pending_step16i,hershey,cocoa_chocolate,do_not_claim_sku_level_supplier; supplier_claim_not_sku_confirmed,"hershey / cocoa_chocolate / packaging_wrapper may support ingredient, label, or product identity evidence. Use only as company-level relationship evidence. Do not claim exact 1.55 oz SKU allocation.","helped support their Reimagine 
Campaign to modernize, improve accessibility and 
increase the capacity of their building. 
 Contents
Making Good
Our Company
Cocoa
Responsible Sourcing and Human Rights
Environment
Our People
Youth
Community
About This Report
109
The Hershey Company 2023 ESG Report


--- PAGE 110 ---
Hershey For Communities
continue"
EEVID_1cba24b4fe1e65a2,packaging_wrapper,hershey_latest_esg_packaging_section.pdf,text_or_table,unified_memory_scan,ingredient_confirmation,ingredient_or_label_evidence,company_level_relationship_evidence,company_level_confirmed,company_level_only,medium,high,candidate_for_strict_audit,pending_step16i,hershey,cocoa_chocolate,do_not_claim_sku_level_supplier; supplier_claim_not_sku_confirmed,"hershey / cocoa_chocolate / packaging_wrapper may support ingredient, label, or product identity evidence. Use only as company-level relationship evidence. Do not claim exact 1.55 oz SKU allocation.","helped launch 
a fun effort to educate young students across 
Pennsylvania about the nation’s upcoming birthday: 
the Keystone Classroom Initiative (KCI). This unique 
storytelling and visitation program for children’s hospitals, 
pre-kindergarten through fourth grade classrooms and 
youth camps teaches about Pennsylvania’s historic role. 
After ea"
EEVID_d82c7b5f6a923de9,packaging_wrapper,hershey_latest_esg_packaging_section.pdf,text_or_table,unified_memory_scan,ingredient_confirmation,ingredient_or_label_evidence,company_level_relationship_evidence,company_level_confirmed,company_level_only,medium,high,candidate_for_strict_audit,pending_step16i,hershey,cocoa_chocolate,do_not_claim_sku_level_supplier; supplier_claim_not_sku_confirmed,"hershey / cocoa_chocolate / packaging_wrapper may support ingredient, label, or product identity evidence. Use only as company-level relationship evidence. Do not claim exact 1.55 oz SKU allocation.","te, Preserve, Innovate and Celebrate 
Pennsylvania’s rich history, culture and future, 
and enables us to ensure that this historic 
semiquincentennial commemoration 
is one that is most inclusive, engaging 
ALL Pennsylvanians in ALL 67 counties.”
Cassandra Coleman, Executive Director, America250PA


--- PAGE 111 ---
Hershey For Communities
continu"
EEVID_7f860fdd26407731,packaging_wrapper,hershey_latest_esg_packaging_section.pdf,text_or_table,unified_memory_scan,ingredient_confirmation,ingredient_or_label_evidence,company_level_relationship_evidence,company_level_confirmed,company_level_only,medium,high,candidate_for_strict_audit,pending_step16i,hershey,cocoa_chocolate,do_not_claim_sku_level_supplier; supplier_claim_not_sku_confirmed,"hershey / cocoa_chocolate / packaging_wrapper may support ingredient, label, or product identity evidence. Use only as company-level relationship evidence. Do not claim exact 1.55 oz SKU allocation.","Commerce. This is their fourth consecutive win! 
The award recognizes our commitment to corporate 
citizenship in key areas like strategy, sustainability, 
measurability, communication and partnerships. 
Of the 120 participants, Hershey is one of 60 scoring 
high across all pillars by implementing responsibility 
and sustainability initiatives.
Pro"
EEVID_09d9165c9d380fb6,packaging_wrapper,hershey_latest_esg_packaging_section.pdf,text_or_table,unified_memory_scan,supplier_relationship,supplier_relationship_evidence,company_level_relationship_evidence,company_level_confirmed,company_level_only,medium,high,candidate_for_strict_audit,pending_step16i,hershey,,benchmark_not_invoice; do_not_claim_sku_level_supplier; supplier_claim_not_sku_confirmed,hershey / packaging_wrapper may support a company level confirmed relationship claim. Use only as company-level relationship evidence. Do not claim exact 1.55 oz SKU allocation.,"nities. In 2023: 
• 1,400 employees participated 
• 3,500 total hours were volunteered 
• 45 nonprofit organizations supported globally
• Volunteers worked on 65 events 
We brought back our Rise Against Hunger (RAH) meal 
packing event in 2023. RAH is a growing global movement 
to end hunger.
Our largest volunteer activity during Good to Give Back "
EEVID_c037bf77a097958a,packaging_wrapper,hershey_latest_esg_packaging_section.pdf,text_or_table,unified_memory_scan,ingredient_confirmation,ingredient_or_label_evidence,company_level_relationship_evidence,company_level_confirmed,company_level_only,medium,high,candidate_for_strict_audit,pending_step16i,hershey,cocoa_chocolate,benchmark_not_invoice; do_not_claim_sku_level_supplier; supplier_claim_not_sku_confirmed,"hershey / cocoa_chocolate / packaging_wrapper may support ingredient, label, or product identity evidence. Use only as company-level relationship evidence. Do not claim exact 1.55 oz SKU allocation.","ifferent causes across 
the globe, including: 
• Hunger 
• Social and emotional learning 
• Social justice and inclusive organizations 
• Workforce development 
• Environmental conservation
2023 Employee Impact in Numbers
127,440 
hours volunteered by employees
$1.7M+ 
raised by Season of Giving Campaign
$1.6M+ 
raised by employee and matched givin"
EEVID_d2e65b20735afce4,packaging_wrapper,hershey_latest_esg_packaging_section.pdf,text_or_table,unified_memory_scan,ingredient_confirmation,ingredient_or_label_evidence,company_level_relationship_evidence,company_level_confirmed,company_level_only,medium,high,candidate_for_strict_audit,pending_step16i,hershey,cocoa_chocolate,do_not_claim_sku_level_supplier; supplier_claim_not_sku_confirmed,"hershey / cocoa_chocolate / packaging_wrapper may support ingredient, label, or product identity evidence. Use only as company-level relationship evidence. Do not claim exact 1.55 oz SKU allocation.","tzels.
For 130 years, Hershey has been committed to operating 
fairly, ethically and sustainably. The candy and snack 
maker’s founder, Milton Hershey, created Milton Hershey 
School in 1909, and since then, the company has focused 
on helping children succeed through equitable access to 
education.
→To learn more visit, www.thehersheycompany.com
W"
EEVID_2058c09f0356c788,packaging_wrapper,hershey_latest_esg_packaging_section.pdf,text_or_table,unified_memory_scan,supplier_relationship,supplier_relationship_evidence,company_level_relationship_evidence,company_level_confirmed,company_level_only,medium,high,candidate_for_strict_audit,pending_step16i,hershey,,benchmark_not_invoice; do_not_claim_sku_level_supplier; supplier_claim_not_sku_confirmed,hershey / packaging_wrapper may support a company level confirmed relationship claim. Use only as company-level relationship evidence. Do not claim exact 1.55 oz SKU allocation.,"pply chain resilience
The active management of supply chain activities to minimize disruptions of any form and maximize company and customer value.
Sub-issues: Natural disaster preparedness, climate change, pandemic, risk assessment, geo-politics, tax
Child labor
Prohibiting work that deprives children of their childhood, their potential and their "
EEVID_10995d3bf06d02b6,packaging_wrapper,hershey_latest_esg_packaging_section.pdf,text_or_table,unified_memory_scan,ingredient_confirmation,ingredient_or_label_evidence,company_level_relationship_evidence,company_level_confirmed,company_level_only,medium,high,candidate_for_strict_audit,pending_step16i,hershey,cocoa_chocolate,do_not_claim_sku_level_supplier; supplier_claim_not_sku_confirmed,"hershey / cocoa_chocolate / packaging_wrapper may support ingredient, label, or product identity evidence. Use only as company-level relationship evidence. Do not claim exact 1.55 oz SKU allocation.","th 
industry standards.
Sub-issues: Learning and development, talent acquisition, compensation and benefits, pension management
Energy management
Optimizing operational practices and power sources to conserve energy and reduce overall energy consumption.
Sub-issues: Renewable energy, energy efficiency, LED lighting
Ethics and compliance
Maintaining"
EEVID_82ee60a601f141ef,packaging_wrapper,hershey_latest_esg_packaging_section.pdf,text_or_table,unified_memory_scan,ingredient_confirmation,ingredient_or_label_evidence,company_level_relationship_evidence,company_level_confirmed,company_level_only,medium,high,candidate_for_strict_audit,pending_step16i,hershey,cocoa_chocolate; packaging,do_not_claim_sku_level_supplier; supplier_claim_not_sku_confirmed,"hershey / cocoa_chocolate, packaging / packaging_wrapper may support ingredient, label, or product identity evidence. Use only as company-level relationship evidence. Do not claim exact 1.55 oz SKU allocation.","heir livelihoods.
Sub-issues: Employment opportunity, fair wages, living wage
Issue
Definition
 Contents
Making Good
Our Company
Cocoa
Responsible Sourcing and Human Rights
Environment
Our People
Youth
Community
About This Report
115
The Hershey Company 2023 ESG Report
Environment
Governance
Social


--- PAGE 116 ---
Material Issue Definitions
cont"
EEVID_2e702fa1a6feb800,packaging_wrapper,hershey_latest_esg_packaging_section.pdf,text_or_table,unified_memory_scan,ingredient_confirmation,ingredient_or_label_evidence,company_level_relationship_evidence,company_level_confirmed,company_level_only,medium,high,candidate_for_strict_audit,pending_step16i,hershey,cocoa_chocolate,do_not_claim_sku_level_supplier; supplier_claim_not_sku_confirmed,"hershey / cocoa_chocolate / packaging_wrapper may support ingredient, label, or product identity evidence. Use only as company-level relationship evidence. Do not claim exact 1.55 oz SKU allocation.","and farmers to receive a wage and/or income level that allows all members of the household to afford a decent standard of living.1
Health and safety
A safe and healthy workplace in both our own business and in our supply chains in line with applicable safety and health laws and in consultation with rightsholders.
Access to water and sanitation
Suff"
EEVID_3f29238e0e8b38e7,packaging_wrapper,hershey_pulp_and_paper_sourcing_data.pdf,text_or_table,unified_memory_scan,supplier_relationship,supplier_relationship_evidence,company_level_relationship_evidence,company_level_confirmed,company_level_only,medium,high,candidate_for_strict_audit,pending_step16i,hershey,packaging,do_not_claim_sku_level_supplier; supplier_claim_not_sku_confirmed,hershey / packaging / packaging_wrapper may support a company level confirmed relationship claim. Use only as company-level relationship evidence. Do not claim exact 1.55 oz SKU allocation.,"--- PAGE 1 ---
2024 Pulp & Paper Packaging Traceability - Supplier and Mill List
Accurate Box Co, Inc. 
Grupak Operaciones SA de CV
Packaging Corporation of America
Acme Corrugated Box Co., Inc
Hart Industries
Packstar SA de CV
Apong (Nanjing) Packaging
Harta Packaging Industries
Parkson Packaging
Autajon Packaging
Impresora Coyoacan
Parshva Print "
EEVID_5d5ce72fa246e11a,packaging_wrapper,hershey_pulp_and_paper_sourcing_data.pdf,text_or_table,unified_memory_scan,supplier_relationship,supplier_relationship_evidence,company_level_relationship_evidence,company_level_confirmed,company_level_only,medium,high,candidate_for_strict_audit,pending_step16i,hershey,packaging,benchmark_not_invoice; do_not_claim_sku_level_supplier; supplier_claim_not_sku_confirmed,hershey / packaging / packaging_wrapper may support a company level confirmed relationship claim. Use only as company-level relationship evidence. Do not claim exact 1.55 oz SKU allocation.,"ourced pulp and paper materials from 65 suppliers serving our global business operations. 
We welcome any stakeholder who has reliable data that is inconsistent with our own reporting to share it with Hershey so we may analyze it and update our supply chain disclosure, if necessary. 
Tier 1 Suppliers 
# HERSHEY:CONFIDENTIAL


--- PAGE 2 ---
Graphic"
EEVID_28dca9304eac76e6,packaging_wrapper,hershey_pulp_and_paper_sourcing_data.pdf,text_or_table,unified_memory_scan,supplier_relationship,supplier_relationship_evidence,company_level_relationship_evidence,company_level_confirmed,company_level_only,medium,high,candidate_for_strict_audit,pending_step16i,hershey,packaging,do_not_claim_sku_level_supplier; supplier_claim_not_sku_confirmed,hershey / packaging / packaging_wrapper may support a company level confirmed relationship claim. Use only as company-level relationship evidence. Do not claim exact 1.55 oz SKU allocation.,"& Paper Co., Ltd
XSD International Paper Sdn. Bhd.
Gondi Group
Nordic Paper
Yelim Corporation
Graphic Packaging International
NR Agarwal Industries
Zhejiang Kaifeng New Material
Tier 1 Supplier Country Locations
The following list of 90 Paper Mill Groups was self-reported by Hershey’s direct pulp and paper packaging suppliers for our global operati"
EEVID_a71f0b1d6e788d67,packaging_wrapper,hershey_pulp_paper_supplier_mill_list.pdf,text_or_table,unified_memory_scan,supplier_relationship,supplier_relationship_evidence,company_level_relationship_evidence,company_level_confirmed,company_level_only,medium,high,candidate_for_strict_audit,pending_step16i,hershey,packaging,do_not_claim_sku_level_supplier; supplier_claim_not_sku_confirmed,hershey / packaging / packaging_wrapper may support a company level confirmed relationship claim. Use only as company-level relationship evidence. Do not claim exact 1.55 oz SKU allocation.,"--- PAGE 1 ---
2024 Pulp & Paper Packaging Traceability - Supplier and Mill List
Accurate Box Co, Inc. 
Grupak Operaciones SA de CV
Packaging Corporation of America
Acme Corrugated Box Co., Inc
Hart Industries
Packstar SA de CV
Apong (Nanjing) Packaging
Harta Packaging Industries
Parkson Packaging
Autajon Packaging
Impresora Coyoacan
Parshva Print "
EEVID_255d23406f69e8e1,packaging_wrapper,hershey_pulp_paper_supplier_mill_list.pdf,text_or_table,unified_memory_scan,supplier_relationship,supplier_relationship_evidence,company_level_relationship_evidence,company_level_confirmed,company_level_only,medium,high,candidate_for_strict_audit,pending_step16i,hershey,packaging,benchmark_not_invoice; do_not_claim_sku_level_supplier; supplier_claim_not_sku_confirmed,hershey / packaging / packaging_wrapper may support a company level confirmed relationship claim. Use only as company-level relationship evidence. Do not claim exact 1.55 oz SKU allocation.,"ourced pulp and paper materials from 65 suppliers serving our global business operations. 
We welcome any stakeholder who has reliable data that is inconsistent with our own reporting to share it with Hershey so we may analyze it and update our supply chain disclosure, if necessary. 
Tier 1 Suppliers 
# HERSHEY:CONFIDENTIAL


--- PAGE 2 ---
Graphic"
EEVID_fb3985e09e484bfd,packaging_wrapper,hershey_pulp_paper_supplier_mill_list.pdf,text_or_table,unified_memory_scan,supplier_relationship,supplier_relationship_evidence,company_level_relationship_evidence,company_level_confirmed,company_level_only,medium,high,candidate_for_strict_audit,pending_step16i,hershey,packaging,do_not_claim_sku_level_supplier; supplier_claim_not_sku_confirmed,hershey / packaging / packaging_wrapper may support a company level confirmed relationship claim. Use only as company-level relationship evidence. Do not claim exact 1.55 oz SKU allocation.,"& Paper Co., Ltd
XSD International Paper Sdn. Bhd.
Gondi Group
Nordic Paper
Yelim Corporation
Graphic Packaging International
NR Agarwal Industries
Zhejiang Kaifeng New Material
Tier 1 Supplier Country Locations
The following list of 90 Paper Mill Groups was self-reported by Hershey’s direct pulp and paper packaging suppliers for our global operati"
EEVID_ef94c1cf4faa7540,packaging_wrapper,pulp-and-paper-sourcing-policy.pdf,text_or_table,unified_memory_scan,supplier_relationship,supplier_relationship_evidence,company_level_relationship_evidence,company_level_confirmed,company_level_only,medium,high,candidate_for_strict_audit,pending_step16i,hershey,packaging,benchmark_not_invoice; do_not_claim_sku_level_supplier; supplier_claim_not_sku_confirmed,hershey / packaging / packaging_wrapper may support a company level confirmed relationship claim. Use only as company-level relationship evidence. Do not claim exact 1.55 oz SKU allocation.,"s, grievance procedures and training programs to uphold the expectations set forth in this Pulp & 
Paper Policy within their own business operations, third party suppliers and raw material producers.
OUR GOALS
By 2025, Hershey’s goals for our global supply chain are to: 
• 
Responsibly source 100% of our pulp and paper packaging from recycled or ce"
EEVID_79d982b479451e2f,packaging_wrapper,pulp-and-paper-sourcing-policy.pdf,text_or_table,unified_memory_scan,supplier_relationship,supplier_relationship_evidence,company_level_relationship_evidence,company_level_confirmed,company_level_only,medium,high,candidate_for_strict_audit,pending_step16i,hershey,packaging,do_not_claim_sku_level_supplier; supplier_claim_not_sku_confirmed,hershey / packaging / packaging_wrapper may support a company level confirmed relationship claim. Use only as company-level relationship evidence. Do not claim exact 1.55 oz SKU allocation.,"se upon request information regarding 3rd-party certifications of virgin pulp and paper-based packaging and 
operations in their supply chain, including at the forest source and mill level
• 
Engage and collaborate with various stakeholders, including impacted Indigenous Peoples, local communities, workers, 
suppliers, peers, civil society, governm"
EEVID_9b89fc171d8b0cdc,sugar,Sugar-The-Hershey-Company-05-06-2026_02_22_PM.pdf,visual_ocr,unified_memory_scan,ingredient_confirmation,ingredient_or_label_evidence,company_level_relationship_evidence,company_level_confirmed,company_level_only,medium,high,candidate_for_strict_audit,pending_step16i,asr; hershey,cocoa_chocolate; sugar,benchmark_not_invoice; do_not_claim_sku_level_supplier; ocr_text_requires_visual_confidence_review; supplier_claim_not_sku_confirmed,"asr, hershey / cocoa_chocolate, sugar / sugar may support ingredient, label, or product identity evidence. Use only as company-level relationship evidence. Do not claim exact 1.55 oz SKU allocation.","ial risks and opportunities to create action plans to drive
improvement.
Transformation
Hershey is a member of the Sustainability Agriculture Initiative (SAI) Platform. Through the SAI
Platform, Hershey accesses tools and resources, and collaborates with other stakeholders across
the agricultural value chain to advance sustainable agriculture pract"
EEVID_29678b235112314d,sugar,asr_fy23_sustainability_report.pdf,text_or_table,unified_memory_scan,ingredient_confirmation,ingredient_or_label_evidence,company_level_relationship_evidence,company_level_confirmed,company_level_only,medium,high,candidate_for_strict_audit,pending_step16i,asr; hershey,sugar,benchmark_not_invoice; do_not_claim_sku_level_supplier; supplier_claim_not_sku_confirmed,"asr, hershey / sugar / sugar may support ingredient, label, or product identity evidence. Use only as company-level relationship evidence. Do not claim exact 1.55 oz SKU allocation.","comes 
from suppliers who uphold our values, and we create a positive impact. We will 
continue to look for the best and most responsible practices, to ensure continuous 
improvement with each year of re-certification.
Sustainability Manager Rebecca Bobadilla
63
ASR Group Sustainability Report 2023


--- PAGE 64 ---
Executive 
Summary
About ASR 
Gr"
EEVID_0c08b6768ba7da17,sugar,asr_fy23_sustainability_report.pdf,text_or_table,unified_memory_scan,ingredient_confirmation,ingredient_or_label_evidence,company_level_relationship_evidence,company_level_confirmed,company_level_only,medium,high,candidate_for_strict_audit,pending_step16i,asr; hershey,sugar,benchmark_not_invoice; do_not_claim_sku_level_supplier; supplier_claim_not_sku_confirmed,"asr, hershey / sugar / sugar may support ingredient, label, or product identity evidence. Use only as company-level relationship evidence. Do not claim exact 1.55 oz SKU allocation.","lders in the 
Philippines Sugar Sector with Nestrade S.A. (Nestlé) and 
Proforest Ltd.
These programs are aimed at enhancing sustainability and 
supporting the livelihoods of small landholders in the sugarcane 
industry. More information on these programs can be found in the 
following pages.
64
ASR Group Sustainability Report 2023


--- PAGE 65 --"
EEVID_0125b56da6d8ab1b,sugar,asr_sustainable_supply_chain_page.pdf,visual_ocr,unified_memory_scan,ingredient_confirmation,ingredient_or_label_evidence,company_level_relationship_evidence,company_level_confirmed,company_level_only,medium,high,candidate_for_strict_audit,pending_step16i,asr; hershey,sugar,benchmark_not_invoice; do_not_claim_sku_level_supplier; ocr_text_requires_visual_confidence_review; supplier_claim_not_sku_confirmed,"asr, hershey / sugar / sugar may support ingredient, label, or product identity evidence. Use only as company-level relationship evidence. Do not claim exact 1.55 oz SKU allocation.","--- VISUAL OCR PAGE 1: page_001.png ---
Ce
‘ASR ABOUT US OUR BRANDS OUR COMPANIES SUSTAINABILITY NEWSROOM CAREERS Q
: 4 | J 7 \ a ! me SUSTAINABILITY / SOCIAL / SUSTAINABLE & ETHICAL SUPPLY CHAIN
my e Noae
“a wr Sustainable &
q | ) Sip Ethical Supply
» x 4
e
i ee) | Chain
ZF \ a dk
3 fe aA ) OY =
Ed Oh _ hb s\
© Ks ‘ ~ — 3S \
X = 2 . = -_ ul
e e
Ou"
EEVID_e5bbb4830f7dc1b3,sugar,hershey_sugar_sourcing_page.pdf,visual_ocr,unified_memory_scan,ingredient_confirmation,ingredient_or_label_evidence,company_level_relationship_evidence,company_level_confirmed,company_level_only,medium,high,candidate_for_strict_audit,pending_step16i,asr; hershey,cocoa_chocolate; sugar,benchmark_not_invoice; do_not_claim_sku_level_supplier; ocr_text_requires_visual_confidence_review; supplier_claim_not_sku_confirmed,"asr, hershey / cocoa_chocolate, sugar / sugar may support ingredient, label, or product identity evidence. Use only as company-level relationship evidence. Do not claim exact 1.55 oz SKU allocation.","ial risks and opportunities to create action plans to drive
improvement.
Transformation
Hershey is a member of the Sustainability Agriculture Initiative (SAI) Platform. Through the SAI
Platform, Hershey accesses tools and resources, and collaborates with other stakeholders across
the agricultural value chain to advance sustainable agriculture pract"
EEVID_914faced50c30770,cocoa_chocolate_cocoa_butter,Cocoa-The-Hershey-Company-05-06-2026_02_25_PM.pdf,visual_ocr,unified_memory_scan,ingredient_confirmation,ingredient_or_label_evidence,benchmark_context_evidence,benchmark_proxy,benchmark_only,medium,high,candidate_for_strict_audit,pending_step16i,hershey,cocoa_chocolate,benchmark_not_invoice; do_not_claim_internal_hershey_cost; ocr_text_requires_visual_confidence_review,"hershey / cocoa_chocolate / cocoa_chocolate_cocoa_butter may support ingredient, label, or product identity evidence. Use only as public benchmark or market context. Do not present as Hershey internal invoice or SKU cost.","has supplied chocolate lovers
wo Hershey has continued work to expand with moments of goodness from our
In my years in this industry, I've never . . . . .
. co. the education system in cocoa-farming iconic treats.
witnessed a cocoa market quite like the ceo. .
. . communities in West Africa.
one we're experiencing today.
SS SS
SS
Improving Farmer L"
EEVID_55a39788b093c71c,cocoa_chocolate_cocoa_butter,barry_callebaut_annual_report_or_full_year_results_2024_25.pdf,text_or_table,unified_memory_scan,ingredient_confirmation,ingredient_or_label_evidence,benchmark_context_evidence,benchmark_proxy,benchmark_only,medium,high,candidate_for_strict_audit,pending_step16i,barry_callebaut,cocoa_chocolate,benchmark_not_invoice; do_not_claim_internal_hershey_cost; supplier_claim_not_sku_confirmed,"barry_callebaut / cocoa_chocolate / cocoa_chocolate_cocoa_butter may support ingredient, label, or product identity evidence. Use only as public benchmark or market context. Do not present as Hershey internal invoice or SKU cost.","301,003 
Cocoa Products
 
402,639 
 
3Refer to page 139 for detailed recurring results reconciliation. 
BARRY CALLEBAUT
Annual Report 2024/25
Letter to Shareholders
Overview
Business Highlights
Financial Reports
Governance
5
32%
24%
19%
13%
9%
3%
19%
67%
14%
Net profit recurring3
EBIT recurring3


--- PAGE 6 ---
FISCAL YEAR 2024/25 IN BRIEF
•
Custo"
EEVID_36de877f5fea3dab,cocoa_chocolate_cocoa_butter,barry_callebaut_annual_report_or_full_year_results_2024_25.pdf,text_or_table,unified_memory_scan,retail_price,retail_price_evidence,benchmark_context_evidence,benchmark_proxy,benchmark_only,medium,high,candidate_for_strict_audit,pending_step16i,,cocoa_chocolate,benchmark_not_invoice; do_not_claim_internal_hershey_cost; retail_observation_not_margin,cocoa_chocolate / cocoa_chocolate_cocoa_butter may support observed retail page or price evidence. Use only as public benchmark or market context. Do not present as Hershey internal invoice or SKU cost.,"fer to page 139 for detailed recurring results reconciliation. 
VOLUME GROWTH
VOLUME GROWTH
Global Chocolate
Global Cocoa
-5.3%
-12.8%
in tonnes vs. prior year
in tonnes vs. prior year
EBIT RECURRING4
EBIT RECURRING4
Global Chocolate
Global Cocoa
5.6%
16.4%
in LC vs. prior year
in LC vs. prior year


--- PAGE 7 ---
“
Letter to Shareholders
MAJOR PR"
EEVID_255dd3cf9a5e23ec,cocoa_chocolate_cocoa_butter,barry_callebaut_annual_report_or_full_year_results_2024_25.pdf,text_or_table,unified_memory_scan,retail_price,retail_price_evidence,benchmark_context_evidence,benchmark_proxy,benchmark_only,medium,high,candidate_for_strict_audit,pending_step16i,barry_callebaut,cocoa_chocolate,benchmark_not_invoice; do_not_claim_internal_hershey_cost; retail_observation_not_margin; supplier_claim_not_sku_confirmed,barry_callebaut / cocoa_chocolate / cocoa_chocolate_cocoa_butter may support observed retail page or price evidence. Use only as public benchmark or market context. Do not present as Hershey internal invoice or SKU cost.,"veraging to 4.5x Net debt/EBITDA recurring from 6.5x in 
February 2025.
At the virtual Annual General Meeting of Shareholders on December 
10, 2025, the Board of Directors will propose a dividend of CHF 
29.00 per share. The proposal is consistent with our plan that during 
the BC Next Level transition period, the dividend per share will not 
be lo"
EEVID_7452925a7699d4c1,cocoa_chocolate_cocoa_butter,barry_callebaut_annual_report_or_full_year_results_2024_25.pdf,text_or_table,unified_memory_scan,ingredient_confirmation,ingredient_or_label_evidence,benchmark_context_evidence,benchmark_proxy,benchmark_only,medium,high,candidate_for_strict_audit,pending_step16i,barry_callebaut,cocoa_chocolate,benchmark_not_invoice; do_not_claim_internal_hershey_cost; supplier_claim_not_sku_confirmed,"barry_callebaut / cocoa_chocolate / cocoa_chocolate_cocoa_butter may support ingredient, label, or product identity evidence. Use only as public benchmark or market context. Do not present as Hershey internal invoice or SKU cost.","redit facility to replace futures margin calls, diversifying 
and expanding our cocoa origin mix, enhancing bean blending 
capabilities, and reducing the cash cycle. These measures have 
strengthened our ability to navigate the current market volatility 
and position Barry Callebaut for long‑term success. 
Our ability to navigate volatility and del"
EEVID_e471707374bb9224,cocoa_chocolate_cocoa_butter,barry_callebaut_annual_report_or_full_year_results_2024_25.pdf,text_or_table,unified_memory_scan,retail_price,retail_price_evidence,benchmark_context_evidence,benchmark_proxy,benchmark_only,medium,high,candidate_for_strict_audit,pending_step16i,barry_callebaut,cocoa_chocolate,benchmark_not_invoice; do_not_claim_internal_hershey_cost; retail_observation_not_margin; supplier_claim_not_sku_confirmed,barry_callebaut / cocoa_chocolate / cocoa_chocolate_cocoa_butter may support observed retail page or price evidence. Use only as public benchmark or market context. Do not present as Hershey internal invoice or SKU cost.,"urn to growth, with H1 still pressured and improvements 
expected in H2. Global Chocolate volumes are expected to see a mid 
single-digit decrease. The continued focus on Return on Invested 
Capital in Global Cocoa will result in a mid to high single-digit 
volume decrease. As a consequence, Group volume is expected to 
see a mid single-digit decre"
EEVID_a21a5ff793761037,cocoa_chocolate_cocoa_butter,barry_callebaut_annual_report_or_full_year_results_2024_25.pdf,text_or_table,unified_memory_scan,cost_or_price_benchmark,benchmark_cost_or_price_evidence,benchmark_context_evidence,benchmark_proxy,benchmark_only,medium,high,candidate_for_strict_audit,pending_step16i,barry_callebaut,,benchmark_not_invoice; do_not_claim_internal_hershey_cost,barry_callebaut / cocoa_chocolate_cocoa_butter may support benchmark cost or market-price logic. Use only as public benchmark or market context. Do not present as Hershey internal invoice or SKU cost.,"oice in a rapidly 
evolving market.
Patrick De Maeseneire
Peter Feld
Chairman of the Board
Chief Executive Officer
“


--- PAGE 9 ---
OVERVIEW
10
5-Year Overview
11
Risk Overview
BARRY CALLEBAUT
Annual Report 2024/25
Letter to Shareholders
Overview
Business Highlights
Financial Reports
Governance
9


--- PAGE 10 ---
5-YEAR OVERVIEW
Key Figures Barr"
EEVID_294418a99ae5008a,cocoa_chocolate_cocoa_butter,barry_callebaut_annual_report_or_full_year_results_2024_25.pdf,text_or_table,unified_memory_scan,retail_price,retail_price_evidence,benchmark_context_evidence,benchmark_proxy,benchmark_only,medium,high,candidate_for_strict_audit,pending_step16i,barry_callebaut,,benchmark_not_invoice; do_not_claim_internal_hershey_cost; retail_observation_not_margin,barry_callebaut / cocoa_chocolate_cocoa_butter may support observed retail page or price evidence. Use only as public benchmark or market context. Do not present as Hershey internal invoice or SKU cost.,"sted 
accordingly.
CAGR (%)
2024/25
2023/24
2022/23
2021/22
2020/21
Ratios
Return on invested capital 
(ROIC)
%
 6.8 %
 6.6 %
 13.1 %
 11.5 %
 12.2 %
Return on invested capital 
(ROIC, recurring)2
%
 7.9 %
 11.0 %
 13.1 %
 13.2 %
 12.2 %
Return on equity (ROE)
%
 7.2 %
 6.7 %
 15.3 %
 12.4 %
 14.3 %
Return on equity (ROE, 
recurring)2
%
 9.5 %
 14."
EEVID_c91c707eda438c7f,cocoa_chocolate_cocoa_butter,barry_callebaut_annual_report_or_full_year_results_2024_25.pdf,text_or_table,unified_memory_scan,ingredient_confirmation,ingredient_or_label_evidence,benchmark_context_evidence,benchmark_proxy,benchmark_only,medium,high,candidate_for_strict_audit,pending_step16i,,cocoa_chocolate,benchmark_not_invoice; do_not_claim_internal_hershey_cost; supplier_claim_not_sku_confirmed,"cocoa_chocolate / cocoa_chocolate_cocoa_butter may support ingredient, label, or product identity evidence. Use only as public benchmark or market context. Do not present as Hershey internal invoice or SKU cost.","climate regulations across jurisdictions may lead to reputational damage, 
legal exposure, and operational disruptions, potentially undermining the 
Group’s progress toward climate resilience and Net Zero commitments.
As part of its broader climate resilience strategy and risk management 
approach, and in support of the transition toward a low-carb"
EEVID_c9584e8bd0f46378,cocoa_chocolate_cocoa_butter,barry_callebaut_annual_report_or_full_year_results_2024_25.pdf,text_or_table,unified_memory_scan,supplier_relationship,supplier_relationship_evidence,benchmark_context_evidence,benchmark_proxy,benchmark_only,medium,high,candidate_for_strict_audit,pending_step16i,barry_callebaut,,benchmark_not_invoice; do_not_claim_internal_hershey_cost; supplier_claim_not_sku_confirmed,barry_callebaut / cocoa_chocolate_cocoa_butter may support a benchmark proxy relationship claim. Use only as public benchmark or market context. Do not present as Hershey internal invoice or SKU cost.,"education and child protection (3,4) and 
effective reporting frameworks (3–5). A dedicated ESG function oversees, 
coordinates, and aligns all relevant ESG activities to achieve these objectives. 
These principles are actively promoted in the Group’s interactions with 
suppliers and customers and are embedded in contractual relationships with 
the"
EEVID_ee60656c056af3f0,cocoa_chocolate_cocoa_butter,barry_callebaut_annual_report_or_full_year_results_2024_25.pdf,text_or_table,unified_memory_scan,supplier_relationship,supplier_relationship_evidence,benchmark_context_evidence,benchmark_proxy,benchmark_only,medium,high,candidate_for_strict_audit,pending_step16i,,,benchmark_not_invoice; do_not_claim_internal_hershey_cost; supplier_claim_not_sku_confirmed,cocoa_chocolate_cocoa_butter may support a benchmark proxy relationship claim. Use only as public benchmark or market context. Do not present as Hershey internal invoice or SKU cost.,"nal commercial and operational teams working 
closely with customers, aims to identify marketplace trends, both positive 
and negative, at an early stage. The Group continuously invests in consumer 
and customer research, data analytics, R&D, and operational capabilities as 
part of a well-structured process, enabling the development of customer-
f"
EEVID_c4a1e7bdc7c9a9e5,cocoa_chocolate_cocoa_butter,barry_callebaut_annual_report_or_full_year_results_2024_25.pdf,text_or_table,unified_memory_scan,supplier_relationship,supplier_relationship_evidence,benchmark_context_evidence,benchmark_proxy,benchmark_only,medium,high,candidate_for_strict_audit,pending_step16i,barry_callebaut,,benchmark_not_invoice; do_not_claim_internal_hershey_cost; supplier_claim_not_sku_confirmed,barry_callebaut / cocoa_chocolate_cocoa_butter may support a benchmark proxy relationship claim. Use only as public benchmark or market context. Do not present as Hershey internal invoice or SKU cost.,"transformation project (1-5). These teams proactively follow market, 
technology and other trends and work in close collaboration with functional 
and regional experts, external advisors, and the Group’s ExCo. A clearly 
defined process for the evaluation, execution and integration of major 
business transformations is employed. To effectively mana"
EEVID_4b844298f63e1166,cocoa_chocolate_cocoa_butter,barry_callebaut_annual_report_or_full_year_results_2024_25.pdf,text_or_table,unified_memory_scan,ingredient_confirmation,ingredient_or_label_evidence,benchmark_context_evidence,benchmark_proxy,benchmark_only,medium,high,candidate_for_strict_audit,pending_step16i,barry_callebaut,cocoa_chocolate,benchmark_not_invoice; do_not_claim_internal_hershey_cost; supplier_claim_not_sku_confirmed,"barry_callebaut / cocoa_chocolate / cocoa_chocolate_cocoa_butter may support ingredient, label, or product identity evidence. Use only as public benchmark or market context. Do not present as Hershey internal invoice or SKU cost.","odiversity and ecosystems
(3) workers in the value chain
(4) affected communities
(5) supply chain traceability
Key Risks
Risk Description
Mitigation/Measures
ESG Material Topic
BARRY CALLEBAUT
Annual Report 2024/25
Letter to Shareholders
Overview
Business Highlights
Financial Reports
Governance
14


--- PAGE 15 ---
External political and economic "
EEVID_084fde788e2ed43c,cocoa_chocolate_cocoa_butter,barry_callebaut_annual_report_or_full_year_results_2024_25.pdf,text_or_table,unified_memory_scan,supplier_relationship,supplier_relationship_evidence,benchmark_context_evidence,benchmark_proxy,benchmark_only,medium,high,candidate_for_strict_audit,pending_step16i,barry_callebaut,,benchmark_not_invoice; do_not_claim_internal_hershey_cost; supplier_claim_not_sku_confirmed,barry_callebaut / cocoa_chocolate_cocoa_butter may support a benchmark proxy relationship claim. Use only as public benchmark or market context. Do not present as Hershey internal invoice or SKU cost.,", service levels, innovation and 
ethics. 
For these customers, the Group has appointed dedicated teams that develop 
and maintain a close relationship in order to respond to customer needs 
professionally and promptly and to provide high-quality services that are 
mutually beneficial for all stakeholders concerned. These customer 
relationship man"
EEVID_378c06f7ec18ad58,cocoa_chocolate_cocoa_butter,barry_callebaut_annual_report_or_full_year_results_2024_25.pdf,text_or_table,unified_memory_scan,supplier_relationship,supplier_relationship_evidence,benchmark_context_evidence,benchmark_proxy,benchmark_only,medium,high,candidate_for_strict_audit,pending_step16i,,,benchmark_not_invoice; do_not_claim_internal_hershey_cost; supplier_claim_not_sku_confirmed,cocoa_chocolate_cocoa_butter may support a benchmark proxy relationship claim. Use only as public benchmark or market context. Do not present as Hershey internal invoice or SKU cost.,"hort-term 
incentive plans, training and leadership development programs, as well as the 
tools to support and measure the success of all these processes. The Group’s 
strategy for Diversity & Inclusion is described in more detail in the “Our 
People” section of the Annual Social and Environmental Impact Report. 
Further, the Group continuously inv"
EEVID_6472e900aad9e98c,cocoa_chocolate_cocoa_butter,barry_callebaut_annual_report_or_full_year_results_2024_25.pdf,text_or_table,unified_memory_scan,cost_or_price_benchmark,benchmark_cost_or_price_evidence,benchmark_context_evidence,benchmark_proxy,benchmark_only,medium,high,candidate_for_strict_audit,pending_step16i,barry_callebaut,,benchmark_not_invoice; do_not_claim_internal_hershey_cost,barry_callebaut / cocoa_chocolate_cocoa_butter may support benchmark cost or market-price logic. Use only as public benchmark or market context. Do not present as Hershey internal invoice or SKU cost.,"ruptions, 
loss of confidential data, direct financial losses, and non-compliance with 
data protection laws or other regulatory requirements. Major cyber incidents 
may also harm the Group’s reputation, potentially leading to a loss of revenue 
and market share.
The Group’s Digital department, in conjunction with the Operations 
department, has es"
EEVID_3951d53dfb248d25,cocoa_chocolate_cocoa_butter,barry_callebaut_annual_report_or_full_year_results_2024_25.pdf,text_or_table,unified_memory_scan,retail_price,retail_price_evidence,benchmark_context_evidence,benchmark_proxy,benchmark_only,medium,high,candidate_for_strict_audit,pending_step16i,barry_callebaut,cocoa_chocolate,benchmark_not_invoice; do_not_claim_internal_hershey_cost; retail_observation_not_margin,barry_callebaut / cocoa_chocolate / cocoa_chocolate_cocoa_butter may support observed retail page or price evidence. Use only as public benchmark or market context. Do not present as Hershey internal invoice or SKU cost.,"owledges the inherent 
interdependencies between Digital 
as a crucial enabler to address 
material ESG topics.
Key Risks
Risk Description
Mitigation/Measures
ESG Material Topic
BARRY CALLEBAUT
Annual Report 2024/25
Letter to Shareholders
Overview
Business Highlights
Financial Reports
Governance
17


--- PAGE 18 ---
Price volatility of raw material"
EEVID_1b4c05be0d6bc122,cocoa_chocolate_cocoa_butter,barry_callebaut_annual_report_or_full_year_results_2024_25.pdf,text_or_table,unified_memory_scan,retail_price,retail_price_evidence,benchmark_context_evidence,benchmark_proxy,benchmark_only,medium,high,candidate_for_strict_audit,pending_step16i,,cocoa_chocolate,benchmark_not_invoice; do_not_claim_internal_hershey_cost; retail_observation_not_margin; supplier_claim_not_sku_confirmed,cocoa_chocolate / cocoa_chocolate_cocoa_butter may support observed retail page or price evidence. Use only as public benchmark or market context. Do not present as Hershey internal invoice or SKU cost.,"it framework. 
Price exposures to other input cost factors are managed through index based 
pricing mechanisms. In the Gourmet Product Group, the Group applies a price 
list model whereby forecasted sales are hedged and price lists are adapted on 
a regular basis. 
Adherence to the limit framework is regularly monitored by experts on local, 
region"
EEVID_1f77b0619b614f2a,cocoa_chocolate_cocoa_butter,barry_callebaut_annual_report_or_full_year_results_2024_25.pdf,text_or_table,unified_memory_scan,retail_price,retail_price_evidence,benchmark_context_evidence,benchmark_proxy,benchmark_only,medium,high,candidate_for_strict_audit,pending_step16i,barry_callebaut,,benchmark_not_invoice; do_not_claim_internal_hershey_cost; retail_observation_not_margin; supplier_claim_not_sku_confirmed,barry_callebaut / cocoa_chocolate_cocoa_butter may support observed retail page or price evidence. Use only as public benchmark or market context. Do not present as Hershey internal invoice or SKU cost.,"bination of adequate credit lines 
with reputable financial institutions and short- and long-term debt capital 
market products. In addition, the Group’s treasury policy requires that all 
foreign currency exposures in a floating currency regime as well as interest 
rate risk exposures are hedged in accordance with the related limit 
framework from"
EEVID_8aba26dabc06c84f,cocoa_chocolate_cocoa_butter,barry_callebaut_annual_report_or_full_year_results_2024_25.pdf,text_or_table,unified_memory_scan,ingredient_confirmation,ingredient_or_label_evidence,benchmark_context_evidence,benchmark_proxy,benchmark_only,medium,high,candidate_for_strict_audit,pending_step16i,barry_callebaut,cocoa_chocolate,benchmark_not_invoice; do_not_claim_internal_hershey_cost; supplier_claim_not_sku_confirmed,"barry_callebaut / cocoa_chocolate / cocoa_chocolate_cocoa_butter may support ingredient, label, or product identity evidence. Use only as public benchmark or market context. Do not present as Hershey internal invoice or SKU cost.","expose the Group to investigations, litigation, 
administrative and/or criminal proceedings potentially leading to significant 
costs, fines and/or criminal sanctions against the Group and/or its directors, 
officers and employees with possible reputational damage.
Dedicated regional and local functional managers, supported by specialized 
corporat"
EEVID_930adf84994d3145,cocoa_chocolate_cocoa_butter,barry_callebaut_annual_report_or_full_year_results_2024_25.pdf,text_or_table,unified_memory_scan,retail_price,retail_price_evidence,benchmark_context_evidence,benchmark_proxy,benchmark_only,medium,high,candidate_for_strict_audit,pending_step16i,barry_callebaut,cocoa_chocolate,benchmark_not_invoice; do_not_claim_internal_hershey_cost; retail_observation_not_margin,barry_callebaut / cocoa_chocolate / cocoa_chocolate_cocoa_butter may support observed retail page or price evidence. Use only as public benchmark or market context. Do not present as Hershey internal invoice or SKU cost.,"rs
Overview
Business Highlights
Financial Reports
Governance
19


--- PAGE 20 ---
BUSINESS 
HIGHLIGHTS
21
Financial Review
26
Business Review
26
Global Chocolate
27
Global Cocoa
BARRY CALLEBAUT
Annual Report 2024/25
Letter to Shareholders
Overview
Business Highlights
Financial Reports
Governance
20


--- PAGE 21 ---
FINANCIAL REVIEW
BUSINESS REVIEW"
EEVID_373740ca1c017157,cocoa_chocolate_cocoa_butter,barry_callebaut_annual_report_or_full_year_results_2024_25.pdf,text_or_table,unified_memory_scan,retail_price,retail_price_evidence,benchmark_context_evidence,benchmark_proxy,benchmark_only,medium,high,candidate_for_strict_audit,pending_step16i,barry_callebaut,cocoa_chocolate,benchmark_not_invoice; do_not_claim_internal_hershey_cost; retail_observation_not_margin,barry_callebaut / cocoa_chocolate / cocoa_chocolate_cocoa_butter may support observed retail page or price evidence. Use only as public benchmark or market context. Do not present as Hershey internal invoice or SKU cost.,"Western Europe (-6.6%) was significantly impacted as higher 
prices resulted in demand softness and influenced customer 
behavior, as well as by SKU rationalization.
Global Cocoa saw a -12.8% decrease in sales volume. The business 
was impacted by negative market demand given major cocoa bean 
price volatility, particularly in AMEA, CEE and Latin A"
EEVID_d7fbb44e86cddf09,cocoa_chocolate_cocoa_butter,barry_callebaut_annual_report_or_full_year_results_2024_25.pdf,text_or_table,unified_memory_scan,retail_price,retail_price_evidence,benchmark_context_evidence,benchmark_proxy,benchmark_only,medium,high,candidate_for_strict_audit,pending_step16i,barry_callebaut,cocoa_chocolate; milk_dairy; sugar,benchmark_not_invoice; do_not_claim_internal_hershey_cost; retail_observation_not_margin; supplier_claim_not_sku_confirmed,"barry_callebaut / cocoa_chocolate, milk_dairy, sugar / cocoa_chocolate_cocoa_butter may support observed retail page or price evidence. Use only as public benchmark or market context. Do not present as Hershey internal invoice or SKU cost.","match Barry Callebaut’s reporting period. Nielsen data only partially reflects the out-of-home and impulse consumption.
2 Source: London terminal market prices for 2nd position, September 2024 to August 2025. Terminal market prices exclude Living Income Differential (LID) and country differentials.


--- PAGE 22 ---
Global sugar prices averaged -16"
EEVID_c71d8ac6e51f8208,cocoa_chocolate_cocoa_butter,barry_callebaut_annual_report_or_full_year_results_2024_25.pdf,text_or_table,unified_memory_scan,retail_price,retail_price_evidence,benchmark_context_evidence,benchmark_proxy,benchmark_only,medium,high,candidate_for_strict_audit,pending_step16i,,cocoa_chocolate,benchmark_not_invoice; do_not_claim_internal_hershey_cost; retail_observation_not_margin,cocoa_chocolate / cocoa_chocolate_cocoa_butter may support observed retail page or price evidence. Use only as public benchmark or market context. Do not present as Hershey internal invoice or SKU cost.,"e, 
depreciated by -2.0% against the Swiss franc. The average 
exchange rate for the US dollar, accounting for around a third of the 
Group’s sales revenue, depreciated by -3.7% against the Swiss franc. 
Throughout the fiscal year 2024/25, several key emerging market 
currencies experienced volatility. The Russian ruble saw a decline of 
-1.4% and "
EEVID_417d2a2d08b0edb8,cocoa_chocolate_cocoa_butter,barry_callebaut_annual_report_or_full_year_results_2024_25.pdf,text_or_table,unified_memory_scan,retail_price,retail_price_evidence,benchmark_context_evidence,benchmark_proxy,benchmark_only,medium,high,candidate_for_strict_audit,pending_step16i,barry_callebaut,cocoa_chocolate,benchmark_not_invoice; do_not_claim_internal_hershey_cost; retail_observation_not_margin,barry_callebaut / cocoa_chocolate / cocoa_chocolate_cocoa_butter may support observed retail page or price evidence. Use only as public benchmark or market context. Do not present as Hershey internal invoice or SKU cost.,"CHF 223.5 million in the prior year. The expense in prior year
related mainly to BC Next Level impairments and
restructuring costs.
Operating profit (EBIT) recurring3 increased by +6.4% in local 
currencies (-0.1% in CHF) to CHF 703.4 million, compared to CHF 
704.4 million in the prior year. The increase was supported by the 
pricing of higher fin"
EEVID_db6b88587e76c866,cocoa_chocolate_cocoa_butter,barry_callebaut_annual_report_or_full_year_results_2024_25.pdf,text_or_table,unified_memory_scan,retail_price,retail_price_evidence,benchmark_context_evidence,benchmark_proxy,benchmark_only,medium,high,candidate_for_strict_audit,pending_step16i,,cocoa_chocolate,benchmark_not_invoice; do_not_claim_internal_hershey_cost; retail_observation_not_margin,cocoa_chocolate / cocoa_chocolate_cocoa_butter may support observed retail page or price evidence. Use only as public benchmark or market context. Do not present as Hershey internal invoice or SKU cost.,"in the prior year as a result of a higher average cash balance and 
positive foreign exchange results.
Finance expense amounted to CHF 409.9 million, compared to 
CHF 231.2 million in the prior year. The increase was driven by a 
higher debt level in the context of the significant cocoa bean price 
acceleration in fiscal year 2024/25.
Income tax ex"
EEVID_1a790d4321fb8895,cocoa_chocolate_cocoa_butter,barry_callebaut_annual_report_or_full_year_results_2024_25.pdf,text_or_table,unified_memory_scan,retail_price,retail_price_evidence,benchmark_context_evidence,benchmark_proxy,benchmark_only,medium,high,candidate_for_strict_audit,pending_step16i,barry_callebaut,cocoa_chocolate; packaging,benchmark_not_invoice; do_not_claim_internal_hershey_cost; retail_observation_not_margin; supplier_claim_not_sku_confirmed,"barry_callebaut / cocoa_chocolate, packaging / cocoa_chocolate_cocoa_butter may support observed retail page or price evidence. Use only as public benchmark or market context. Do not present as Hershey internal invoice or SKU cost.","ecreased to CHF 12,643.9 million at the end of August 
2025, compared to CHF 15,159.3 million in the prior year. The 
decrease was mainly attributable to lower levels of derivative 
financial assets and inventories.
Net working capital increased to CHF 3,997.8 million, compared to 
CHF 3,808.0 million in the prior year. The increase was entirely du"
EEVID_a9baa4789029cfad,cocoa_chocolate_cocoa_butter,barry_callebaut_annual_report_or_full_year_results_2024_25.pdf,text_or_table,unified_memory_scan,retail_price,retail_price_evidence,benchmark_context_evidence,benchmark_proxy,benchmark_only,medium,high,candidate_for_strict_audit,pending_step16i,,cocoa_chocolate; packaging,benchmark_not_invoice; do_not_claim_internal_hershey_cost; retail_observation_not_margin,"cocoa_chocolate, packaging / cocoa_chocolate_cocoa_butter may support observed retail page or price evidence. Use only as public benchmark or market context. Do not present as Hershey internal invoice or SKU cost.","ed by CHF 292 million as a result of the issuance of letters of credit covering future broker accounts (see Note 3.4 - ""Cash and cash equivalents"").
Cash & short term deposits
Overdraft and short-term bilateral 
loans
Commercial paper
Lease liabilities
Term loan
EBRD loan
Schuldscheindarlehen
Bonds
Other long-term bank debt
Revolving Credit Facilit"
EEVID_285c6c1cdc9ebd89,cocoa_chocolate_cocoa_butter,barry_callebaut_annual_report_or_full_year_results_2024_25.pdf,text_or_table,unified_memory_scan,retail_price,retail_price_evidence,benchmark_context_evidence,benchmark_proxy,benchmark_only,medium,high,candidate_for_strict_audit,pending_step16i,barry_callebaut,,benchmark_not_invoice; do_not_claim_internal_hershey_cost; retail_observation_not_margin,barry_callebaut / cocoa_chocolate_cocoa_butter may support observed retail page or price evidence. Use only as public benchmark or market context. Do not present as Hershey internal invoice or SKU cost.,"and mainly consist 
of enhancing manufacturing capabilities, food safety improvements 
and efficient asset usage.
Capital expenditure
in CHF million
CAPEX as % of sales revenue
Average = 2.9%
3.8%
3.4%
2.8%
2.7%
2.0%
275
276
241
285
295
2020/21 2021/22 2022/23 2023/24 2024/25
Capital markets overview
Barry Callebaut share performance
Barry Callebau"
EEVID_dd81354fbdf553e2,cocoa_chocolate_cocoa_butter,barry_callebaut_annual_report_or_full_year_results_2024_25.pdf,text_or_table,unified_memory_scan,retail_price,retail_price_evidence,benchmark_context_evidence,benchmark_proxy,benchmark_only,medium,high,candidate_for_strict_audit,pending_step16i,barry_callebaut,,benchmark_not_invoice; do_not_claim_internal_hershey_cost; retail_observation_not_margin; supplier_claim_not_sku_confirmed,barry_callebaut / cocoa_chocolate_cocoa_butter may support observed retail page or price evidence. Use only as public benchmark or market context. Do not present as Hershey internal invoice or SKU cost.,"RO STOXX Food & Beverage Index (-14.0%), and was 
even stronger when calculating the share price in EUR (+21.0%).
BARRY CALLEBAUT
Annual Report 2024/25
Letter to Shareholders
Overview
Business Highlights
Financial Reports
Governance
24
Replacement CAPEX
Upgrade/efficiency gains
IT
Additional growth


--- PAGE 25 ---
Dividend
The Board of Directors "
EEVID_a8e27fe056a0dd24,cocoa_chocolate_cocoa_butter,barry_callebaut_annual_report_or_full_year_results_2024_25.pdf,text_or_table,unified_memory_scan,ingredient_confirmation,ingredient_or_label_evidence,benchmark_context_evidence,benchmark_proxy,benchmark_only,medium,high,candidate_for_strict_audit,pending_step16i,barry_callebaut,cocoa_chocolate,benchmark_not_invoice; do_not_claim_internal_hershey_cost; supplier_claim_not_sku_confirmed,"barry_callebaut / cocoa_chocolate / cocoa_chocolate_cocoa_butter may support ingredient, label, or product identity evidence. Use only as public benchmark or market context. Do not present as Hershey internal invoice or SKU cost.","lity: recognition and progress
Barry Callebaut’s sustainability performance continues to be 
recognized by leading ESG benchmarks. In 2024, CDP awarded us an 
‘A’ rating for Climate Change and a ‘B’ rating for Forests, 
acknowledging our transparency, action on deforestation, and 
supplier engagement on scope 3 emissions. These results highlight 
o"
EEVID_8b6eb62c44373510,cocoa_chocolate_cocoa_butter,barry_callebaut_annual_report_or_full_year_results_2024_25.pdf,text_or_table,unified_memory_scan,retail_price,retail_price_evidence,benchmark_context_evidence,benchmark_proxy,benchmark_only,medium,high,candidate_for_strict_audit,pending_step16i,barry_callebaut,cocoa_chocolate,benchmark_not_invoice; do_not_claim_internal_hershey_cost; retail_observation_not_margin; supplier_claim_not_sku_confirmed,barry_callebaut / cocoa_chocolate / cocoa_chocolate_cocoa_butter may support observed retail page or price evidence. Use only as public benchmark or market context. Do not present as Hershey internal invoice or SKU cost.,"al and Environmental Impact Report 2024/25.
BARRY CALLEBAUT
Annual Report 2024/25
Letter to Shareholders
Overview
Business Highlights
Financial Reports
Governance
25
6 Based on notification through the electronic publication platform of the SIX Swiss Exchange and Share Register.
Country split
of institutional shareholders
Source: NASDAQ
44.8%
32.4%"
EEVID_df164d7bbd99803f,cocoa_chocolate_cocoa_butter,barry_callebaut_annual_report_or_full_year_results_2024_25.pdf,text_or_table,unified_memory_scan,retail_price,retail_price_evidence,benchmark_context_evidence,benchmark_proxy,benchmark_only,medium,high,candidate_for_strict_audit,pending_step16i,barry_callebaut,cocoa_chocolate,benchmark_not_invoice; do_not_claim_internal_hershey_cost; retail_observation_not_margin,barry_callebaut / cocoa_chocolate / cocoa_chocolate_cocoa_butter may support observed retail page or price evidence. Use only as public benchmark or market context. Do not present as Hershey internal invoice or SKU cost.,"as significantly impacted as higher prices 
resulted in demand softness and influenced customer 
behavior, as well as by SKU rationalization.
Sales revenue amounted to CHF 10,154.4 million, up 
+40.1% in local currencies (+34.7% in CHF), with growth 
mainly driven by higher cocoa prices.
EBIT recurring9 for Global Chocolate was CHF 735.5 
million, "
EEVID_8ca50d5909f8f4be,cocoa_chocolate_cocoa_butter,barry_callebaut_annual_report_or_full_year_results_2024_25.pdf,text_or_table,unified_memory_scan,retail_price,retail_price_evidence,benchmark_context_evidence,benchmark_proxy,benchmark_only,medium,high,candidate_for_strict_audit,pending_step16i,barry_callebaut,cocoa_chocolate,benchmark_not_invoice; do_not_claim_internal_hershey_cost; retail_observation_not_margin,barry_callebaut / cocoa_chocolate / cocoa_chocolate_cocoa_butter may support observed retail page or price evidence. Use only as public benchmark or market context. Do not present as Hershey internal invoice or SKU cost.,"Western Europe
North America
Central and Eastern 
Europe
Asia Pacific, Middle 
East and Africa
Latin America
Global Cocoa
2020/21 2021/22 2022/23 2023/24 2024/25
0
100,000
200,000
300,000
400,000
500,000
600,000
700,000
800,000
0
250
500
750
1,000
1,250
1,500
1,750
2,000
EBIT recurring
Sales volume


--- PAGE 27 ---
Global Cocoa
BUSINESS 
REVIEW
Gl"
