record_type,id,label,packet,priority_or_status,claim_strength,safe_scope,claim_roles,entities,ingredients,summary
document_profile,DOC_01971A613130,WPU09150336.csv,logistics_distribution,low,,,general_context,,,chunks=1 text=472
document_profile,DOC_02F4A4A84A57,asr_refined_sugar_process_or_products.pdf,sugar,medium_high,,,cost_or_price_benchmark; general_context; logistics_distribution; sustainability_context,asr,,chunks=4 text=6455
document_profile,DOC_033AA20F1EE1,usda_fas_ghana_cocoa_sector_overview_2025.pdf,cocoa_chocolate_cocoa_butter,high,,,cost_or_price_benchmark; ingredient_confirmation; logistics_distribution; manufacturing_or_process; retail_price; supplier_relationship; sustainability_context,icco; target; usda,cocoa_chocolate; natural_flavor,chunks=25 text=51366
document_profile,DOC_050BBCAC6B3F,mclane_company_profile.pdf,logistics_distribution,medium,,,general_context; logistics_distribution; retail_price; supplier_relationship,mclane; walgreens,,chunks=3 text=3483
document_profile,DOC_08137C490006,ice_cocoa_futures_optional_screenshot.pdf,cocoa_chocolate_cocoa_butter,medium_high,,,cost_or_price_benchmark; general_context; ingredient_confirmation; logistics_distribution; retail_price; sustainability_context,,cocoa_chocolate; sugar,chunks=3 text=3733
document_profile,DOC_0C6FF4D0AACE,mclane_grocery_retail_distribution_page.pdf,logistics_distribution,medium_high,,,cost_or_price_benchmark; general_context; logistics_distribution; retail_price; supplier_relationship,mclane,,chunks=3 text=2747
document_profile,DOC_0D21678E3116,cvs_hershey_1_55oz_price_page.pdf,retail_price_evidence,high,,,cost_or_price_benchmark; general_context; ingredient_confirmation; retail_price,cvs; hershey,cocoa_chocolate; milk_dairy,chunks=2 text=979
document_profile,DOC_0DD09547ACD4,natural_flavor_extraction_distillation_fermentation_explanation.pdf,natural_flavor,high,,,general_context; ingredient_confirmation; manufacturing_or_process,fda; usda,cocoa_chocolate; milk_dairy; natural_flavor,chunks=3 text=3056
document_profile,DOC_0E5990AC3AEF,asr_belize_sugar_industries_page.pdf,sugar,medium,,,general_context; ingredient_confirmation; sustainability_context,asr,sugar,chunks=2 text=2160
document_profile,DOC_101588EC345D,fda_pgpr_gras_response_letter.pdf,pgpr,medium_high,,,cost_or_price_benchmark; ingredient_confirmation; logistics_distribution; manufacturing_or_process,fda,cocoa_chocolate; pgpr,chunks=5 text=10486
document_profile,DOC_1082CA3E3F2A,barry_callebaut_hershey_supply_agreement_news_release.pdf,cocoa_chocolate_cocoa_butter,high,,,cost_or_price_benchmark; ingredient_confirmation; manufacturing_or_process; retail_price; supplier_relationship; sustainability_context,barry_callebaut; hershey,cocoa_chocolate; milk_dairy; natural_flavor; sugar,chunks=4 text=8109
document_profile,DOC_1164AEC6C38C,natural_flavor_function_in_food_explanation.pdf,natural_flavor,high,,,general_context; ingredient_confirmation; manufacturing_or_process; supplier_relationship; sustainability_context,fda,cocoa_chocolate; milk_dairy; natural_flavor; sugar,chunks=4 text=4991
document_profile,DOC_11A00D6495C0,PCU49314931.xlsx,logistics_distribution,medium_high,,,cost_or_price_benchmark; logistics_distribution; retail_price,,,chunks=1 text=1130
document_profile,DOC_12314C1C49CF,interim_gras_33_apr_2026.pdf,natural_flavor,medium_high,,,cost_or_price_benchmark; general_context; ingredient_confirmation; manufacturing_or_process,fda,milk_dairy; natural_flavor; sugar,chunks=7 text=12599
document_profile,DOC_1BE15D0DAB2F,castor_oil_ricinoleic_acid_pgpr_origin_reference.pdf,pgpr,medium_high,,,cost_or_price_benchmark; general_context; ingredient_confirmation; logistics_distribution; manufacturing_or_process; retail_price; supplier_relationship,,natural_flavor; packaging; soy_lecithin; sugar,chunks=13 text=25099
document_profile,DOC_1D4C129E0BD4,fda_flavor_labeling_regulation_reference.pdf,natural_flavor,high,,,cost_or_price_benchmark; general_context; ingredient_confirmation; logistics_distribution; manufacturing_or_process; retail_price; supplier_relationship; sustainability_context,eia; fda; usda,cocoa_chocolate; milk_dairy; natural_flavor; packaging; sugar,chunks=203 text=401159
document_profile,DOC_1E0944AC1DC5,asr_hershey_learn_to_grow_belize.pdf,sugar,high,,,cost_or_price_benchmark; general_context; ingredient_confirmation; manufacturing_or_process; supplier_relationship; sustainability_context,asr; hershey,sugar,chunks=3 text=3412
document_profile,DOC_1E80FF9B816E,icco_processing_cocoa_page.pdf,cocoa_chocolate_cocoa_butter,high,,,cost_or_price_benchmark; general_context; ingredient_confirmation; manufacturing_or_process; retail_price,icco; target,cocoa_chocolate; milk_dairy; packaging; sugar,chunks=5 text=8593
document_profile,DOC_1EB5146FBACE,bls_truck_transportation_ppi_benchmark.pdf,logistics_distribution,medium_high,,,cost_or_price_benchmark; general_context; logistics_distribution; retail_price,,,chunks=2 text=897
document_profile,DOC_1EC92FF65460,barry_callebaut_company_profile.pdf,cocoa_chocolate_cocoa_butter,high,,,cost_or_price_benchmark; general_context; ingredient_confirmation; supplier_relationship; sustainability_context,barry_callebaut,cocoa_chocolate; milk_dairy; natural_flavor,chunks=4 text=5470
document_profile,DOC_1ED749BEB0B8,pulp-and-paper-sourcing-policy.pdf,packaging_wrapper,high,,,cost_or_price_benchmark; logistics_distribution; manufacturing_or_process; supplier_relationship; sustainability_context,hershey,packaging,chunks=4 text=8145
document_profile,DOC_1F6D46FB75CC,walmart_hershey_1_55oz_price_page.pdf,retail_price_evidence,high,,,cost_or_price_benchmark; general_context; ingredient_confirmation; retail_price,hershey; walmart,cocoa_chocolate; milk_dairy,chunks=4 text=5108
document_profile,DOC_23BD14F34CEF,pgpr_market_price_reference.pdf,pgpr,medium_high,,,cost_or_price_benchmark; general_context; ingredient_confirmation; manufacturing_or_process; retail_price; supplier_relationship,,cocoa_chocolate; pgpr,chunks=2 text=1368
document_profile,DOC_257C2CABB7C1,Group3-Tables-US-Sugar-Crop-Production-and-Sugar-Production-Deliveries-and-Stocks.csv,sugar,medium,,,ingredient_confirmation; manufacturing_or_process,,sugar,chunks=4 text=8425
document_profile,DOC_26064332B82F,hershey_pulp_paper_page.pdf,packaging_wrapper,high,,,cost_or_price_benchmark; general_context; ingredient_confirmation; logistics_distribution; manufacturing_or_process; supplier_relationship; sustainability_context,hershey,cocoa_chocolate; packaging,chunks=3 text=3559
document_profile,DOC_260B1720A1EF,hershey_cocoa_sustainability_page.pdf,cocoa_chocolate_cocoa_butter,high,,,cost_or_price_benchmark; general_context; ingredient_confirmation; supplier_relationship; sustainability_context,hershey,cocoa_chocolate,chunks=4 text=5462
document_profile,DOC_2D8BE31DFAC8,icco_cocoa_butter_powder_faq.pdf,cocoa_chocolate_cocoa_butter,high,,,cost_or_price_benchmark; ingredient_confirmation; logistics_distribution; manufacturing_or_process; supplier_relationship; sustainability_context,icco,cocoa_chocolate,chunks=4 text=6648
document_profile,DOC_2F8EE4491545,land_o_lakes_who_we_are_page.pdf,dairy_milk_skim_milk_milk_fat,high,,,general_context; retail_price; supplier_relationship; sustainability_context,land_olakes,milk_dairy,chunks=3 text=3625
document_profile,DOC_2FB8D1A92FFF,soy_lecithin_function_in_chocolate_explanation.pdf,soy_lecithin,high,,,cost_or_price_benchmark; general_context; ingredient_confirmation; manufacturing_or_process; supplier_relationship; sustainability_context,fda; usda,cocoa_chocolate; milk_dairy; natural_flavor; soy_lecithin,chunks=11 text=20480
document_profile,DOC_32FA1CD834CD,sugar_cane_beet_processing_explanation.pdf,sugar,high,,,cost_or_price_benchmark; ingredient_confirmation; logistics_distribution; manufacturing_or_process; retail_price; supplier_relationship,usda,milk_dairy; sugar,chunks=27 text=55722
document_profile,DOC_35AC43ECE38F,Hershey back.webp,product_sku_1_55oz,medium,,,ingredient_confirmation,hershey,sugar,chunks=1 text=420
document_profile,DOC_381414594006,Pulp-Paper-The-Hershey-Company-05-06-2026_02_23_PM.pdf,hershey_company,high,,,cost_or_price_benchmark; general_context; ingredient_confirmation; logistics_distribution; manufacturing_or_process; supplier_relationship; sustainability_context,hershey,cocoa_chocolate; packaging,chunks=3 text=3559
document_profile,DOC_399D89EF9892,natural_flavor_market_overview_reference.pdf,natural_flavor,high,,,cost_or_price_benchmark; general_context; ingredient_confirmation; logistics_distribution; manufacturing_or_process; supplier_relationship; sustainability_context,,milk_dairy; natural_flavor; sugar,chunks=11 text=20898
document_profile,DOC_3A67DADA572A,barry_callebaut_annual_report_or_full_year_results_2024_25.pdf,cocoa_chocolate_cocoa_butter,high,,,cost_or_price_benchmark; general_context; ingredient_confirmation; logistics_distribution; manufacturing_or_process; retail_price; supplier_relationship; sustainability_context,barry_callebaut; cvs; hershey; target,cocoa_chocolate; milk_dairy; packaging; sugar,chunks=229 text=472668
document_profile,DOC_3C5045700A98,land_o_lakes_hershey_chesapeake_bay_page.pdf,dairy_milk_skim_milk_milk_fat,high,,,cost_or_price_benchmark; general_context; ingredient_confirmation; manufacturing_or_process; supplier_relationship; sustainability_context,hershey; land_olakes,milk_dairy,chunks=5 text=8129
document_profile,DOC_3DACF0FBC836,hershey_latest_esg_dairy_section.pdf,dairy_milk_skim_milk_milk_fat,high,,,cost_or_price_benchmark; general_context; ingredient_confirmation; logistics_distribution; manufacturing_or_process; retail_price; supplier_relationship; sustainability_context,asr; barry_callebaut; hershey; land_olakes; target; usda,cocoa_chocolate; milk_dairy; packaging; sugar,chunks=141 text=286123
document_profile,DOC_3FF97ACFA90D,hershey_dairy_sourcing_page.pdf,dairy_milk_skim_milk_milk_fat,high,,,general_context; ingredient_confirmation; manufacturing_or_process; retail_price; supplier_relationship; sustainability_context,hershey; land_olakes; target,cocoa_chocolate; milk_dairy,chunks=4 text=6402
document_profile,DOC_400268FDC92A,nonfat_dry_milk_skim_milk_explanation.pdf,dairy_milk_skim_milk_milk_fat,high,,,general_context; ingredient_confirmation; manufacturing_or_process; supplier_relationship; sustainability_context,,cocoa_chocolate; milk_dairy; natural_flavor; packaging,chunks=4 text=5640
document_profile,DOC_41FA1AC07EDD,retail_wholesale_distribution_explanation.pdf,logistics_distribution,medium_high,,,cost_or_price_benchmark; general_context; logistics_distribution; manufacturing_or_process; retail_price; supplier_relationship; sustainability_context,,,chunks=13 text=24975
document_profile,DOC_444A249CB5CF,barry_callebaut_social_environmental_impact_report_2024_25.pdf,cocoa_chocolate_cocoa_butter,high,,,cost_or_price_benchmark; general_context; ingredient_confirmation; logistics_distribution; manufacturing_or_process; retail_price; supplier_relationship; sustainability_context,barry_callebaut; target,cocoa_chocolate; milk_dairy; natural_flavor; packaging; soy_lecithin; sugar,chunks=156 text=317914
document_profile,DOC_463FD3B8EDC9,Hershey Front.webp,product_sku_1_55oz,medium,,,ingredient_confirmation,hershey,cocoa_chocolate; milk_dairy,chunks=1 text=78
document_profile,DOC_4798F11F2524,Palm-Oil-The-Hershey-Company-05-06-2026_02_22_PM.pdf,hershey_company,high,,,cost_or_price_benchmark; general_context; ingredient_confirmation; manufacturing_or_process; supplier_relationship; sustainability_context,hershey,cocoa_chocolate,chunks=10 text=17970
document_profile,DOC_4D6583498B7A,target_hershey_1_55oz_price_page.pdf,retail_price_evidence,high,,,cost_or_price_benchmark; general_context; ingredient_confirmation; retail_price,hershey; target,cocoa_chocolate; milk_dairy; natural_flavor; pgpr; soy_lecithin; sugar,chunks=2 text=1507
document_profile,DOC_4ED7D04B1CB5,pswrgvwall.xls,logistics_distribution,medium_high,,,cost_or_price_benchmark; general_context; retail_price,,,chunks=38 text=78522
document_profile,DOC_4FB6669959F5,asr_fy23_sustainability_report.pdf,sugar,high,,,cost_or_price_benchmark; general_context; ingredient_confirmation; logistics_distribution; manufacturing_or_process; retail_price; supplier_relationship; sustainability_context,asr; hershey; target,packaging; sugar,chunks=151 text=296944
document_profile,DOC_51C8BD35B96E,lecithin_emulsifier_chocolate_use.pdf,soy_lecithin,high,,,cost_or_price_benchmark; general_context; ingredient_confirmation; manufacturing_or_process; supplier_relationship; sustainability_context,,cocoa_chocolate; milk_dairy; packaging; soy_lecithin; sugar,chunks=4 text=6270
document_profile,DOC_535DD6E652B7,asr_group_about_page.pdf,sugar,high,,,cost_or_price_benchmark; general_context; ingredient_confirmation; supplier_relationship; sustainability_context,asr,sugar,chunks=3 text=3165
document_profile,DOC_55B0E1DB0BD6,common_carrier_freight_explanation.pdf,logistics_distribution,medium_high,,,cost_or_price_benchmark; general_context; logistics_distribution; retail_price,,,chunks=2 text=2177
document_profile,DOC_5BC712652F98,pgpr_market_overview_reference.pdf,pgpr,high,,,cost_or_price_benchmark; ingredient_confirmation; logistics_distribution; manufacturing_or_process; retail_price; supplier_relationship; sustainability_context,fda; target,cocoa_chocolate; milk_dairy; natural_flavor; pgpr,chunks=13 text=25379
document_profile,DOC_5E90ED0F32AB,walgreens_hershey_1_55oz_price_page.pdf,retail_price_evidence,high,,,cost_or_price_benchmark; general_context; ingredient_confirmation; manufacturing_or_process; retail_price,hershey; walgreens,cocoa_chocolate; milk_dairy; natural_flavor; packaging,chunks=4 text=5603
document_profile,DOC_5EE6EEAC2420,pgpr_processing_polyglycerol_ricinoleic_acid_explanation.pdf,pgpr,medium,,,general_context; ingredient_confirmation; manufacturing_or_process,,cocoa_chocolate; milk_dairy; natural_flavor; pgpr; soy_lecithin; sugar,chunks=10 text=19112
document_profile,DOC_6152C93503AC,hershey_responsible_sourcing_cocoa_page.pdf,hershey_company,high,,,cost_or_price_benchmark; general_context; ingredient_confirmation; manufacturing_or_process; retail_price; supplier_relationship; sustainability_context,hershey; target,cocoa_chocolate; milk_dairy; packaging; sugar,chunks=5 text=8269
document_profile,DOC_66F839469130,hershey_pulp_and_paper_sourcing_data.pdf,packaging_wrapper,high,,,cost_or_price_benchmark; manufacturing_or_process; supplier_relationship; sustainability_context,hershey,packaging,chunks=3 text=5807
document_profile,DOC_672F3875D726,hershey_sustainable_sugar_sourcing_policy.pdf,sugar,high,,,ingredient_confirmation; supplier_relationship; sustainability_context,hershey,sugar,chunks=1 text=1885
document_profile,DOC_6ECEDE6AFBC2,epa_hershey_land_o_lakes_pa_dairy_farms_2m_commitment.pdf,dairy_milk_skim_milk_milk_fat,high,,,cost_or_price_benchmark; general_context; ingredient_confirmation; retail_price; supplier_relationship; sustainability_context,hershey; land_olakes; target; usda,cocoa_chocolate; milk_dairy,chunks=4 text=6583
document_profile,DOC_6F01C5426EEB,usda_ers_sugar_sweeteners_yearbook_tables.xlsx,sugar,medium,,,general_context; ingredient_confirmation; manufacturing_or_process; retail_price,usda,milk_dairy; sugar,chunks=22 text=44352
document_profile,DOC_71BF5D9AF123,barry_callebaut_hershey_supply_agreement_page.pdf,cocoa_chocolate_cocoa_butter,high,,,general_context; ingredient_confirmation; manufacturing_or_process; supplier_relationship; sustainability_context,barry_callebaut; hershey,cocoa_chocolate; milk_dairy,chunks=4 text=4835
document_profile,DOC_71CE92D20645,hershey_distribution_center_logistics_reference.pdf,logistics_distribution,high,,,cost_or_price_benchmark; general_context; ingredient_confirmation; logistics_distribution; manufacturing_or_process; supplier_relationship; sustainability_context,hershey,cocoa_chocolate; packaging,chunks=8 text=11985
document_profile,DOC_73F44125570A,hershey_latest_esg_sugar_section.pdf,hershey_company,high,,,cost_or_price_benchmark; general_context; ingredient_confirmation; logistics_distribution; manufacturing_or_process; retail_price; supplier_relationship; sustainability_context,barry_callebaut; hershey; land_olakes; target; usda,cocoa_chocolate; milk_dairy; natural_flavor; packaging; sugar,chunks=206 text=424001
document_profile,DOC_74966F03A6A3,hershey_sugar_sourcing_page.pdf,sugar,high,,,cost_or_price_benchmark; general_context; ingredient_confirmation; manufacturing_or_process; retail_price; supplier_relationship; sustainability_context,asr; hershey; target,cocoa_chocolate; sugar,chunks=5 text=7097
document_profile,DOC_75DA5EE841E9,hershey_sustainable_dairy_pa_2021_press_release.pdf,dairy_milk_skim_milk_milk_fat,high,,,cost_or_price_benchmark; general_context; ingredient_confirmation; manufacturing_or_process; supplier_relationship; sustainability_context,hershey; land_olakes,cocoa_chocolate; milk_dairy,chunks=5 text=7856
document_profile,DOC_7A2EEB1A9F31,soy_lecithin_market_price_reference.pdf,soy_lecithin,medium_high,,,cost_or_price_benchmark; general_context; ingredient_confirmation; manufacturing_or_process; retail_price; supplier_relationship,,soy_lecithin,chunks=3 text=2544
document_profile,DOC_7AD7B5853282,Hersheyland-Explore-Hershey-Products.pdf,reference_only,high,,,cost_or_price_benchmark; general_context; ingredient_confirmation,hershey,cocoa_chocolate; milk_dairy; natural_flavor,chunks=3 text=4041
document_profile,DOC_7FED8B7042EA,usda_ams_dairy_market_news_weekly_report_latest.pdf,dairy_milk_skim_milk_milk_fat,high,,,cost_or_price_benchmark; ingredient_confirmation; logistics_distribution; manufacturing_or_process; retail_price; supplier_relationship; sustainability_context,usda,milk_dairy; natural_flavor,chunks=43 text=90780
document_profile,DOC_88DAB6FD44D8,cpg_distribution_center_explanation.pdf,logistics_distribution,high,,,cost_or_price_benchmark; general_context; ingredient_confirmation; logistics_distribution; manufacturing_or_process; retail_price; supplier_relationship; sustainability_context,fda,packaging; sugar,chunks=8 text=13876
document_profile,DOC_89FEEC7103A9,eia_diesel_price_benchmark.pdf,logistics_distribution,medium_high,,,cost_or_price_benchmark; general_context; manufacturing_or_process; retail_price,eia,,chunks=4 text=5119
document_profile,DOC_8E60E28B0A31,efsa_pgpr_e476_reevaluation.pdf,pgpr,high,,,cost_or_price_benchmark; general_context; ingredient_confirmation; logistics_distribution; manufacturing_or_process; supplier_relationship,,cocoa_chocolate; milk_dairy; packaging; pgpr,chunks=41 text=80244
document_profile,DOC_8F85C09572BC,hershey_cocoa_for_good_strategy.pdf,cocoa_chocolate_cocoa_butter,high,,,cost_or_price_benchmark; general_context; ingredient_confirmation; manufacturing_or_process; supplier_relationship; sustainability_context,hershey,cocoa_chocolate,chunks=5 text=8640
document_profile,DOC_920988DD536E,Dairy-The-Hershey-Company-05-06-2026_02_22_PM.pdf,hershey_company,high,,,general_context; ingredient_confirmation; manufacturing_or_process; retail_price; supplier_relationship; sustainability_context,hershey; land_olakes; target,cocoa_chocolate; milk_dairy,chunks=4 text=6402
document_profile,DOC_9232C3E84540,usda_ams_dairy_monthly_averages_latest.pdf,dairy_milk_skim_milk_milk_fat,medium_high,,,cost_or_price_benchmark; ingredient_confirmation; retail_price,usda,milk_dairy,chunks=3 text=4268
document_profile,DOC_940D070C225C,bls_warehousing_storage_ppi_benchmark.pdf,logistics_distribution,medium_high,,,cost_or_price_benchmark; general_context; logistics_distribution; retail_price,,,chunks=2 text=1168
document_profile,DOC_9C88D07C6DBF,usda_ams_advanced_class_prices_latest.pdf,dairy_milk_skim_milk_milk_fat,medium_high,,,cost_or_price_benchmark; ingredient_confirmation; retail_price,usda,milk_dairy,chunks=7 text=13701
document_profile,DOC_9F0DF6069C86,fda_pgpr_gras_notice_inventory_page.pdf,pgpr,medium_high,,,cost_or_price_benchmark; ingredient_confirmation; logistics_distribution; manufacturing_or_process,fda,cocoa_chocolate; pgpr,chunks=5 text=10486
document_profile,DOC_A2C285FFEE37,pgpr_industry_supplier_function_reference.pdf,pgpr,high,,,cost_or_price_benchmark; general_context; ingredient_confirmation; manufacturing_or_process; retail_price; supplier_relationship,,cocoa_chocolate; milk_dairy; packaging,chunks=4 text=5930
document_profile,DOC_A5418FB79897,usda_ams_national_dairy_products_sales_report_latest.pdf,dairy_milk_skim_milk_milk_fat,high,,,cost_or_price_benchmark; general_context; ingredient_confirmation; retail_price; supplier_relationship,usda,milk_dairy,chunks=5 text=8367
document_profile,DOC_A632502DE1F8,usda_soybean_soybean_oil_price_benchmark.pdf,soy_lecithin,medium_high,,,cost_or_price_benchmark; general_context; manufacturing_or_process; retail_price; supplier_relationship; sustainability_context,usda,,chunks=3 text=3503
document_profile,DOC_A6A693D3495F,pgpr_and_lecithin_chocolate_emulsifier_use.pdf,pgpr,medium_high,,,cost_or_price_benchmark; general_context; ingredient_confirmation; manufacturing_or_process,,cocoa_chocolate; pgpr; soy_lecithin,chunks=2 text=1581
document_profile,DOC_AB943BE3F9BC,hershey_company_logo.png,brand_logo_assets,medium,,,general_context,hershey,,chunks=1 text=66
document_profile,DOC_B28013FB1CA9,dairy_ingredients_in_chocolate_explanation.pdf,dairy_milk_skim_milk_milk_fat,high,,,cost_or_price_benchmark; general_context; ingredient_confirmation; manufacturing_or_process; retail_price; supplier_relationship,,cocoa_chocolate; milk_dairy; natural_flavor; packaging; soy_lecithin; sugar,chunks=11 text=20857
document_profile,DOC_B3858C187B41,cocoa_beans_quality_requirements_processing_guide.pdf,cocoa_chocolate_cocoa_butter,high,,,cost_or_price_benchmark; general_context; ingredient_confirmation; logistics_distribution; manufacturing_or_process; retail_price; supplier_relationship; sustainability_context,barry_callebaut; fda; icco; target; usda,cocoa_chocolate; milk_dairy; natural_flavor; packaging; soy_lecithin; sugar,chunks=146 text=295152
document_profile,DOC_B544BFB9CF00,soybean_to_soy_lecithin_processing_explanation.pdf,soy_lecithin,medium_high,,,cost_or_price_benchmark; general_context; ingredient_confirmation; manufacturing_or_process; supplier_relationship,,soy_lecithin,chunks=4 text=5813
document_profile,DOC_B690BF25DADF,fema_flavor_ingredient_library_page.pdf,natural_flavor,medium_high,,,cost_or_price_benchmark; general_context; ingredient_confirmation; manufacturing_or_process,fda,milk_dairy; natural_flavor; sugar,chunks=7 text=12599
document_profile,DOC_BA82764C244F,land_o_lakes_community_impact_report.pdf,dairy_milk_skim_milk_milk_fat,high,,,cost_or_price_benchmark; general_context; manufacturing_or_process; retail_price; supplier_relationship; sustainability_context,land_olakes,milk_dairy,chunks=3 text=3003
document_profile,DOC_BCA0BB066D42,paperboard_packaging_market_overview_reference.pdf,packaging_wrapper,high,,,cost_or_price_benchmark; general_context; logistics_distribution; manufacturing_or_process; retail_price; supplier_relationship; sustainability_context,target,packaging,chunks=9 text=16090
document_profile,DOC_BF1CF5E24E2A,034000002405_3.png,product_sku_1_55oz,high,,,ingredient_confirmation,hershey,cocoa_chocolate; milk_dairy; sugar,chunks=1 text=761
document_profile,DOC_C035EBC878BA,soy_lecithin_industry_supplier_reference.pdf,soy_lecithin,medium_high,,,cost_or_price_benchmark; general_context; ingredient_confirmation; manufacturing_or_process; supplier_relationship,,soy_lecithin,chunks=2 text=2212
document_profile,DOC_C041385635A5,milk_fat_butterfat_explanation.pdf,dairy_milk_skim_milk_milk_fat,high,,,cost_or_price_benchmark; general_context; ingredient_confirmation; manufacturing_or_process; retail_price; supplier_relationship; sustainability_context,eia,milk_dairy; natural_flavor,chunks=5 text=7841
document_profile,DOC_C1E296D7AAAC,trucking_rate_market_reference.pdf,logistics_distribution,medium_high,,,cost_or_price_benchmark; general_context; logistics_distribution; retail_price; supplier_relationship,,,chunks=2 text=1625
document_profile,DOC_C2BD8E23F83C,asr_sustainable_supply_chain_page.pdf,sugar,high,,,cost_or_price_benchmark; general_context; ingredient_confirmation; manufacturing_or_process; supplier_relationship; sustainability_context,asr; hershey,sugar,chunks=2 text=2188
document_profile,DOC_C341E0016B61,fda_lecithin_food_additive_or_gras_reference.pdf,soy_lecithin,high,,,cost_or_price_benchmark; general_context; ingredient_confirmation; manufacturing_or_process,fda,natural_flavor; packaging; soy_lecithin,chunks=3 text=3362
document_profile,DOC_C5BF7969016D,hershey_pulp_paper_supplier_mill_list.pdf,packaging_wrapper,high,,,cost_or_price_benchmark; manufacturing_or_process; supplier_relationship; sustainability_context,hershey,packaging,chunks=3 text=5807
document_profile,DOC_C5E013D8DC8A,fda_21_cfr_101_22_natural_flavor_definition.pdf,natural_flavor,high,,,general_context; ingredient_confirmation; manufacturing_or_process; retail_price; supplier_relationship,,milk_dairy; natural_flavor; packaging; sugar,chunks=14 text=25623
document_profile,DOC_C87C22CB90A7,Cocoa-The-Hershey-Company-05-06-2026_02_25_PM.pdf,cocoa_chocolate_cocoa_butter,high,,,cost_or_price_benchmark; general_context; ingredient_confirmation; supplier_relationship; sustainability_context,hershey,cocoa_chocolate,chunks=7 text=11767
document_profile,DOC_CA4CD5A61616,hershey_2025_10k_full.pdf,hershey_company,high,,,cost_or_price_benchmark; general_context; ingredient_confirmation; logistics_distribution; manufacturing_or_process; retail_price; supplier_relationship; sustainability_context,hershey; mclane; target,cocoa_chocolate; milk_dairy; natural_flavor; packaging; sugar,chunks=55 text=109285
document_profile,DOC_CD36102F0A4D,land_o_lakes_logo_asset.png,dairy_milk_skim_milk_milk_fat,medium,,,general_context,land_olakes,,chunks=1 text=88
document_profile,DOC_CF8C4A1F434C,hershey 1.55 oz page.pdf,product_sku_1_55oz,high,,,cost_or_price_benchmark; general_context; ingredient_confirmation; manufacturing_or_process; retail_price,hershey,cocoa_chocolate; milk_dairy; natural_flavor; packaging; pgpr; soy_lecithin; sugar,chunks=7 text=13187
document_profile,DOC_D22719A8CDC8,flexible_packaging_market_overview_reference.pdf,packaging_wrapper,high,,,cost_or_price_benchmark; general_context; logistics_distribution; manufacturing_or_process; retail_price; supplier_relationship; sustainability_context,,milk_dairy; packaging,chunks=16 text=28926
document_profile,DOC_D24FEC8E2E35,usda_ers_sugar_market_outlook_latest.pdf,sugar,high,,,cost_or_price_benchmark; general_context; ingredient_confirmation; manufacturing_or_process; supplier_relationship,usda,sugar,chunks=3 text=2970
document_profile,DOC_D9B23C06662B,land_o_lakes_home_page.pdf,dairy_milk_skim_milk_milk_fat,high,,,cost_or_price_benchmark; general_context; supplier_relationship; sustainability_context,land_olakes,milk_dairy,chunks=3 text=3852
document_profile,DOC_DAEB12849174,fema_gras_program_page.pdf,natural_flavor,high,,,cost_or_price_benchmark; general_context; ingredient_confirmation; manufacturing_or_process; supplier_relationship,fda,natural_flavor,chunks=11 text=20093
document_profile,DOC_DB66DBC968F9,asr_group_home_page.pdf,sugar,medium_high,,,cost_or_price_benchmark; general_context; ingredient_confirmation; sustainability_context,asr,sugar,chunks=3 text=2668
document_profile,DOC_DC5C9E72C77A,land_o_lakes_2025_annual_report.pdf,dairy_milk_skim_milk_milk_fat,high,,,cost_or_price_benchmark; general_context; ingredient_confirmation; logistics_distribution; manufacturing_or_process; retail_price; supplier_relationship; sustainability_context,eia; hershey; land_olakes,cocoa_chocolate; milk_dairy; natural_flavor; packaging; sugar,chunks=34 text=64099
document_profile,DOC_E2BE0206EF0C,usda_ams_class_iv_milk_price_reference.pdf,dairy_milk_skim_milk_milk_fat,medium_high,,,cost_or_price_benchmark; ingredient_confirmation; manufacturing_or_process; retail_price,usda,milk_dairy,chunks=2 text=3434
document_profile,DOC_E2CBD160658D,usda_ers_sugar_outlook_latest_pdf.pdf,sugar,high,,,cost_or_price_benchmark; general_context; ingredient_confirmation; manufacturing_or_process; supplier_relationship; sustainability_context,usda,sugar,chunks=16 text=29553
document_profile,DOC_E3E6C7C84910,milk_processing_separation_explanation.pdf,dairy_milk_skim_milk_milk_fat,high,,,cost_or_price_benchmark; general_context; ingredient_confirmation; logistics_distribution; manufacturing_or_process; supplier_relationship; sustainability_context,fda; usda,milk_dairy; natural_flavor; packaging,chunks=90 text=175072
document_profile,DOC_E5889DB5914A,Sugar-The-Hershey-Company-05-06-2026_02_22_PM.pdf,sugar,high,,,cost_or_price_benchmark; general_context; ingredient_confirmation; manufacturing_or_process; retail_price; supplier_relationship; sustainability_context,asr; hershey; target,cocoa_chocolate; sugar,chunks=5 text=7097
document_profile,DOC_EBE512C33BCD,domino_sugar_asr_brand_page.pdf,sugar,medium_high,,,cost_or_price_benchmark; general_context; ingredient_confirmation; logistics_distribution; manufacturing_or_process; sustainability_context,asr,packaging; sugar,chunks=2 text=1909
document_profile,DOC_F0190DCF0884,natural_flavor_declaration_fda_definition_reference.pdf,natural_flavor,high,,,general_context; ingredient_confirmation; logistics_distribution; manufacturing_or_process; supplier_relationship,fda; usda,milk_dairy; natural_flavor; sugar,chunks=7 text=13929
document_profile,DOC_F203E734500B,PCU484484.xlsx,logistics_distribution,medium_high,,,cost_or_price_benchmark; logistics_distribution; retail_price,,,chunks=1 text=1121
document_profile,DOC_F398FB109346,pgpr_function_in_chocolate_explanation.pdf,pgpr,high,,,cost_or_price_benchmark; general_context; ingredient_confirmation; manufacturing_or_process; retail_price; supplier_relationship; sustainability_context,fda; usda,cocoa_chocolate; milk_dairy; packaging; pgpr; soy_lecithin; sugar,chunks=10 text=18441
document_profile,DOC_F89879677373,hershey_latest_esg_packaging_section.pdf,packaging_wrapper,high,,,cost_or_price_benchmark; general_context; ingredient_confirmation; logistics_distribution; manufacturing_or_process; retail_price; supplier_relationship; sustainability_context,barry_callebaut; hershey; land_olakes; target; usda,cocoa_chocolate; milk_dairy; natural_flavor; packaging; sugar,chunks=206 text=424001
document_profile,DOC_F976C0BE2B9A,usda_fas_cote_divoire_cocoa_sector_overview_2025.pdf,cocoa_chocolate_cocoa_butter,high,,,cost_or_price_benchmark; ingredient_confirmation; logistics_distribution; manufacturing_or_process; retail_price; supplier_relationship; sustainability_context,barry_callebaut; usda,cocoa_chocolate,chunks=23 text=46056
document_profile,DOC_FD5AB5AB5E8F,icco_cocoa_statistics_page.pdf,cocoa_chocolate_cocoa_butter,high,,,cost_or_price_benchmark; general_context; ingredient_confirmation; logistics_distribution; manufacturing_or_process; retail_price; supplier_relationship,icco,cocoa_chocolate,chunks=5 text=8212
document_profile,DOC_FDA0D8F4DCE2,mclane_company_facts_reference.pdf,logistics_distribution,medium_high,,,cost_or_price_benchmark; general_context; logistics_distribution; manufacturing_or_process; retail_price; supplier_relationship; sustainability_context,mclane,,chunks=5 text=7846
document_profile,DOC_FE10C8C34BF6,bls_ppi_packaging_materials_benchmark.pdf,packaging_wrapper,medium_high,,,cost_or_price_benchmark; general_context; manufacturing_or_process; retail_price,,packaging,chunks=2 text=953
document_profile,DOC_FEA243351909,alliance_sustainable_dairy_pa_page.pdf,dairy_milk_skim_milk_milk_fat,high,,,general_context; ingredient_confirmation; supplier_relationship; sustainability_context,hershey; land_olakes,cocoa_chocolate; milk_dairy,chunks=3 text=3642
rag_bundle,BUNDLE_RAG_ASR_SUGAR,What evidence supports ASR or American Sugar Refining as Hershey sugar supplier or sugar sourcing partner?,sugar; sugar; sugar; sugar; sugar,pass,,,,,,candidate_claims=10
rag_bundle,BUNDLE_RAG_BARRY_COCOA,What evidence supports Barry Callebaut and Hershey chocolate or cocoa supply relationship?,cocoa_chocolate_cocoa_butter; cocoa_chocolate_cocoa_butter; cocoa_chocolate_cocoa_butter; cocoa_chocolate_cocoa_butter; cocoa_chocolate_cocoa_butter,pass,,,,,,candidate_claims=10
rag_bundle,BUNDLE_RAG_LAND_O_LAKES_DAIRY,What evidence supports Land O'Lakes as Hershey dairy supplier or strategic dairy partner?,dairy_milk_skim_milk_milk_fat; dairy_milk_skim_milk_milk_fat; hershey_company; packaging_wrapper; dairy_milk_skim_milk_milk_fat,pass,,,,,,candidate_claims=10
rag_bundle,BUNDLE_RAG_WRAPPER_INGREDIENTS,What does the Hershey 1.55 oz wrapper or product page say about ingredients and nutrition?,retail_price_evidence; natural_flavor; hershey_company; packaging_wrapper; sugar,pass,,,,,,candidate_claims=10
rag_bundle,BUNDLE_RAG_RETAIL_PRICE,Which retailer evidence supports verified price for the Hershey 1.55 oz milk chocolate bar?,product_sku_1_55oz; retail_price_evidence; retail_price_evidence; product_sku_1_55oz; retail_price_evidence,pass,,,,,,candidate_claims=10
rag_bundle,BUNDLE_RAG_PGPR,What evidence explains PGPR function and use in chocolate?,pgpr; pgpr; pgpr; pgpr; cocoa_chocolate_cocoa_butter,pass,,,,,,candidate_claims=10
rag_bundle,BUNDLE_RAG_SOY_LECITHIN,What evidence explains soy lecithin function and use in chocolate?,soy_lecithin; soy_lecithin; soy_lecithin; soy_lecithin; cocoa_chocolate_cocoa_butter,pass,,,,,,candidate_claims=10
rag_bundle,BUNDLE_RAG_NATURAL_FLAVOR,What evidence explains natural flavor definition and use in food or chocolate?,natural_flavor; natural_flavor; natural_flavor; natural_flavor; natural_flavor,pass,,,,,,candidate_claims=10
rag_bundle,BUNDLE_RAG_PACKAGING,"What evidence supports Hershey packaging, wrapper, pulp, paper, or packaging cost benchmark?",packaging_wrapper; packaging_wrapper; hershey_company; hershey_company; packaging_wrapper,pass,,,,,,candidate_claims=10
rag_bundle,BUNDLE_RAG_MCLANE_LOGISTICS,"What evidence supports McLane, distribution, warehouse, or downstream logistics for the Hershey supply chain model?",logistics_distribution; logistics_distribution; logistics_distribution; logistics_distribution; logistics_distribution,pass,,,,,,candidate_claims=10
rag_bundle,BUNDLE_RAG_HERSHEY_10K_RAW_MATERIALS,"What Hershey 10-K evidence mentions raw materials, cocoa, sugar, dairy, packaging, or distribution risk?",dairy_milk_skim_milk_milk_fat; sugar; hershey_company; packaging_wrapper; packaging_wrapper,pass,,,,,,candidate_claims=10
rag_bundle,BUNDLE_RAG_COST_BENCHMARKS,"Which sources support benchmark cost logic for sugar, cocoa, dairy, packaging, diesel, trucking, warehousing, or retail?",dairy_milk_skim_milk_milk_fat; hershey_company; packaging_wrapper; cocoa_chocolate_cocoa_butter; cocoa_chocolate_cocoa_butter,pass,,,,,,candidate_claims=10
candidate_claim,CAND_RAG_ASR_SUGAR_UCHUNK_001773,"supplier_relationship / ingredient_confirmation / sustainability_context: hershey, sugar",sugar,rag_retrieval_result,company_level_relationship_evidence,company_level_only,supplier_relationship; ingredient_confirmation; sustainability_context,hershey,sugar,"--- PAGE 1 ---
Sustainable Sugar Sourcing Policy 
The Hershey Company is committed to high standards in responsible and sustainable sugar sourcing. 
Hershey currently buys sugar for its operations around the world. The sugarcane industry is nuanced by 
geography, with sustainability, social, and lab"
candidate_claim,CAND_RAG_ASR_SUGAR_UCHUNK_001623,"supplier_relationship / ingredient_confirmation / retail_price: asr, sugar",sugar,rag_retrieval_result,background_context,modeled_route_context,supplier_relationship; ingredient_confirmation; retail_price; logistics_distribution; sustainability_context; manufacturing_or_process,asr,sugar,"oduced in a 
food grade sugar mill) or sent 
to a sugar refinery for further 
processing. Both of our sugar 
mills in Mexico and Belize 
produce food grade sugar for 
direct consumption.
Our refineries in the U.S., 
Canada, the UK, Portugal, 
Italy, and Mexico process raw 
sugar from our mills and 
"
candidate_claim,CAND_RAG_ASR_SUGAR_UCHUNK_001620,"supplier_relationship / ingredient_confirmation / cost_or_price_benchmark: asr, sugar",sugar,rag_retrieval_result,benchmark_context_evidence,benchmark_only,supplier_relationship; ingredient_confirmation; cost_or_price_benchmark; sustainability_context; manufacturing_or_process,asr,sugar,"ervation 
and Circularity
Sustainable 
Agriculture
Sustainable and 
Ethical Supply Chain
Employee and Community 
Engagement
Governance, Communication 
and Reporting
Closing
Appendix
About ASR Group
ASR Group is the world’s largest 
cane sugar refining company.
7
ASR Group Sustainability Report 2023
"
candidate_claim,CAND_RAG_ASR_SUGAR_UCHUNK_001621,"supplier_relationship / ingredient_confirmation / sustainability_context: asr, sugar",sugar,rag_retrieval_result,medium_context_evidence,context_only,supplier_relationship; ingredient_confirmation; sustainability_context; manufacturing_or_process,asr,sugar,"mpanies that collectively farm sugarcane on 285,000 acres of land in South Florida and produce raw and refined sugar. ASR Group is 
maintained as a separate legal entity, and this report is restricted to the business of ASR Group.
Our brand portfolio includes:
8
ASR Group Sustainability Report 2023
"
candidate_claim,CAND_RAG_ASR_SUGAR_UCHUNK_001652,"supplier_relationship / ingredient_confirmation / cost_or_price_benchmark: asr, sugar",sugar,rag_retrieval_result,benchmark_context_evidence,benchmark_only,supplier_relationship; ingredient_confirmation; cost_or_price_benchmark; logistics_distribution; sustainability_context,asr,sugar,"d agroforestry – offer communities opportunities to increase 
their resiliency in the face of climate change adaption requirements. ASR Group will publish 
more information on these actions as we develop our Sustainable Agriculture program.
Raw Sugar Sourcing
34
ASR Group Sustainability Report 2023
"
candidate_claim,CAND_RAG_ASR_SUGAR_UCHUNK_001687,"supplier_relationship / ingredient_confirmation / cost_or_price_benchmark: asr, sugar",sugar,rag_retrieval_result,benchmark_context_evidence,benchmark_only,supplier_relationship; ingredient_confirmation; cost_or_price_benchmark; sustainability_context,asr,sugar,"ves in FY23. Projects included improving on-farm 
productivity, biodiversity, reforestation, facilitating microbusinesses for women 
and youth, worker health and safety, child labor and raising awareness about 
gender-based violence.
Our Fairtrade Commitments
67
ASR Group Sustainability Report 2023
"
candidate_claim,CAND_RAG_ASR_SUGAR_UCHUNK_002049,"supplier_relationship / ingredient_confirmation / retail_price: hershey, target, sugar",sugar,rag_retrieval_result,direct_visual_or_page_evidence,retail_page_level,supplier_relationship; ingredient_confirmation; retail_price; sustainability_context; manufacturing_or_process,hershey; target,sugar,"--- VISUAL OCR PAGE 1: page_001.png ---
CAREERS MEDIA INVESTORS
HERSHEY.
f& > Home > Sustainability > Sustainability Issues
Sugar is an essential ingredient in many of our delicious snacks. Sugar production provides a
livelihood to growers and local communities. At Hershey, we are committed to a sup"
candidate_claim,CAND_RAG_ASR_SUGAR_UCHUNK_002278,"supplier_relationship / ingredient_confirmation / retail_price: hershey, target, sugar",sugar,rag_retrieval_result,direct_visual_or_page_evidence,retail_page_level,supplier_relationship; ingredient_confirmation; retail_price; sustainability_context; manufacturing_or_process,hershey; target,sugar,"--- VISUAL OCR PAGE 1: page_001.png ---
CAREERS MEDIA INVESTORS
HERSHEY.
f& > Home > Sustainability > Sustainability Issues
Sugar is an essential ingredient in many of our delicious snacks. Sugar production provides a
livelihood to growers and local communities. At Hershey, we are committed to a sup"
candidate_claim,CAND_RAG_ASR_SUGAR_UCHUNK_001678,"supplier_relationship / ingredient_confirmation / sustainability_context: asr, sugar",sugar,rag_retrieval_result,medium_context_evidence,context_only,supplier_relationship; ingredient_confirmation; sustainability_context; manufacturing_or_process,asr,sugar,"munities and play a significant 
role in the local economies. We recognize 
that buying sugar from organizations in 
these regions brings specific risks and 
responsibilities. As a major buyer of 
raw sugar, we strive to use our scale to 
eliminate unethical practices while building 
capacity at the"
candidate_claim,CAND_RAG_ASR_SUGAR_UCHUNK_000866,"supplier_relationship / ingredient_confirmation / sustainability_context: hershey, cocoa_chocolate, sugar",dairy_milk_skim_milk_milk_fat,rag_retrieval_result,company_level_relationship_evidence,company_level_only,supplier_relationship; ingredient_confirmation; sustainability_context,hershey,cocoa_chocolate; sugar,"o identify the specific source from where the ingredient comes in a given Hershey product.
40 
The Hershey Company | 2021 ESG Report
The Big Picture Our Company Cocoa Responsible Sourcing and Human Rights Environment Our People Youth Community About This Report
Responsible Sourcing and Human Rights
"
candidate_claim,CAND_RAG_BARRY_COCOA_UCHUNK_000442,"supplier_relationship / ingredient_confirmation / cost_or_price_benchmark: barry_callebaut, hershey, cocoa_chocolate",cocoa_chocolate_cocoa_butter,rag_retrieval_result,company_level_relationship_evidence,company_level_only,supplier_relationship; ingredient_confirmation; cost_or_price_benchmark,barry_callebaut; hershey,cocoa_chocolate,"--- PAGE 1 ---
Hershey and Barry Callebaut Announce Strategic 
Supply and Innovation Partnership 
 
• 
Barry Callebaut to supply a minimum of 80,000 tons per year of chocolate and 
finished products to Hershey under long-term global agreement 
• 
Hershey to leverage Barry Callebaut’s premium chocola"
candidate_claim,CAND_RAG_BARRY_COCOA_UCHUNK_000443,"supplier_relationship / ingredient_confirmation / sustainability_context: barry_callebaut, hershey, cocoa_chocolate, natural_flavor",cocoa_chocolate_cocoa_butter,rag_retrieval_result,company_level_relationship_evidence,company_level_only,supplier_relationship; ingredient_confirmation; sustainability_context,barry_callebaut; hershey,cocoa_chocolate; natural_flavor,"D 50 million (CHF 65 million). 
 
The two companies also will work together on efforts aimed at building a sustainable cocoa 
supply, including the World Cocoa Foundation’s Sustainable Tree Crops Program, the 
International Cocoa Initiative Foundation and industry efforts to implement a certificatio"
candidate_claim,CAND_RAG_BARRY_COCOA_UCHUNK_002038,"supplier_relationship / ingredient_confirmation / sustainability_context: barry_callebaut, hershey, cocoa_chocolate",cocoa_chocolate_cocoa_butter,rag_retrieval_result,company_level_relationship_evidence,company_level_only,supplier_relationship; ingredient_confirmation; sustainability_context,barry_callebaut; hershey,cocoa_chocolate,"--- VISUAL OCR PAGE 1: page_001.png ---
® My Barry Callebaut Careers Contact B= United States - English Q
| BARRY (()) CALLEBAUT | Products Segments Services Brands Trends & Insights Sustainability v About Us v
f > About Us > Media > News & Stories
; oy
.
ox A OS a ihe 1 Pa
eae ee 08 » ‘ .
y fat ne "
candidate_claim,CAND_RAG_BARRY_COCOA_UCHUNK_002137,ingredient_confirmation: cocoa_chocolate,cocoa_chocolate_cocoa_butter,rag_retrieval_result,background_context,context_only,ingredient_confirmation,,cocoa_chocolate,"--- VISUAL OCR PAGE 1: page_008.png ---
Cocoa Beans: Chocolate & Cocoa Industry Quality Requirements
8"
candidate_claim,CAND_RAG_BARRY_COCOA_UCHUNK_000447,"supplier_relationship / ingredient_confirmation / cost_or_price_benchmark: barry_callebaut, cocoa_chocolate",cocoa_chocolate_cocoa_butter,rag_retrieval_result,direct_product_or_label_evidence,sku_or_label_level,supplier_relationship; ingredient_confirmation; cost_or_price_benchmark; retail_price; sustainability_context,barry_callebaut,cocoa_chocolate,"--- PAGE 1 ---
ANNUAL SOCIAL 
AND ENVIRONMENTAL 
IMPACT REPORT
2024/25


--- PAGE 2 ---
3
This is Barry Callebaut
4
Letter to Stakeholders
6
Sustainability
7
Our Sustainability Journey
8
Forever Chocolate Introduction
16
Overview of our Forever Chocolate Strategy
17
Prospering Farmers
23
Human Right"
candidate_claim,CAND_RAG_BARRY_COCOA_UCHUNK_000213,"supplier_relationship / ingredient_confirmation / cost_or_price_benchmark: barry_callebaut, cocoa_chocolate",cocoa_chocolate_cocoa_butter,rag_retrieval_result,benchmark_context_evidence,benchmark_only,supplier_relationship; ingredient_confirmation; cost_or_price_benchmark; retail_price; sustainability_context,barry_callebaut,cocoa_chocolate,"--- PAGE 1 ---
ANNUAL REPORT
2024/25


--- PAGE 2 ---
3
This is Barry Callebaut
4
Key Figures
6
Fiscal Year in Brief
7
Letter to Shareholders
9
Overview
10
5-Year Overview
11
Risk Overview
20
Business Highlights
21
Financial Review
26
Business Review
28
Financial Reports
29
Consolidated Financial St"
candidate_claim,CAND_RAG_BARRY_COCOA_UCHUNK_000601,"supplier_relationship / ingredient_confirmation / cost_or_price_benchmark: barry_callebaut, cocoa_chocolate",cocoa_chocolate_cocoa_butter,rag_retrieval_result,benchmark_context_evidence,benchmark_only,supplier_relationship; ingredient_confirmation; cost_or_price_benchmark; sustainability_context,barry_callebaut,cocoa_chocolate,"The principles and guidelines for behavior are set forth in our Code 
of Conduct
Supplier Code and Sustainable 
Sourcing Policies
Our Supplier Code and Sustainable Sourcing Policies lay out the framework for our 
sustainable sourcing activities and reflect our Forever Chocolate strategy and 
ambitio"
candidate_claim,CAND_RAG_BARRY_COCOA_UCHUNK_000451,"ingredient_confirmation / retail_price / sustainability_context: barry_callebaut, target, cocoa_chocolate",cocoa_chocolate_cocoa_butter,rag_retrieval_result,direct_visual_or_page_evidence,retail_page_level,ingredient_confirmation; retail_price; sustainability_context,barry_callebaut; target,cocoa_chocolate,"ot hesitate to get in 
touch with Barry Callebaut if you have any suggestions or 
comments on our efforts.
BARRY CALLEBAUT
Annual Social and Environmental 
Impact Report 2024/25
Letter to Stakeholders
Sustainability
Our People
Governance
TCFD
GRI Report
Policies
5
Peter Feld
Chief Executive Officer
"
candidate_claim,CAND_RAG_BARRY_COCOA_UCHUNK_000585,"ingredient_confirmation / sustainability_context: barry_callebaut, cocoa_chocolate",cocoa_chocolate_cocoa_butter,rag_retrieval_result,background_context,context_only,ingredient_confirmation; sustainability_context,barry_callebaut,cocoa_chocolate,"shareholders of the Company are listed in Note 5.2 
to the Consolidated Financial Statements in the Annual Report 2024/25 https://www.barry-callebaut.com/en/about-us/media/news-
stories/full-year-results-fiscal-year-202425, with Jacobs Investments 2 AG (formerly held by Jacobs Holding AG) as the ref"
candidate_claim,CAND_RAG_BARRY_COCOA_UCHUNK_002000,general_context,cocoa_chocolate_cocoa_butter,rag_retrieval_result,background_context,context_only,general_context,,,"--- VISUAL OCR PAGE 1: page_001.png ---
BARRY ((}) CALLEBAUT
| \ iM. ae Cais
ER / » A CS + TO. FPA 2024/25
Rae get - = a
—.: ‘y ss ""a ° +
op as '"
candidate_claim,CAND_RAG_LAND_O_LAKES_DAIRY_UCHUNK_002054,"supplier_relationship / ingredient_confirmation / sustainability_context: hershey, land_olakes, milk_dairy",dairy_milk_skim_milk_milk_fat,rag_retrieval_result,company_level_relationship_evidence,company_level_only,supplier_relationship; ingredient_confirmation; sustainability_context,hershey; land_olakes,milk_dairy,"king with the initial
119 farms, the partnership has the potential to reach more than 400 Land O'Lakes member farms supplying
milk to Hershey as funding and support grows.
“We recognize that global impact means teaming up with other leading organizations like The Hershey
Company and the Alliance for"
candidate_claim,CAND_RAG_LAND_O_LAKES_DAIRY_UCHUNK_001980,"supplier_relationship / sustainability_context: land_olakes, milk_dairy",dairy_milk_skim_milk_milk_fat,rag_retrieval_result,background_context,context_only,supplier_relationship; sustainability_context,land_olakes,milk_dairy,"rative system provides an opportunity
for farmers like us to access resources and funding,” said Steve.
The hope is that the increased funding for the initiative will help more local farmers
invest in the implementation of manure storage facilities, soil health practices,
riparian forest buffers and"
candidate_claim,CAND_RAG_LAND_O_LAKES_DAIRY_UCHUNK_000088,"supplier_relationship / ingredient_confirmation / cost_or_price_benchmark: hershey, milk_dairy",hershey_company,rag_retrieval_result,direct_product_or_label_evidence,sku_or_label_level,supplier_relationship; ingredient_confirmation; cost_or_price_benchmark; sustainability_context,hershey,milk_dairy,"airy Partnership 
(SDP) Dairy Sustainability Framework. Hershey requires 
suppliers to enroll in the SDP, undertake its evaluations 
and share progress reports with us. We are on track to 
source 100% of U.S. dairy ingredients from suppliers 
enrolled in and assessed through the SDP by the end 
of 2"
candidate_claim,CAND_RAG_LAND_O_LAKES_DAIRY_UCHUNK_001440,"supplier_relationship / ingredient_confirmation / cost_or_price_benchmark: hershey, milk_dairy",packaging_wrapper,rag_retrieval_result,direct_product_or_label_evidence,sku_or_label_level,supplier_relationship; ingredient_confirmation; cost_or_price_benchmark; sustainability_context,hershey,milk_dairy,"airy Partnership 
(SDP) Dairy Sustainability Framework. Hershey requires 
suppliers to enroll in the SDP, undertake its evaluations 
and share progress reports with us. We are on track to 
source 100% of U.S. dairy ingredients from suppliers 
enrolled in and assessed through the SDP by the end 
of 2"
candidate_claim,CAND_RAG_LAND_O_LAKES_DAIRY_UCHUNK_001983,"supplier_relationship / ingredient_confirmation / sustainability_context: hershey, cocoa_chocolate, milk_dairy",dairy_milk_skim_milk_milk_fat,rag_retrieval_result,direct_product_or_label_evidence,sku_or_label_level,supplier_relationship; ingredient_confirmation; sustainability_context; manufacturing_or_process,hershey,cocoa_chocolate; milk_dairy,"thin a 100-mile radius of our chocolate
manufacturing plant in Hershey, PA. We also source milk-derived ingredients from suppliers
across the U.S. as well as New Zealand, and from suppliers in Brazil, India and Mexico for our
operations in those countries.
es e e
Supplier Engagement, Monitoring and
"
candidate_claim,CAND_RAG_LAND_O_LAKES_DAIRY_UCHUNK_002117,"supplier_relationship / ingredient_confirmation / sustainability_context: hershey, cocoa_chocolate, milk_dairy",hershey_company,rag_retrieval_result,direct_product_or_label_evidence,sku_or_label_level,supplier_relationship; ingredient_confirmation; sustainability_context; manufacturing_or_process,hershey,cocoa_chocolate; milk_dairy,"thin a 100-mile radius of our chocolate
manufacturing plant in Hershey, PA. We also source milk-derived ingredients from suppliers
across the U.S. as well as New Zealand, and from suppliers in Brazil, India and Mexico for our
operations in those countries.
es e e
Supplier Engagement, Monitoring and
"
candidate_claim,CAND_RAG_LAND_O_LAKES_DAIRY_UCHUNK_002233,general_context: land_olakes,dairy_milk_skim_milk_milk_fat,rag_retrieval_result,background_context,context_only,general_context,land_olakes,,"--- VISUAL OCR image_or_logo_asset: land_o_lakes_logo_asset.png ---
ad
LAND O'LAKES INC."
candidate_claim,CAND_RAG_LAND_O_LAKES_DAIRY_UCHUNK_002056,"supplier_relationship / ingredient_confirmation / cost_or_price_benchmark: hershey, land_olakes, cocoa_chocolate, milk_dairy",dairy_milk_skim_milk_milk_fat,rag_retrieval_result,company_level_relationship_evidence,company_level_only,supplier_relationship; ingredient_confirmation; cost_or_price_benchmark; manufacturing_or_process,hershey; land_olakes,cocoa_chocolate; milk_dairy,"a's premier agribusiness and food companies, is a member-owned
cooperative with industry-leading operations that span the spectrum from agricultural production to
consumer foods. With 2020 annual sales of $14 billion, Land O'Lakes is one of the nation’s largest
cooperatives, ranking 219 on the Fortu"
candidate_claim,CAND_RAG_LAND_O_LAKES_DAIRY_UCHUNK_002302,"supplier_relationship / sustainability_context: hershey, land_olakes, milk_dairy",dairy_milk_skim_milk_milk_fat,rag_retrieval_result,company_level_relationship_evidence,company_level_only,supplier_relationship; sustainability_context,hershey; land_olakes,milk_dairy,"--- VISUAL OCR PAGE 1: page_001.png ---
NEWS EVENTS = CONTACT | ONATE | Q | Select Language v
Ay for the Chesapeake Bay What We Do v Who WeAre v Get Involved v Resources V
Home / Blogs / New Initiative, Sustainable Dairy PA, Sparks Promise for More Climate-Friendly Dairy Supply Chain in Chesapeake B"
candidate_claim,CAND_RAG_LAND_O_LAKES_DAIRY_UCHUNK_001984,"supplier_relationship / sustainability_context: hershey, land_olakes, milk_dairy",dairy_milk_skim_milk_milk_fat,rag_retrieval_result,company_level_relationship_evidence,company_level_only,supplier_relationship; sustainability_context,hershey; land_olakes,milk_dairy,"ssues.
We are collaborating with Land O'Lakes, our highest-volume dairy supplier and strategic partner,
and the Alliance for the Chesapeake Bay on a three-year pilot program, Sustainable Dairy PA.
Now in its second year, this program aims to reduce GHG emissions and protect water quality
across dair"
candidate_claim,CAND_RAG_WRAPPER_INGREDIENTS_UCHUNK_001911,"ingredient_confirmation / cost_or_price_benchmark / retail_price: cvs, hershey, cocoa_chocolate, milk_dairy",retail_price_evidence,rag_retrieval_result,direct_visual_or_page_evidence,retail_page_level,ingredient_confirmation; cost_or_price_benchmark; retail_price,cvs; hershey,cocoa_chocolate; milk_dairy,"--- VISUAL OCR PAGE 1: page_001.png ---
¥CVS {a 191 CAMBRIDG... Search CVS or ask a question Q
Open, Closes 10:00 PM
= Menu (ff Mother's Day — Manage prescriptions S Schedule a Vaccine Photo Coupons & Rewards WeeklyAd Extra Big Deals Shop MinuteClinic Services Wellness Zone —Oak Street Health
Home >"
candidate_claim,CAND_RAG_WRAPPER_INGREDIENTS_UCHUNK_001183,retail_price / manufacturing_or_process: packaging,natural_flavor,rag_retrieval_result,medium_context_evidence,context_only,retail_price; manufacturing_or_process,,packaging,"n a package insert). Further, the labeling of all malt beverages, 
regardless of alcohol content, and of liquors and wines containing 7 percent 
or more by volume of alcohol is regulated by the Alcohol and Tobacco Tax 
and Trade Bureau (TTB). TTB does not require that the products it regulates 
bear"
candidate_claim,CAND_RAG_WRAPPER_INGREDIENTS_UCHUNK_000086,"supplier_relationship / ingredient_confirmation / sustainability_context: hershey, cocoa_chocolate",hershey_company,rag_retrieval_result,direct_product_or_label_evidence,sku_or_label_level,supplier_relationship; ingredient_confirmation; sustainability_context,hershey,cocoa_chocolate,"our Supplier Program 
have demonstrated the 
importance of Hershey 
supporting suppliers 
on their continuous 
improvement journey. 
It improves the 
lives of people in our 
supply chain, so we 
remain committed to 
building supplier 
capabilities.”
Bethany Fitzgerald, Director, 
Global Responsible "
candidate_claim,CAND_RAG_WRAPPER_INGREDIENTS_UCHUNK_001438,"supplier_relationship / ingredient_confirmation / sustainability_context: hershey, cocoa_chocolate",packaging_wrapper,rag_retrieval_result,direct_product_or_label_evidence,sku_or_label_level,supplier_relationship; ingredient_confirmation; sustainability_context,hershey,cocoa_chocolate,"our Supplier Program 
have demonstrated the 
importance of Hershey 
supporting suppliers 
on their continuous 
improvement journey. 
It improves the 
lives of people in our 
supply chain, so we 
remain committed to 
building supplier 
capabilities.”
Bethany Fitzgerald, Director, 
Global Responsible "
candidate_claim,CAND_RAG_WRAPPER_INGREDIENTS_UCHUNK_002052,"supplier_relationship / ingredient_confirmation: hershey, cocoa_chocolate",sugar,rag_retrieval_result,company_level_relationship_evidence,company_level_only,supplier_relationship; ingredient_confirmation,hershey,cocoa_chocolate,"RIENCE HERSHEY BUSINESS CUSTOMERS
HERSHEY'S CAREERS HERSHEYLAND HERSHEY PAC ANNUAL REPORT
CONTACT US HERSHEY'S CHOCOLATE WORLD PLANT LOCATIONS
FAQ HERSHEYPARK PRODUCT LOCATOR
‘Ss
f X i oe RETIREES
HERSHEY'S STORE
SLAVERY AND HUMAN TRAFFICKING STATEMENT
CAD HIGH CONTRAST OFF VISIT HERSHEY, PA
SUBMIT "
candidate_claim,CAND_RAG_WRAPPER_INGREDIENTS_UCHUNK_002281,"supplier_relationship / ingredient_confirmation: hershey, cocoa_chocolate",sugar,rag_retrieval_result,company_level_relationship_evidence,company_level_only,supplier_relationship; ingredient_confirmation,hershey,cocoa_chocolate,"RIENCE HERSHEY BUSINESS CUSTOMERS
HERSHEY'S CAREERS HERSHEYLAND HERSHEY PAC ANNUAL REPORT
CONTACT US HERSHEY'S CHOCOLATE WORLD PLANT LOCATIONS
FAQ HERSHEYPARK PRODUCT LOCATOR
‘Ss
f X i oe RETIREES
HERSHEY'S STORE
SLAVERY AND HUMAN TRAFFICKING STATEMENT
CAD HIGH CONTRAST OFF VISIT HERSHEY, PA
SUBMIT "
candidate_claim,CAND_RAG_WRAPPER_INGREDIENTS_UCHUNK_001941,"ingredient_confirmation / cost_or_price_benchmark / retail_price: hershey, walmart, cocoa_chocolate, milk_dairy",retail_price_evidence,rag_retrieval_result,direct_visual_or_page_evidence,retail_page_level,ingredient_confirmation; cost_or_price_benchmark; retail_price,hershey; walmart,cocoa_chocolate; milk_dairy,"--- VISUAL OCR PAGE 1: page_001.png ---
Pickup or delivery? ; - - . fq) © Feorder Q, Signin =
7) Malden, 02148 + Saugus Supercenter Search everything at Walmart online andin store ~ My Items > Account $0.00
Departments v Services v Rollbacks & More Mother's Day Getit Fast Pharmacy New Arrivals Walma"
candidate_claim,CAND_RAG_WRAPPER_INGREDIENTS_UCHUNK_001153,"ingredient_confirmation / cost_or_price_benchmark / manufacturing_or_process: packaging, sugar",natural_flavor,rag_retrieval_result,benchmark_context_evidence,benchmark_only,ingredient_confirmation; cost_or_price_benchmark; manufacturing_or_process,,packaging; sugar,"ckground to be easy to read. Do 
not crowd the net quantity statement with artwork or other labeling 
(minimum separation requirements are specified in the regulation). 21 CFR 
101.105 and 101.15 
7. What is included in the net quantity of contents statement? 
Answer: Only the quantity of food in th"
candidate_claim,CAND_RAG_WRAPPER_INGREDIENTS_UCHUNK_001171,"retail_price / manufacturing_or_process: fda, packaging",natural_flavor,rag_retrieval_result,medium_context_evidence,context_only,retail_price; manufacturing_or_process,fda,packaging,"nd game are exempt from 
nutrition labeling. 
21  CFR  101.9(j)(11) 
Certain egg cartons (nutrition information 
inside lid or on insert in carton) 
21  CFR  101.9(j)(14) 
Packages labeled “This unit not labeled for 
retail sale” within multiunit package, and outer 
wrapper bears all required label "
candidate_claim,CAND_RAG_WRAPPER_INGREDIENTS_UCHUNK_001192,general_context: packaging,natural_flavor,rag_retrieval_result,medium_context_evidence,context_only,general_context,,packaging,"forms to the shape of the product. Can I place nutrition labeling on 
the film, or must I use a paper strip label? 
Answer: The Nutrition Facts label can be placed on the film package provided 
that the color contrast of the print and the indentations made by the product 
do not prevent consumers fr"
candidate_claim,CAND_RAG_RETAIL_PRICE_UCHUNK_002001,"ingredient_confirmation: hershey, cocoa_chocolate, milk_dairy",product_sku_1_55oz,rag_retrieval_result,medium_context_evidence,context_only,ingredient_confirmation,hershey,cocoa_chocolate; milk_dairy,"--- VISUAL OCR image_or_logo_asset: Hershey Front.webp ---
milk chocolate :
cc"
candidate_claim,CAND_RAG_RETAIL_PRICE_UCHUNK_001911,"ingredient_confirmation / cost_or_price_benchmark / retail_price: cvs, hershey, cocoa_chocolate, milk_dairy",retail_price_evidence,rag_retrieval_result,direct_visual_or_page_evidence,retail_page_level,ingredient_confirmation; cost_or_price_benchmark; retail_price,cvs; hershey,cocoa_chocolate; milk_dairy,"--- VISUAL OCR PAGE 1: page_001.png ---
¥CVS {a 191 CAMBRIDG... Search CVS or ask a question Q
Open, Closes 10:00 PM
= Menu (ff Mother's Day — Manage prescriptions S Schedule a Vaccine Photo Coupons & Rewards WeeklyAd Extra Big Deals Shop MinuteClinic Services Wellness Zone —Oak Street Health
Home >"
candidate_claim,CAND_RAG_RETAIL_PRICE_UCHUNK_001943,"ingredient_confirmation / cost_or_price_benchmark: hershey, cocoa_chocolate, milk_dairy",retail_price_evidence,rag_retrieval_result,benchmark_context_evidence,benchmark_only,ingredient_confirmation; cost_or_price_benchmark,hershey,cocoa_chocolate; milk_dairy,"i118/ib $4.52 $1.48 $2.50 $278
Hershey's Milk Chocolate with Almonds XL Hershey's Milk Chocolate with Almonds KIT KAT Milk Chocolate Wafer Snack Size, Hershey's Cookies 'n' Creme King Size
Candy, Bar 4.25 oz, 16 Pieces Giant Candy, Bar 7.37 02, 25 Pieces Candy Bars, .49 oz (4 Count) Candy, Bar 2.6 0"
candidate_claim,CAND_RAG_RETAIL_PRICE_UCHUNK_002238,"ingredient_confirmation: hershey, cocoa_chocolate, milk_dairy",product_sku_1_55oz,rag_retrieval_result,visual_high_relevance_context,context_only,ingredient_confirmation,hershey,cocoa_chocolate; milk_dairy,"ul? (5 (5) &P (6) Report
Q: When counting calories the nutrition label say 1 peice is 45 calories. Does that mean 1/4 of the mini bar?
Amy29
9 months ago
Originally posted on HERSHEY'S Milk Chocolate Snack Size Candy Bars
1 Answer ANSWER THIS QUESTION
A: Thank you for your question regarding the cal"
candidate_claim,CAND_RAG_RETAIL_PRICE_UCHUNK_001941,"ingredient_confirmation / cost_or_price_benchmark / retail_price: hershey, walmart, cocoa_chocolate, milk_dairy",retail_price_evidence,rag_retrieval_result,direct_visual_or_page_evidence,retail_page_level,ingredient_confirmation; cost_or_price_benchmark; retail_price,hershey; walmart,cocoa_chocolate; milk_dairy,"--- VISUAL OCR PAGE 1: page_001.png ---
Pickup or delivery? ; - - . fq) © Feorder Q, Signin =
7) Malden, 02148 + Saugus Supercenter Search everything at Walmart online andin store ~ My Items > Account $0.00
Departments v Services v Rollbacks & More Mother's Day Getit Fast Pharmacy New Arrivals Walma"
candidate_claim,CAND_RAG_RETAIL_PRICE_UCHUNK_002011,"ingredient_confirmation / cost_or_price_benchmark / retail_price: hershey, target, cocoa_chocolate, milk_dairy, sugar",retail_price_evidence,rag_retrieval_result,direct_visual_or_page_evidence,retail_page_level,ingredient_confirmation; cost_or_price_benchmark; retail_price,hershey; target,cocoa_chocolate; milk_dairy; sugar,"--- VISUAL OCR PAGE 1: page_001.png ---
© Categories Deals Pickup & delivery hershey chocolate ba... > u Q (Q) Account =!
Target > Grocery > Candy > Chocolate > Chocolate Bars
_ Shop all HERSHEY'S
(47) .
eo) Hershey's Milk Chocolate Candy Bar - 1.550z
te te tk ok Ye 3450 Vv
$1 .99 ($1.28/ounce) @
Aa"
candidate_claim,CAND_RAG_RETAIL_PRICE_UCHUNK_002239,"ingredient_confirmation / retail_price: hershey, cocoa_chocolate, milk_dairy",product_sku_1_55oz,rag_retrieval_result,visual_high_relevance_context,context_only,ingredient_confirmation; retail_price,hershey,cocoa_chocolate; milk_dairy,"S QUESTION
A: We're so sorry to learn that you're having a problem issue finding the Golden Bar. You can guarantee that your interest will be forwarded to the right team. Thank you,
Shirley.
The Hershey Company
a year ago
Helpful? (5 (4) €P (0) Report
Q: why do they taste sooocc0000000 good ???22222"
candidate_claim,CAND_RAG_RETAIL_PRICE_UCHUNK_001942,"ingredient_confirmation / cost_or_price_benchmark / retail_price: hershey, walmart, cocoa_chocolate, milk_dairy",retail_price_evidence,rag_retrieval_result,direct_visual_or_page_evidence,retail_page_level,ingredient_confirmation; cost_or_price_benchmark; retail_price,hershey; walmart,cocoa_chocolate; milk_dairy,"m offer now
Continue your search on Walmart
Similar items you might like
Based on what customers bought
= const
oO oO oO XL oO
Image not 4
Available milk chocolate tear 7
1 BAR
1 BaR
+ Add + Add + Add + Add
$5.97 5824 Now $2.50 $278 96.2¢/oz Now $1.62 $82 $1.12/oz $2.97 $10.80/lb
HERSHEY'S Milk Choc"
candidate_claim,CAND_RAG_RETAIL_PRICE_UCHUNK_002237,"ingredient_confirmation / cost_or_price_benchmark: hershey, cocoa_chocolate, milk_dairy",product_sku_1_55oz,rag_retrieval_result,benchmark_context_evidence,benchmark_only,ingredient_confirmation; cost_or_price_benchmark,hershey,cocoa_chocolate; milk_dairy,"Giant Bar, 7.56 oz.
Questions
Have a question? Ask people who own it.
Example: Shipping information Q
Start typing your question and we'll check if it was already asked and answered.
1-10 of 211 Questions | Sort by Vv |
Q: What is the difference between a fun size Hershey bar and a snack size Hershe"
candidate_claim,CAND_RAG_RETAIL_PRICE_UCHUNK_002236,"ingredient_confirmation / cost_or_price_benchmark / retail_price: hershey, cocoa_chocolate, milk_dairy",product_sku_1_55oz,rag_retrieval_result,benchmark_context_evidence,benchmark_only,ingredient_confirmation; cost_or_price_benchmark; retail_price,hershey,cocoa_chocolate; milk_dairy,"HEY'S Milk Chocolate Snack Size Candy Bars
jamiel434 tototcick
Perfect size.
Reviews 2
13 days ago
Votes O
Hershey's milk chocolate is always good and these are the perfect size when you just want a couple pieces to curb a craving. These
are also good for adding to cookies or cupcakes or for just a "
candidate_claim,CAND_RAG_PGPR_UCHUNK_002125,"ingredient_confirmation / cost_or_price_benchmark / manufacturing_or_process: cocoa_chocolate, pgpr, soy_lecithin",pgpr,rag_retrieval_result,benchmark_context_evidence,benchmark_only,ingredient_confirmation; cost_or_price_benchmark; manufacturing_or_process,,cocoa_chocolate; pgpr; soy_lecithin,"--- VISUAL OCR PAGE 1: page_001.png ---
+> Al Overview

Polyglycerol polyricinoleate (PGPR) and lecithin are commonly paired in chocolate
production, where lecithin reduces yield stress (viscosity) and PGPR acts as a powerful
flow enhancer, reducing the needed cocoa butter, cost, and bubbles. They a"
candidate_claim,CAND_RAG_PGPR_UCHUNK_001598,supplier_relationship / ingredient_confirmation / cost_or_price_benchmark: pgpr,pgpr,rag_retrieval_result,benchmark_context_evidence,benchmark_only,supplier_relationship; ingredient_confirmation; cost_or_price_benchmark; logistics_distribution; sustainability_context; manufacturing_or_process,,pgpr,"quality during storage and distribution. The processed foods 
segment, encompassing ready meals, sauces, and dressings, is also integrating 
PGPR to improve texture and extend shelf life. As consumer preferences shift 
towards convenience and health, food processors are increasingly relying on PGPR
"
candidate_claim,CAND_RAG_PGPR_UCHUNK_002285,"ingredient_confirmation / sustainability_context / manufacturing_or_process: cocoa_chocolate, milk_dairy, soy_lecithin",pgpr,rag_retrieval_result,direct_product_or_label_evidence,sku_or_label_level,ingredient_confirmation; sustainability_context; manufacturing_or_process,,cocoa_chocolate; milk_dairy; soy_lecithin,"tion). Its history can be traced back to Einar Viggo Schou, a
Dane who made his fortune working in the English Margarine industry in the 1900s. In 1908 he (semi) retired and purchased the Palsgaard Estate in
his home country of Denmark. The estate still exists today, and is run by a trust which, as "
candidate_claim,CAND_RAG_PGPR_UCHUNK_002284,"ingredient_confirmation / cost_or_price_benchmark / manufacturing_or_process: cocoa_chocolate, pgpr, soy_lecithin",pgpr,rag_retrieval_result,direct_product_or_label_evidence,sku_or_label_level,ingredient_confirmation; cost_or_price_benchmark; manufacturing_or_process,,cocoa_chocolate; pgpr; soy_lecithin,"of
US soldiers melting during the Gulf Wars (side note: this was the so called “Congo” bar, which withstands temperatures over 140°F (60°C) without
melting and, unlike the WW2 “D rations” was chewy and designed to taste better rather than just be an emergency store of rations -_see here for
more).
P"
candidate_claim,CAND_RAG_PGPR_UCHUNK_002137,ingredient_confirmation: cocoa_chocolate,cocoa_chocolate_cocoa_butter,rag_retrieval_result,background_context,context_only,ingredient_confirmation,,cocoa_chocolate,"--- VISUAL OCR PAGE 1: page_008.png ---
Cocoa Beans: Chocolate & Cocoa Industry Quality Requirements
8"
candidate_claim,CAND_RAG_PGPR_UCHUNK_002283,"ingredient_confirmation / cost_or_price_benchmark / manufacturing_or_process: cocoa_chocolate, packaging, pgpr",pgpr,rag_retrieval_result,direct_product_or_label_evidence,sku_or_label_level,ingredient_confirmation; cost_or_price_benchmark; manufacturing_or_process,,cocoa_chocolate; packaging; pgpr,"--- VISUAL OCR PAGE 1: page_001.png ---
Subscribe to our newsletter & get 10% off > | Worldwide shipping “ Google Reviews www ty | Savour the finest chocolate >
COCOA RUNNERS Q a9 FR
Cocoa Runners Cluby All products v Giftingy Tastings v Cooking» Chocolists Aboutv Learny
What is PGPR, and 4584k) 4.7"
candidate_claim,CAND_RAG_PGPR_UCHUNK_001599,"supplier_relationship / ingredient_confirmation / cost_or_price_benchmark: target, cocoa_chocolate, pgpr",pgpr,rag_retrieval_result,direct_visual_or_page_evidence,retail_page_level,supplier_relationship; ingredient_confirmation; cost_or_price_benchmark; retail_price; manufacturing_or_process,target,cocoa_chocolate; pgpr,"s 
primary role in stabilizing oil-in-water and water-in-oil emulsions across food 
applications. PGPR’s unique molecular structure enables it to reduce interfacial 
tension, facilitating the formation of stable, homogenous mixtures in chocolates, 
bakery creams, and processed foods. The Stabilizer "
candidate_claim,CAND_RAG_PGPR_UCHUNK_001596,supplier_relationship / ingredient_confirmation / cost_or_price_benchmark: pgpr,pgpr,rag_retrieval_result,benchmark_context_evidence,benchmark_only,supplier_relationship; ingredient_confirmation; cost_or_price_benchmark; manufacturing_or_process,,pgpr,"potential. Regulatory harmonization and 
increased awareness about food safety are further accelerating market adoption in 
this region. 
Emerging markets in Latin America and the Middle East & Africa are also witnessing 
a shift, driven by regulatory reforms and demographic changes. Countries such "
candidate_claim,CAND_RAG_PGPR_UCHUNK_001605,"supplier_relationship / ingredient_confirmation / cost_or_price_benchmark: fda, natural_flavor, pgpr",pgpr,rag_retrieval_result,benchmark_context_evidence,benchmark_only,supplier_relationship; ingredient_confirmation; cost_or_price_benchmark; logistics_distribution,fda,natural_flavor; pgpr,"e in PGPR-based solutions. The company’s revenue 
strength is driven by its global distribution network, diversified product portfolio, 
and deep customer relationships. Puratos invests heavily in application research 
and sensory analysis, enabling it to deliver PGPR products that address specific
"
candidate_claim,CAND_RAG_PGPR_UCHUNK_001597,"ingredient_confirmation / cost_or_price_benchmark / manufacturing_or_process: cocoa_chocolate, milk_dairy, pgpr",pgpr,rag_retrieval_result,benchmark_context_evidence,benchmark_only,ingredient_confirmation; cost_or_price_benchmark; manufacturing_or_process,,cocoa_chocolate; milk_dairy; pgpr,"d functional benefits in dairy, 
beverage, and processed food applications. Startups and specialty ingredient 
companies are investing in R&D to develop powder PGPR variants that cater to 
clean-label and allergen-free product lines. However, the segment faces barriers 
related to higher production "
candidate_claim,CAND_RAG_SOY_LECITHIN_UCHUNK_002058,ingredient_confirmation / cost_or_price_benchmark / retail_price: soy_lecithin,soy_lecithin,rag_retrieval_result,benchmark_context_evidence,benchmark_only,ingredient_confirmation; cost_or_price_benchmark; retail_price; manufacturing_or_process,,soy_lecithin,"mand
higher prices than standard soy lecithin.
+ Market Trends: Global prices are influenced by soy production, particularly in China
and the US. @ Amazon.com +4
Prices and availability are subject to change, especially for wholesale and commodity
products.
Alcan make mistakes, so double-check respo"
candidate_claim,CAND_RAG_SOY_LECITHIN_UCHUNK_002014,"ingredient_confirmation / manufacturing_or_process: cocoa_chocolate, soy_lecithin",soy_lecithin,rag_retrieval_result,background_context,context_only,ingredient_confirmation; manufacturing_or_process,,cocoa_chocolate; soy_lecithin,"ns or sunflower oil.
Soya
The earliest known reference to lecithin is from Switzerland in 1889, leading to the filing of the
first patent for the use of soya lecithin in chocolate in 1930. Soya remains the highest-yielding
source for the production of lecithin, with many chocolatiers using it in the"
candidate_claim,CAND_RAG_SOY_LECITHIN_UCHUNK_002138,ingredient_confirmation / manufacturing_or_process: soy_lecithin,soy_lecithin,rag_retrieval_result,background_context,context_only,ingredient_confirmation; manufacturing_or_process,,soy_lecithin,"--- VISUAL OCR PAGE 1: page_001.png ---
& JLECI PRO BRANDS: LECIPOW™/LECIOIL™
Home » Soy Lecithin production Flow Chart
. . . Search
Soy Lecithin production Flow Chart
Search
Soy Lecithin Brief
Product Catalog
Commercial soybean lecithin Liquid is a complex mixture containing ca.65-75% phospholipids"
candidate_claim,CAND_RAG_SOY_LECITHIN_UCHUNK_002057,supplier_relationship / ingredient_confirmation / cost_or_price_benchmark: soy_lecithin,soy_lecithin,rag_retrieval_result,benchmark_context_evidence,benchmark_only,supplier_relationship; ingredient_confirmation; cost_or_price_benchmark; retail_price,,soy_lecithin,"--- VISUAL OCR PAGE 1: page_001.png ---
oogle Market price page for soy lecithin if freely available x EAA
AlMode All Shopping Shortvideos Images Forums Videos More ~ Tools ~
+> Al Overview :
Market prices for soy lecithin are available through several industrial, wholesale, and
retail platforms. Pr"
candidate_claim,CAND_RAG_SOY_LECITHIN_UCHUNK_000523,"supplier_relationship / ingredient_confirmation / cost_or_price_benchmark: barry_callebaut, cocoa_chocolate",cocoa_chocolate_cocoa_butter,rag_retrieval_result,direct_product_or_label_evidence,sku_or_label_level,supplier_relationship; ingredient_confirmation; cost_or_price_benchmark; sustainability_context; manufacturing_or_process,barry_callebaut,cocoa_chocolate,"sed to 
extract coconut oil - at the cooperative level, 
enabling centralized, controlled drying. 
BARRY CALLEBAUT
Annual Social and Environmental 
Impact Report 2024/25
Letter to Stakeholders
Sustainability
Our People
Governance
TCFD
GRI Report
Policies
44
FOREVER CHOCOLATE
SUSTAINABLE INGREDIENTS
"
candidate_claim,CAND_RAG_SOY_LECITHIN_UCHUNK_002152,supplier_relationship / ingredient_confirmation / cost_or_price_benchmark: soy_lecithin,soy_lecithin,rag_retrieval_result,benchmark_context_evidence,benchmark_only,supplier_relationship; ingredient_confirmation; cost_or_price_benchmark; manufacturing_or_process,,soy_lecithin,"--- VISUAL OCR PAGE 1: page_001.png ---
700gle Optional: major soy lecithin supplier page, like ADM/Cargill/Bunge x
AlMode All Shopping Images Shortvideos Videos Forums’ More ~ Tools ~
+e Al Overview
Major global suppliers of soy lecithin, including ADM, Cargill, and Bunge, dominate the
market with "
candidate_claim,CAND_RAG_SOY_LECITHIN_UCHUNK_002289,"ingredient_confirmation: milk_dairy, soy_lecithin",pgpr,rag_retrieval_result,background_context,context_only,ingredient_confirmation,,milk_dairy; soy_lecithin,"plant and animal tissues. It not only aids in emulsification but also
plays a biological role in cell membrane integrity and metabolism.
2. Composition
« Emulsifiers: These compounds possess both hydrophilic (water-attracting) and hydrophobic (oil-attracting) properties, allowing them to act as a
br"
candidate_claim,CAND_RAG_SOY_LECITHIN_UCHUNK_001955,ingredient_confirmation / cost_or_price_benchmark: soy_lecithin,soy_lecithin,rag_retrieval_result,benchmark_context_evidence,benchmark_only,ingredient_confirmation; cost_or_price_benchmark,,soy_lecithin,"dustrial Uses, and Other Applications
Publisher Summary
Lecithin has long been an important component of a myriad of both food and non-food
products and is one of the most versatile and valuable byproducts of the oilseed industry. In
foods, lecithin provides about a dozen functions, including as an "
candidate_claim,CAND_RAG_SOY_LECITHIN_UCHUNK_002140,ingredient_confirmation / cost_or_price_benchmark / manufacturing_or_process: soy_lecithin,soy_lecithin,rag_retrieval_result,benchmark_context_evidence,benchmark_only,ingredient_confirmation; cost_or_price_benchmark; manufacturing_or_process,,soy_lecithin,"the most reason-
able method. Since phospholipids must prevent foam during vacuum drying, vacuum drying is difficult, the
degree of vacuum must be carefully controlled and a longer drying time (3 to 4 hours) must be used. In ad-
dition, film drying is also a very successful method. It can prevent th"
candidate_claim,CAND_RAG_SOY_LECITHIN_UCHUNK_002013,"ingredient_confirmation / cost_or_price_benchmark / manufacturing_or_process: cocoa_chocolate, milk_dairy, packaging, soy_lecithin, sugar",soy_lecithin,rag_retrieval_result,direct_product_or_label_evidence,sku_or_label_level,ingredient_confirmation; cost_or_price_benchmark; manufacturing_or_process,,cocoa_chocolate; milk_dairy; packaging; soy_lecithin; sugar,"--- VISUAL OCR PAGE 1: page_001.png ---
HOTEL
© tocations @ Hew A OB
WHAT'S NEW SALE VELVETISER HOT & ICED CHOCOLATE GIFT IDEAS ALL CHOCOLATE CORPORATE GIFTS
< END OF SEASON SALE 50% OFF WHILE STOCKS LAST >
BLOG CHOCOLATE KNOWLEDGE WHAT IS LECITHIN AND WHY IS IT IN CHOCOLATE?
chocolate?
12 May 2021 "
candidate_claim,CAND_RAG_NATURAL_FLAVOR_UCHUNK_002167,ingredient_confirmation: natural_flavor,natural_flavor,rag_retrieval_result,background_context,context_only,ingredient_confirmation,,natural_flavor,"g ---
5/6/26, 6:50 PM 21 CFR § 101.22 - Foods; labeling of spices, flavorings, colorings and chemical preservatives. | Electronic Code of Federal Regulati...
characterizing flavor, e.g., “vanilla”, in letters not less than one-half the height of the
letters used in the name of the food, except that:"
candidate_claim,CAND_RAG_NATURAL_FLAVOR_UCHUNK_002166,ingredient_confirmation: natural_flavor,natural_flavor,rag_retrieval_result,direct_product_or_label_evidence,sku_or_label_level,ingredient_confirmation,,natural_flavor,"enhancers, no protein hydrolysate used in food for its effects on flavor may be
declared simply as “flavor,” “natural flavor,” or “flavoring.” The ingredient shall be
declared by its specific common or usual name as provided in 8 102.22 of this
chapter.
(i) If the label, labeling, or advertising of "
candidate_claim,CAND_RAG_NATURAL_FLAVOR_UCHUNK_002165,"ingredient_confirmation / manufacturing_or_process: natural_flavor, packaging",natural_flavor,rag_retrieval_result,direct_product_or_label_evidence,sku_or_label_level,ingredient_confirmation; manufacturing_or_process,,natural_flavor; packaging,"4: page_004.png ---
5/6/26, 6:50 PM 21 CFR § 101.22 - Foods; labeling of spices, flavorings, colorings and chemical preservatives. | Electronic Code of Federal Regulati...
(h) The label of a food to which flavor is added shall declare the flavor in the
statement of ingredients in the following way:
"
candidate_claim,CAND_RAG_NATURAL_FLAVOR_UCHUNK_002164,ingredient_confirmation / manufacturing_or_process: natural_flavor,natural_flavor,rag_retrieval_result,direct_product_or_label_evidence,sku_or_label_level,ingredient_confirmation; manufacturing_or_process,,natural_flavor,"counter card, sign, or other appropriate device
bearing prominently and conspicuously the information required to be stated on the
label pursuant to section 403(k).
(f) A fruit or vegetable shall be exempt from compliance with the requirements of
section 403(k) of the act with respect to a chemical "
candidate_claim,CAND_RAG_NATURAL_FLAVOR_UCHUNK_001336,"manufacturing_or_process: fda, natural_flavor",natural_flavor,rag_retrieval_result,background_context,context_only,manufacturing_or_process,fda,natural_flavor,"ed by naturally occurring biological processes.  
 
All of the flavor constituents in the natural flavor product named above must comply with the following 
criteria:      
● Does the material meet the FDA definition of a natural flavor [see above, FDA 21 CFR Part 
101.22(a)(3)]?   ☐ YES    ☐ NO (no"
candidate_claim,CAND_RAG_NATURAL_FLAVOR_UCHUNK_001915,"ingredient_confirmation / manufacturing_or_process: fda, cocoa_chocolate, milk_dairy, natural_flavor",natural_flavor,rag_retrieval_result,visual_high_relevance_context,context_only,ingredient_confirmation; manufacturing_or_process,fda,cocoa_chocolate; milk_dairy; natural_flavor,"--- VISUAL OCR PAGE 1: page_001.png ---
The °
HOME SHOP + ABOUT¥ STORELOCATOR THECIRCLE Conscious Qe
Bar
The Truth About “Natural Flavor” in
© Feb 26,2026 © By Yaniv Simpson
: INEAN:
If you’ve ever turned over a chocolate bar and seen the words “natural flavor’ on the ingredient list, you
probably a"
candidate_claim,CAND_RAG_NATURAL_FLAVOR_UCHUNK_001335,logistics_distribution: natural_flavor,natural_flavor,rag_retrieval_result,background_context,modeled_route_context,logistics_distribution,,natural_flavor,"sources 
only and must not be produced using synthetic solvents and carrier systems or any artificial preservative.” 
NOP §§205.105 (e) and (f) prohibits excluded methods and ionizing radiation, as defined in §205.2. More 
specifics on these requirements are described below. 
 
This form must be com"
candidate_claim,CAND_RAG_NATURAL_FLAVOR_UCHUNK_001913,"ingredient_confirmation / manufacturing_or_process: fda, usda, cocoa_chocolate, milk_dairy, natural_flavor",natural_flavor,rag_retrieval_result,direct_product_or_label_evidence,sku_or_label_level,ingredient_confirmation; manufacturing_or_process,fda; usda,cocoa_chocolate; milk_dairy; natural_flavor,"3. Fermentation & Biological Processes

Microorganisms are used to transform raw ingredients into complex flavor

compounds. ® Rip Van

e Microbial Fermentation: Bacteria, yeast, or fungi are used to convert
carbohydrates, lipids, and proteins into, for example, dairy-like, fruity, or nutty
flavors."
candidate_claim,CAND_RAG_NATURAL_FLAVOR_UCHUNK_001968,supplier_relationship / ingredient_confirmation / cost_or_price_benchmark: natural_flavor,natural_flavor,rag_retrieval_result,benchmark_context_evidence,benchmark_only,supplier_relationship; ingredient_confirmation; cost_or_price_benchmark; sustainability_context,,natural_flavor,"pose challenges in maintaining consistent and stable flavor profiles, which are typically associated with artificial flavors. 1SO 9001:2015 & 27001:2022 Certified
Sustainability and ethical considerations are becoming increasingly important, with consumers now more aware of the environmental impact "
candidate_claim,CAND_RAG_NATURAL_FLAVOR_UCHUNK_001916,"ingredient_confirmation: fda, cocoa_chocolate, natural_flavor, sugar",natural_flavor,rag_retrieval_result,background_context,context_only,ingredient_confirmation,fda,cocoa_chocolate; natural_flavor; sugar,"colate flavor’ may not come directly from cocoa beans. It can be a blend of other natural
extracts (such as vanilla or malt derivatives) designed to replicate or enhance chocolate notes.
It's about taste, not necessarily more cacao.
Are Natural Flavors Safe?
Generally, yes.
They are classified as GR"
candidate_claim,CAND_RAG_PACKAGING_UCHUNK_001565,"supplier_relationship / cost_or_price_benchmark / logistics_distribution: hershey, packaging",packaging_wrapper,rag_retrieval_result,company_level_relationship_evidence,company_level_only,supplier_relationship; cost_or_price_benchmark; logistics_distribution; manufacturing_or_process,hershey,packaging,"--- PAGE 1 ---
THE HERSHEY COMPANY RESPONSIBLE PULP & PAPER SOURCING POLICY ©The Hershey Company 2021
Hershey recognizes that forests serve as important reservoirs of greenhouse gases that would otherwise contribute to climate 
change, provide habitats for plants and animals, contribute countless ot"
candidate_claim,CAND_RAG_PACKAGING_UCHUNK_001945,"supplier_relationship / cost_or_price_benchmark / logistics_distribution: hershey, packaging",packaging_wrapper,rag_retrieval_result,company_level_relationship_evidence,company_level_only,supplier_relationship; cost_or_price_benchmark; logistics_distribution; sustainability_context; manufacturing_or_process,hershey,packaging,"--- VISUAL OCR PAGE 1: page_001.png ---
CAREERS MEDIA NVESTORS
HERSHEY.
f% > Home Sustainability > Sustainability Issues
Pulp and paper-based packaging is integral to Hershey's business. We use it as food packaging,
wrapping, transportation and marketing for our well-loved brands. The forests that p"
candidate_claim,CAND_RAG_PACKAGING_UCHUNK_001964,"supplier_relationship / cost_or_price_benchmark / logistics_distribution: hershey, packaging",hershey_company,rag_retrieval_result,company_level_relationship_evidence,company_level_only,supplier_relationship; cost_or_price_benchmark; logistics_distribution; sustainability_context; manufacturing_or_process,hershey,packaging,"--- VISUAL OCR PAGE 1: page_001.png ---
CAREERS MEDIA NVESTORS
HERSHEY.
f% > Home Sustainability > Sustainability Issues
Pulp and paper-based packaging is integral to Hershey's business. We use it as food packaging,
wrapping, transportation and marketing for our well-loved brands. The forests that p"
candidate_claim,CAND_RAG_PACKAGING_UCHUNK_000094,"supplier_relationship / ingredient_confirmation / sustainability_context: hershey, cocoa_chocolate, packaging",hershey_company,rag_retrieval_result,direct_product_or_label_evidence,sku_or_label_level,supplier_relationship; ingredient_confirmation; sustainability_context,hershey,cocoa_chocolate; packaging,"r 12,000 hectares. They will 
sustainably farm the 2,000 already-cultivated 
hectares and fully protect the remaining 10,000 
hectares of forest, while continuing to sustainably 
harvest non-timber forest products. Hershey 
funding will help with activities including: 
• Equipment for patrol teams
•"
candidate_claim,CAND_RAG_PACKAGING_UCHUNK_001446,"supplier_relationship / ingredient_confirmation / sustainability_context: hershey, cocoa_chocolate, packaging",packaging_wrapper,rag_retrieval_result,direct_product_or_label_evidence,sku_or_label_level,supplier_relationship; ingredient_confirmation; sustainability_context,hershey,cocoa_chocolate; packaging,"r 12,000 hectares. They will 
sustainably farm the 2,000 already-cultivated 
hectares and fully protect the remaining 10,000 
hectares of forest, while continuing to sustainably 
harvest non-timber forest products. Hershey 
funding will help with activities including: 
• Equipment for patrol teams
•"
candidate_claim,CAND_RAG_PACKAGING_UCHUNK_000870,supplier_relationship / sustainability_context: packaging,dairy_milk_skim_milk_milk_fat,rag_retrieval_result,medium_context_evidence,context_only,supplier_relationship; sustainability_context,,packaging,"we continue to publicly disclose our Palm 
Oil Grievance Log with monthly updates to 
increase transparency on NDPE violations 
found within our supply chain. As of March 
2022, we have suspended 18 suppliers in our 
upstream supply chain for NDPE violations, 
none of whom supplied us directly. We h"
candidate_claim,CAND_RAG_PACKAGING_UCHUNK_000095,"supplier_relationship / ingredient_confirmation / sustainability_context: milk_dairy, packaging, sugar",hershey_company,rag_retrieval_result,medium_context_evidence,context_only,supplier_relationship; ingredient_confirmation; sustainability_context; manufacturing_or_process,,milk_dairy; packaging; sugar,"ts to: 
• Source 100% of pulp and paper packaging from recycled 
or certified sources
• Trace 100% of virgin pulp and paper packaging we source 
back to the country of harvest
In 2023, we started working with Earthworm on an annual 
supplier traceability assessment. We collected data about 
the volu"
candidate_claim,CAND_RAG_PACKAGING_UCHUNK_001447,"supplier_relationship / ingredient_confirmation / sustainability_context: milk_dairy, packaging, sugar",packaging_wrapper,rag_retrieval_result,medium_context_evidence,context_only,supplier_relationship; ingredient_confirmation; sustainability_context; manufacturing_or_process,,milk_dairy; packaging; sugar,"ts to: 
• Source 100% of pulp and paper packaging from recycled 
or certified sources
• Trace 100% of virgin pulp and paper packaging we source 
back to the country of harvest
In 2023, we started working with Earthworm on an annual 
supplier traceability assessment. We collected data about 
the volu"
candidate_claim,CAND_RAG_PACKAGING_UCHUNK_001946,"supplier_relationship / ingredient_confirmation / sustainability_context: hershey, cocoa_chocolate, packaging",packaging_wrapper,rag_retrieval_result,company_level_relationship_evidence,company_level_only,supplier_relationship; ingredient_confirmation; sustainability_context; manufacturing_or_process,hershey,cocoa_chocolate; packaging,"in 2023, through our collaboration with Earthworm Foundation, we are gathering transparent and accountable.
information on mill level data for our recycled and virgin fiber supply chains and country of
harvest data for the virgin fiber we source; and are analyzing our exposure to deforestation, fore"
candidate_claim,CAND_RAG_PACKAGING_UCHUNK_001965,"supplier_relationship / ingredient_confirmation / sustainability_context: hershey, cocoa_chocolate, packaging",hershey_company,rag_retrieval_result,company_level_relationship_evidence,company_level_only,supplier_relationship; ingredient_confirmation; sustainability_context; manufacturing_or_process,hershey,cocoa_chocolate; packaging,"in 2023, through our collaboration with Earthworm Foundation, we are gathering transparent and accountable.
information on mill level data for our recycled and virgin fiber supply chains and country of
harvest data for the virgin fiber we source; and are analyzing our exposure to deforestation, fore"
candidate_claim,CAND_RAG_MCLANE_LOGISTICS_UCHUNK_001906,supplier_relationship / retail_price / logistics_distribution: mclane,logistics_distribution,rag_retrieval_result,medium_context_evidence,modeled_route_context,supplier_relationship; retail_price; logistics_distribution,mclane,,"Year
Cee
| !
*
taying ahead to
to success.
Innovation is ingrained in everything we do, from our warehouse
design and engineering to our delivery operations, technology, and
problem-solving approach.
Careers P
es E
dyt th
If you're ready to go the
i ‘Il tak
distance, we'll take you as
far as you wan"
candidate_claim,CAND_RAG_MCLANE_LOGISTICS_UCHUNK_001910,supplier_relationship / retail_price / logistics_distribution: mclane,logistics_distribution,rag_retrieval_result,medium_context_evidence,modeled_route_context,supplier_relationship; retail_price; logistics_distribution,mclane,,"As an industry-leading partner to the
biggest retail and restaurant businesses, McLane buys, sells, delivers, and serves the world’s most
beloved brands. With headquarters in Temple, Texas, McLane has more than 80 distribution centers
across the country, employs more than 25,000 teammates, and deliv"
candidate_claim,CAND_RAG_MCLANE_LOGISTICS_UCHUNK_002300,supplier_relationship / cost_or_price_benchmark / retail_price: mclane,logistics_distribution,rag_retrieval_result,benchmark_context_evidence,benchmark_only,supplier_relationship; cost_or_price_benchmark; retail_price; logistics_distribution,mclane,,"h Carolina, and Tennessee. technology, they can provide centralized information
Together with its associated companies, Empire management and customized solutions. For more
employs over 1,700 teammates across 14 distribution information, visit vantixlogistics.com
locations. It offers over 15,000 uni"
candidate_claim,CAND_RAG_MCLANE_LOGISTICS_UCHUNK_001905,supplier_relationship / logistics_distribution: mclane,logistics_distribution,rag_retrieval_result,medium_context_evidence,modeled_route_context,supplier_relationship; logistics_distribution,mclane,,"--- VISUAL OCR PAGE 1: page_001.png ---
Careers Newsroom Locations Become a Customer Login
Ad About v Distribution Expertise » | C-StoreSolutions » Innovation » Suppliers Contact
McLANE.
Season Success ~— ee
: ; 4
. ; wae
Summer brings more trips, more impulse, and more ¢ ""ey
opportunity. New line e"
candidate_claim,CAND_RAG_MCLANE_LOGISTICS_UCHUNK_002062,cost_or_price_benchmark / logistics_distribution,logistics_distribution,rag_retrieval_result,benchmark_context_evidence,benchmark_only,cost_or_price_benchmark; logistics_distribution,,,"--- VISUAL OCR PAGE 1: page_001.png ---
5/6/26, 7:22 PM CPG Distribution: Time to Market & Geo Expansion

@ simplydepo Bookademo =

Blog >» News

e e e e
CPG Distribution: Time to Market &
e

Geo Expansion

nh xX 8 ©&

5] Author Updated: Reading time:

Eugene Nesterov Feb 17,2025 é min

https://simp"
candidate_claim,CAND_RAG_MCLANE_LOGISTICS_UCHUNK_001909,supplier_relationship / retail_price / logistics_distribution: mclane,logistics_distribution,rag_retrieval_result,medium_context_evidence,modeled_route_context,supplier_relationship; retail_price; logistics_distribution,mclane,,"--- VISUAL OCR PAGE 1: page_001.png ---
Careers Newsroom Locations (| BecomeaCustomer ) (Login)
AA About ~ __ DistributionExpertise ~ | C-StoreSolutions ~ Innovation ~ Suppliers Contact
McLANE
—_ .
F basal il .
eading the Retail Industry, —
Retail
Home Distribution Expertise Retall
. .
Streamline yo"
candidate_claim,CAND_RAG_MCLANE_LOGISTICS_UCHUNK_002297,supplier_relationship / retail_price / logistics_distribution: mclane,logistics_distribution,rag_retrieval_result,medium_context_evidence,modeled_route_context,supplier_relationship; retail_price; logistics_distribution,mclane,,"--- VISUAL OCR PAGE 1: page_001.png ---
Careers Newsroom Locations Become a Customer Login
AA About Distribution Expertise C-Store Solutions Innovation Suppliers Contact
McLANE
U ki g McL 's St
About
McLane combines unmatched distribution expertise and scale, a proven history of strategic partnershi"
candidate_claim,CAND_RAG_MCLANE_LOGISTICS_UCHUNK_000040,"supplier_relationship / ingredient_confirmation / cost_or_price_benchmark: hershey, cocoa_chocolate, milk_dairy",hershey_company,rag_retrieval_result,company_level_relationship_evidence,company_level_only,supplier_relationship; ingredient_confirmation; cost_or_price_benchmark; sustainability_context,hershey,cocoa_chocolate; milk_dairy,"h a milk allergy. These two recalls 
resulted in 12,125 cases, the equivalent of 90.4 metric tons of product, being recalled.
 Contents
Making Good
Our Company
Cocoa
Responsible Sourcing and Human Rights
Environment
Our People
Youth
Community
About This Report
20
The Hershey Company 2023 ESG Report
"
candidate_claim,CAND_RAG_MCLANE_LOGISTICS_UCHUNK_001392,"supplier_relationship / ingredient_confirmation / cost_or_price_benchmark: hershey, cocoa_chocolate, milk_dairy",packaging_wrapper,rag_retrieval_result,company_level_relationship_evidence,company_level_only,supplier_relationship; ingredient_confirmation; cost_or_price_benchmark; sustainability_context,hershey,cocoa_chocolate; milk_dairy,"h a milk allergy. These two recalls 
resulted in 12,125 cases, the equivalent of 90.4 metric tons of product, being recalled.
 Contents
Making Good
Our Company
Cocoa
Responsible Sourcing and Human Rights
Environment
Our People
Youth
Community
About This Report
20
The Hershey Company 2023 ESG Report
"
candidate_claim,CAND_RAG_MCLANE_LOGISTICS_UCHUNK_002063,supplier_relationship / ingredient_confirmation / cost_or_price_benchmark: packaging,logistics_distribution,rag_retrieval_result,direct_product_or_label_evidence,sku_or_label_level,supplier_relationship; ingredient_confirmation; cost_or_price_benchmark; retail_price; logistics_distribution; manufacturing_or_process,,packaging,"fluctuations to stay ahead.

In this article we will explore the challenges in CPG distribution, how they impact
businesses, and the solutions to overcome them efficiently.
Time to Market Challenges in CPG Distribution
1. Supply Chain Inefficiencies
https://simplydepo.com/news/cpg-distribution/ 2/12"
candidate_claim,CAND_RAG_HERSHEY_10K_RAW_MATERIALS_UCHUNK_000861,"supplier_relationship / ingredient_confirmation / sustainability_context: hershey, cocoa_chocolate, milk_dairy, packaging, sugar",dairy_milk_skim_milk_milk_fat,rag_retrieval_result,company_level_relationship_evidence,company_level_only,supplier_relationship; ingredient_confirmation; sustainability_context,hershey,cocoa_chocolate; milk_dairy; packaging; sugar,"c racism is 
a human rights issue. We have a longstanding 
commitment to DEI and we are accelerating our 
efforts to be a more inclusive company 
(see page 67).
Climate Justice 
and Human Rights
Climate change poses a significant threat 
to human rights globally. Its impacts 
disrupt global food sup"
candidate_claim,CAND_RAG_HERSHEY_10K_RAW_MATERIALS_UCHUNK_001818,supplier_relationship / ingredient_confirmation / manufacturing_or_process: sugar,sugar,rag_retrieval_result,background_context,context_only,supplier_relationship; ingredient_confirmation; manufacturing_or_process,,sugar,"--- PAGE 1 ---
PUBLISHED DATE – NOVEMBER 14, 2025 
TABLE OF CONTENTS 
 
 
 
 
 
 
 
 
 
 
 
 
 
 PAGE # 
 
FOREWORD AND TABLE NOTES …………………………………………………………………… II 
SEPTEMBER 2025 COMPARISON TO LAST FISCAL YEAR ……...……….....….…………..…….. III 
TABLES …………………………………………………………………………………………………….. 1-19 
 
TABL"
candidate_claim,CAND_RAG_HERSHEY_10K_RAW_MATERIALS_UCHUNK_000095,"supplier_relationship / ingredient_confirmation / sustainability_context: milk_dairy, packaging, sugar",hershey_company,rag_retrieval_result,medium_context_evidence,context_only,supplier_relationship; ingredient_confirmation; sustainability_context; manufacturing_or_process,,milk_dairy; packaging; sugar,"ts to: 
• Source 100% of pulp and paper packaging from recycled 
or certified sources
• Trace 100% of virgin pulp and paper packaging we source 
back to the country of harvest
In 2023, we started working with Earthworm on an annual 
supplier traceability assessment. We collected data about 
the volu"
candidate_claim,CAND_RAG_HERSHEY_10K_RAW_MATERIALS_UCHUNK_001447,"supplier_relationship / ingredient_confirmation / sustainability_context: milk_dairy, packaging, sugar",packaging_wrapper,rag_retrieval_result,medium_context_evidence,context_only,supplier_relationship; ingredient_confirmation; sustainability_context; manufacturing_or_process,,milk_dairy; packaging; sugar,"ts to: 
• Source 100% of pulp and paper packaging from recycled 
or certified sources
• Trace 100% of virgin pulp and paper packaging we source 
back to the country of harvest
In 2023, we started working with Earthworm on an annual 
supplier traceability assessment. We collected data about 
the volu"
candidate_claim,CAND_RAG_HERSHEY_10K_RAW_MATERIALS_UCHUNK_001565,"supplier_relationship / cost_or_price_benchmark / logistics_distribution: hershey, packaging",packaging_wrapper,rag_retrieval_result,company_level_relationship_evidence,company_level_only,supplier_relationship; cost_or_price_benchmark; logistics_distribution; manufacturing_or_process,hershey,packaging,"--- PAGE 1 ---
THE HERSHEY COMPANY RESPONSIBLE PULP & PAPER SOURCING POLICY ©The Hershey Company 2021
Hershey recognizes that forests serve as important reservoirs of greenhouse gases that would otherwise contribute to climate 
change, provide habitats for plants and animals, contribute countless ot"
candidate_claim,CAND_RAG_HERSHEY_10K_RAW_MATERIALS_UCHUNK_001652,"supplier_relationship / ingredient_confirmation / cost_or_price_benchmark: asr, sugar",sugar,rag_retrieval_result,benchmark_context_evidence,benchmark_only,supplier_relationship; ingredient_confirmation; cost_or_price_benchmark; logistics_distribution; sustainability_context,asr,sugar,"d agroforestry – offer communities opportunities to increase 
their resiliency in the face of climate change adaption requirements. ASR Group will publish 
more information on these actions as we develop our Sustainable Agriculture program.
Raw Sugar Sourcing
34
ASR Group Sustainability Report 2023
"
candidate_claim,CAND_RAG_HERSHEY_10K_RAW_MATERIALS_UCHUNK_000885,"cost_or_price_benchmark / logistics_distribution / sustainability_context: hershey, packaging",dairy_milk_skim_milk_milk_fat,rag_retrieval_result,benchmark_context_evidence,benchmark_only,cost_or_price_benchmark; logistics_distribution; sustainability_context; manufacturing_or_process,hershey,packaging,"his 
effort alone has saved almost 625,000 hours 
of energy, over 14,000 trees and almost 
two million gallons of water. It also reduced 
GHG emissions by over 12 million pounds. 
Lastly, we continue our long-standing 
commitment to reducing packaging waste to 
landfill by eliminating unnecessary pa"
candidate_claim,CAND_RAG_HERSHEY_10K_RAW_MATERIALS_UCHUNK_001773,"supplier_relationship / ingredient_confirmation / sustainability_context: hershey, sugar",sugar,rag_retrieval_result,company_level_relationship_evidence,company_level_only,supplier_relationship; ingredient_confirmation; sustainability_context,hershey,sugar,"--- PAGE 1 ---
Sustainable Sugar Sourcing Policy 
The Hershey Company is committed to high standards in responsible and sustainable sugar sourcing. 
Hershey currently buys sugar for its operations around the world. The sugarcane industry is nuanced by 
geography, with sustainability, social, and lab"
candidate_claim,CAND_RAG_HERSHEY_10K_RAW_MATERIALS_UCHUNK_002189,"supplier_relationship / ingredient_confirmation / cost_or_price_benchmark: hershey, cocoa_chocolate",hershey_company,rag_retrieval_result,company_level_relationship_evidence,company_level_only,supplier_relationship; ingredient_confirmation; cost_or_price_benchmark; retail_price; logistics_distribution; manufacturing_or_process,hershey,cocoa_chocolate,"to deliver our products from these distribution points to our customers.
vd
Table of Contents The Hershey Company | 2024 Form 10-K | Page 3 a
https://www.sec.gov/Archives/edgar/data/47 111/000004711125000014/hsy-20241231.htm 7/142

--- VISUAL OCR PAGE 8: page_008.png ---
5/6/26, 1:25 PM hsy-20241231"
candidate_claim,CAND_RAG_HERSHEY_10K_RAW_MATERIALS_UCHUNK_001687,"supplier_relationship / ingredient_confirmation / cost_or_price_benchmark: asr, sugar",sugar,rag_retrieval_result,benchmark_context_evidence,benchmark_only,supplier_relationship; ingredient_confirmation; cost_or_price_benchmark; sustainability_context,asr,sugar,"ves in FY23. Projects included improving on-farm 
productivity, biodiversity, reforestation, facilitating microbusinesses for women 
and youth, worker health and safety, child labor and raising awareness about 
gender-based violence.
Our Fairtrade Commitments
67
ASR Group Sustainability Report 2023
"
candidate_claim,CAND_RAG_COST_BENCHMARKS_UCHUNK_000861,"supplier_relationship / ingredient_confirmation / sustainability_context: hershey, cocoa_chocolate, milk_dairy, packaging, sugar",dairy_milk_skim_milk_milk_fat,rag_retrieval_result,company_level_relationship_evidence,company_level_only,supplier_relationship; ingredient_confirmation; sustainability_context,hershey,cocoa_chocolate; milk_dairy; packaging; sugar,"c racism is 
a human rights issue. We have a longstanding 
commitment to DEI and we are accelerating our 
efforts to be a more inclusive company 
(see page 67).
Climate Justice 
and Human Rights
Climate change poses a significant threat 
to human rights globally. Its impacts 
disrupt global food sup"
candidate_claim,CAND_RAG_COST_BENCHMARKS_UCHUNK_000095,"supplier_relationship / ingredient_confirmation / sustainability_context: milk_dairy, packaging, sugar",hershey_company,rag_retrieval_result,medium_context_evidence,context_only,supplier_relationship; ingredient_confirmation; sustainability_context; manufacturing_or_process,,milk_dairy; packaging; sugar,"ts to: 
• Source 100% of pulp and paper packaging from recycled 
or certified sources
• Trace 100% of virgin pulp and paper packaging we source 
back to the country of harvest
In 2023, we started working with Earthworm on an annual 
supplier traceability assessment. We collected data about 
the volu"
candidate_claim,CAND_RAG_COST_BENCHMARKS_UCHUNK_001447,"supplier_relationship / ingredient_confirmation / sustainability_context: milk_dairy, packaging, sugar",packaging_wrapper,rag_retrieval_result,medium_context_evidence,context_only,supplier_relationship; ingredient_confirmation; sustainability_context; manufacturing_or_process,,milk_dairy; packaging; sugar,"ts to: 
• Source 100% of pulp and paper packaging from recycled 
or certified sources
• Trace 100% of virgin pulp and paper packaging we source 
back to the country of harvest
In 2023, we started working with Earthworm on an annual 
supplier traceability assessment. We collected data about 
the volu"
candidate_claim,CAND_RAG_COST_BENCHMARKS_UCHUNK_000659,supplier_relationship / ingredient_confirmation / cost_or_price_benchmark: cocoa_chocolate,cocoa_chocolate_cocoa_butter,rag_retrieval_result,benchmark_context_evidence,benchmark_only,supplier_relationship; ingredient_confirmation; cost_or_price_benchmark; logistics_distribution; sustainability_context,,cocoa_chocolate,"Practices 
102 
 
Fumigation 
101 
 
Free Fatty Acids 
103 
 
Good Warehousing Practices 
103 
 
 
Heavy Metals 
102 
 
Mineral oil Hydrocarbons 
104 
 
 Polycyclic Aromatic Hydrocarbons (PAH) 104 
 
Mycotoxins 
104 
 
Sustainability, Traceability, Certification 
 and Geographical Indications 
105

"
candidate_claim,CAND_RAG_COST_BENCHMARKS_UCHUNK_002137,ingredient_confirmation: cocoa_chocolate,cocoa_chocolate_cocoa_butter,rag_retrieval_result,background_context,context_only,ingredient_confirmation,,cocoa_chocolate,"--- VISUAL OCR PAGE 1: page_008.png ---
Cocoa Beans: Chocolate & Cocoa Industry Quality Requirements
8"
candidate_claim,CAND_RAG_COST_BENCHMARKS_UCHUNK_001623,"supplier_relationship / ingredient_confirmation / retail_price: asr, sugar",sugar,rag_retrieval_result,background_context,modeled_route_context,supplier_relationship; ingredient_confirmation; retail_price; logistics_distribution; sustainability_context; manufacturing_or_process,asr,sugar,"oduced in a 
food grade sugar mill) or sent 
to a sugar refinery for further 
processing. Both of our sugar 
mills in Mexico and Belize 
produce food grade sugar for 
direct consumption.
Our refineries in the U.S., 
Canada, the UK, Portugal, 
Italy, and Mexico process raw 
sugar from our mills and 
"
candidate_claim,CAND_RAG_COST_BENCHMARKS_UCHUNK_002245,cost_or_price_benchmark / sustainability_context / manufacturing_or_process: packaging,packaging_wrapper,rag_retrieval_result,benchmark_context_evidence,benchmark_only,cost_or_price_benchmark; sustainability_context; manufacturing_or_process,,packaging,"ty goals. Such initiatives will encourage the development of bioplastic
as a sustainable material for flexible packaging and highlight flexible packaging as an economical replacement for rigid packaging.
RESTRAINING FACTORS

Growing Environmental Concerns & Stringent Regulations Hinder Market Growth"
candidate_claim,CAND_RAG_COST_BENCHMARKS_UCHUNK_000463,supplier_relationship / ingredient_confirmation / sustainability_context: cocoa_chocolate,cocoa_chocolate_cocoa_butter,rag_retrieval_result,medium_context_evidence,context_only,supplier_relationship; ingredient_confirmation; sustainability_context; manufacturing_or_process,,cocoa_chocolate,"Stakeholders
Sustainability
Our People
Governance
TCFD
GRI Report
Policies
11
3 Ameyaw, G.A. et al., 2014. Perspectives on cocoa swollen shoot virus disease (CSSVD) management in Ghana. 
4 Aka, R. et al., 2020. Cocoa Swollen Shoot Disease in Côte D’Ivoire: History of Expansion from 2008 to 2016.
“

"
candidate_claim,CAND_RAG_COST_BENCHMARKS_UCHUNK_001668,"cost_or_price_benchmark / retail_price / sustainability_context: asr, target, packaging",sugar,rag_retrieval_result,direct_visual_or_page_evidence,retail_page_level,cost_or_price_benchmark; retail_price; sustainability_context; manufacturing_or_process,asr; target,packaging,"of PCR content; 84% of total ASR packaging 
weight that enters the market is of PCR content 
United Kingdom
Retail Plastic Bag Structure Change
Continued work through FY23. Anticipated project completion FY24. 
Estimated impact: 89 MT converted from non-recyclable to recyclable
United Kingdom
This p"
candidate_claim,CAND_RAG_COST_BENCHMARKS_UCHUNK_000118,supplier_relationship / ingredient_confirmation / retail_price: packaging,hershey_company,rag_retrieval_result,background_context,modeled_route_context,supplier_relationship; ingredient_confirmation; retail_price; logistics_distribution; sustainability_context; manufacturing_or_process,,packaging,"proximately 80% achieved in 2023
Boosting energy efficiency through incremental 
improvements and capital investments in technology
Leaning into green building design as a way 
to moderate our impact as we grow
Packaging
• Designing packaging to minimize impact and for circularity, such as moving to"
candidate_claim,CAND_MEMORY_UCHUNK_002174,"supplier_relationship / ingredient_confirmation / cost_or_price_benchmark: hershey, cocoa_chocolate",cocoa_chocolate_cocoa_butter,unified_memory_scan,direct_product_or_label_evidence,sku_or_label_level,supplier_relationship; ingredient_confirmation; cost_or_price_benchmark; sustainability_context,hershey,cocoa_chocolate,"--- VISUAL OCR PAGE 1: page_001.png ---
CAREERS MEDIA INVESTORS
HERSHEY < ABOUTUS BRANDS INGREDIENTS SUSTAINABILITY INNOVATION NEWSROOM Q
NEWSROOM
f& > Home Sustainability > Progress on Priorities > Cocoa
OUR BLOG _
aE urate Z
PRESS RELEASES i ea, Ai %
» MEDIA CONTACTS AND RESOURC... . ‘
J N
< —— = "
candidate_claim,CAND_MEMORY_UCHUNK_000226,"supplier_relationship / ingredient_confirmation / sustainability_context: barry_callebaut, cocoa_chocolate",cocoa_chocolate_cocoa_butter,unified_memory_scan,direct_product_or_label_evidence,sku_or_label_level,supplier_relationship; ingredient_confirmation; sustainability_context; manufacturing_or_process,barry_callebaut,cocoa_chocolate,"f the integration of ESG considerations within risk 
management, thereby underscoring the Group's dedication to 
transparency and accountability in addressing ESG-related risks.
BARRY CALLEBAUT
Annual Report 2024/25
Letter to Shareholders
Overview
Business Highlights
Financial Reports
Governance
11
"
candidate_claim,CAND_MEMORY_UCHUNK_000268,"supplier_relationship / ingredient_confirmation / manufacturing_or_process: barry_callebaut, cocoa_chocolate, milk_dairy, sugar",cocoa_chocolate_cocoa_butter,unified_memory_scan,direct_product_or_label_evidence,sku_or_label_level,supplier_relationship; ingredient_confirmation; manufacturing_or_process,barry_callebaut,cocoa_chocolate; milk_dairy; sugar,"y in a Sale and Leaseback (Amendments to IFRS 16)
January 1, 2024
Fiscal year 2024/25
Non-Current Liabilities with Covenants (Amendments to IAS 1)
January 1, 2024
Fiscal year 2024/25
Supplier Finance Arrangements (Amendments to IAS 7 and IFRS 7)
January 1, 2024
Fiscal year 2024/25
Contracts Referenc"
candidate_claim,CAND_MEMORY_UCHUNK_000305,"supplier_relationship / ingredient_confirmation / cost_or_price_benchmark: barry_callebaut, cocoa_chocolate, milk_dairy, sugar",cocoa_chocolate_cocoa_butter,unified_memory_scan,direct_product_or_label_evidence,sku_or_label_level,supplier_relationship; ingredient_confirmation; cost_or_price_benchmark; retail_price; manufacturing_or_process,barry_callebaut,cocoa_chocolate; milk_dairy; sugar,"nings volatility in a cost-effective manner and minimize potential 
adverse effects of such market exposures on the financial performance of the Group. The Group’s 
sourcing centers and Treasury department continuously monitor and hedge the exposures to commodity 
price risk, foreign currency and in"
candidate_claim,CAND_MEMORY_UCHUNK_000307,"supplier_relationship / ingredient_confirmation / cost_or_price_benchmark: cocoa_chocolate, milk_dairy, sugar",cocoa_chocolate_cocoa_butter,unified_memory_scan,direct_product_or_label_evidence,sku_or_label_level,supplier_relationship; ingredient_confirmation; cost_or_price_benchmark; retail_price,,cocoa_chocolate; milk_dairy; sugar,"-to-day relative price changes are calculated. The historical VaR is a simulation of past 
market conditions and does not predict the future movement in commodity prices. Therefore it does not 
represent actual losses. It only represents an indication of the future commodity price risks based on 
hi"
candidate_claim,CAND_MEMORY_UCHUNK_000308,supplier_relationship / ingredient_confirmation / cost_or_price_benchmark: cocoa_chocolate,cocoa_chocolate_cocoa_butter,unified_memory_scan,direct_product_or_label_evidence,sku_or_label_level,supplier_relationship; ingredient_confirmation; cost_or_price_benchmark; retail_price; manufacturing_or_process,,cocoa_chocolate,"r each of the two areas. 
b) Cocoa price risk and the Group’s hedging strategy
The Group’s purchasing and sourcing centers make decisions regarding the procurement and risk 
management of cocoa beans, semi-finished cocoa products, and ingredients, including mitigating the risk 
associated with commo"
candidate_claim,CAND_MEMORY_UCHUNK_000309,"ingredient_confirmation / cost_or_price_benchmark / retail_price: barry_callebaut, cocoa_chocolate",cocoa_chocolate_cocoa_butter,unified_memory_scan,direct_product_or_label_evidence,sku_or_label_level,ingredient_confirmation; cost_or_price_benchmark; retail_price,barry_callebaut,cocoa_chocolate,"ies, purchase and sales contracts as 
well as chocolate inventories and sales contracts are hedged with exchange traded or over-the-counter 
cocoa bean derivatives applying fair value hedge accounting. The Group also applies cash flow hedge 
accounting whereby the cocoa price risk and foreign exchan"
candidate_claim,CAND_MEMORY_UCHUNK_000355,"ingredient_confirmation / manufacturing_or_process: barry_callebaut, cocoa_chocolate",cocoa_chocolate_cocoa_butter,unified_memory_scan,direct_product_or_label_evidence,sku_or_label_level,ingredient_confirmation; manufacturing_or_process,barry_callebaut,cocoa_chocolate,"goce SA
Abidjan
100
XOF
3,700,000,000
Société Africaine de Cacao SA
Abidjan
100
XOF
25,695,651,316
Societe Ivoirienne de Services Agricoles SA
Abidjan
100
XOF 
10,000,000
Country
Subsidiary
Municipality of 
registration
%-owned
Currency
Capital
Czech 
Republic
Barry Callebaut Czech Republic s.r.o.
P"
candidate_claim,CAND_MEMORY_UCHUNK_000356,"ingredient_confirmation / cost_or_price_benchmark / manufacturing_or_process: barry_callebaut, cocoa_chocolate",cocoa_chocolate_cocoa_butter,unified_memory_scan,direct_product_or_label_evidence,sku_or_label_level,ingredient_confirmation; cost_or_price_benchmark; manufacturing_or_process,barry_callebaut,cocoa_chocolate,"—
Israel
Barry Callebaut Israel Ltd
Tel Aviv
100
ILS
71,212
Italy
Barry Callebaut Belgium N.V., Italian branch
Milano
100
EUR
—
Barry Callebaut Manufacturing Italia S.p.A.
Milano
100
EUR
2,646,841
Country
Subsidiary
Municipality of 
registration
%-owned
Currency
Capital
BARRY CALLEBAUT
Annual Report"
candidate_claim,CAND_MEMORY_UCHUNK_000388,supplier_relationship / ingredient_confirmation / cost_or_price_benchmark: barry_callebaut,cocoa_chocolate_cocoa_butter,unified_memory_scan,direct_product_or_label_evidence,sku_or_label_level,supplier_relationship; ingredient_confirmation; cost_or_price_benchmark; retail_price; logistics_distribution,barry_callebaut,,"ng A/S, a listed 
Danish global life science company that 
develops ingredients for a variety of 
industries, including food and beverage.
Previously, Mauricio Graber was a member of the 
Executive Committee of the Swiss multinational 
manufacturer Givaudan SA, Basel, where he was 
President of the "
candidate_claim,CAND_MEMORY_UCHUNK_001938,"supplier_relationship / ingredient_confirmation / cost_or_price_benchmark: barry_callebaut, cocoa_chocolate, natural_flavor",cocoa_chocolate_cocoa_butter,unified_memory_scan,direct_product_or_label_evidence,sku_or_label_level,supplier_relationship; ingredient_confirmation; cost_or_price_benchmark; sustainability_context,barry_callebaut,cocoa_chocolate; natural_flavor,"--- VISUAL OCR PAGE 1: page_001.png ---
® My Barry Callebaut Careers Contact B= United States - English Q
| BARRY (()) CALLEBAUT | Products Segments Services Brands Trends & Insights Sustainability v About Us v
4 f
Confectioner q )
“ mca Son
\ SA RUN OTA NCC eyo
Beyond al mmm .
line (
LearnMore > “ "
candidate_claim,CAND_MEMORY_UCHUNK_000447,"supplier_relationship / ingredient_confirmation / cost_or_price_benchmark: barry_callebaut, cocoa_chocolate",cocoa_chocolate_cocoa_butter,unified_memory_scan,direct_product_or_label_evidence,sku_or_label_level,supplier_relationship; ingredient_confirmation; cost_or_price_benchmark; retail_price; sustainability_context,barry_callebaut,cocoa_chocolate,"--- PAGE 1 ---
ANNUAL SOCIAL 
AND ENVIRONMENTAL 
IMPACT REPORT
2024/25


--- PAGE 2 ---
3
This is Barry Callebaut
4
Letter to Stakeholders
6
Sustainability
7
Our Sustainability Journey
8
Forever Chocolate Introduction
16
Overview of our Forever Chocolate Strategy
17
Prospering Farmers
23
Human Right"
candidate_claim,CAND_MEMORY_UCHUNK_000450,"supplier_relationship / ingredient_confirmation / cost_or_price_benchmark: barry_callebaut, cocoa_chocolate",cocoa_chocolate_cocoa_butter,unified_memory_scan,direct_product_or_label_evidence,sku_or_label_level,supplier_relationship; ingredient_confirmation; cost_or_price_benchmark; sustainability_context; manufacturing_or_process,barry_callebaut,cocoa_chocolate,"flect our continued progress, the reality is that 
volatile crop conditions and challenging buying environments have 
significantly impacted some of our volume-related KPIs. This 
underscores the importance of our long-term approach and 
reinforces our commitment to building resilience across the co"
candidate_claim,CAND_MEMORY_UCHUNK_000454,supplier_relationship / ingredient_confirmation / cost_or_price_benchmark: cocoa_chocolate,cocoa_chocolate_cocoa_butter,unified_memory_scan,direct_product_or_label_evidence,sku_or_label_level,supplier_relationship; ingredient_confirmation; cost_or_price_benchmark; sustainability_context; manufacturing_or_process,,cocoa_chocolate,"tainability agendas by some governments, 
institutions and corporations. This shift has raised 
questions about the future of sustainability and 
the durability of progress made so far. In this 
context, our long-term sustainability 
commitments become even more vital - not just 
to maintain momentu"
candidate_claim,CAND_MEMORY_UCHUNK_000458,supplier_relationship / ingredient_confirmation / cost_or_price_benchmark: cocoa_chocolate,cocoa_chocolate_cocoa_butter,unified_memory_scan,direct_product_or_label_evidence,sku_or_label_level,supplier_relationship; ingredient_confirmation; cost_or_price_benchmark; retail_price; sustainability_context; manufacturing_or_process,,cocoa_chocolate,"current 
cultivation models in several cocoa producer 
countries, notably full-sun cocoa cultivation, leave 
cocoa trees more vulnerable to the effects of 
climate change and increase the risk of soil 
erosion. As a result, farm productivity is on the 
decline, while the areas where cocoa is suitabl"
candidate_claim,CAND_MEMORY_UCHUNK_000468,"supplier_relationship / ingredient_confirmation / sustainability_context: barry_callebaut, cocoa_chocolate, packaging",cocoa_chocolate_cocoa_butter,unified_memory_scan,direct_product_or_label_evidence,sku_or_label_level,supplier_relationship; ingredient_confirmation; sustainability_context; manufacturing_or_process,barry_callebaut,cocoa_chocolate; packaging,"productivity to the impacts 
of CSSV and child labor. These investments 
directly inform our approach to boost cocoa 
yields, mitigate climate and social risks, combat 
pests and diseases, and foster a more resilient, 
productive, and equitable cocoa value chain.
These actions have tangible benefits"
candidate_claim,CAND_MEMORY_UCHUNK_000472,"supplier_relationship / ingredient_confirmation / cost_or_price_benchmark: barry_callebaut, cocoa_chocolate",cocoa_chocolate_cocoa_butter,unified_memory_scan,direct_product_or_label_evidence,sku_or_label_level,supplier_relationship; ingredient_confirmation; cost_or_price_benchmark; retail_price; sustainability_context,barry_callebaut,cocoa_chocolate,"cial and Environmental 
Impact Report 2024/25
Letter to Stakeholders
Sustainability
Our People
Governance
TCFD
GRI Report
Policies
15
 In 2016, Barry Callebaut launched Forever 
Chocolate, the next chapter in our long-standing 
commitment to building a sustainable cocoa and 
chocolate supply chain.
"
candidate_claim,CAND_MEMORY_UCHUNK_000488,"supplier_relationship / ingredient_confirmation: cocoa_chocolate, sugar",cocoa_chocolate_cocoa_butter,unified_memory_scan,direct_product_or_label_evidence,sku_or_label_level,supplier_relationship; ingredient_confirmation,,cocoa_chocolate; sugar,"ry Callebaut has established a 
Global Human Rights Response Protocol, which 
provides clear guidance to the Compliance team, 
employees and partners (see step 6). More 
information on our grievance mechanism can be 
found in the Business Conduct chapter.
2. Identifying and assessing adverse human 
"
candidate_claim,CAND_MEMORY_UCHUNK_000498,supplier_relationship / ingredient_confirmation / sustainability_context: cocoa_chocolate,cocoa_chocolate_cocoa_butter,unified_memory_scan,direct_product_or_label_evidence,sku_or_label_level,supplier_relationship; ingredient_confirmation; sustainability_context,,cocoa_chocolate,"g. 
Additionally, we have mapped over 1.5 
million cocoa farms as of 2024/25.
•
Beyond this scope, we implement extensive 
due diligence - conducting country risk 
assessments across all sourcing regions and 
investing in forest protection in high-risk 
landscapes. These efforts are directly 
connec"
candidate_claim,CAND_MEMORY_UCHUNK_000511,"supplier_relationship / ingredient_confirmation / cost_or_price_benchmark: barry_callebaut, cocoa_chocolate",cocoa_chocolate_cocoa_butter,unified_memory_scan,direct_product_or_label_evidence,sku_or_label_level,supplier_relationship; ingredient_confirmation; cost_or_price_benchmark; sustainability_context; manufacturing_or_process,barry_callebaut,cocoa_chocolate,"aw material we source. This has helped us 
to identify materials that are grown in regions 
where risks of deforestation are negligible or for 
which production does not involve land use 
changes that impact forests or other natural 
ecosystems. As such, from 2024/25 onwards, we 
will focus on repor"
candidate_claim,CAND_MEMORY_UCHUNK_000512,"supplier_relationship / ingredient_confirmation / sustainability_context: barry_callebaut, cocoa_chocolate",cocoa_chocolate_cocoa_butter,unified_memory_scan,direct_product_or_label_evidence,sku_or_label_level,supplier_relationship; ingredient_confirmation; sustainability_context,barry_callebaut,cocoa_chocolate,"l carbon intensity per 
tonne of product without 
removals (tCO₂e)
KPIs 2024/25
81.8%
Percentage of primary 
deforestation linked sourced 
raw materials demonstrated 
not to be contributing to 
deforestation 
24,301
Hectares of agroforestry 
newly established
11.8
Total net carbon footprint incl. 
r"
candidate_claim,CAND_MEMORY_UCHUNK_000518,"supplier_relationship / ingredient_confirmation / sustainability_context: barry_callebaut, cocoa_chocolate, sugar",cocoa_chocolate_cocoa_butter,unified_memory_scan,direct_product_or_label_evidence,sku_or_label_level,supplier_relationship; ingredient_confirmation; sustainability_context,barry_callebaut,cocoa_chocolate; sugar,"ished to identify and analyze key human 
rights and decent work issues in the sugarcane 
sector, with a focus on India, and to offer 
recommendations for progress. 
We are also founding members of the Sugar 
Collaboration Group (SCG), a pre-competitive 
forum for sugar sector companies to align on 
"
candidate_claim,CAND_MEMORY_UCHUNK_000520,"supplier_relationship / ingredient_confirmation / cost_or_price_benchmark: barry_callebaut, cocoa_chocolate, milk_dairy, sugar",cocoa_chocolate_cocoa_butter,unified_memory_scan,direct_product_or_label_evidence,sku_or_label_level,supplier_relationship; ingredient_confirmation; cost_or_price_benchmark; sustainability_context,barry_callebaut,cocoa_chocolate; milk_dairy; sugar,"d hectares of 
sugar beet each. Their direct oversight across 
these areas marks a key capacity-building 
milestone for responsible sourcing in the region.
In Russia, our collaborative efforts with our 
largest beet suppliers enabled us to achieve 100% 
FSA Silver- and Gold-level verified beet sugar"
candidate_claim,CAND_MEMORY_UCHUNK_000522,"supplier_relationship / ingredient_confirmation / cost_or_price_benchmark: barry_callebaut, cocoa_chocolate",cocoa_chocolate_cocoa_butter,unified_memory_scan,direct_product_or_label_evidence,sku_or_label_level,supplier_relationship; ingredient_confirmation; cost_or_price_benchmark; sustainability_context; manufacturing_or_process,barry_callebaut,cocoa_chocolate,"cocoa industry.
Coconut
Industry engagement
With regard to coconut, we are founding 
members and Steering Committee members of 
the Sustainable Coconut Charter, now evolved 
into the Sustainable Coconut Partnership. This 
multi-stakeholder, industry-led platform defines 
what a sustainable coconut s"
candidate_claim,CAND_MEMORY_UCHUNK_000524,"supplier_relationship / ingredient_confirmation / sustainability_context: barry_callebaut, cocoa_chocolate, natural_flavor, soy_lecithin",cocoa_chocolate_cocoa_butter,unified_memory_scan,direct_product_or_label_evidence,sku_or_label_level,supplier_relationship; ingredient_confirmation; sustainability_context; manufacturing_or_process,barry_callebaut,cocoa_chocolate; natural_flavor; soy_lecithin,"agement for traceability and 
deforestation-free activities. Globally, 40.3% of 
our soy lecithin volume is now sustainably 
sourced, of which 38% is considered 
deforestation-free. We are actively working with 
our biggest suppliers to obtain an origin 
certificate for each delivery of soy lecithin"
candidate_claim,CAND_MEMORY_UCHUNK_000528,supplier_relationship / ingredient_confirmation / cost_or_price_benchmark: cocoa_chocolate,cocoa_chocolate_cocoa_butter,unified_memory_scan,direct_product_or_label_evidence,sku_or_label_level,supplier_relationship; ingredient_confirmation; cost_or_price_benchmark; sustainability_context,,cocoa_chocolate,"tage of cocoa and 
chocolate products sold 
that contain certified or 
verified cocoa
KPIs 2024/25
53.9%
Percentage of certified 
or verified agricultural 
raw materials sourced
71.3%
Percentage of certified 
or verified key 
ingredients sourced
625,410
No. of farmers in our 
sustainability program
"
candidate_claim,CAND_MEMORY_UCHUNK_000529,"supplier_relationship / ingredient_confirmation / cost_or_price_benchmark: barry_callebaut, cocoa_chocolate",cocoa_chocolate_cocoa_butter,unified_memory_scan,direct_product_or_label_evidence,sku_or_label_level,supplier_relationship; ingredient_confirmation; cost_or_price_benchmark; sustainability_context,barry_callebaut,cocoa_chocolate,"Carbon footprint KPI in tCO2e21
2024/25
2023/24
Variance vs 
Prior Year 
(%)
Base Year 
2021/22
Variance vs 
Base Year 
(%)
Scope 1 & 2
211,876
234,467
 (9.6) %
278,904
 (24.0) %
Scope 1 
116,077
130,657
 (11.2) %
120,998
 (4.1) %
Scope 2 (market-based)
95,799
103,810
 (7.7) %
157,906
 (39.3) %
Scop"
candidate_claim,CAND_MEMORY_UCHUNK_000530,"supplier_relationship / ingredient_confirmation / sustainability_context: barry_callebaut, cocoa_chocolate",cocoa_chocolate_cocoa_butter,unified_memory_scan,direct_product_or_label_evidence,sku_or_label_level,supplier_relationship; ingredient_confirmation; sustainability_context,barry_callebaut,cocoa_chocolate,"bon removals come from agroforestry insetting, independently verified by SustainCERT. The amount excludes a 20% withholding buffer, safeguarding against potential unforeseen losses of planted trees under our agroforestry activities.
23 Scope 3 Forest, Land and Agriculture (FLAG) removals from agrofo"
candidate_claim,CAND_MEMORY_UCHUNK_000543,"supplier_relationship / ingredient_confirmation / sustainability_context: barry_callebaut, cocoa_chocolate",cocoa_chocolate_cocoa_butter,unified_memory_scan,direct_product_or_label_evidence,sku_or_label_level,supplier_relationship; ingredient_confirmation; sustainability_context; manufacturing_or_process,barry_callebaut,cocoa_chocolate,"m to 
identify the financial and business risks tied to the 
shortlisted ESG topics. In this process, the entire 
value chain was analyzed and a time horizon for 
actions up to 2030 was adopted. 
Overall, our 2023/24 double materiality 
assessment reconfirmed our commitment to the 
Forever Chocolate"
candidate_claim,CAND_MEMORY_UCHUNK_000547,"supplier_relationship / ingredient_confirmation / sustainability_context: barry_callebaut, cocoa_chocolate",cocoa_chocolate_cocoa_butter,unified_memory_scan,direct_product_or_label_evidence,sku_or_label_level,supplier_relationship; ingredient_confirmation; sustainability_context; manufacturing_or_process,barry_callebaut,cocoa_chocolate,"ns within risk 
management, thereby underscoring the Group's dedication to 
transparency and accountability in addressing ESG-related risks.
BARRY CALLEBAUT
Annual Social and Environmental 
Impact Report 2024/25
Letter to Stakeholders
Sustainability
Our People
Governance
TCFD
GRI Report
Policies
58
"
candidate_claim,CAND_MEMORY_UCHUNK_000589,ingredient_confirmation / sustainability_context: barry_callebaut,cocoa_chocolate_cocoa_butter,unified_memory_scan,direct_product_or_label_evidence,sku_or_label_level,ingredient_confirmation; sustainability_context,barry_callebaut,,"holds the first fully virtual Annual Shareholders Meeting in an effort to increase inclusion and engagement of its 
international shareholder base. Barbara Richmond and Aruna Jayanthi, elected as new members of the Board of Directors. 
November 2024
Barry Callebaut has added upcycled cacaofruit prod"
candidate_claim,CAND_MEMORY_UCHUNK_000591,supplier_relationship / ingredient_confirmation / sustainability_context: barry_callebaut,cocoa_chocolate_cocoa_butter,unified_memory_scan,direct_product_or_label_evidence,sku_or_label_level,supplier_relationship; ingredient_confirmation; sustainability_context; manufacturing_or_process,barry_callebaut,,"ernance body and of 
senior executives: 
organization’s purpose, 
value or mission 
statements, strategies, 
policies, and goals;
Governance
BARRY CALLEBAUT
Annual Social and Environmental 
Impact Report 2024/25
Letter to Stakeholders
Sustainability
Our People
Governance
TCFD
GRI Report
Policies
83
"
candidate_claim,CAND_MEMORY_UCHUNK_000596,supplier_relationship / ingredient_confirmation / sustainability_context: barry_callebaut,cocoa_chocolate_cocoa_butter,unified_memory_scan,direct_product_or_label_evidence,sku_or_label_level,supplier_relationship; ingredient_confirmation; sustainability_context,barry_callebaut,,"track NOx and SOx emissions in their eco-
footprinting tool.
Measures of different parameters are followed depending on the equipment, size and local legislation so a variety of frequencies of control 
and parameters are tracked, in many cases beyond NOx or SOx, i.e. dust or smoke with TSP/SPM or PM"
candidate_claim,CAND_MEMORY_UCHUNK_000597,supplier_relationship / ingredient_confirmation / cost_or_price_benchmark: barry_callebaut,cocoa_chocolate_cocoa_butter,unified_memory_scan,direct_product_or_label_evidence,sku_or_label_level,supplier_relationship; ingredient_confirmation; cost_or_price_benchmark; sustainability_context,barry_callebaut,,"ights impacts
414
Supplier Social 
Assessment
414-2
Negative social impacts in 
the supply chain and 
actions taken
Sustainable Ingredients 
BARRY CALLEBAUT
Annual Social and Environmental 
Impact Report 2024/25
Letter to Stakeholders
Sustainability
Our People
Governance
TCFD
GRI Report
Policies
88
"
candidate_claim,CAND_MEMORY_UCHUNK_000662,"supplier_relationship / ingredient_confirmation / sustainability_context: cocoa_chocolate, milk_dairy, sugar",cocoa_chocolate_cocoa_butter,unified_memory_scan,direct_product_or_label_evidence,sku_or_label_level,supplier_relationship; ingredient_confirmation; sustainability_context; manufacturing_or_process,,cocoa_chocolate; milk_dairy; sugar,"the Cacao of Excellence 
programme of the Alliance of Bioversity 
International and CIAT, in collaboration with 
the members of the Working Group on the 
development of the International Standards for 
the Assessment of Cacao Quality and Flavour 
(ISCQF). Readers are advised to check the 
website ww"
candidate_claim,CAND_MEMORY_UCHUNK_000663,"ingredient_confirmation / cost_or_price_benchmark / retail_price: cocoa_chocolate, milk_dairy, sugar",cocoa_chocolate_cocoa_butter,unified_memory_scan,direct_product_or_label_evidence,sku_or_label_level,ingredient_confirmation; cost_or_price_benchmark; retail_price; sustainability_context; manufacturing_or_process,,cocoa_chocolate; milk_dairy; sugar,"tter are 
usually combined with sugar, milk and other 
ingredients to form chocolate. There are 
European and Codex standards which define the 
composition and labelling of certain of these 
cocoa products
1. The focus of this publication 
will be cocoa beans, though reference will be 
made to some "
candidate_claim,CAND_MEMORY_UCHUNK_000677,supplier_relationship / ingredient_confirmation / cost_or_price_benchmark: cocoa_chocolate,cocoa_chocolate_cocoa_butter,unified_memory_scan,direct_product_or_label_evidence,sku_or_label_level,supplier_relationship; ingredient_confirmation; cost_or_price_benchmark,,cocoa_chocolate,"ng 
Smoky 
• 
Contamination by smoke during 
drying due to inappropriate fuel, bad 
design, faulty operation or poor 
maintenance of dryer. 
• 
By exposure of dried beans in 
store to smoke contamination 
 
Excessive bitterness and astringency 
• 
Certain planting materials 
• 
Lack of fermentation
"
candidate_claim,CAND_MEMORY_UCHUNK_000679,"supplier_relationship / ingredient_confirmation / logistics_distribution: cocoa_chocolate, milk_dairy",cocoa_chocolate_cocoa_butter,unified_memory_scan,direct_product_or_label_evidence,sku_or_label_level,supplier_relationship; ingredient_confirmation; logistics_distribution; sustainability_context; manufacturing_or_process,,cocoa_chocolate; milk_dairy,"od businesses to ensure 
compliance with the legislation and traceability 
of foodstuffs at all stages of the food chain, 
from the production, processing, transport and 
distribution stages through to the supply of 
food. For further information see https://eur-
lex.europa.eu/legal-content/EN/TXT/
"
candidate_claim,CAND_MEMORY_UCHUNK_000680,"supplier_relationship / ingredient_confirmation / cost_or_price_benchmark: fda, cocoa_chocolate, milk_dairy",cocoa_chocolate_cocoa_butter,unified_memory_scan,direct_product_or_label_evidence,sku_or_label_level,supplier_relationship; ingredient_confirmation; cost_or_price_benchmark; manufacturing_or_process,fda,cocoa_chocolate; milk_dairy,"ery 
manufacturers face specific challenges, since 
allergens such as peanuts, treenuts, milk, eggs, 
soya and gluten-containing cereals are 
commonly used. 
 
For allergens present as an ingredient, it is a 
legal requirement that these are clearly 
labelled in the ingredients list (EU Regulation 
"
candidate_claim,CAND_MEMORY_UCHUNK_000691,"ingredient_confirmation / cost_or_price_benchmark / logistics_distribution: icco, cocoa_chocolate, packaging",cocoa_chocolate_cocoa_butter,unified_memory_scan,direct_product_or_label_evidence,sku_or_label_level,ingredient_confirmation; cost_or_price_benchmark; logistics_distribution; manufacturing_or_process,icco,cocoa_chocolate; packaging,"n and storage (see Part III Storage 
and Part III Transportation and Shipping) and 
also by technical equipment during processing 
confectionery in Belgium Inventaire limites d'actions v15 NL 
(favv-afsca.be) 
Figure 5. MOSH and MOAH contamination sources in) 
the food chain. (Matissek et al. 2014)
"
candidate_claim,CAND_MEMORY_UCHUNK_000768,"ingredient_confirmation / cost_or_price_benchmark / manufacturing_or_process: cocoa_chocolate, soy_lecithin, sugar",cocoa_chocolate_cocoa_butter,unified_memory_scan,direct_product_or_label_evidence,sku_or_label_level,ingredient_confirmation; cost_or_price_benchmark; manufacturing_or_process,,cocoa_chocolate; soy_lecithin; sugar,"le will have been released and that 
there is no grittiness in the sample 
which would distract the taster during the 
flavour evaluation. 
More details can be found in Chapter 13 - 
Processing cacao nibs into mass in “ Guide 
for the Assessment of Cacao Quality and 
Flavour” 
(Cacao 
of 
Excellence"
candidate_claim,CAND_MEMORY_UCHUNK_000769,"ingredient_confirmation / manufacturing_or_process: cocoa_chocolate, sugar",cocoa_chocolate_cocoa_butter,unified_memory_scan,direct_product_or_label_evidence,sku_or_label_level,ingredient_confirmation; manufacturing_or_process,,cocoa_chocolate; sugar,"nd warming it to 50°C. It should be held 
for at least 1 hour at 50°C then uncapped 
and immediately smelled. An acceptable 
result is a sugar that has no inherent odour. 
 
The chocolate should be refined to less than 
20 microns measured using a micrometer. 
Conching at a low temperature (not more"
candidate_claim,CAND_MEMORY_UCHUNK_001947,"supplier_relationship / ingredient_confirmation / cost_or_price_benchmark: hershey, cocoa_chocolate",cocoa_chocolate_cocoa_butter,unified_memory_scan,direct_product_or_label_evidence,sku_or_label_level,supplier_relationship; ingredient_confirmation; cost_or_price_benchmark; sustainability_context,hershey,cocoa_chocolate,"--- VISUAL OCR PAGE 1: page_001.png ---
CAREERS MEDIA INVESTORS
HERSHEY.
= .
» . —
-
=
— .
Fie
-_
o
GREDIENTS
Source. Make. Delight ,
u e e e s
rj
The snacks people love start with where ingredients come from and how they're made. “4,
p o> %
To lead the future of snacking, Hershey is focused on the "
candidate_claim,CAND_MEMORY_UCHUNK_001948,"supplier_relationship / ingredient_confirmation / cost_or_price_benchmark: hershey, cocoa_chocolate",cocoa_chocolate_cocoa_butter,unified_memory_scan,direct_product_or_label_evidence,sku_or_label_level,supplier_relationship; ingredient_confirmation; cost_or_price_benchmark; sustainability_context,hershey,cocoa_chocolate,"has been central to our
that nourishes the earth and the soil in When our people thrive, so does our identity for more than 130 years.
which our ingredients grow. That's why business.
environmental stewardship continues to
be integral to our business strategy.
7 —s -
' é , >)
al ¥ is in se
a ‘>. /
>"
candidate_claim,CAND_MEMORY_UCHUNK_001936,"ingredient_confirmation / cost_or_price_benchmark / manufacturing_or_process: icco, cocoa_chocolate, milk_dairy, sugar",cocoa_chocolate_cocoa_butter,unified_memory_scan,direct_product_or_label_evidence,sku_or_label_level,ingredient_confirmation; cost_or_price_benchmark; manufacturing_or_process,icco,cocoa_chocolate; milk_dairy; sugar,"ified market. Cocoa liquor, cocoa butter and sugar are the three major ingredients required to produce the
. . various types of chocolate found throughout the world.
5. Winnowing
. . Overall, the manufacturing of chocolate is divided into four areas:
Winnowing, cracking, fanning and hulling are some"
candidate_claim,CAND_MEMORY_UCHUNK_002132,"ingredient_confirmation / cost_or_price_benchmark / retail_price: cocoa_chocolate, milk_dairy, natural_flavor, sugar",dairy_milk_skim_milk_milk_fat,unified_memory_scan,direct_product_or_label_evidence,sku_or_label_level,ingredient_confirmation; cost_or_price_benchmark; retail_price,,cocoa_chocolate; milk_dairy; natural_flavor; sugar,"le cell structure, only 30%-40% of the cocoa powder is soluble, and the rest has to be es
kept in suspension by the thickener or gelling agent added, as the density of these particles is 4 ia, a "" 2
higher than that of milk. Usually, an indication is given on the container to shake the beverage iat
"
candidate_claim,CAND_MEMORY_UCHUNK_002134,"ingredient_confirmation / manufacturing_or_process: cocoa_chocolate, milk_dairy, natural_flavor, sugar",dairy_milk_skim_milk_milk_fat,unified_memory_scan,direct_product_or_label_evidence,sku_or_label_level,ingredient_confirmation; manufacturing_or_process,,cocoa_chocolate; milk_dairy; natural_flavor; sugar,"re listed in Table 3.
2011,
Table 3. Milk products not covered by Codex commodity standards Encyclopedia of
Dairy Sciences
Preserved milk products Fermented milk powders, e.g., yogurt powder and buttermilk powder (Second Edition)
C. Heggum
Show more V
Chapter
Liquid Milk Products: Flavored Milks
Pro"
candidate_claim,CAND_MEMORY_UCHUNK_001983,"supplier_relationship / ingredient_confirmation / sustainability_context: hershey, land_olakes, cocoa_chocolate, milk_dairy",dairy_milk_skim_milk_milk_fat,unified_memory_scan,direct_product_or_label_evidence,sku_or_label_level,supplier_relationship; ingredient_confirmation; sustainability_context; manufacturing_or_process,hershey; land_olakes,cocoa_chocolate; milk_dairy,"thin a 100-mile radius of our chocolate
manufacturing plant in Hershey, PA. We also source milk-derived ingredients from suppliers
across the U.S. as well as New Zealand, and from suppliers in Brazil, India and Mexico for our
operations in those countries.
es e e
Supplier Engagement, Monitoring and
"
candidate_claim,CAND_MEMORY_UCHUNK_000805,"supplier_relationship / ingredient_confirmation / cost_or_price_benchmark: hershey, cocoa_chocolate",dairy_milk_skim_milk_milk_fat,unified_memory_scan,direct_product_or_label_evidence,sku_or_label_level,supplier_relationship; ingredient_confirmation; cost_or_price_benchmark; retail_price; sustainability_context; manufacturing_or_process,hershey,cocoa_chocolate,"--- PAGE 1 ---
Powered by 
 Shared 
 Goodness
2021 ESG REPORT


--- PAGE 2 ---
Welcome to Our 
2021 ESG Report 
Hershey’s purpose is to “Make More Moments 
of Goodness” for our consumers for many 
generations to come. Integral to achieving that 
is our holistic sustainability strategy: our Shared 
G"
candidate_claim,CAND_MEMORY_UCHUNK_000806,"supplier_relationship / ingredient_confirmation / cost_or_price_benchmark: hershey, cocoa_chocolate, packaging",dairy_milk_skim_milk_milk_fat,unified_memory_scan,direct_product_or_label_evidence,sku_or_label_level,supplier_relationship; ingredient_confirmation; cost_or_price_benchmark; sustainability_context; manufacturing_or_process,hershey,cocoa_chocolate; packaging,"Innovation, Choice 
and Transparency
16 
Excellence in Food Safety
17 
Marketing Responsibly
18 
Staying Agile Through Change
19 
Our Progress
20 
Cocoa 
21 
Cocoa For Good
22 
Deeply Committed to 
Responsibly Sourcing Cocoa
23 
Accountability, Transparency 
and Due Diligence in Cocoa
24 
Working"
candidate_claim,CAND_MEMORY_UCHUNK_000808,"supplier_relationship / ingredient_confirmation / cost_or_price_benchmark: hershey, cocoa_chocolate",dairy_milk_skim_milk_milk_fat,unified_memory_scan,direct_product_or_label_evidence,sku_or_label_level,supplier_relationship; ingredient_confirmation; cost_or_price_benchmark; sustainability_context; manufacturing_or_process,hershey,cocoa_chocolate,"special moments in sustainability, 
creating a tomorrow that’s even 
better than today. 
 Sharing
Goodness
More
3 
The Hershey Company | 2021 ESG Report
The Big Picture Our Company Cocoa Responsible Sourcing and Human Rights Environment Our People Youth Community About This Report
The Big Picture


"
candidate_claim,CAND_MEMORY_UCHUNK_000815,"supplier_relationship / ingredient_confirmation / cost_or_price_benchmark: hershey, cocoa_chocolate, packaging",dairy_milk_skim_milk_milk_fat,unified_memory_scan,direct_product_or_label_evidence,sku_or_label_level,supplier_relationship; ingredient_confirmation; cost_or_price_benchmark; sustainability_context; manufacturing_or_process,hershey,cocoa_chocolate; packaging,"25 million pounds of packaging to be eliminated5
2030
On Track
9.5M
OUR PEOPLE
Achieve pay equity for similar job categories across our 
global salaried employees 
2025
On Track
In 2020, we achieved 1-to-1 
aggregate gender pay equity for 
salaried employees in the U.S. 
(excluding recent acquisitio"
candidate_claim,CAND_MEMORY_UCHUNK_000820,"supplier_relationship / ingredient_confirmation / sustainability_context: hershey, cocoa_chocolate",dairy_milk_skim_milk_milk_fat,unified_memory_scan,direct_product_or_label_evidence,sku_or_label_level,supplier_relationship; ingredient_confirmation; sustainability_context,hershey,cocoa_chocolate,"curring frequently throughout the year. 
2
people 
of color
5
women
12
aged 50+
50%+
Board 
diversity 
12
Directors 
11 
The Hershey Company | 2021 ESG Report
The Big Picture Our Company Cocoa Responsible Sourcing and Human Rights Environment Our People Youth Community About This Report
Our Company
"
candidate_claim,CAND_MEMORY_UCHUNK_000822,"supplier_relationship / ingredient_confirmation / cost_or_price_benchmark: hershey, cocoa_chocolate, packaging",dairy_milk_skim_milk_milk_fat,unified_memory_scan,direct_product_or_label_evidence,sku_or_label_level,supplier_relationship; ingredient_confirmation; cost_or_price_benchmark; retail_price; sustainability_context; manufacturing_or_process,hershey,cocoa_chocolate; packaging,"iness
• Responsible sourcing
Please note that all 33 issues identified on the 
matrix are important and interconnected and 
should not be considered in isolation. 
For a full list of definitions for each of our 
material topics, see pages 35 – 38 in our 
2020 GRI Report.
We also recognize that inves"
candidate_claim,CAND_MEMORY_UCHUNK_000823,"supplier_relationship / ingredient_confirmation / cost_or_price_benchmark: hershey, cocoa_chocolate, packaging",dairy_milk_skim_milk_milk_fat,unified_memory_scan,direct_product_or_label_evidence,sku_or_label_level,supplier_relationship; ingredient_confirmation; cost_or_price_benchmark; sustainability_context; manufacturing_or_process,hershey,cocoa_chocolate; packaging,"ustainable agriculture
Impact on economy, environment and society
Influence on stakeholder decisions and assessments
13 
The Hershey Company | 2021 ESG Report
The Big Picture Our Company Cocoa Responsible Sourcing and Human Rights Environment Our People Youth Community About This Report
Our Company
"
candidate_claim,CAND_MEMORY_UCHUNK_000824,"supplier_relationship / ingredient_confirmation / cost_or_price_benchmark: hershey, cocoa_chocolate, milk_dairy, sugar",dairy_milk_skim_milk_milk_fat,unified_memory_scan,direct_product_or_label_evidence,sku_or_label_level,supplier_relationship; ingredient_confirmation; cost_or_price_benchmark; retail_price; manufacturing_or_process,hershey,cocoa_chocolate; milk_dairy; sugar,"added the 
fastest growing pretzel brand in the U.S. to 
The Hershey Company when we finalized our 
acquisitions of Dot’s Pretzels, LLC (“Dot’s”) and 
Pretzels Inc. (“Pretzels”) in December 2021. 
Together, Dot’s and Pretzels manufacture and 
distribute filled, gluten-free and seasoned 
pretzels and"
candidate_claim,CAND_MEMORY_UCHUNK_000825,"supplier_relationship / ingredient_confirmation / logistics_distribution: hershey, cocoa_chocolate",dairy_milk_skim_milk_milk_fat,unified_memory_scan,direct_product_or_label_evidence,sku_or_label_level,supplier_relationship; ingredient_confirmation; logistics_distribution; sustainability_context; manufacturing_or_process,hershey,cocoa_chocolate,"tLabel™ page and provided 
with a wide range of product information 
including information on nutrition, ingredients 
and their definitions, allergens and whether 
the product is gluten-free. 
DOT’S 
HOMESTYLE 
PRETZEL 
snacks
N
E
W
 
I
N
 
2
0
2
1
N
E
W
 
I
N
 
2
0
2
1
LILY’S
Sweets
15 
The Hershey"
candidate_claim,CAND_MEMORY_UCHUNK_000826,"supplier_relationship / ingredient_confirmation / cost_or_price_benchmark: hershey, cocoa_chocolate",dairy_milk_skim_milk_milk_fat,unified_memory_scan,direct_product_or_label_evidence,sku_or_label_level,supplier_relationship; ingredient_confirmation; cost_or_price_benchmark; sustainability_context; manufacturing_or_process,hershey,cocoa_chocolate,"s training 
is required for 100% of our manufacturing 
facility employees and is incorporated into 
the integration process for any acquired 
manufacturing facilities. Additionally, specific 
food safety and quality training programs 
were created and implemented for Hershey 
quality assurance, engi"
candidate_claim,CAND_MEMORY_UCHUNK_000827,"supplier_relationship / ingredient_confirmation / cost_or_price_benchmark: hershey, cocoa_chocolate",dairy_milk_skim_milk_milk_fat,unified_memory_scan,direct_product_or_label_evidence,sku_or_label_level,supplier_relationship; ingredient_confirmation; cost_or_price_benchmark; sustainability_context,hershey,cocoa_chocolate,"ies and ingredients suppliers do not include any facilities or suppliers associated with Lily’s, Dot’s, or Pretzels.
16 
The Hershey Company | 2021 ESG Report
The Big Picture Our Company Cocoa Responsible Sourcing and Human Rights Environment Our People Youth Community About This Report
Our Company
"
candidate_claim,CAND_MEMORY_UCHUNK_000830,"supplier_relationship / ingredient_confirmation / cost_or_price_benchmark: hershey, cocoa_chocolate",dairy_milk_skim_milk_milk_fat,unified_memory_scan,direct_product_or_label_evidence,sku_or_label_level,supplier_relationship; ingredient_confirmation; cost_or_price_benchmark; retail_price; sustainability_context; manufacturing_or_process,hershey,cocoa_chocolate,"the MCIC kicked off a national 
schedule of customer visits to all channels 
starting in February 2022.
3
The Hershey Insights 
Network (HIN) 
HIN is a virtual platform for Hershey 
to remotely engage with its partners. 
Operating like a live television newsroom, it 
is equipped with a multi-camera "
candidate_claim,CAND_MEMORY_UCHUNK_000831,"supplier_relationship / ingredient_confirmation / cost_or_price_benchmark: hershey, cocoa_chocolate",dairy_milk_skim_milk_milk_fat,unified_memory_scan,direct_product_or_label_evidence,sku_or_label_level,supplier_relationship; ingredient_confirmation; cost_or_price_benchmark; sustainability_context,hershey,cocoa_chocolate,"s labeled and/or marketed to promote health and nutrition attributes 
(USD in millions)2
$644.4
$520.8
$432.3
2 These values represent revenue from our snacks portfolio, which includes ready-to-eat popcorn with no artificial ingredients, baked and trans-fat-free snacks, protein bars and other bette"
candidate_claim,CAND_MEMORY_UCHUNK_000861,"supplier_relationship / ingredient_confirmation / cost_or_price_benchmark: hershey, cocoa_chocolate, milk_dairy, packaging, sugar",dairy_milk_skim_milk_milk_fat,unified_memory_scan,direct_product_or_label_evidence,sku_or_label_level,supplier_relationship; ingredient_confirmation; cost_or_price_benchmark; sustainability_context,hershey,cocoa_chocolate; milk_dairy; packaging; sugar,"c racism is 
a human rights issue. We have a longstanding 
commitment to DEI and we are accelerating our 
efforts to be a more inclusive company 
(see page 67).
Climate Justice 
and Human Rights
Climate change poses a significant threat 
to human rights globally. Its impacts 
disrupt global food sup"
candidate_claim,CAND_MEMORY_UCHUNK_000865,"supplier_relationship / ingredient_confirmation / sustainability_context: hershey, cocoa_chocolate",dairy_milk_skim_milk_milk_fat,unified_memory_scan,direct_product_or_label_evidence,sku_or_label_level,supplier_relationship; ingredient_confirmation; sustainability_context,hershey,cocoa_chocolate,"tious goals 
and strategies across our priority ingredients 
and materials. 
Our responsible sourcing commitments 
account for social and environmental challenges 
faced in the communities and ecosystems 
where our priority ingredients and materials 
come from. While working with suppliers and 
farm"
candidate_claim,CAND_MEMORY_UCHUNK_000872,"supplier_relationship / ingredient_confirmation / retail_price: hershey, cocoa_chocolate, packaging",dairy_milk_skim_milk_milk_fat,unified_memory_scan,direct_product_or_label_evidence,sku_or_label_level,supplier_relationship; ingredient_confirmation; retail_price; sustainability_context; manufacturing_or_process,hershey,cocoa_chocolate; packaging,"on page 47. 
2 The Responsible Recruitment Program applies to all labor agencies that provide contingent labor or labor services to Hershey owned and operated offices and manufacturing sites. See page 35 for program details.
43 
The Hershey Company | 2021 ESG Report
The Big Picture Our Company Cocoa"
candidate_claim,CAND_MEMORY_UCHUNK_000874,"supplier_relationship / ingredient_confirmation / cost_or_price_benchmark: hershey, cocoa_chocolate, milk_dairy, packaging, sugar",dairy_milk_skim_milk_milk_fat,unified_memory_scan,direct_product_or_label_evidence,sku_or_label_level,supplier_relationship; ingredient_confirmation; cost_or_price_benchmark; sustainability_context; manufacturing_or_process,hershey,cocoa_chocolate; milk_dairy; packaging; sugar,"h America
0.84
0.07
0.07
Rest of Asia
2.40
0.36
0.36
Rest of Latin America 
0.00
0.00
0.00
46 
The Hershey Company | 2021 ESG Report
The Big Picture Our Company Cocoa Responsible Sourcing and Human Rights Environment Our People Youth Community About This Report
Responsible Sourcing and Human Rights
"
candidate_claim,CAND_MEMORY_UCHUNK_000875,"supplier_relationship / ingredient_confirmation / cost_or_price_benchmark: hershey, cocoa_chocolate, packaging",dairy_milk_skim_milk_milk_fat,unified_memory_scan,direct_product_or_label_evidence,sku_or_label_level,supplier_relationship; ingredient_confirmation; cost_or_price_benchmark; logistics_distribution; sustainability_context; manufacturing_or_process,hershey,cocoa_chocolate; packaging,"99.5%
100% 
Source pulp and paper packaging (by volume) from recycled or certified sources 
globally5
100% by 2025 
68.5%
Not applicable
Coconut
Source certified coconut (by volume) through Fair Trade USA6
100% by 2020 
96%
100% 
Eggs
Source certified cage-free eggs (by volume) for the U.S. and Cana"
candidate_claim,CAND_MEMORY_UCHUNK_000888,supplier_relationship / ingredient_confirmation / sustainability_context: hershey,dairy_milk_skim_milk_milk_fat,unified_memory_scan,direct_product_or_label_evidence,sku_or_label_level,supplier_relationship; ingredient_confirmation; sustainability_context; manufacturing_or_process,hershey,,"ces 
Institute — we began to identify priority areas to 
create more sustainable water systems and help 
future-proof growth against climate change. 
While the SBTN pilot methodology only 
requires the use of two indicators in the 
Aqueduct tool, we chose to review all 13 
indicators of physical wat"
candidate_claim,CAND_MEMORY_UCHUNK_000889,"supplier_relationship / ingredient_confirmation / cost_or_price_benchmark: hershey, cocoa_chocolate",dairy_milk_skim_milk_milk_fat,unified_memory_scan,direct_product_or_label_evidence,sku_or_label_level,supplier_relationship; ingredient_confirmation; cost_or_price_benchmark; sustainability_context,hershey,cocoa_chocolate,"gy for this calculation is based on mass of ingredients sourced and the Aqueduct Water Risk Atlas and WWF Water Risk Filter. This assessment was first completed for Hershey’s food ingredients in 2021.
2 The methodology for our Operational Water Footprint By Factory analysis is based on the Aqueduct "
candidate_claim,CAND_MEMORY_UCHUNK_000959,supplier_relationship / ingredient_confirmation / cost_or_price_benchmark: land_olakes,dairy_milk_skim_milk_milk_fat,unified_memory_scan,direct_product_or_label_evidence,sku_or_label_level,supplier_relationship; ingredient_confirmation; cost_or_price_benchmark; logistics_distribution,land_olakes,,"commitment. This includes 
showing up for our members, 
employees and their communities 
where and when it matters most. 
Whether it’s advocating for the 
ag industry, fighting hunger or 
coming together in times of need, 
our cooperative’s true strength 
lies in working together and 
giving back.

"
candidate_claim,CAND_MEMORY_UCHUNK_000964,"supplier_relationship / ingredient_confirmation / cost_or_price_benchmark: hershey, land_olakes, cocoa_chocolate, milk_dairy",dairy_milk_skim_milk_milk_fat,unified_memory_scan,direct_product_or_label_evidence,sku_or_label_level,supplier_relationship; ingredient_confirmation; cost_or_price_benchmark; retail_price; sustainability_context; manufacturing_or_process,hershey; land_olakes,cocoa_chocolate; milk_dairy,"vestment and really work to 
protect our corn yields from the worst 
southern rust. What I like about SECURE 
Financing is that you get to work with a 
WinField United agronomist who truly gets 
that farming is all about looking at the big 
picture and how everything works together.” 
This spirit of"
candidate_claim,CAND_MEMORY_UCHUNK_000965,"supplier_relationship / ingredient_confirmation / manufacturing_or_process: hershey, land_olakes, cocoa_chocolate, milk_dairy",dairy_milk_skim_milk_milk_fat,unified_memory_scan,direct_product_or_label_evidence,sku_or_label_level,supplier_relationship; ingredient_confirmation; manufacturing_or_process,hershey; land_olakes,cocoa_chocolate; milk_dairy,"ue of members’ milk production. In 2025, 
the Member Relations and Global Dairy Ingredients 
teams also worked with The Hershey Company to offer a 
unique risk management program for our member-owners 
who supply milk to the chocolate maker. 
You don’t know when a storm cloud is going to 
hit and th"
candidate_claim,CAND_MEMORY_UCHUNK_001978,"supplier_relationship / ingredient_confirmation / cost_or_price_benchmark: hershey, land_olakes, milk_dairy",dairy_milk_skim_milk_milk_fat,unified_memory_scan,direct_product_or_label_evidence,sku_or_label_level,supplier_relationship; ingredient_confirmation; cost_or_price_benchmark; sustainability_context; manufacturing_or_process,hershey; land_olakes,milk_dairy,"want to know more about how some farms can turn manure from waste to fuel
and ask us to explain the cycle of harvesting crops and then returning nutrients to
the field to fertilize the next crop. You can also see the surprise on their faces when
they see the effort and precision it takes for us to m"
candidate_claim,CAND_MEMORY_UCHUNK_001979,"ingredient_confirmation / sustainability_context / manufacturing_or_process: hershey, land_olakes, milk_dairy",dairy_milk_skim_milk_milk_fat,unified_memory_scan,direct_product_or_label_evidence,sku_or_label_level,ingredient_confirmation; sustainability_context; manufacturing_or_process,hershey; land_olakes,milk_dairy,"armers have already implemented or are in the
process of implementing new sustainability practices.
The Alliance, Hershey, and Land O'Lakes have been working together since 2021 on
an initiative called “Sustainable Dairy PA.” The initiative takes a collaborative,
industry-led and public sector-suppo"
candidate_claim,CAND_MEMORY_UCHUNK_002153,ingredient_confirmation / cost_or_price_benchmark / sustainability_context: milk_dairy,dairy_milk_skim_milk_milk_fat,unified_memory_scan,direct_product_or_label_evidence,sku_or_label_level,ingredient_confirmation; cost_or_price_benchmark; sustainability_context; manufacturing_or_process,,milk_dairy,"--- VISUAL OCR PAGE 1: page_001.png ---
ORNS About Organic Valley ~ Products Recipes Our Farmers ~ Learn ~ Q
All > Food
What Is Butterfat?
by Jackie Thesing | March 10, 2023 Read Time: 5 min
th nn. ~ = = ee A ~~ oO —— ele
a . ° a — Y | 4 = eae |
ae) +) : 7 LC) \ meds |
v4 — WEE ey i
ie 2 PD ‘SS 1. x"
candidate_claim,CAND_MEMORY_UCHUNK_001071,"supplier_relationship / ingredient_confirmation / manufacturing_or_process: milk_dairy, packaging",dairy_milk_skim_milk_milk_fat,unified_memory_scan,direct_product_or_label_evidence,sku_or_label_level,supplier_relationship; ingredient_confirmation; manufacturing_or_process,,milk_dairy; packaging,"tely protect the product, and minimize the growth of mold. Adequate circulation of air 
shall be maintained at all times. They shall be free from rodents, insects, and pests. Shelves 
shall be kept clean and dry. Refrigeration units shall have provisions for collecting and 
disposing of condensate.
"
candidate_claim,CAND_MEMORY_UCHUNK_001086,ingredient_confirmation / manufacturing_or_process: milk_dairy,dairy_milk_skim_milk_milk_fat,unified_memory_scan,direct_product_or_label_evidence,sku_or_label_level,ingredient_confirmation; manufacturing_or_process,,milk_dairy,"nol value of test 
samples of pasteurized finished product shall be no greater than the maximum specified for the 
particular product as determined and specified by the phosphatase test method prescribed in the 
latest edition of ""Official Methods of Analysis of the Association of Official Agricultu"
candidate_claim,CAND_MEMORY_UCHUNK_001108,supplier_relationship / ingredient_confirmation / manufacturing_or_process: packaging,dairy_milk_skim_milk_milk_fat,unified_memory_scan,direct_product_or_label_evidence,sku_or_label_level,supplier_relationship; ingredient_confirmation; manufacturing_or_process,,packaging,"xcept, that the temperature for 
the vat method shall be not less than 1700 F. for not less than 30 minutes, or not less than 1900 F. 
for not less than 15 seconds or by any other temperature and holding time which will assure 
adequate pasteurization and comparable keeping-quality characteristics.
"
candidate_claim,CAND_MEMORY_UCHUNK_001120,"supplier_relationship / ingredient_confirmation / manufacturing_or_process: milk_dairy, packaging",dairy_milk_skim_milk_milk_fat,unified_memory_scan,direct_product_or_label_evidence,sku_or_label_level,supplier_relationship; ingredient_confirmation; manufacturing_or_process,,milk_dairy; packaging,". Care 
shall be taken to prevent the entrance of cheese particles or ingredients after the cooker batch of 
cheese has reached the final heating temperature. After holding for the required period of time, 
the hot cheese shall be emptied from the cooker as quickly as possible. 
 
 
E 6.2.3 Forming "
candidate_claim,CAND_MEMORY_UCHUNK_001985,supplier_relationship / ingredient_confirmation / sustainability_context: milk_dairy,dairy_milk_skim_milk_milk_fat,unified_memory_scan,direct_product_or_label_evidence,sku_or_label_level,supplier_relationship; ingredient_confirmation; sustainability_context,,milk_dairy,"--- VISUAL OCR PAGE 1: page_001.png ---
7 Portugués TiéngViét Espafol Baas stSO} py i a
i e e ;
! hink USA Dairy Search for LQ | ;

Discover U.S. Dairy Supplier Search Using Dairy Nutrition & Trends About USDEC
Discover U.S. Dairy U.S. DAIRY PRODUCTS > MILK POWDERS > MILK POWDER CATEGORIES
Je See ee"
candidate_claim,CAND_MEMORY_UCHUNK_002117,"supplier_relationship / ingredient_confirmation / sustainability_context: hershey, land_olakes, cocoa_chocolate, milk_dairy",hershey_company,unified_memory_scan,direct_product_or_label_evidence,sku_or_label_level,supplier_relationship; ingredient_confirmation; sustainability_context; manufacturing_or_process,hershey; land_olakes,cocoa_chocolate; milk_dairy,"thin a 100-mile radius of our chocolate
manufacturing plant in Hershey, PA. We also source milk-derived ingredients from suppliers
across the U.S. as well as New Zealand, and from suppliers in Brazil, India and Mexico for our
operations in those countries.
es e e
Supplier Engagement, Monitoring and
"
candidate_claim,CAND_MEMORY_UCHUNK_002002,supplier_relationship / ingredient_confirmation / sustainability_context: hershey,hershey_company,unified_memory_scan,direct_product_or_label_evidence,sku_or_label_level,supplier_relationship; ingredient_confirmation; sustainability_context,hershey,,"--- VISUAL OCR PAGE 1: page_001.png ---
CAREERS MEDIA INVESTORS
eS
HERSHEY < ABOUT US BRANDS INGREDIENTS SUSTAINABILITY INNOVATION NEWSROOM Q
f& > Home > Sustainability > Sustainability Issues
Palm Oil N
e
Our Approach to Responsibly Sourced
Palm Oil
Sustainably grown palm oil can also reduce pressu"
candidate_claim,CAND_MEMORY_UCHUNK_002186,"ingredient_confirmation / cost_or_price_benchmark / retail_price: hershey, cocoa_chocolate",hershey_company,unified_memory_scan,direct_product_or_label_evidence,sku_or_label_level,ingredient_confirmation; cost_or_price_benchmark; retail_price; logistics_distribution; manufacturing_or_process,hershey,cocoa_chocolate,"olate and non-chocolate confectionery,
gum and refreshment products, protein bars, spreads, snack bites and mixes, as well as pantry and food service lines. This
segment also includes our retail operations, including Hershey’s Chocolate World stores in Hershey, Pennsylvania; New York,
New York; Las "
candidate_claim,CAND_MEMORY_UCHUNK_002187,"ingredient_confirmation / cost_or_price_benchmark: hershey, cocoa_chocolate",hershey_company,unified_memory_scan,direct_product_or_label_evidence,sku_or_label_level,ingredient_confirmation; cost_or_price_benchmark,hershey,cocoa_chocolate,"nd.
Products and Brands
Our principal product offerings include chocolate and non-chocolate confectionery products; gum and mint refreshment products and
protein bars; snack items such as popcorn, pretzels, spreads, snack bites and mixes; and pantry items, such as baking ingredients,
toppings and be"
candidate_claim,CAND_MEMORY_UCHUNK_002192,"supplier_relationship / ingredient_confirmation / logistics_distribution: milk_dairy, packaging",hershey_company,unified_memory_scan,direct_product_or_label_evidence,sku_or_label_level,supplier_relationship; ingredient_confirmation; logistics_distribution; sustainability_context; manufacturing_or_process,,milk_dairy; packaging,"rights under these agreements are extendible on a long-term basis at our option. Our most significant licensing
agreements are as follows:
Company Brand Location Requirements
Kraft Foods Ireland Intellectual Property york Paul Almond Jov Worldwide None
Limited/Cadbury UK Limited ond JOY
Peter Paul M"
candidate_claim,CAND_MEMORY_UCHUNK_002193,"supplier_relationship / ingredient_confirmation / logistics_distribution: hershey, cocoa_chocolate, packaging",hershey_company,unified_memory_scan,direct_product_or_label_evidence,sku_or_label_level,supplier_relationship; ingredient_confirmation; logistics_distribution; sustainability_context; manufacturing_or_process,hershey,cocoa_chocolate; packaging,"are safe, are of
high quality and comply with applicable laws and regulations.
Through our Product Excellence Program, we evaluate our supply chain including ingredients, packaging, processes, products,
distribution and the environment to determine where product quality and safety controls are neces"
candidate_claim,CAND_MEMORY_UCHUNK_002194,"supplier_relationship / ingredient_confirmation / cost_or_price_benchmark: hershey, cocoa_chocolate",hershey_company,unified_memory_scan,direct_product_or_label_evidence,sku_or_label_level,supplier_relationship; ingredient_confirmation; cost_or_price_benchmark; sustainability_context,hershey,cocoa_chocolate,"ations, capital expenditures or competitive position.
Sustainability
The Company’s commitment to sustainability started with our founder’s belief in responsible citizenship. He was a purpose-driven
leader who believed we could use chocolate to Make More Moments of Goodness in the world for our consu"
candidate_claim,CAND_MEMORY_UCHUNK_002202,"supplier_relationship / ingredient_confirmation / sustainability_context: hershey, packaging",hershey_company,unified_memory_scan,direct_product_or_label_evidence,sku_or_label_level,supplier_relationship; ingredient_confirmation; sustainability_context; manufacturing_or_process,hershey,packaging,"is Annual Report on Form 10-K or any other report filed with the SEC.

a
Table of Contents The Hershey Company | 2024 Form 10-K | Page 8 a

https://www.sec.gov/Archives/edgar/data/47 111/000004711125000014/hsy-20241231.htm 14/142

--- VISUAL OCR PAGE 15: page_015.png ---
5/6/26, 1:25 PM hsy-20241231"
candidate_claim,CAND_MEMORY_UCHUNK_002203,supplier_relationship / ingredient_confirmation / cost_or_price_benchmark: packaging,hershey_company,unified_memory_scan,direct_product_or_label_evidence,sku_or_label_level,supplier_relationship; ingredient_confirmation; cost_or_price_benchmark; sustainability_context; manufacturing_or_process,,packaging,"to do so again in the future. Negative publicity related to these types of concerns, or related to product contamination or product
tampering, whether valid or not, could decrease demand for our products or cause production and delivery disruptions. In addition,
negative publicity related to our env"
candidate_claim,CAND_MEMORY_UCHUNK_002206,supplier_relationship / ingredient_confirmation / cost_or_price_benchmark: cocoa_chocolate,hershey_company,unified_memory_scan,direct_product_or_label_evidence,sku_or_label_level,supplier_relationship; ingredient_confirmation; cost_or_price_benchmark; sustainability_context; manufacturing_or_process,,cocoa_chocolate,"olders on climate change issues, could negatively affect our business and operations.
Climate-related changes can increase variability in, or otherwise impact, natural disasters, including weather patterns, with the potential
for increased frequency and severity of significant weather events, natura"
candidate_claim,CAND_MEMORY_UCHUNK_002210,"supplier_relationship / ingredient_confirmation / cost_or_price_benchmark: hershey, mclane, packaging",hershey_company,unified_memory_scan,direct_product_or_label_evidence,sku_or_label_level,supplier_relationship; ingredient_confirmation; cost_or_price_benchmark; retail_price; logistics_distribution; sustainability_context; manufacturing_or_process,hershey; mclane,packaging,"mption. If we are not able to increase our selling prices or reduce product sizes (including if
inflation outpaces our pricing elasticity) sufficiently, or in a timely manner, to offset increased raw material, energy or other input costs,
including packaging, freight, tariffs, direct labor, overhead"
candidate_claim,CAND_MEMORY_UCHUNK_000007,"supplier_relationship / ingredient_confirmation / cost_or_price_benchmark: hershey, cocoa_chocolate, packaging",hershey_company,unified_memory_scan,direct_product_or_label_evidence,sku_or_label_level,supplier_relationship; ingredient_confirmation; cost_or_price_benchmark; sustainability_context; manufacturing_or_process,hershey,cocoa_chocolate; packaging,"--- PAGE 1 ---


--- PAGE 2 ---
Table of Contents
03 Making Good for Our Future
04 A Message from Our CEO
05 A Message from Our CSO
06 Double Materiality Assessment
07 Our ESG Approach and Priorities
08 Progress Toward Our Priority Goals
09 Stakeholder Engagement and 
Select Memberships and Partners"
candidate_claim,CAND_MEMORY_UCHUNK_000009,"supplier_relationship / ingredient_confirmation / sustainability_context: hershey, cocoa_chocolate, packaging",hershey_company,unified_memory_scan,direct_product_or_label_evidence,sku_or_label_level,supplier_relationship; ingredient_confirmation; sustainability_context; manufacturing_or_process,hershey,cocoa_chocolate; packaging,"ve on our most material risks, 
opportunities and how we hold ourselves to the highest 
integrity, quality and safety standards. 
We remain committed to driving positive impact in our six 
sustainability focus areas: cocoa, environment, responsible 
sourcing and human rights, people, youth and commu"
candidate_claim,CAND_MEMORY_UCHUNK_000015,"supplier_relationship / ingredient_confirmation / cost_or_price_benchmark: hershey, cocoa_chocolate, packaging",hershey_company,unified_memory_scan,direct_product_or_label_evidence,sku_or_label_level,supplier_relationship; ingredient_confirmation; cost_or_price_benchmark; sustainability_context; manufacturing_or_process,hershey,cocoa_chocolate; packaging,"list of definitions for each material 
issue, see pages 115-116 of our 2023 ESG Report. 
Very High Impact
High Impact
Moderate Impact
Environmental 
Biodiversity
Soil health
Deforestation
Waste management
Energy management
GHG emissions and 
climate change
Packaging and end-of-life
Water use
Social
"
candidate_claim,CAND_MEMORY_UCHUNK_000016,"supplier_relationship / ingredient_confirmation / sustainability_context: hershey, cocoa_chocolate, packaging",hershey_company,unified_memory_scan,direct_product_or_label_evidence,sku_or_label_level,supplier_relationship; ingredient_confirmation; sustainability_context; manufacturing_or_process,hershey,cocoa_chocolate; packaging,"ant ingredients. Improving 
farmer incomes and professionalizing farming practices 
promotes cocoa-growing communities’ well-being and the 
long-term security of cocoa supply. Economically secure 
communities are less likely to make choices that would 
damage natural ecosystems and impact our procur"
candidate_claim,CAND_MEMORY_UCHUNK_000018,"supplier_relationship / ingredient_confirmation / cost_or_price_benchmark: hershey, cocoa_chocolate, packaging",hershey_company,unified_memory_scan,direct_product_or_label_evidence,sku_or_label_level,supplier_relationship; ingredient_confirmation; cost_or_price_benchmark; sustainability_context; manufacturing_or_process,hershey,cocoa_chocolate; packaging,"representation across U.S. employees
2025
 28.5 %
8, 9
50% hazard reduction for job functions with ergonomic risks through process improvements
2025
 24.6 %
10
Youth
50 million children globally supported through education, nutrition, and social and emotional well-being
2025
34,820,750 children
11
1"
candidate_claim,CAND_MEMORY_UCHUNK_000026,"supplier_relationship / ingredient_confirmation / cost_or_price_benchmark: hershey, cocoa_chocolate, packaging, sugar",hershey_company,unified_memory_scan,direct_product_or_label_evidence,sku_or_label_level,supplier_relationship; ingredient_confirmation; cost_or_price_benchmark; retail_price; sustainability_context; manufacturing_or_process,hershey,cocoa_chocolate; packaging; sugar,"n and Cybersecurity
18
Marketing Responsibly
19
Our Progress
Our Values
Togetherness
Making a Difference
Integrity
Excellence
 Contents
Making Good
Our Company
Cocoa
Responsible Sourcing and Human Rights
Environment
Our People
Youth
Community
About This Report
12
The Hershey Company 2023 ESG Report
"
candidate_claim,CAND_MEMORY_UCHUNK_000027,"ingredient_confirmation / sustainability_context / manufacturing_or_process: hershey, natural_flavor, packaging, sugar",hershey_company,unified_memory_scan,direct_product_or_label_evidence,sku_or_label_level,ingredient_confirmation; sustainability_context; manufacturing_or_process,hershey,natural_flavor; packaging; sugar,"tein or lead a more 
sustainable lifestyle, Hershey offers a wide range of 
options. 
Our portfolio is tailored to empower consumers to choose 
snacks that work for them, providing:
• Portion control 
• Reduced- and zero sugar
• Plant-based and other options 
To meet present and future consumer expe"
candidate_claim,CAND_MEMORY_UCHUNK_000031,"supplier_relationship / ingredient_confirmation / sustainability_context: hershey, cocoa_chocolate",hershey_company,unified_memory_scan,direct_product_or_label_evidence,sku_or_label_level,supplier_relationship; ingredient_confirmation; sustainability_context; manufacturing_or_process,hershey,cocoa_chocolate,"ing for food safety, regulatory and quality activities 
in our manufacturing operations
→For a summary of our data on Food Safety and Nutrition and 
Health, see pages 19-20. 
→For more on our programs and training, visit our Food Safety 
Partners in Quality website.
One hundred and thirty years ago,"
candidate_claim,CAND_MEMORY_UCHUNK_000037,"supplier_relationship / ingredient_confirmation / cost_or_price_benchmark: hershey, usda, cocoa_chocolate, packaging",hershey_company,unified_memory_scan,direct_product_or_label_evidence,sku_or_label_level,supplier_relationship; ingredient_confirmation; cost_or_price_benchmark; sustainability_context; manufacturing_or_process,hershey; usda,cocoa_chocolate; packaging,"sured media, like television, 
in the U.S., we do not advertise on shows where 30% 
or more of the expected audience on average comprises 
children aged under 13. Our annual submission to CFBAI 
demonstrates compliance with our commitments. 
Hershey has also committed to Canada’s CCFBA. As with 
CFB"
candidate_claim,CAND_MEMORY_UCHUNK_000038,"supplier_relationship / ingredient_confirmation / cost_or_price_benchmark: hershey, cocoa_chocolate, packaging",hershey_company,unified_memory_scan,direct_product_or_label_evidence,sku_or_label_level,supplier_relationship; ingredient_confirmation; cost_or_price_benchmark; sustainability_context; manufacturing_or_process,hershey,cocoa_chocolate; packaging,"ensures that all claims and 
required labeling elements on any updated packaging 
comply with applicable law and regulations.
 Contents
Making Good
Our Company
Cocoa
Responsible Sourcing and Human Rights
Environment
Our People
Youth
Community
About This Report
18
The Hershey Company 2023 ESG Report
"
candidate_claim,CAND_MEMORY_UCHUNK_000067,"supplier_relationship / ingredient_confirmation / cost_or_price_benchmark: hershey, cocoa_chocolate",hershey_company,unified_memory_scan,direct_product_or_label_evidence,sku_or_label_level,supplier_relationship; ingredient_confirmation; cost_or_price_benchmark; sustainability_context,hershey,cocoa_chocolate,"maps. This analysis follows World Cocoa Foundation definitions and checks that all farm plots managed by a farmer are linked to received polygon maps before we consider a farmer to be mapped. This analysis also 
means that when reporting hectarage, Hershey's results now report the true total area, e"
candidate_claim,CAND_MEMORY_UCHUNK_000068,"supplier_relationship / ingredient_confirmation / sustainability_context: hershey, cocoa_chocolate",hershey_company,unified_memory_scan,direct_product_or_label_evidence,sku_or_label_level,supplier_relationship; ingredient_confirmation; sustainability_context; manufacturing_or_process,hershey,cocoa_chocolate,"onsible Sourcing
46
Responsible Sourcing Supplier Program
48
Sourcing Our Priority Ingredients and Materials
53 
Our Progress
 Contents
Making Good
Our Company
Cocoa
Responsible Sourcing and Human Rights
Environment
Our People
Youth
Community
About This Report
37
The Hershey Company 2023 ESG Report
"
candidate_claim,CAND_MEMORY_UCHUNK_000072,"supplier_relationship / ingredient_confirmation / sustainability_context: hershey, cocoa_chocolate",hershey_company,unified_memory_scan,direct_product_or_label_evidence,sku_or_label_level,supplier_relationship; ingredient_confirmation; sustainability_context; manufacturing_or_process,hershey,cocoa_chocolate,"ory Code of Conduct 
training for all professional employees
Deployed additional worker engagement surveys in Hershey-
owned and supplier facilities in Malaysia, Mexico and the U.S.
Conducted baseline assessment of cocoa farmer incomes
Initiated work on cocoa Income Accelerator Program 
Created huma"
candidate_claim,CAND_MEMORY_UCHUNK_000073,"supplier_relationship / ingredient_confirmation / sustainability_context: hershey, cocoa_chocolate",hershey_company,unified_memory_scan,direct_product_or_label_evidence,sku_or_label_level,supplier_relationship; ingredient_confirmation; sustainability_context; manufacturing_or_process,hershey,cocoa_chocolate,"sessment in 2022 confirmed: 
• Key strengths include our governance structure, training 
and responsible sourcing and supply chain due diligence. 
• We have opportunities to improve rightsholder engagement, 
grievance mechanisms and access to remedy. We continue 
efforts to reinforce these area by c"
candidate_claim,CAND_MEMORY_UCHUNK_000082,"supplier_relationship / ingredient_confirmation / cost_or_price_benchmark: hershey, cocoa_chocolate",hershey_company,unified_memory_scan,direct_product_or_label_evidence,sku_or_label_level,supplier_relationship; ingredient_confirmation; cost_or_price_benchmark; logistics_distribution; sustainability_context,hershey,cocoa_chocolate,"is therefore 
committed to doing our part — see our climate 
commitments on pages 66-68.
 Contents
Making Good
Our Company
Cocoa
Responsible Sourcing and Human Rights
Environment
Our People
Youth
Community
About This Report
44
The Hershey Company 2023 ESG Report
1
Hershey supports the Global Living "
candidate_claim,CAND_MEMORY_UCHUNK_000086,"supplier_relationship / ingredient_confirmation / sustainability_context: hershey, cocoa_chocolate",hershey_company,unified_memory_scan,direct_product_or_label_evidence,sku_or_label_level,supplier_relationship; ingredient_confirmation; sustainability_context,hershey,cocoa_chocolate,"our Supplier Program 
have demonstrated the 
importance of Hershey 
supporting suppliers 
on their continuous 
improvement journey. 
It improves the 
lives of people in our 
supply chain, so we 
remain committed to 
building supplier 
capabilities.”
Bethany Fitzgerald, Director, 
Global Responsible "
candidate_claim,CAND_MEMORY_UCHUNK_000087,"supplier_relationship / ingredient_confirmation / sustainability_context: hershey, cocoa_chocolate, milk_dairy, packaging, sugar",hershey_company,unified_memory_scan,direct_product_or_label_evidence,sku_or_label_level,supplier_relationship; ingredient_confirmation; sustainability_context; manufacturing_or_process,hershey,cocoa_chocolate; milk_dairy; packaging; sugar,"ey Company 2023 ESG Report
* Coconut and eggs are not listed in this ESG Report as key ingredients 
and materials. They appear on this map because Hershey has public 
commitments related to sourcing both ingredients. Responsible sourcing 
ingredient commitments and progress may be found on page 58.
"
candidate_claim,CAND_MEMORY_UCHUNK_000088,"supplier_relationship / ingredient_confirmation / cost_or_price_benchmark: hershey, land_olakes, milk_dairy",hershey_company,unified_memory_scan,direct_product_or_label_evidence,sku_or_label_level,supplier_relationship; ingredient_confirmation; cost_or_price_benchmark; sustainability_context,hershey; land_olakes,milk_dairy,"airy Partnership 
(SDP) Dairy Sustainability Framework. Hershey requires 
suppliers to enroll in the SDP, undertake its evaluations 
and share progress reports with us. We are on track to 
source 100% of U.S. dairy ingredients from suppliers 
enrolled in and assessed through the SDP by the end 
of 2"
candidate_claim,CAND_MEMORY_UCHUNK_000099,"supplier_relationship / ingredient_confirmation / retail_price: hershey, cocoa_chocolate, packaging",hershey_company,unified_memory_scan,direct_product_or_label_evidence,sku_or_label_level,supplier_relationship; ingredient_confirmation; retail_price; sustainability_context; manufacturing_or_process,hershey,cocoa_chocolate; packaging,"cturing sites and audits performed by 
supplier category
# of manufacturing 
sites enrolled and 
subject to audit
# of audits 
performed
# of manufacturing 
sites enrolled and 
subject to audit
# of audits 
performed
# of manufacturing 
sites enrolled and 
subject to audit
# of audits 
performed
Con"
candidate_claim,CAND_MEMORY_UCHUNK_000101,"supplier_relationship / ingredient_confirmation / cost_or_price_benchmark: hershey, cocoa_chocolate, milk_dairy, packaging, sugar",hershey_company,unified_memory_scan,direct_product_or_label_evidence,sku_or_label_level,supplier_relationship; ingredient_confirmation; cost_or_price_benchmark; sustainability_context; manufacturing_or_process,hershey,cocoa_chocolate; milk_dairy; packaging; sugar,".0
Rest of Asia
0.0
0.0
0.1
0.0
0.3
0.4
1.8
0.1
0.1
0.0
0.2
Rest of Latin America
0.0
0.3
0.0
0.0
0.3
0.0
1.3
0.3
0.0
0.0
0.3
 Contents
Making Good
Our Company
Cocoa
Responsible Sourcing and Human Rights
Environment
Our People
Youth
Community
About This Report
57
The Hershey Company 2023 ESG Report
"
candidate_claim,CAND_MEMORY_UCHUNK_000106,"supplier_relationship / ingredient_confirmation / cost_or_price_benchmark: hershey, sugar",hershey_company,unified_memory_scan,direct_product_or_label_evidence,sku_or_label_level,supplier_relationship; ingredient_confirmation; cost_or_price_benchmark; manufacturing_or_process,hershey,sugar,"re (FLAG), while 28.6% are classified as non-
FLAG. 
Hershey’s 2023 Scope 1 and Scope 2 data received 
limited assurance by Ernst & Young, LLP (EY). 
Our 2023 Scope 3 data was independently verified 
by Quantis.
2.4%
0.8%
96.8%
❶ Scope 1
❹ FLAG Total
❷ Scope 2
❺ Non-FLAG Total
❸ Scope 3
28.6%
71.4%
"
candidate_claim,CAND_MEMORY_UCHUNK_000114,"supplier_relationship / ingredient_confirmation / logistics_distribution: hershey, cocoa_chocolate, milk_dairy, packaging, sugar",hershey_company,unified_memory_scan,direct_product_or_label_evidence,sku_or_label_level,supplier_relationship; ingredient_confirmation; logistics_distribution; sustainability_context; manufacturing_or_process,hershey,cocoa_chocolate; milk_dairy; packaging; sugar,"gar
❾ Specialty
❹ Peanuts
❿ Packaging 
  (pulp & paper)
❺ Palm
❻ Corn
⓫ Vegetable Oil
54.0%
19.7%
4.3%
3.8%
2.3%
1.3%
1.5%
1.0%
9.8%
0.2%
2.2%
25.2%
24.6%
26.7%
9.9%
6.5%
2.7% 3.2% 0.6%
0.6%
❶Packaging, 
including end-of-life
❻Co-manufacturing 
of our products
❷Transportation 
of Goods and Products
"
candidate_claim,CAND_MEMORY_UCHUNK_000117,"supplier_relationship / ingredient_confirmation / sustainability_context: hershey, cocoa_chocolate, milk_dairy, packaging, sugar",hershey_company,unified_memory_scan,direct_product_or_label_evidence,sku_or_label_level,supplier_relationship; ingredient_confirmation; sustainability_context; manufacturing_or_process,hershey,cocoa_chocolate; milk_dairy; packaging; sugar,"lopment 
into scalable ways to help farmers overcome climate variability
• Continue to refine our FLAG and non-FLAG roadmaps 
 Contents
Making Good
Our Company
Cocoa
Responsible Sourcing and Human Rights
Environment
Our People
Youth
Community
About This Report
65
The Hershey Company 2023 ESG Report
"
candidate_claim,CAND_MEMORY_UCHUNK_000118,"supplier_relationship / ingredient_confirmation / retail_price: hershey, cocoa_chocolate, milk_dairy, packaging",hershey_company,unified_memory_scan,direct_product_or_label_evidence,sku_or_label_level,supplier_relationship; ingredient_confirmation; retail_price; logistics_distribution; sustainability_context; manufacturing_or_process,hershey,cocoa_chocolate; milk_dairy; packaging,"proximately 80% achieved in 2023
Boosting energy efficiency through incremental 
improvements and capital investments in technology
Leaning into green building design as a way 
to moderate our impact as we grow
Packaging
• Designing packaging to minimize impact and for circularity, such as moving to"
candidate_claim,CAND_MEMORY_UCHUNK_000125,"supplier_relationship / ingredient_confirmation / sustainability_context: hershey, cocoa_chocolate, milk_dairy, sugar",hershey_company,unified_memory_scan,direct_product_or_label_evidence,sku_or_label_level,supplier_relationship; ingredient_confirmation; sustainability_context,hershey,cocoa_chocolate; milk_dairy; sugar,"t Taking Action: Hershey Supports the Forest 
Through the Trees on our corporate website. 
 Contents
Making Good
Our Company
Cocoa
Responsible Sourcing and Human Rights
Environment
Our People
Youth
Community
About This Report
69
The Hershey Company 2023 ESG Report
Material ESG issue:
• Biodiversity
"
candidate_claim,CAND_MEMORY_UCHUNK_000126,"supplier_relationship / ingredient_confirmation / sustainability_context: hershey, cocoa_chocolate",hershey_company,unified_memory_scan,direct_product_or_label_evidence,sku_or_label_level,supplier_relationship; ingredient_confirmation; sustainability_context,hershey,cocoa_chocolate,"Biodiversity Footprint of Hershey’s 
Ingredients With the Highest Land 
Use Impact
 Contents
Making Good
Our Company
Cocoa
Responsible Sourcing and Human Rights
Environment
Our People
Youth
Community
About This Report
70
The Hershey Company 2023 ESG Report
One Million Trees With 
Arbor Day Foundatio"
candidate_claim,CAND_MEMORY_UCHUNK_000130,"supplier_relationship / ingredient_confirmation / cost_or_price_benchmark: hershey, cocoa_chocolate, packaging",hershey_company,unified_memory_scan,direct_product_or_label_evidence,sku_or_label_level,supplier_relationship; ingredient_confirmation; cost_or_price_benchmark; sustainability_context; manufacturing_or_process,hershey,cocoa_chocolate; packaging,"dustrial recycled content. Opportunity realized. 
 Contents
Making Good
Our Company
Cocoa
Responsible Sourcing and Human Rights
Environment
Our People
Youth
Community
About This Report
71
The Hershey Company 2023 ESG Report
Material ESG issue:
• Packaging and end-of-life
1
Source: conservatree.org.
"
candidate_claim,CAND_MEMORY_UCHUNK_000209,"supplier_relationship / ingredient_confirmation / cost_or_price_benchmark: hershey, packaging",hershey_company,unified_memory_scan,direct_product_or_label_evidence,sku_or_label_level,supplier_relationship; ingredient_confirmation; cost_or_price_benchmark; sustainability_context; manufacturing_or_process,hershey,packaging,"and health
The company’s involvement in making healthy products widely available and affordable.
Sub-issues: Consumer well-being, children’s nutrition, transparency
Packaging and end-of-life
Minimizing the use of packaging and single-use plastics, including reducing unnecessary packaging, and implem"
candidate_claim,CAND_MEMORY_UCHUNK_000210,supplier_relationship / ingredient_confirmation / logistics_distribution: hershey,hershey_company,unified_memory_scan,direct_product_or_label_evidence,sku_or_label_level,supplier_relationship; ingredient_confirmation; logistics_distribution; sustainability_context; manufacturing_or_process,hershey,,"nt of a food product and its ingredients through all steps in the supply chain.
Sub-issues: Blockchain, supply chain transparency, risk management
Waste management
Responsible management and disposal of hazardous/non-hazardous waste in production and operations and where possible, reducing, recyclin"
candidate_claim,CAND_MEMORY_UCHUNK_002031,supplier_relationship / ingredient_confirmation / sustainability_context: hershey,hershey_company,unified_memory_scan,direct_product_or_label_evidence,sku_or_label_level,supplier_relationship; ingredient_confirmation; sustainability_context,hershey,,"--- VISUAL OCR PAGE 1: page_001.png ---
CAREERS MEDIA NVESTORS
HERSHEY.
ft Home Sustainability Progress on Priorities Responsible Sourcing
Sys ESE witRO VS Mere ho USER LIS SLE ATELIER LGC trae 2 be on —
bel! on mete ORES eed em - as ¢ ia 7
R ible S ‘ BVT AG i ay i Wasi, ie ‘W Wie \ ie: Ne
DHA NEG A"
candidate_claim,CAND_MEMORY_UCHUNK_002032,supplier_relationship / ingredient_confirmation / cost_or_price_benchmark: hershey,hershey_company,unified_memory_scan,direct_product_or_label_evidence,sku_or_label_level,supplier_relationship; ingredient_confirmation; cost_or_price_benchmark; sustainability_context,hershey,,"communities by
addressing the social and economic challenges they face. Learn more about our Priority
Ingredients and Raw Materials below.
Responsibly Sourcing Goods and Services
Hershey is committed to delivering a resilient supply chain, and we count on our vast network of
suppliers and business p"
candidate_claim,CAND_MEMORY_UCHUNK_002034,"supplier_relationship / ingredient_confirmation / sustainability_context: hershey, cocoa_chocolate, milk_dairy, packaging, sugar",hershey_company,unified_memory_scan,direct_product_or_label_evidence,sku_or_label_level,supplier_relationship; ingredient_confirmation; sustainability_context,hershey,cocoa_chocolate; milk_dairy; packaging; sugar,"er 2022.
1 Traceability is not a chain of custody concept and does not alone allow Hershey to identify the
specific source from where the ingredient comes in a given Hershey product.
Read more about each of our priority ingredients:
+ Cocoa
+ Dairy
+ Sugar
+ Palm Oil
+ Pulp and Paper
Responsible Sou"
candidate_claim,CAND_MEMORY_UCHUNK_002063,supplier_relationship / ingredient_confirmation / cost_or_price_benchmark: packaging,logistics_distribution,unified_memory_scan,direct_product_or_label_evidence,sku_or_label_level,supplier_relationship; ingredient_confirmation; cost_or_price_benchmark; retail_price; logistics_distribution; manufacturing_or_process,,packaging,"fluctuations to stay ahead.

In this article we will explore the challenges in CPG distribution, how they impact
businesses, and the solutions to overcome them efficiently.
Time to Market Challenges in CPG Distribution
1. Supply Chain Inefficiencies
https://simplydepo.com/news/cpg-distribution/ 2/12"
candidate_claim,CAND_MEMORY_UCHUNK_002164,ingredient_confirmation / manufacturing_or_process: natural_flavor,natural_flavor,unified_memory_scan,direct_product_or_label_evidence,sku_or_label_level,ingredient_confirmation; manufacturing_or_process,,natural_flavor,"counter card, sign, or other appropriate device
bearing prominently and conspicuously the information required to be stated on the
label pursuant to section 403(k).
(f) A fruit or vegetable shall be exempt from compliance with the requirements of
section 403(k) of the act with respect to a chemical "
candidate_claim,CAND_MEMORY_UCHUNK_002165,"ingredient_confirmation / manufacturing_or_process: natural_flavor, packaging",natural_flavor,unified_memory_scan,direct_product_or_label_evidence,sku_or_label_level,ingredient_confirmation; manufacturing_or_process,,natural_flavor; packaging,"4: page_004.png ---
5/6/26, 6:50 PM 21 CFR § 101.22 - Foods; labeling of spices, flavorings, colorings and chemical preservatives. | Electronic Code of Federal Regulati...
(h) The label of a food to which flavor is added shall declare the flavor in the
statement of ingredients in the following way:
"
candidate_claim,CAND_MEMORY_UCHUNK_002166,ingredient_confirmation: natural_flavor,natural_flavor,unified_memory_scan,direct_product_or_label_evidence,sku_or_label_level,ingredient_confirmation,,natural_flavor,"enhancers, no protein hydrolysate used in food for its effects on flavor may be
declared simply as “flavor,” “natural flavor,” or “flavoring.” The ingredient shall be
declared by its specific common or usual name as provided in 8 102.22 of this
chapter.
(i) If the label, labeling, or advertising of "
candidate_claim,CAND_MEMORY_UCHUNK_002168,supplier_relationship / ingredient_confirmation: natural_flavor,natural_flavor,unified_memory_scan,direct_product_or_label_evidence,sku_or_label_level,supplier_relationship; ingredient_confirmation,,natural_flavor,"panel or
panels of the label shall be accompanied by the common or usual name(s) of the
characterizing flavor, in letters not less than one-half the height of the letters used
in the name of the food and the name of the characterizing flavor shall be
accompanied by the word(s) “artificial” or “artif"
candidate_claim,CAND_MEMORY_UCHUNK_002172,ingredient_confirmation: natural_flavor,natural_flavor,unified_memory_scan,direct_product_or_label_evidence,sku_or_label_level,ingredient_confirmation,,natural_flavor,"of the ingredient(s) and a separate description of its function, e.g.,
“preservative”, “to retard spoilage”, “a mold inhibitor’, “to help protect flavor” or “to
promote color retention”.
(k) The label of a food to which any coloring has been added shall declare the
coloring in the statement of ingre"
candidate_claim,CAND_MEMORY_UCHUNK_001132,ingredient_confirmation: fda,natural_flavor,unified_memory_scan,direct_product_or_label_evidence,sku_or_label_level,ingredient_confirmation,fda,,"--- PAGE 1 ---
A Food Labeling GuideGuidance for IndustryU.S. Department of Health


--- PAGE 2 ---
Additional copies are available from: 
Office of Nutrition, Labeling, and Dietary Supplements 
HFS-800 
Center for Food Safety and Applied Nutrition 
Food and Drug Administration 
5100 Paint Branch Pa"
candidate_claim,CAND_MEMORY_UCHUNK_001143,ingredient_confirmation: natural_flavor,natural_flavor,unified_memory_scan,direct_product_or_label_evidence,sku_or_label_level,ingredient_confirmation,,natural_flavor,"y and cranberry juices added): 
• “Raspcranberry Raspberry and Cranberry flavored Juice Drink” 
• “Raspcranberry Cranberry and Raspberry Juice Beverage” 
• “10-15% Cranberry Juice and 3-8% Raspberry Juice” 
21 CFR 102.33(b), 21 CFR 102.33(c), 21 CFR 102.33(d) 
A F O O D L A B E L I N G G U I D E 
9
"
candidate_claim,CAND_MEMORY_UCHUNK_001144,"ingredient_confirmation / cost_or_price_benchmark: natural_flavor, packaging",natural_flavor,unified_memory_scan,direct_product_or_label_evidence,sku_or_label_level,ingredient_confirmation; cost_or_price_benchmark,,natural_flavor; packaging,"mix that contains lemon juice from concentrate as the 
only juice component and a number of juice flavors and other ingredients, 
and that makes no claim or bears no pictures of fruits/fruit juices on the 
label required to bear a percent juice declaration? 
Answer: No. A percent juice declaration w"
candidate_claim,CAND_MEMORY_UCHUNK_001145,ingredient_confirmation / manufacturing_or_process: fda,natural_flavor,unified_memory_scan,direct_product_or_label_evidence,sku_or_label_level,ingredient_confirmation; manufacturing_or_process,fda,,"ration. 
J13. Must bloody mary mix bear a percent juice declaration? 
Answer: Bloody mary mix, by appearance and taste, purports to contain 
tomato juice and thus would be required to bear a statement as to the 
percentage of juice contained in the product. 
10 G U I D A N C E F O R I N D U S T R Y
"
candidate_claim,CAND_MEMORY_UCHUNK_001147,"ingredient_confirmation: fda, natural_flavor",natural_flavor,unified_memory_scan,direct_product_or_label_evidence,sku_or_label_level,ingredient_confirmation,fda,natural_flavor,"ace. If some or all 
of the juices listed in the name are from concentrate, the term “from 
concentrate” must follow the names and may be in a smaller type size, but not 
less than one half the height of the letters in the other part of the common or 
usual name. 
21  CFR  102.33 
N G G U I D E 
11
"
candidate_claim,CAND_MEMORY_UCHUNK_001150,"ingredient_confirmation: fda, natural_flavor",natural_flavor,unified_memory_scan,direct_product_or_label_evidence,sku_or_label_level,ingredient_confirmation,fda,natural_flavor,"ks, along with the other expressed 
juices. Alternatively, a name such as “citrus punch” or “citrus flavored punch” 
may be used as the statement of identity without further identification of the 
component juices. 
J30. Is it necessary to state that juices are from concentrate when they are 
contai"
candidate_claim,CAND_MEMORY_UCHUNK_001155,"ingredient_confirmation / manufacturing_or_process: fda, sugar",natural_flavor,unified_memory_scan,direct_product_or_label_evidence,sku_or_label_level,ingredient_confirmation; manufacturing_or_process,fda,sugar,"ntified in the list of ingredients and listed in its 
descending order of predominance by weight. If all water added during 
processing is subsequently removed by baking or some other means during 
processing, water need not be declared as an ingredient. 
“INGREDIENTS: Water, Navy Beans, and Salt” 
"
candidate_claim,CAND_MEMORY_UCHUNK_001156,"ingredient_confirmation: natural_flavor, sugar",natural_flavor,unified_memory_scan,direct_product_or_label_evidence,sku_or_label_level,ingredient_confirmation,,natural_flavor; sugar,"tion of fat and oil blends is permitted only in the 
case of foods in which added fats or oils are not the predominant ingredient and 
only if the manufacturer is unable to predict which fat or oil ingredient will be used. 
“INGREDIENTS: . . . Vegetable Oil (contains one or more of the 
following: C"
candidate_claim,CAND_MEMORY_UCHUNK_001157,"ingredient_confirmation / manufacturing_or_process: natural_flavor, packaging",natural_flavor,unified_memory_scan,direct_product_or_label_evidence,sku_or_label_level,ingredient_confirmation; manufacturing_or_process,,natural_flavor; packaging,"nt 
(e.g., Fruit Juice Concentrates (grape, apple, cherry)? 
Answer: No. “Fruit juice concentrates” is not established as a common or 
usual name, nor is it established as an appropriate collective name for a variety 
of different concentrated fruit juices. 
18 G U I D A N C E F O R I N D U S T R Y
"
candidate_claim,CAND_MEMORY_UCHUNK_001158,ingredient_confirmation: natural_flavor,natural_flavor,unified_memory_scan,direct_product_or_label_evidence,sku_or_label_level,ingredient_confirmation,,natural_flavor,"ingredient or may 
be declared by dispersing each ingredient in its order of predominance in the 
ingredient statement without naming the original ingredient. 21 CFR 
101.4(b)(2) 
16. Do you have to parenthetically declare all of the ingredients in flavors 
that conform to a standard of identity? 
A"
candidate_claim,CAND_MEMORY_UCHUNK_001159,"ingredient_confirmation: fda, usda, sugar",natural_flavor,unified_memory_scan,direct_product_or_label_evidence,sku_or_label_level,ingredient_confirmation,fda; usda,sugar,"eclared in their order of predominance. In addition, any other 
ingredients that are blended with the hydrolyzed protein products must also be 
declared by their common or usual names in the ingredient statement in order 
of predominance. 21 CFR 101.22(h)(7) 
A F O O D L A B E L I N G G U I D E 
19
"
candidate_claim,CAND_MEMORY_UCHUNK_001161,"ingredient_confirmation / retail_price / manufacturing_or_process: fda, packaging",natural_flavor,unified_memory_scan,direct_product_or_label_evidence,sku_or_label_level,ingredient_confirmation; retail_price; manufacturing_or_process,fda,packaging,"requirements extend to foods packaged by a retail 
or foodservice establishment that are offered for human consumption. 
However, FALCPA's labeling requirements do not apply to foods provided by a 
retail food establishment that are placed in a wrapper or container in response 
to a consumer's order"
candidate_claim,CAND_MEMORY_UCHUNK_001162,ingredient_confirmation / cost_or_price_benchmark: fda,natural_flavor,unified_memory_scan,direct_product_or_label_evidence,sku_or_label_level,ingredient_confirmation; cost_or_price_benchmark,fda,,"shellfish (e.g., such as oysters, clams, 
mussels, or scallops) are not major food allergens. However, Crustacean 
shellfish (e.g., crab, lobster, or shrimp), and ingredients that contain protein 
derived from Crustacean shellfish, are major food allergens. 
A F O O D L A B E L I N G G U I D E 
21

"
candidate_claim,CAND_MEMORY_UCHUNK_001165,"ingredient_confirmation: fda, sugar",natural_flavor,unified_memory_scan,direct_product_or_label_evidence,sku_or_label_level,ingredient_confirmation,fda,sugar,"plural terms “peanuts,” 
“soybeans” and the different types of “tree nuts” (e.g., almonds, pecans, 
or walnuts), and may synonyms for the term “soybean” be used to 
satisfy the labeling requirements of FALCPA? 
Answer: Yes. FDA believes that the singular terms “peanut,” and “soybean,” as 
well as th"
candidate_claim,CAND_MEMORY_UCHUNK_001166,"ingredient_confirmation / manufacturing_or_process: fda, milk_dairy, natural_flavor",natural_flavor,unified_memory_scan,direct_product_or_label_evidence,sku_or_label_level,ingredient_confirmation; manufacturing_or_process,fda,milk_dairy; natural_flavor,"ement  for  another 
allergenic  ingredient. 
OR 
2.  Place  the  word  “Contains,”  followed  
by  the  name  of  the  food  source  from 
which  the  major  food  allergen  is  derived, 
immediately  after  or  adjacent  to  the  list 
of  ingredients,  in  a  type  size  that  is  no 
smaller  th"
candidate_claim,CAND_MEMORY_UCHUNK_001167,ingredient_confirmation: milk_dairy,natural_flavor,unified_memory_scan,direct_product_or_label_evidence,sku_or_label_level,ingredient_confirmation,,milk_dairy,"tement is required to identify all three sources of the major 
food allergens present (e.g., “Contains milk, egg, peanuts”) in the same type 
(i.e., print or font) size as that used for the ingredient list. 
F16. Is there more than one way to word a “Contains” statement used to 
declare the major fo"
candidate_claim,CAND_MEMORY_UCHUNK_001168,ingredient_confirmation / cost_or_price_benchmark: fda,natural_flavor,unified_memory_scan,direct_product_or_label_evidence,sku_or_label_level,ingredient_confirmation; cost_or_price_benchmark,fda,,"be substituted for the food source name 
“soybeans.” 
• If included on a food label, the “Contains” statement must 
identify the names of the food sources for all major food allergens that 
either are in the food or are contained in ingredients of the food. 
24 G U I D A N C E F O R I N D U S T R Y
"
candidate_claim,CAND_MEMORY_UCHUNK_001170,ingredient_confirmation / retail_price / manufacturing_or_process: packaging,natural_flavor,unified_memory_scan,direct_product_or_label_evidence,sku_or_label_level,ingredient_confirmation; retail_price; manufacturing_or_process,,packaging,"type size in the nutrition label (i.e., it must 
be larger than 8-point, but does not need to be 13-point) and should extend 
the width of the Nutrition Facts box, and (3) There is no specific thickness 
A F O O D L A B E L I N G G U I D E 
25 
Side view of food box showing nutrition facts square.

"
candidate_claim,CAND_MEMORY_UCHUNK_001171,"ingredient_confirmation / retail_price / manufacturing_or_process: fda, packaging, sugar",natural_flavor,unified_memory_scan,direct_product_or_label_evidence,sku_or_label_level,ingredient_confirmation; retail_price; manufacturing_or_process,fda,packaging; sugar,"nd game are exempt from 
nutrition labeling. 
21  CFR  101.9(j)(11) 
Certain egg cartons (nutrition information 
inside lid or on insert in carton) 
21  CFR  101.9(j)(14) 
Packages labeled “This unit not labeled for 
retail sale” within multiunit package, and outer 
wrapper bears all required label "
candidate_claim,CAND_MEMORY_UCHUNK_001172,ingredient_confirmation: fda,natural_flavor,unified_memory_scan,direct_product_or_label_evidence,sku_or_label_level,ingredient_confirmation,fda,,"eta-carotene. 21 CFR 101.9(c) 
N4. Is there a restriction against certain nutrients in the Nutrition 
Facts label? 
Answer: Only those nutrients listed in FDA's nutrition regulations, as 
mandatory or voluntary components of the nutrition label, may be included 
in the Nutrition Facts label. 21 CFR "
candidate_claim,CAND_MEMORY_UCHUNK_001174,ingredient_confirmation: sugar,natural_flavor,unified_memory_scan,direct_product_or_label_evidence,sku_or_label_level,ingredient_confirmation,,sugar,"ving: Use the declaration 0 grams for 
total fat. 0.5 grams to 5 grams total fat: Use 0.5 gram increments rounded to 
the nearest 1/2 gram. 
Examples: 0.5 g, 1 g, 1.5 g, 2 g, 2.5 g, 3 g, 3.5 g, 4 g, 4.5 g, 5 g ­
Above 5 grams: Use 1 gram increments rounded to the nearest 1 gram (do ­
not use fractio"
candidate_claim,CAND_MEMORY_UCHUNK_001175,ingredient_confirmation: sugar,natural_flavor,unified_memory_scan,direct_product_or_label_evidence,sku_or_label_level,ingredient_confirmation,,sugar,"CFR 101.9(c)(6) 
N17. Does total carbohydrate include dietary fiber? 
Answer: Yes. Dietary fiber must be listed as a subcomponent under total 
carbohydrate. 21  CFR  101.9(c)(6) 
N18. What is meant by sugars on the Nutrition Facts label? 
Answer: To calculate sugars for the Nutrition Facts label, de"
candidate_claim,CAND_MEMORY_UCHUNK_001179,ingredient_confirmation: fda,natural_flavor,unified_memory_scan,direct_product_or_label_evidence,sku_or_label_level,ingredient_confirmation,fda,,"and the number of samples needed to 
provide accurate nutrient data. The FDA Nutrition Labeling Manual: A 
Guide for Developing and Using Databases, available from FDA, may be of 
assistance in this area. FDA will use a composite of 12 units when performing 
enforcement analyses. 21 CFR 101.9(g) 
N3"
candidate_claim,CAND_MEMORY_UCHUNK_001181,ingredient_confirmation: fda,natural_flavor,unified_memory_scan,direct_product_or_label_evidence,sku_or_label_level,ingredient_confirmation,fda,,"s for the same foods obtained from laboratory 
analyses. Manufacturers are responsible for the accuracy of the nutrition 
labeling values on their products. Although FDA specifies the laboratory 
methods that will be used to evaluate the accuracy of the labeled products, 
FDA does not specify accept"
candidate_claim,CAND_MEMORY_UCHUNK_001184,ingredient_confirmation / manufacturing_or_process: packaging,natural_flavor,unified_memory_scan,direct_product_or_label_evidence,sku_or_label_level,ingredient_confirmation; manufacturing_or_process,,packaging,"formation should be obtained from the manufacturer and placed on or 
within the gift package. Free promotional items and items used in small 
quantities to enhance the appearance of the gift package are excused from 
this requirement (21 CFR 101.9(h)(3)(v)). 
A F O O D L A B E L I N G G U I D E 
33
"
candidate_claim,CAND_MEMORY_UCHUNK_001189,ingredient_confirmation: sugar,natural_flavor,unified_memory_scan,direct_product_or_label_evidence,sku_or_label_level,ingredient_confirmation,,sugar,"ediately to the right of the nutr
Also, if the package has insufficient continuous vertical space (i.e., about 3 inches) 
to accommodate the above format, the nutrition label may be presented in a tabular 
(i.e., horizontal) display. 21 CFR 101.9(d)(11) 
A F O O D L A B E L I N G G U I D E 
37 Nutr
"
candidate_claim,CAND_MEMORY_UCHUNK_001190,ingredient_confirmation: sugar,natural_flavor,unified_memory_scan,direct_product_or_label_evidence,sku_or_label_level,ingredient_confirmation,,sugar,"icant source of calories 
from fat, saturated fat, trans fat, cholesterol, dietary fiber, sugars, vitamin A, 
vitamin C, calcium and iron”). The footnote can be used, with any format, to 
list one or more of the following nutrients: (21 CFR 101.9(c)) 
Nutrient 
Level  per  serving 
Label  statement "
candidate_claim,CAND_MEMORY_UCHUNK_001191,"ingredient_confirmation: fda, packaging, sugar",natural_flavor,unified_memory_scan,direct_product_or_label_evidence,sku_or_label_level,ingredient_confirmation,fda,packaging; sugar,"mation is required 
if claims are made about fat, fatty 
acid or cholesterol content. 
(3) Cholesterol content is required if 
claims are made about fat, fatty 
acids or cholesterol content. 
(4) Sugars content information is 
required if claims are made about 
sweeteners, sugars or sugar alcohols.
"
candidate_claim,CAND_MEMORY_UCHUNK_001194,ingredient_confirmation / cost_or_price_benchmark / manufacturing_or_process: packaging,natural_flavor,unified_memory_scan,direct_product_or_label_evidence,sku_or_label_level,ingredient_confirmation; cost_or_price_benchmark; manufacturing_or_process,,packaging,"hangeably for the same type of food, such as 
round ice cream containers, the manufacturer may choose to include separate 
Nutrition Facts labels for each food product, or may use an aggregate 
Nutrition Facts label. 21 CFR 101.9(d)(13)(i) & (ii) 
A F O O D L A B E L I N G G U I D E 
41 A Nutrition
"
candidate_claim,CAND_MEMORY_UCHUNK_001195,ingredient_confirmation / cost_or_price_benchmark,natural_flavor,unified_memory_scan,direct_product_or_label_evidence,sku_or_label_level,ingredient_confirmation; cost_or_price_benchmark,,,"ed”? 
Answer: “As packaged” refers to the state of the product as it is marketed for 
purchase. “As prepared” refers to the product after it has been made ready for 
consumption (e.g., ingredients added per instructions and cooked such as a 
cake mix that has been prepared and baked or a condensed o"
candidate_claim,CAND_MEMORY_UCHUNK_001196,"ingredient_confirmation: fda, milk_dairy, sugar",natural_flavor,unified_memory_scan,direct_product_or_label_evidence,sku_or_label_level,ingredient_confirmation,fda,milk_dairy; sugar,"d (RACC) for the product. 
21 CFR 101.9(b)(9) and 21 CFR 101.9(e) Nutrition Facts label that displays the nutrients of a cereal as packaged and a second column of nutrition information showing the nutrients for the combination of cereal and ½ cup of skim mil
42 G U I D A N C E F O R I N D U S T R Y
"
candidate_claim,CAND_MEMORY_UCHUNK_001197,ingredient_confirmation: sugar,natural_flavor,unified_memory_scan,direct_product_or_label_evidence,sku_or_label_level,ingredient_confirmation,,sugar,"wever, nutrition information for a specific recipe may be 
presented outside of the Nutrition Facts label. 21 CFR 101.9(b)(11) 
L29. If a manufacturer chooses to do so, what is an example of the Nutrition 
Facts label for a food requiring further preparation by the consumer? 
Answer: See example to "
candidate_claim,CAND_MEMORY_UCHUNK_001199,ingredient_confirmation: sugar,natural_flavor,unified_memory_scan,direct_product_or_label_evidence,sku_or_label_level,ingredient_confirmation,,sugar,"name(s) of any nutrient(s) identified in 21 
CFR  101.9(f) and calories from fat that are present in insignificant amounts) 
must be included at the bottom of the nutrition label. 21  CFR  101.9(f)(4) 
L34. When  should  a  statement  be  used  on  simplified  format  labels  to  list  
nutrients  p"
candidate_claim,CAND_MEMORY_UCHUNK_001204,supplier_relationship / ingredient_confirmation: fda,natural_flavor,unified_memory_scan,direct_product_or_label_evidence,sku_or_label_level,supplier_relationship; ingredient_confirmation,fda,,"is 
not an option and the declaration of “0 g” of trans fat is required. 21 CFR 
101.9(c)(2)(ii) 
46 G U I D A N C E F O R I N D U S T R Y Nutrition Facts label with Trans Fat listed on a separate line under the listing of Saturated Fat. The word ""trans"" is italicized to indicate its Latin origin.

"
candidate_claim,CAND_MEMORY_UCHUNK_001211,ingredient_confirmation: fda,natural_flavor,unified_memory_scan,direct_product_or_label_evidence,sku_or_label_level,ingredient_confirmation,fda,,"g)” 
Therefore, the serving size is “ 1/3 pizza (151g)” for this example, whereas the 
RACC is 140g for all pizzas. Note: Sections 101.9(b)(2)(i) (discrete units), 21 
CFR 101.9.(b)(2)(ii) (large discrete units), and 21 CFR 101.9(b)(2)(iii) (bulk 
products) describe how to use the RACC to derive a s"
candidate_claim,CAND_MEMORY_UCHUNK_001228,ingredient_confirmation / cost_or_price_benchmark / retail_price: fda,natural_flavor,unified_memory_scan,direct_product_or_label_evidence,sku_or_label_level,ingredient_confirmation; cost_or_price_benchmark; retail_price,fda,,"the piece: 
“^^ lasagna noodles (^^ g)”. A few pastas, such as spaghetti, may need to use 
ounces: “^^ oz (^^ g/visual unit of measure).” Visual units of measure could 
include descriptive phrases such as “1/8 box” or “about 1 1/4-inch circle of 
spaghetti.” 
A F O O D L A B E L I N G G U I D E 
59
"
candidate_claim,CAND_MEMORY_UCHUNK_001238,ingredient_confirmation: sugar,natural_flavor,unified_memory_scan,direct_product_or_label_evidence,sku_or_label_level,ingredient_confirmation,,sugar,"with 40 sq. 
in. or less total surface area available for labeling if the package shape or size 
cannot accommodate the nutrition information placed in columns on any 
label panel. Nutrition Facts label for small sized packages.
21 CFR 101.9(j)(13)(ii)(A)(2) 
A F O O D L A B E L I N G G U I D E 
65
"
candidate_claim,CAND_MEMORY_UCHUNK_001244,ingredient_confirmation / cost_or_price_benchmark / retail_price: fda,natural_flavor,unified_memory_scan,direct_product_or_label_evidence,sku_or_label_level,ingredient_confirmation; cost_or_price_benchmark; retail_price; manufacturing_or_process,fda,,"44. Can retailers provide nutrition labeling for raw fruit, vegetables, and 
fish that are not among the top 20 items? 
Answer: Yes. The names and descriptions of these foods should clearly 
identify them as distinct from the foods among the most frequently 
68 G U I D A N C E F O R I N D U S T R Y
"
candidate_claim,CAND_MEMORY_UCHUNK_001295,supplier_relationship / ingredient_confirmation: fda,natural_flavor,unified_memory_scan,direct_product_or_label_evidence,sku_or_label_level,supplier_relationship; ingredient_confirmation,fda,,"thClaimsMeetingSignificantScientificAgreementSSA/ucm074779.htm?utm_campaign 
=Google2&utm_source=fdaSearch&utm_medium=website&utm_term=phytosterols&utm_content=8 and 
3) A proposed rule for the health claim that published on December 8, 2010 (75 FR 76526). 
102 G U I D A N C E F O R I N D U S T R Y
"
candidate_claim,CAND_MEMORY_UCHUNK_001341,"ingredient_confirmation / manufacturing_or_process: fda, natural_flavor",natural_flavor,unified_memory_scan,direct_product_or_label_evidence,sku_or_label_level,ingredient_confirmation; manufacturing_or_process,fda,natural_flavor,"--- PAGE 1 ---
GRAS Flavoring 
Substances 33 
 
33. GRAS Flavoring Substances. This list of substances will appear in the 33rd publication authored 
by the Expert Panel of the Flavor and Extract Manufacturers Association on recent progress in the 
consideration of flavoring ingredients “generally re"
candidate_claim,CAND_MEMORY_UCHUNK_001342,"ingredient_confirmation: fda, natural_flavor",natural_flavor,unified_memory_scan,direct_product_or_label_evidence,sku_or_label_level,ingredient_confirmation,fda,natural_flavor,"stances for GRAS status under their conditions of intended use as flavoring substances 
since the early 1960s. The regulations of the U.S. Food and Drug Administration (FDA), and U.S. law, 
require that determinations that flavor substances and other food ingredients are “generally recognized 
as sa"
candidate_claim,CAND_MEMORY_UCHUNK_002259,ingredient_confirmation / manufacturing_or_process: natural_flavor,natural_flavor,unified_memory_scan,direct_product_or_label_evidence,sku_or_label_level,ingredient_confirmation; manufacturing_or_process,,natural_flavor,"--- VISUAL OCR PAGE 1: page_001.png ---
FEMA ABOUT ALLABOUTFLAVORS MEMBERSHIP EVENTS FEMA GRAS Q | LOGIN | = MENU

-<a—aee eee

Table of Contents [_ sasezers |

Introduction

The GRAS Concept (SERA NGNS

How Does the FEMA GRAS Program Meet the Requirements for GRAS? Safety and Regulatory

FEMA Exper"
candidate_claim,CAND_MEMORY_UCHUNK_002260,"supplier_relationship / ingredient_confirmation: fda, natural_flavor",natural_flavor,unified_memory_scan,direct_product_or_label_evidence,sku_or_label_level,supplier_relationship; ingredient_confirmation,fda,natural_flavor,"eginning the Expert Panel's evaluation of the

safety of flavor ingredients that continues today. Then and now, the Expert

Panel usually consists of six to eight members and over the years has been

comprised of top experts in toxicology, organic chemistry, biochemistry,

metabolism, and pathology."
candidate_claim,CAND_MEMORY_UCHUNK_002261,ingredient_confirmation: natural_flavor,natural_flavor,unified_memory_scan,direct_product_or_label_evidence,sku_or_label_level,ingredient_confirmation,,natural_flavor,"may reasonably be expected to result, directly or indirectly, in its

becoming a component or otherwise affecting the characteristics of any food .

.. if such substance is not generally recognized, among experts qualified by

training and experience to evaluate its safety as having been adequately
"
candidate_claim,CAND_MEMORY_UCHUNK_002262,"ingredient_confirmation: fda, natural_flavor",natural_flavor,unified_memory_scan,direct_product_or_label_evidence,sku_or_label_level,ingredient_confirmation,fda,natural_flavor,"to protect the public health through

the effective safety evaluation of flavor ingredients using the best available

scientific procedures and information.

Over the years, members of the FEMA Expert Panel have included many

prominent expert scientists. Most often, members of the FEMA Expert Panel"
candidate_claim,CAND_MEMORY_UCHUNK_002263,"ingredient_confirmation: fda, natural_flavor",natural_flavor,unified_memory_scan,direct_product_or_label_evidence,sku_or_label_level,ingredient_confirmation,fda,natural_flavor,"applied by the FEMA Expert Panel is the same

standard required by FDA, a “reasonable certainty of no harm.”

Safety Under Conditions of Intended Use

The FEMA Expert Panel only evaluates substances for GRAS status that are

used to formulate flavors to be added to human foods. The Expert Panel does"
candidate_claim,CAND_MEMORY_UCHUNK_002264,"ingredient_confirmation: fda, natural_flavor",natural_flavor,unified_memory_scan,direct_product_or_label_evidence,sku_or_label_level,ingredient_confirmation,fda,natural_flavor,"ad food industry journal, Food
Technology. The identity of all FEMA GRAS substances is also available on the FEMA website
(www.femaflavor.org). This ready availability of information provides the public with notice of
FEMA GRAS determinations allowing for challenges to the Expert Panel's conclusions"
candidate_claim,CAND_MEMORY_UCHUNK_002266,"supplier_relationship / ingredient_confirmation: fda, natural_flavor",natural_flavor,unified_memory_scan,direct_product_or_label_evidence,sku_or_label_level,supplier_relationship; ingredient_confirmation,fda,natural_flavor,"eview and action, if necessary, by the
Panel's Legal Advisor. Action may include mandated recusal at meetings.

© FEMA Expert Panel members do not prepare GRAS applications. Applications for FEMA
GRAS assessments are prepared by the FEMA member seeking the GRAS assessment for the
substance at issue."
candidate_claim,CAND_MEMORY_UCHUNK_002267,"ingredient_confirmation / cost_or_price_benchmark: fda, natural_flavor",natural_flavor,unified_memory_scan,direct_product_or_label_evidence,sku_or_label_level,ingredient_confirmation; cost_or_price_benchmark,fda,natural_flavor,"ong with the scientific information supporting the determinations. It is

important to note that the receipt by FDA of the information provided by

FEMA does not constitute FDA's “approval” of the GRAS determinations made

by the FEMA Expert Panel. The identities of all flavor ingredients determined"
candidate_claim,CAND_MEMORY_UCHUNK_002268,ingredient_confirmation: natural_flavor,natural_flavor,unified_memory_scan,direct_product_or_label_evidence,sku_or_label_level,ingredient_confirmation,,natural_flavor,"l

(staylor@vertosolutions.net).

References

e Food and Drug Administration. Substances generally recognized as safe. 62 Fed. Reg.
18938. 17 April 1997.

e Hallagan J.B. and Hall R.L. FEMA GRAS - A GRAS assessment program for flavor ingredients.
Regulatory Toxicology and Pharmacology. 21, 422.1995."
candidate_claim,CAND_MEMORY_UCHUNK_001349,"ingredient_confirmation / manufacturing_or_process: fda, natural_flavor",natural_flavor,unified_memory_scan,direct_product_or_label_evidence,sku_or_label_level,ingredient_confirmation; manufacturing_or_process,fda,natural_flavor,"--- PAGE 1 ---
GRAS Flavoring 
Substances 33 
 
33. GRAS Flavoring Substances. This list of substances will appear in the 33rd publication authored 
by the Expert Panel of the Flavor and Extract Manufacturers Association on recent progress in the 
consideration of flavoring ingredients “generally re"
candidate_claim,CAND_MEMORY_UCHUNK_001350,"ingredient_confirmation: fda, natural_flavor",natural_flavor,unified_memory_scan,direct_product_or_label_evidence,sku_or_label_level,ingredient_confirmation,fda,natural_flavor,"stances for GRAS status under their conditions of intended use as flavoring substances 
since the early 1960s. The regulations of the U.S. Food and Drug Administration (FDA), and U.S. law, 
require that determinations that flavor substances and other food ingredients are “generally recognized 
as sa"
candidate_claim,CAND_MEMORY_UCHUNK_001334,"ingredient_confirmation / logistics_distribution: fda, usda, milk_dairy, natural_flavor",natural_flavor,unified_memory_scan,direct_product_or_label_evidence,sku_or_label_level,ingredient_confirmation; logistics_distribution,fda; usda,milk_dairy; natural_flavor,"--- PAGE 1 ---
23FLAVDEC1F. doc 
                              Effective Date:1/1/2023 
 
 
 
NATURAL FLAVOR DECLARATION 
 
BACKGROUND INFORMATION: The USDA National Organic Program (NOP) allows the use of certain natural 
(nonsynthetic) flavors in products labeled as “Organic” and “Made with Organi"
candidate_claim,CAND_MEMORY_UCHUNK_001336,"ingredient_confirmation / manufacturing_or_process: fda, natural_flavor",natural_flavor,unified_memory_scan,direct_product_or_label_evidence,sku_or_label_level,ingredient_confirmation; manufacturing_or_process,fda,natural_flavor,"ed by naturally occurring biological processes.  
 
All of the flavor constituents in the natural flavor product named above must comply with the following 
criteria:      
● Does the material meet the FDA definition of a natural flavor [see above, FDA 21 CFR Part 
101.22(a)(3)]?   ☐ YES    ☐ NO (no"
candidate_claim,CAND_MEMORY_UCHUNK_001337,supplier_relationship / ingredient_confirmation / logistics_distribution: natural_flavor,natural_flavor,unified_memory_scan,direct_product_or_label_evidence,sku_or_label_level,supplier_relationship; ingredient_confirmation; logistics_distribution; manufacturing_or_process,,natural_flavor,"and other ingredients 
Natural flavors authorized for use in NOP “organic” or “made with organic…” products must NOT be 
produced using synthetic extraction solvents. Extraction may only use natural, non‐petroleum based 
solvents. Allowed solvents include water, natural ethanol, super‐critical carbo"
candidate_claim,CAND_MEMORY_UCHUNK_001912,"ingredient_confirmation / manufacturing_or_process: fda, milk_dairy, natural_flavor",natural_flavor,unified_memory_scan,direct_product_or_label_evidence,sku_or_label_level,ingredient_confirmation; manufacturing_or_process,fda,milk_dairy; natural_flavor,"--- VISUAL OCR PAGE 1: page_001.png ---
ca Al Overview

Natural flavors are derived from natural sources— plants, animals, spices, fruits,

vegetables, roots, or fermentation products —and are isolated through physical,

enzymatic, or microbiological processes, according to FDA regulations. These

p"
candidate_claim,CAND_MEMORY_UCHUNK_001913,"ingredient_confirmation / manufacturing_or_process: fda, usda, cocoa_chocolate, milk_dairy, natural_flavor",natural_flavor,unified_memory_scan,direct_product_or_label_evidence,sku_or_label_level,ingredient_confirmation; manufacturing_or_process,fda; usda,cocoa_chocolate; milk_dairy; natural_flavor,"3. Fermentation & Biological Processes

Microorganisms are used to transform raw ingredients into complex flavor

compounds. ® Rip Van

e Microbial Fermentation: Bacteria, yeast, or fungi are used to convert
carbohydrates, lipids, and proteins into, for example, dairy-like, fruity, or nutty
flavors."
candidate_claim,CAND_MEMORY_UCHUNK_001915,"ingredient_confirmation / manufacturing_or_process: fda, cocoa_chocolate, milk_dairy, natural_flavor",natural_flavor,unified_memory_scan,direct_product_or_label_evidence,sku_or_label_level,ingredient_confirmation; manufacturing_or_process,fda,cocoa_chocolate; milk_dairy; natural_flavor,"--- VISUAL OCR PAGE 1: page_001.png ---
The °
HOME SHOP + ABOUT¥ STORELOCATOR THECIRCLE Conscious Qe
Bar
The Truth About “Natural Flavor” in
© Feb 26,2026 © By Yaniv Simpson
: INEAN:
If you’ve ever turned over a chocolate bar and seen the words “natural flavor’ on the ingredient list, you
probably a"
candidate_claim,CAND_MEMORY_UCHUNK_001967,supplier_relationship / ingredient_confirmation / cost_or_price_benchmark: natural_flavor,natural_flavor,unified_memory_scan,direct_product_or_label_evidence,sku_or_label_level,supplier_relationship; ingredient_confirmation; cost_or_price_benchmark; sustainability_context,,natural_flavor,"Gel www.grandviewresearch.com Get Free Sami ple Re >
This FREE sample includes market data points, ranging
To learn more about this report, Download Free Sample Report from trend analyses to market estimates & forecasts. See
for yourself.
The natural flavors industry expansion is driven by evolving "
candidate_claim,CAND_MEMORY_UCHUNK_001968,supplier_relationship / ingredient_confirmation / cost_or_price_benchmark: natural_flavor,natural_flavor,unified_memory_scan,direct_product_or_label_evidence,sku_or_label_level,supplier_relationship; ingredient_confirmation; cost_or_price_benchmark; sustainability_context,,natural_flavor,"pose challenges in maintaining consistent and stable flavor profiles, which are typically associated with artificial flavors. 1SO 9001:2015 & 27001:2022 Certified
Sustainability and ethical considerations are becoming increasingly important, with consumers now more aware of the environmental impact "
candidate_claim,CAND_MEMORY_UCHUNK_001970,"ingredient_confirmation / cost_or_price_benchmark / logistics_distribution: natural_flavor, sugar",natural_flavor,unified_memory_scan,direct_product_or_label_evidence,sku_or_label_level,ingredient_confirmation; cost_or_price_benchmark; logistics_distribution,,natural_flavor; sugar,"essment by Therapeutic Space o
a ry Lat
a rs)
i _ 8
To learn more about this report, Download Free Sample Report
Form Insights
The powdered natural flavors segment accounted for a share of 66.3% in 2023. Powdered natural flavors provide flexibility in formulation, allowing manufacturers to control t"
candidate_claim,CAND_MEMORY_UCHUNK_001971,"ingredient_confirmation / cost_or_price_benchmark: milk_dairy, natural_flavor",natural_flavor,unified_memory_scan,direct_product_or_label_evidence,sku_or_label_level,ingredient_confirmation; cost_or_price_benchmark,,milk_dairy; natural_flavor,"ze,
Source:
@ Food © Baverages Others www.grandviewresearch.com
To learn more about this report, Download Free Sample Report
The beverages application segment is projected to grow at a CAGR of 7.9% from 2024 to 2030. Natural flavors provide authentic and true-to-source flavor experiences, enhancing "
candidate_claim,CAND_MEMORY_UCHUNK_001972,supplier_relationship / ingredient_confirmation / cost_or_price_benchmark: natural_flavor,natural_flavor,unified_memory_scan,direct_product_or_label_evidence,sku_or_label_level,supplier_relationship; ingredient_confirmation; cost_or_price_benchmark; manufacturing_or_process,,natural_flavor,"he rising demand for transparency in food and beverage ingredients, with
consumers looking for products that contain recognizable, natural components.
Natural Flavors Market Ee |
Trends, by Region, 2024 - 2030 GRAND VIEW RESEARCH
Pa
. i!)
A 24.8%
A North America Market
. ~ “ & Revenue Share, 2023
Fo"
candidate_claim,CAND_MEMORY_UCHUNK_001359,"supplier_relationship / ingredient_confirmation / cost_or_price_benchmark: hershey, cocoa_chocolate, packaging",packaging_wrapper,unified_memory_scan,direct_product_or_label_evidence,sku_or_label_level,supplier_relationship; ingredient_confirmation; cost_or_price_benchmark; sustainability_context; manufacturing_or_process,hershey,cocoa_chocolate; packaging,"--- PAGE 1 ---


--- PAGE 2 ---
Table of Contents
03 Making Good for Our Future
04 A Message from Our CEO
05 A Message from Our CSO
06 Double Materiality Assessment
07 Our ESG Approach and Priorities
08 Progress Toward Our Priority Goals
09 Stakeholder Engagement and 
Select Memberships and Partners"
candidate_claim,CAND_MEMORY_UCHUNK_001361,"supplier_relationship / ingredient_confirmation / sustainability_context: hershey, cocoa_chocolate, packaging",packaging_wrapper,unified_memory_scan,direct_product_or_label_evidence,sku_or_label_level,supplier_relationship; ingredient_confirmation; sustainability_context; manufacturing_or_process,hershey,cocoa_chocolate; packaging,"ve on our most material risks, 
opportunities and how we hold ourselves to the highest 
integrity, quality and safety standards. 
We remain committed to driving positive impact in our six 
sustainability focus areas: cocoa, environment, responsible 
sourcing and human rights, people, youth and commu"
candidate_claim,CAND_MEMORY_UCHUNK_001367,"supplier_relationship / ingredient_confirmation / cost_or_price_benchmark: hershey, cocoa_chocolate, packaging",packaging_wrapper,unified_memory_scan,direct_product_or_label_evidence,sku_or_label_level,supplier_relationship; ingredient_confirmation; cost_or_price_benchmark; sustainability_context; manufacturing_or_process,hershey,cocoa_chocolate; packaging,"list of definitions for each material 
issue, see pages 115-116 of our 2023 ESG Report. 
Very High Impact
High Impact
Moderate Impact
Environmental 
Biodiversity
Soil health
Deforestation
Waste management
Energy management
GHG emissions and 
climate change
Packaging and end-of-life
Water use
Social
"
candidate_claim,CAND_MEMORY_UCHUNK_001368,"supplier_relationship / ingredient_confirmation / sustainability_context: hershey, cocoa_chocolate, packaging",packaging_wrapper,unified_memory_scan,direct_product_or_label_evidence,sku_or_label_level,supplier_relationship; ingredient_confirmation; sustainability_context; manufacturing_or_process,hershey,cocoa_chocolate; packaging,"ant ingredients. Improving 
farmer incomes and professionalizing farming practices 
promotes cocoa-growing communities’ well-being and the 
long-term security of cocoa supply. Economically secure 
communities are less likely to make choices that would 
damage natural ecosystems and impact our procur"
candidate_claim,CAND_MEMORY_UCHUNK_001370,"supplier_relationship / ingredient_confirmation / cost_or_price_benchmark: hershey, cocoa_chocolate, packaging",packaging_wrapper,unified_memory_scan,direct_product_or_label_evidence,sku_or_label_level,supplier_relationship; ingredient_confirmation; cost_or_price_benchmark; sustainability_context; manufacturing_or_process,hershey,cocoa_chocolate; packaging,"representation across U.S. employees
2025
 28.5 %
8, 9
50% hazard reduction for job functions with ergonomic risks through process improvements
2025
 24.6 %
10
Youth
50 million children globally supported through education, nutrition, and social and emotional well-being
2025
34,820,750 children
11
1"
candidate_claim,CAND_MEMORY_UCHUNK_001378,"supplier_relationship / ingredient_confirmation / cost_or_price_benchmark: hershey, cocoa_chocolate, packaging, sugar",packaging_wrapper,unified_memory_scan,direct_product_or_label_evidence,sku_or_label_level,supplier_relationship; ingredient_confirmation; cost_or_price_benchmark; retail_price; sustainability_context; manufacturing_or_process,hershey,cocoa_chocolate; packaging; sugar,"n and Cybersecurity
18
Marketing Responsibly
19
Our Progress
Our Values
Togetherness
Making a Difference
Integrity
Excellence
 Contents
Making Good
Our Company
Cocoa
Responsible Sourcing and Human Rights
Environment
Our People
Youth
Community
About This Report
12
The Hershey Company 2023 ESG Report
"
candidate_claim,CAND_MEMORY_UCHUNK_001379,"ingredient_confirmation / sustainability_context / manufacturing_or_process: hershey, natural_flavor, packaging, sugar",packaging_wrapper,unified_memory_scan,direct_product_or_label_evidence,sku_or_label_level,ingredient_confirmation; sustainability_context; manufacturing_or_process,hershey,natural_flavor; packaging; sugar,"tein or lead a more 
sustainable lifestyle, Hershey offers a wide range of 
options. 
Our portfolio is tailored to empower consumers to choose 
snacks that work for them, providing:
• Portion control 
• Reduced- and zero sugar
• Plant-based and other options 
To meet present and future consumer expe"
candidate_claim,CAND_MEMORY_UCHUNK_001383,"supplier_relationship / ingredient_confirmation / sustainability_context: hershey, cocoa_chocolate",packaging_wrapper,unified_memory_scan,direct_product_or_label_evidence,sku_or_label_level,supplier_relationship; ingredient_confirmation; sustainability_context; manufacturing_or_process,hershey,cocoa_chocolate,"ing for food safety, regulatory and quality activities 
in our manufacturing operations
→For a summary of our data on Food Safety and Nutrition and 
Health, see pages 19-20. 
→For more on our programs and training, visit our Food Safety 
Partners in Quality website.
One hundred and thirty years ago,"
candidate_claim,CAND_MEMORY_UCHUNK_001389,"supplier_relationship / ingredient_confirmation / cost_or_price_benchmark: hershey, usda, cocoa_chocolate, packaging",packaging_wrapper,unified_memory_scan,direct_product_or_label_evidence,sku_or_label_level,supplier_relationship; ingredient_confirmation; cost_or_price_benchmark; sustainability_context; manufacturing_or_process,hershey; usda,cocoa_chocolate; packaging,"sured media, like television, 
in the U.S., we do not advertise on shows where 30% 
or more of the expected audience on average comprises 
children aged under 13. Our annual submission to CFBAI 
demonstrates compliance with our commitments. 
Hershey has also committed to Canada’s CCFBA. As with 
CFB"
candidate_claim,CAND_MEMORY_UCHUNK_001390,"supplier_relationship / ingredient_confirmation / cost_or_price_benchmark: hershey, cocoa_chocolate, packaging",packaging_wrapper,unified_memory_scan,direct_product_or_label_evidence,sku_or_label_level,supplier_relationship; ingredient_confirmation; cost_or_price_benchmark; sustainability_context; manufacturing_or_process,hershey,cocoa_chocolate; packaging,"ensures that all claims and 
required labeling elements on any updated packaging 
comply with applicable law and regulations.
 Contents
Making Good
Our Company
Cocoa
Responsible Sourcing and Human Rights
Environment
Our People
Youth
Community
About This Report
18
The Hershey Company 2023 ESG Report
"
candidate_claim,CAND_MEMORY_UCHUNK_001419,"supplier_relationship / ingredient_confirmation / cost_or_price_benchmark: hershey, cocoa_chocolate",packaging_wrapper,unified_memory_scan,direct_product_or_label_evidence,sku_or_label_level,supplier_relationship; ingredient_confirmation; cost_or_price_benchmark; sustainability_context,hershey,cocoa_chocolate,"maps. This analysis follows World Cocoa Foundation definitions and checks that all farm plots managed by a farmer are linked to received polygon maps before we consider a farmer to be mapped. This analysis also 
means that when reporting hectarage, Hershey's results now report the true total area, e"
candidate_claim,CAND_MEMORY_UCHUNK_001420,"supplier_relationship / ingredient_confirmation / sustainability_context: hershey, cocoa_chocolate",packaging_wrapper,unified_memory_scan,direct_product_or_label_evidence,sku_or_label_level,supplier_relationship; ingredient_confirmation; sustainability_context; manufacturing_or_process,hershey,cocoa_chocolate,"onsible Sourcing
46
Responsible Sourcing Supplier Program
48
Sourcing Our Priority Ingredients and Materials
53 
Our Progress
 Contents
Making Good
Our Company
Cocoa
Responsible Sourcing and Human Rights
Environment
Our People
Youth
Community
About This Report
37
The Hershey Company 2023 ESG Report
"
candidate_claim,CAND_MEMORY_UCHUNK_001424,"supplier_relationship / ingredient_confirmation / sustainability_context: hershey, cocoa_chocolate",packaging_wrapper,unified_memory_scan,direct_product_or_label_evidence,sku_or_label_level,supplier_relationship; ingredient_confirmation; sustainability_context; manufacturing_or_process,hershey,cocoa_chocolate,"ory Code of Conduct 
training for all professional employees
Deployed additional worker engagement surveys in Hershey-
owned and supplier facilities in Malaysia, Mexico and the U.S.
Conducted baseline assessment of cocoa farmer incomes
Initiated work on cocoa Income Accelerator Program 
Created huma"
candidate_claim,CAND_MEMORY_UCHUNK_001425,"supplier_relationship / ingredient_confirmation / sustainability_context: hershey, cocoa_chocolate",packaging_wrapper,unified_memory_scan,direct_product_or_label_evidence,sku_or_label_level,supplier_relationship; ingredient_confirmation; sustainability_context; manufacturing_or_process,hershey,cocoa_chocolate,"sessment in 2022 confirmed: 
• Key strengths include our governance structure, training 
and responsible sourcing and supply chain due diligence. 
• We have opportunities to improve rightsholder engagement, 
grievance mechanisms and access to remedy. We continue 
efforts to reinforce these area by c"
candidate_claim,CAND_MEMORY_UCHUNK_001434,"supplier_relationship / ingredient_confirmation / cost_or_price_benchmark: hershey, cocoa_chocolate",packaging_wrapper,unified_memory_scan,direct_product_or_label_evidence,sku_or_label_level,supplier_relationship; ingredient_confirmation; cost_or_price_benchmark; logistics_distribution; sustainability_context,hershey,cocoa_chocolate,"is therefore 
committed to doing our part — see our climate 
commitments on pages 66-68.
 Contents
Making Good
Our Company
Cocoa
Responsible Sourcing and Human Rights
Environment
Our People
Youth
Community
About This Report
44
The Hershey Company 2023 ESG Report
1
Hershey supports the Global Living "
candidate_claim,CAND_MEMORY_UCHUNK_001438,"supplier_relationship / ingredient_confirmation / sustainability_context: hershey, cocoa_chocolate",packaging_wrapper,unified_memory_scan,direct_product_or_label_evidence,sku_or_label_level,supplier_relationship; ingredient_confirmation; sustainability_context,hershey,cocoa_chocolate,"our Supplier Program 
have demonstrated the 
importance of Hershey 
supporting suppliers 
on their continuous 
improvement journey. 
It improves the 
lives of people in our 
supply chain, so we 
remain committed to 
building supplier 
capabilities.”
Bethany Fitzgerald, Director, 
Global Responsible "
candidate_claim,CAND_MEMORY_UCHUNK_001439,"supplier_relationship / ingredient_confirmation / sustainability_context: hershey, cocoa_chocolate, milk_dairy, packaging, sugar",packaging_wrapper,unified_memory_scan,direct_product_or_label_evidence,sku_or_label_level,supplier_relationship; ingredient_confirmation; sustainability_context; manufacturing_or_process,hershey,cocoa_chocolate; milk_dairy; packaging; sugar,"ey Company 2023 ESG Report
* Coconut and eggs are not listed in this ESG Report as key ingredients 
and materials. They appear on this map because Hershey has public 
commitments related to sourcing both ingredients. Responsible sourcing 
ingredient commitments and progress may be found on page 58.
"
candidate_claim,CAND_MEMORY_UCHUNK_001440,"supplier_relationship / ingredient_confirmation / cost_or_price_benchmark: hershey, land_olakes, milk_dairy",packaging_wrapper,unified_memory_scan,direct_product_or_label_evidence,sku_or_label_level,supplier_relationship; ingredient_confirmation; cost_or_price_benchmark; sustainability_context,hershey; land_olakes,milk_dairy,"airy Partnership 
(SDP) Dairy Sustainability Framework. Hershey requires 
suppliers to enroll in the SDP, undertake its evaluations 
and share progress reports with us. We are on track to 
source 100% of U.S. dairy ingredients from suppliers 
enrolled in and assessed through the SDP by the end 
of 2"
candidate_claim,CAND_MEMORY_UCHUNK_001451,"supplier_relationship / ingredient_confirmation / retail_price: hershey, cocoa_chocolate, packaging",packaging_wrapper,unified_memory_scan,direct_product_or_label_evidence,sku_or_label_level,supplier_relationship; ingredient_confirmation; retail_price; sustainability_context; manufacturing_or_process,hershey,cocoa_chocolate; packaging,"cturing sites and audits performed by 
supplier category
# of manufacturing 
sites enrolled and 
subject to audit
# of audits 
performed
# of manufacturing 
sites enrolled and 
subject to audit
# of audits 
performed
# of manufacturing 
sites enrolled and 
subject to audit
# of audits 
performed
Con"
candidate_claim,CAND_MEMORY_UCHUNK_001453,"supplier_relationship / ingredient_confirmation / cost_or_price_benchmark: hershey, cocoa_chocolate, milk_dairy, packaging, sugar",packaging_wrapper,unified_memory_scan,direct_product_or_label_evidence,sku_or_label_level,supplier_relationship; ingredient_confirmation; cost_or_price_benchmark; sustainability_context; manufacturing_or_process,hershey,cocoa_chocolate; milk_dairy; packaging; sugar,".0
Rest of Asia
0.0
0.0
0.1
0.0
0.3
0.4
1.8
0.1
0.1
0.0
0.2
Rest of Latin America
0.0
0.3
0.0
0.0
0.3
0.0
1.3
0.3
0.0
0.0
0.3
 Contents
Making Good
Our Company
Cocoa
Responsible Sourcing and Human Rights
Environment
Our People
Youth
Community
About This Report
57
The Hershey Company 2023 ESG Report
"
candidate_claim,CAND_MEMORY_UCHUNK_001458,"supplier_relationship / ingredient_confirmation / cost_or_price_benchmark: hershey, sugar",packaging_wrapper,unified_memory_scan,direct_product_or_label_evidence,sku_or_label_level,supplier_relationship; ingredient_confirmation; cost_or_price_benchmark; manufacturing_or_process,hershey,sugar,"re (FLAG), while 28.6% are classified as non-
FLAG. 
Hershey’s 2023 Scope 1 and Scope 2 data received 
limited assurance by Ernst & Young, LLP (EY). 
Our 2023 Scope 3 data was independently verified 
by Quantis.
2.4%
0.8%
96.8%
❶ Scope 1
❹ FLAG Total
❷ Scope 2
❺ Non-FLAG Total
❸ Scope 3
28.6%
71.4%
"
candidate_claim,CAND_MEMORY_UCHUNK_001466,"supplier_relationship / ingredient_confirmation / logistics_distribution: hershey, cocoa_chocolate, milk_dairy, packaging, sugar",packaging_wrapper,unified_memory_scan,direct_product_or_label_evidence,sku_or_label_level,supplier_relationship; ingredient_confirmation; logistics_distribution; sustainability_context; manufacturing_or_process,hershey,cocoa_chocolate; milk_dairy; packaging; sugar,"gar
❾ Specialty
❹ Peanuts
❿ Packaging 
  (pulp & paper)
❺ Palm
❻ Corn
⓫ Vegetable Oil
54.0%
19.7%
4.3%
3.8%
2.3%
1.3%
1.5%
1.0%
9.8%
0.2%
2.2%
25.2%
24.6%
26.7%
9.9%
6.5%
2.7% 3.2% 0.6%
0.6%
❶Packaging, 
including end-of-life
❻Co-manufacturing 
of our products
❷Transportation 
of Goods and Products
"
candidate_claim,CAND_MEMORY_UCHUNK_001469,"supplier_relationship / ingredient_confirmation / sustainability_context: hershey, cocoa_chocolate, milk_dairy, packaging, sugar",packaging_wrapper,unified_memory_scan,direct_product_or_label_evidence,sku_or_label_level,supplier_relationship; ingredient_confirmation; sustainability_context; manufacturing_or_process,hershey,cocoa_chocolate; milk_dairy; packaging; sugar,"lopment 
into scalable ways to help farmers overcome climate variability
• Continue to refine our FLAG and non-FLAG roadmaps 
 Contents
Making Good
Our Company
Cocoa
Responsible Sourcing and Human Rights
Environment
Our People
Youth
Community
About This Report
65
The Hershey Company 2023 ESG Report
"
candidate_claim,CAND_MEMORY_UCHUNK_001470,"supplier_relationship / ingredient_confirmation / retail_price: hershey, cocoa_chocolate, milk_dairy, packaging",packaging_wrapper,unified_memory_scan,direct_product_or_label_evidence,sku_or_label_level,supplier_relationship; ingredient_confirmation; retail_price; logistics_distribution; sustainability_context; manufacturing_or_process,hershey,cocoa_chocolate; milk_dairy; packaging,"proximately 80% achieved in 2023
Boosting energy efficiency through incremental 
improvements and capital investments in technology
Leaning into green building design as a way 
to moderate our impact as we grow
Packaging
• Designing packaging to minimize impact and for circularity, such as moving to"
candidate_claim,CAND_MEMORY_UCHUNK_001477,"supplier_relationship / ingredient_confirmation / sustainability_context: hershey, cocoa_chocolate, milk_dairy, sugar",packaging_wrapper,unified_memory_scan,direct_product_or_label_evidence,sku_or_label_level,supplier_relationship; ingredient_confirmation; sustainability_context,hershey,cocoa_chocolate; milk_dairy; sugar,"t Taking Action: Hershey Supports the Forest 
Through the Trees on our corporate website. 
 Contents
Making Good
Our Company
Cocoa
Responsible Sourcing and Human Rights
Environment
Our People
Youth
Community
About This Report
69
The Hershey Company 2023 ESG Report
Material ESG issue:
• Biodiversity
"
candidate_claim,CAND_MEMORY_UCHUNK_001478,"supplier_relationship / ingredient_confirmation / sustainability_context: hershey, cocoa_chocolate",packaging_wrapper,unified_memory_scan,direct_product_or_label_evidence,sku_or_label_level,supplier_relationship; ingredient_confirmation; sustainability_context,hershey,cocoa_chocolate,"Biodiversity Footprint of Hershey’s 
Ingredients With the Highest Land 
Use Impact
 Contents
Making Good
Our Company
Cocoa
Responsible Sourcing and Human Rights
Environment
Our People
Youth
Community
About This Report
70
The Hershey Company 2023 ESG Report
One Million Trees With 
Arbor Day Foundatio"
candidate_claim,CAND_MEMORY_UCHUNK_001482,"supplier_relationship / ingredient_confirmation / cost_or_price_benchmark: hershey, cocoa_chocolate, packaging",packaging_wrapper,unified_memory_scan,direct_product_or_label_evidence,sku_or_label_level,supplier_relationship; ingredient_confirmation; cost_or_price_benchmark; sustainability_context; manufacturing_or_process,hershey,cocoa_chocolate; packaging,"dustrial recycled content. Opportunity realized. 
 Contents
Making Good
Our Company
Cocoa
Responsible Sourcing and Human Rights
Environment
Our People
Youth
Community
About This Report
71
The Hershey Company 2023 ESG Report
Material ESG issue:
• Packaging and end-of-life
1
Source: conservatree.org.
"
candidate_claim,CAND_MEMORY_UCHUNK_001561,"supplier_relationship / ingredient_confirmation / cost_or_price_benchmark: hershey, packaging",packaging_wrapper,unified_memory_scan,direct_product_or_label_evidence,sku_or_label_level,supplier_relationship; ingredient_confirmation; cost_or_price_benchmark; sustainability_context; manufacturing_or_process,hershey,packaging,"and health
The company’s involvement in making healthy products widely available and affordable.
Sub-issues: Consumer well-being, children’s nutrition, transparency
Packaging and end-of-life
Minimizing the use of packaging and single-use plastics, including reducing unnecessary packaging, and implem"
candidate_claim,CAND_MEMORY_UCHUNK_001562,supplier_relationship / ingredient_confirmation / logistics_distribution: hershey,packaging_wrapper,unified_memory_scan,direct_product_or_label_evidence,sku_or_label_level,supplier_relationship; ingredient_confirmation; logistics_distribution; sustainability_context; manufacturing_or_process,hershey,,"nt of a food product and its ingredients through all steps in the supply chain.
Sub-issues: Blockchain, supply chain transparency, risk management
Waste management
Responsible management and disposal of hazardous/non-hazardous waste in production and operations and where possible, reducing, recyclin"
candidate_claim,CAND_MEMORY_UCHUNK_001583,"ingredient_confirmation / cost_or_price_benchmark: fda, pgpr",pgpr,unified_memory_scan,direct_product_or_label_evidence,sku_or_label_level,ingredient_confirmation; cost_or_price_benchmark,fda,pgpr,"applies. In our evaluation of Unilever’s notice concluding that 
PGPR is GRAS under its intended conditions of use, we did not consider whether section 
301(ll) or any of its exemptions apply to foods containing PGPR. Accordingly, our 
response should not be construed to be a statement that foods co"
candidate_claim,CAND_MEMORY_UCHUNK_001588,"ingredient_confirmation / cost_or_price_benchmark: fda, pgpr",pgpr,unified_memory_scan,direct_product_or_label_evidence,sku_or_label_level,ingredient_confirmation; cost_or_price_benchmark,fda,pgpr,"applies. In our evaluation of Unilever’s notice concluding that 
PGPR is GRAS under its intended conditions of use, we did not consider whether section 
301(ll) or any of its exemptions apply to foods containing PGPR. Accordingly, our 
response should not be construed to be a statement that foods co"
candidate_claim,CAND_MEMORY_UCHUNK_002283,"ingredient_confirmation / cost_or_price_benchmark / retail_price: cocoa_chocolate, packaging, pgpr, sugar",pgpr,unified_memory_scan,direct_product_or_label_evidence,sku_or_label_level,ingredient_confirmation; cost_or_price_benchmark; retail_price; manufacturing_or_process,,cocoa_chocolate; packaging; pgpr; sugar,"--- VISUAL OCR PAGE 1: page_001.png ---
Subscribe to our newsletter & get 10% off > | Worldwide shipping “ Google Reviews www ty | Savour the finest chocolate >
COCOA RUNNERS Q a9 FR
Cocoa Runners Cluby All products v Giftingy Tastings v Cooking» Chocolists Aboutv Learny
What is PGPR, and 4584k) 4.7"
candidate_claim,CAND_MEMORY_UCHUNK_002284,"ingredient_confirmation / cost_or_price_benchmark / sustainability_context: usda, cocoa_chocolate, pgpr, soy_lecithin",pgpr,unified_memory_scan,direct_product_or_label_evidence,sku_or_label_level,ingredient_confirmation; cost_or_price_benchmark; sustainability_context; manufacturing_or_process,usda,cocoa_chocolate; pgpr; soy_lecithin,"of
US soldiers melting during the Gulf Wars (side note: this was the so called “Congo” bar, which withstands temperatures over 140°F (60°C) without
melting and, unlike the WW2 “D rations” was chewy and designed to taste better rather than just be an emergency store of rations -_see here for
more).
P"
candidate_claim,CAND_MEMORY_UCHUNK_002285,"ingredient_confirmation / cost_or_price_benchmark / sustainability_context: cocoa_chocolate, milk_dairy, pgpr, soy_lecithin",pgpr,unified_memory_scan,direct_product_or_label_evidence,sku_or_label_level,ingredient_confirmation; cost_or_price_benchmark; sustainability_context; manufacturing_or_process,,cocoa_chocolate; milk_dairy; pgpr; soy_lecithin,"tion). Its history can be traced back to Einar Viggo Schou, a
Dane who made his fortune working in the English Margarine industry in the 1900s. In 1908 he (semi) retired and purchased the Palsgaard Estate in
his home country of Denmark. The estate still exists today, and is run by a trust which, as "
candidate_claim,CAND_MEMORY_UCHUNK_002286,"ingredient_confirmation / cost_or_price_benchmark: cocoa_chocolate, pgpr, soy_lecithin",pgpr,unified_memory_scan,direct_product_or_label_evidence,sku_or_label_level,ingredient_confirmation; cost_or_price_benchmark,,cocoa_chocolate; pgpr; soy_lecithin,"improve the look and feel of chocolate and confectionery.
For example, PGPR can help create a glossier finish and reduce bubbles and holes. Plus, adding PGPR to, for example, a chocolate coating, means
that the topping can be spread thinner and so less chocolate is needed. And as a final topping, it"
candidate_claim,CAND_MEMORY_UCHUNK_002287,"ingredient_confirmation / cost_or_price_benchmark / sustainability_context: cocoa_chocolate, pgpr, soy_lecithin, sugar",pgpr,unified_memory_scan,direct_product_or_label_evidence,sku_or_label_level,ingredient_confirmation; cost_or_price_benchmark; sustainability_context; manufacturing_or_process,,cocoa_chocolate; pgpr; soy_lecithin; sugar,"all emulsifiers are bad.
After all, if you've ever made a salad dressing at home from oil, vinegar and a drop of mustard, you are using the mustard as an emulsifier to bind these
otherwise unmixable liquids together. And craft chocolate has some wonderful examples of “the bliss point”, sensory speci"
candidate_claim,CAND_MEMORY_UCHUNK_002120,ingredient_confirmation / cost_or_price_benchmark,pgpr,unified_memory_scan,direct_product_or_label_evidence,sku_or_label_level,ingredient_confirmation; cost_or_price_benchmark,,,"--- VISUAL OCR PAGE 1: page_001.png ---
= BLENDTEK Find ingredients Q English Frangais
§ ~~, ee ran
ey : : ee \
x UA ‘ ey.
7 ee a GY. ‘nie
* —< f wo ie ®, ‘
- Fas ot ghey aA ay
Sb hd hp dts a,
| al a .Y
. C s ; t &
1 le ing} wo we
It's what's inside that counts. a ms
Looking for food ingredients? Yo"
candidate_claim,CAND_MEMORY_UCHUNK_002121,supplier_relationship / ingredient_confirmation / cost_or_price_benchmark: packaging,pgpr,unified_memory_scan,direct_product_or_label_evidence,sku_or_label_level,supplier_relationship; ingredient_confirmation; cost_or_price_benchmark; manufacturing_or_process,,packaging,"etary perfection, our blending
. < EN facility and test-kitchen let us expertly whisk up whatever your
iY o> > eo / fil ? a business needs.
$ x rie P ; AO “
—.. Gs DP i
oe -_ -
, | Fun Fact: Thousands of years ago
= . eis Gum Arabic, a popular ingredient in
- , some of today’s fave treats, was used
"
candidate_claim,CAND_MEMORY_UCHUNK_002122,"supplier_relationship / ingredient_confirmation / cost_or_price_benchmark: cocoa_chocolate, milk_dairy, packaging",pgpr,unified_memory_scan,direct_product_or_label_evidence,sku_or_label_level,supplier_relationship; ingredient_confirmation; cost_or_price_benchmark; retail_price; manufacturing_or_process,,cocoa_chocolate; milk_dairy; packaging,"jas. Global ‘ , L \ \ a ¥: jj
crisis? No sweat. We keep your ingredients JZ Rp . =. IY
flowing, no matter the twist. Yr - \ Ng wae
Wrapping up one beverage distributor's The secret ingredient to supply chain
packaging spend & carbon footprint. challenges.
By reducing the number of rolls of hand wrap"
candidate_claim,CAND_MEMORY_UCHUNK_001593,"ingredient_confirmation / cost_or_price_benchmark / manufacturing_or_process: cocoa_chocolate, milk_dairy, natural_flavor, pgpr",pgpr,unified_memory_scan,direct_product_or_label_evidence,sku_or_label_level,ingredient_confirmation; cost_or_price_benchmark; manufacturing_or_process,,cocoa_chocolate; milk_dairy; natural_flavor; pgpr,"--- PAGE 1 ---
Report Description 
 
 
PGPR Market Outlook 
As per our latest market intelligence, the Global PGPR (Polyglycerol Polyricinoleate) 
market size was valued at $1.12 billion in 2024, and is forecasted to hit $2.05 
billion by 2033, growing at a robust CAGR of 6.8% during the forecast pe"
candidate_claim,CAND_MEMORY_UCHUNK_001600,"supplier_relationship / ingredient_confirmation / cost_or_price_benchmark: milk_dairy, natural_flavor, pgpr",pgpr,unified_memory_scan,direct_product_or_label_evidence,sku_or_label_level,supplier_relationship; ingredient_confirmation; cost_or_price_benchmark; logistics_distribution; sustainability_context; manufacturing_or_process,,milk_dairy; natural_flavor; pgpr,". Long-term supply 
agreements and strategic partnerships are common, fostering stability and mutual 
growth. 
Indirect channels, including distributors, wholesalers, and online platforms, are 
gaining traction, particularly among small and medium-sized enterprises (SMEs) 
and regional food processo"
candidate_claim,CAND_MEMORY_UCHUNK_001601,"supplier_relationship / ingredient_confirmation / cost_or_price_benchmark: milk_dairy, natural_flavor, pgpr",pgpr,unified_memory_scan,direct_product_or_label_evidence,sku_or_label_level,supplier_relationship; ingredient_confirmation; cost_or_price_benchmark; retail_price; sustainability_context,,milk_dairy; natural_flavor; pgpr,"in PGPR applications, such as vegan bakery, low-fat 
confectionery, and fortified dairy alternatives, is attracting investment from both 
established players and startups. The integration of PGPR with novel ingredients, 
such as prebiotics, proteins, and natural flavors, is expanding its functional
"
candidate_claim,CAND_MEMORY_UCHUNK_001604,supplier_relationship / ingredient_confirmation / cost_or_price_benchmark: pgpr,pgpr,unified_memory_scan,direct_product_or_label_evidence,sku_or_label_level,supplier_relationship; ingredient_confirmation; cost_or_price_benchmark; logistics_distribution; manufacturing_or_process,,pgpr,"er in responsible production. 
The company collaborates closely with food manufacturers to co-develop 
customized PGPR solutions, supported by a global network of application labs and 
technical experts. 
IOI Loders Croklaan leverages its expertise in specialty fats and oils to deliver high-
quality"
candidate_claim,CAND_MEMORY_UCHUNK_002151,"ingredient_confirmation: hershey, cocoa_chocolate, milk_dairy, sugar",product_sku_1_55oz,unified_memory_scan,direct_product_or_label_evidence,sku_or_label_level,ingredient_confirmation,hershey,cocoa_chocolate; milk_dairy; sugar,"--- VISUAL OCR image_or_logo_asset: 034000002405_3.png ---
SSS IS ES SEE ES
ns |
——<—— |
—— |
—} :
—— |
| |
—_—_—— /
| ——} |
—
w A |
THIS END FORWARD |
IMPORTANT |
KEEP IN A COOL. DRY PLACE |
sat INGRECHENTS: MILK CHOCOLATE (SUGAR, MILK |
Nutrition Facts | 2.1, com esr wir, tomes
36 servings per con"
candidate_claim,CAND_MEMORY_UCHUNK_002234,"ingredient_confirmation / manufacturing_or_process: hershey, cocoa_chocolate, milk_dairy, natural_flavor, pgpr, soy_lecithin, sugar",product_sku_1_55oz,unified_memory_scan,direct_product_or_label_evidence,sku_or_label_level,ingredient_confirmation; manufacturing_or_process,hershey,cocoa_chocolate; milk_dairy; natural_flavor; pgpr; soy_lecithin; sugar,"--- VISUAL OCR PAGE 1: page_001.png ---
hersheyland, Recipes v Inspiration v Our Brands v Products About v Search tons of products, recipes and activity ideas Q
f& > Products > HERSHEY'S
¢ e
HERSHEY'S Milk Chocolate
one (1640)
< Choose a size:
oy Se olse2huds
There’s happy, and then there’s HERSHEY'"
candidate_claim,CAND_MEMORY_UCHUNK_002159,"ingredient_confirmation / manufacturing_or_process: fda, natural_flavor, packaging, soy_lecithin",soy_lecithin,unified_memory_scan,direct_product_or_label_evidence,sku_or_label_level,ingredient_confirmation; manufacturing_or_process,fda,natural_flavor; packaging; soy_lecithin,"--- VISUAL OCR PAGE 1: page_001.png ---
Rd Department of Health & Human Services AA
U.S. FOOD & DRUG
ADMINISTRATION
Substances Added to Food (formerly EAFUS) Pa
© FDAHome ®© Ingredients and Packaging © Food Ingredient and Packaging Inventories © Substances Added to Food (formerly EAFUS) =_
© LECITHI"
candidate_claim,CAND_MEMORY_UCHUNK_002013,"ingredient_confirmation / cost_or_price_benchmark / manufacturing_or_process: cocoa_chocolate, milk_dairy, packaging, soy_lecithin, sugar",soy_lecithin,unified_memory_scan,direct_product_or_label_evidence,sku_or_label_level,ingredient_confirmation; cost_or_price_benchmark; manufacturing_or_process,,cocoa_chocolate; milk_dairy; packaging; soy_lecithin; sugar,"--- VISUAL OCR PAGE 1: page_001.png ---
HOTEL
© tocations @ Hew A OB
WHAT'S NEW SALE VELVETISER HOT & ICED CHOCOLATE GIFT IDEAS ALL CHOCOLATE CORPORATE GIFTS
< END OF SEASON SALE 50% OFF WHILE STOCKS LAST >
BLOG CHOCOLATE KNOWLEDGE WHAT IS LECITHIN AND WHY IS IT IN CHOCOLATE?
chocolate?
12 May 2021 "
candidate_claim,CAND_MEMORY_UCHUNK_001956,"supplier_relationship / ingredient_confirmation / cost_or_price_benchmark: cocoa_chocolate, milk_dairy, soy_lecithin",soy_lecithin,unified_memory_scan,direct_product_or_label_evidence,sku_or_label_level,supplier_relationship; ingredient_confirmation; cost_or_price_benchmark; manufacturing_or_process,,cocoa_chocolate; milk_dairy; soy_lecithin,"ecithin for the i Polar
European food market drastically changed the lecithin world market supply system beginning 28 ts
in 1996. Traditional non-GMO soybean availability will become more scarce, which presents a e e as
market opportunity for high-quality IP non-GMO canola, soy, and sunflower lecith"
candidate_claim,CAND_MEMORY_UCHUNK_001958,"ingredient_confirmation / manufacturing_or_process: cocoa_chocolate, soy_lecithin",soy_lecithin,unified_memory_scan,direct_product_or_label_evidence,sku_or_label_level,ingredient_confirmation; manufacturing_or_process,,cocoa_chocolate; soy_lecithin,"line, phosphate,
glycerol, and fatty acids. The body's greatest concentration of lecithin is found in the vital
organs, where it makes up about 30% of the dry weight of the brain. Lecithin acts as an
emulsifier and helps the body in the absorption of fats.
The lecithin that is used in chocolate is a"
candidate_claim,CAND_MEMORY_UCHUNK_001959,"ingredient_confirmation / manufacturing_or_process: fda, soy_lecithin",soy_lecithin,unified_memory_scan,direct_product_or_label_evidence,sku_or_label_level,ingredient_confirmation; manufacturing_or_process,fda,soy_lecithin,"seco
particularly suitable for stabilising either O/W or W/O emulsions when used in isolation, but it
may be effective when used in combination with other surfactants (van Nieuwenhuyzen and sOls Modif
Szuhaj, 1998). In addition, lecithin can be chemically or enzymatically hydrolysed to break off Foo"
candidate_claim,CAND_MEMORY_UCHUNK_001960,"ingredient_confirmation: cocoa_chocolate, natural_flavor, soy_lecithin",soy_lecithin,unified_memory_scan,direct_product_or_label_evidence,sku_or_label_level,ingredient_confirmation,,cocoa_chocolate; natural_flavor; soy_lecithin,"he various purity specifications of food-grade lecithin.
Table 9.E. Legal Purity Specifications of Food-Grade Lecithin
Purity FAO/WHO Codex Alimentarius | European Union E322 Food Chemical Codex
Acetone insoluble % &gt;60 &gt;60 &gt;50
Hexane insoluble % Hydrolyzed &gt; 56 &lt;0.3
Toluene insoluble "
candidate_claim,CAND_MEMORY_UCHUNK_002279,"supplier_relationship / ingredient_confirmation / cost_or_price_benchmark: hershey, sugar",sugar,unified_memory_scan,direct_product_or_label_evidence,sku_or_label_level,supplier_relationship; ingredient_confirmation; cost_or_price_benchmark; sustainability_context; manufacturing_or_process,hershey,sugar,"pliers to communicate the SCOC and relevant policies throughout their
supply chains. To verify that our sugar suppliers uphold our standards within their own operations
we have enrolled all sugar suppliers in our Responsible Sourcing Supplier Program. As part of this
program, all processing sites th"
candidate_claim,CAND_MEMORY_UCHUNK_001730,"supplier_relationship / ingredient_confirmation / cost_or_price_benchmark: asr, packaging, sugar",sugar,unified_memory_scan,direct_product_or_label_evidence,sku_or_label_level,supplier_relationship; ingredient_confirmation; cost_or_price_benchmark; logistics_distribution; sustainability_context; manufacturing_or_process,asr,packaging; sugar,"on-Refinery Operations
Buffalo, New York – USA 
Calumet, Illinois – USA
Chicago, Illinois – USA 
Nashville, Tennessee – USA 
Cleveland, Ohio – USA 
Plaistow, England – EU 
Belleville, Ontario – Canada 
Fortin – Mexico
Scope and Scale of Operations Included: 
107
ASR Group Sustainability Report 2023
"
candidate_claim,CAND_MEMORY_UCHUNK_001732,"supplier_relationship / ingredient_confirmation / cost_or_price_benchmark: asr, packaging, sugar",sugar,unified_memory_scan,direct_product_or_label_evidence,sku_or_label_level,supplier_relationship; ingredient_confirmation; cost_or_price_benchmark; sustainability_context; manufacturing_or_process,asr,packaging; sugar,"ASR Group Refining
ASR Group Milling
All NROs
All Scopes
0.641
0.463
1.155
Scope 1
0.145
0.084
0.028
Scope 2
0.027
0.009
0.017
Location Based
0.033
0.009
0.020
Market Based
0.033
0.009
0.017
Scope 3
0.470
0.370
1.110
Biogenic - Out of Scope
0.498
0.734
0.000
109
ASR Group Sustainability Report 2023
"
candidate_claim,CAND_MEMORY_UCHUNK_001733,"supplier_relationship / ingredient_confirmation / logistics_distribution: asr, packaging, sugar",sugar,unified_memory_scan,direct_product_or_label_evidence,sku_or_label_level,supplier_relationship; ingredient_confirmation; logistics_distribution; sustainability_context; manufacturing_or_process,asr,packaging; sugar,"489
19,087
Sugar Supply
285,328
285,328
13,313
176,658
80,071
28,598
13,313
Raw Material Procurement (Ingredients)
25,838
21,067
4,771
12,154
3,959
4,955
4,771
Raw Material Procurement (Packaging)
5,084
4,182
902
1,995
1,550
637
902
Raw Material Procurement (Maintenance Materials)
2,702
2,601
100
1,"
candidate_claim,CAND_MEMORY_UCHUNK_001735,"supplier_relationship / ingredient_confirmation / cost_or_price_benchmark: asr, packaging, sugar",sugar,unified_memory_scan,direct_product_or_label_evidence,sku_or_label_level,supplier_relationship; ingredient_confirmation; cost_or_price_benchmark; sustainability_context; manufacturing_or_process,asr,packaging; sugar,".002
0.083
Scope 2
0.001
0.000
0.000
0.002
0.000
0.000
Location Based
0.002
0.029
0.003
0.001
0.000
0.029
Market Based
0.001
0.000
0.000
0.002
0.000
0.000
Scope 3
0.455
1.024
0.496
0.459
0.590
1.024
Biogenic - Out of Scope
0.498
0.000
0.000
0.000
0.996
0.000
112
ASR Group Sustainability Report 2023
"
candidate_claim,CAND_MEMORY_UCHUNK_001736,"supplier_relationship / ingredient_confirmation / cost_or_price_benchmark: asr, packaging, sugar",sugar,unified_memory_scan,direct_product_or_label_evidence,sku_or_label_level,supplier_relationship; ingredient_confirmation; cost_or_price_benchmark; logistics_distribution; sustainability_context; manufacturing_or_process,asr,packaging; sugar,"19,941
2,064
Raw Material Procurement (Ingredients)
1,834
1,806
28
4
1,802
28
Raw Material Procurement (Packaging)
1,323
965
357
244
721
357
Raw Material Procurement (Maintenance Materials)
3,499
3,493
6
2,057
1,436
6
Capital goods
1,767
1,765
2
1,636
129
2
Fuel-and-energy-related activities (not in"
candidate_claim,CAND_MEMORY_UCHUNK_001738,"supplier_relationship / ingredient_confirmation / cost_or_price_benchmark: asr, packaging, sugar",sugar,unified_memory_scan,direct_product_or_label_evidence,sku_or_label_level,supplier_relationship; ingredient_confirmation; cost_or_price_benchmark; logistics_distribution; sustainability_context; manufacturing_or_process,asr,packaging; sugar,"ning
LATAM / Central Amer. NRO
BSI
ISN
Fortin
All Scopes
0.455
0.433
0.480
Scope 1
0.073
0.043
0.107
Scope 2
0.009
0.010
0.009
Location Based
0.009
0.010
0.009
Market Based
0.009
0.010
0.009
Scope 3
0.373
0.380
0.364
Biogenic - Out of Scope
1.479
1.460
1.500
116
ASR Group Sustainability Report 2023
"
candidate_claim,CAND_MEMORY_UCHUNK_001739,"supplier_relationship / ingredient_confirmation / logistics_distribution: asr, packaging, sugar",sugar,unified_memory_scan,direct_product_or_label_evidence,sku_or_label_level,supplier_relationship; ingredient_confirmation; logistics_distribution; sustainability_context; manufacturing_or_process,asr,packaging; sugar,"goods
12,349
12,092
256
253
56
302
1,935
7,869
1,733
71
9
18
89
13
Fuel-and-energy-related activities (not 
included in scope 1 or 2)
70,821
68,575
2,246
108
37
14,316
20,859
24,802
8,489
133
116
911
525
525
Upstream transportation and distribution
150,058
131,361
16,354
51,271
5,726
11,533
36,161
5"
candidate_claim,CAND_MEMORY_UCHUNK_001742,"supplier_relationship / ingredient_confirmation / cost_or_price_benchmark: asr, packaging, sugar",sugar,unified_memory_scan,direct_product_or_label_evidence,sku_or_label_level,supplier_relationship; ingredient_confirmation; cost_or_price_benchmark; logistics_distribution; sustainability_context; manufacturing_or_process,asr,packaging; sugar,".182
0.013
Scope 2
0.069
0.000
0.001
0.002
0.010
0.178
Location Based
0.069
0.000
0.001
0.002
0.010
0.225
Market Based
0.069
0.000
0.001
0.002
0.010
0.225
Scope 3
0.487
0.459
0.417
0.518
0.421
0.563
Biogenic - Out of Scope
0.000
0.000
0.000
0.000
0.000
0.000
119
ASR Group Sustainability Report 2023
"
candidate_claim,CAND_MEMORY_UCHUNK_001744,"supplier_relationship / ingredient_confirmation / cost_or_price_benchmark: asr, packaging, sugar",sugar,unified_memory_scan,direct_product_or_label_evidence,sku_or_label_level,supplier_relationship; ingredient_confirmation; cost_or_price_benchmark; sustainability_context; manufacturing_or_process,asr,packaging; sugar,"ASR Group Refining
ASR Group Milling
All NROs
All Scopes
0.607
0.428
1.190
Scope 1
0.141
0.068
0.031
Scope 2
0.031
0.009
0.022
Location Based
0.038
0.009
0.023
Market Based
0.038
0.009
0.022
Scope 3
0.436
0.351
1.138
Biogenic - Out of Scope
0.523
0.807
0.000
121
ASR Group Sustainability Report 2023
"
candidate_claim,CAND_MEMORY_UCHUNK_001745,"supplier_relationship / ingredient_confirmation / logistics_distribution: asr, packaging, sugar",sugar,unified_memory_scan,direct_product_or_label_evidence,sku_or_label_level,supplier_relationship; ingredient_confirmation; logistics_distribution; sustainability_context; manufacturing_or_process,asr,packaging; sugar,",487
160,147
59,406
26,429
16,487
Sugar Supply
225,136
225,136
11,071
146,112
54,907
24,117
11,071
Raw Material Procurement (Ingredients)
19,230
14,692
4,538
10,324
2,904
1,465
4,538
Raw Material Procurement (Packaging)
4,683
3,903
780
2,112
1,214
576
780
Raw Material Procurement (Maintenance Materi"
candidate_claim,CAND_MEMORY_UCHUNK_001747,"supplier_relationship / ingredient_confirmation / cost_or_price_benchmark: asr, packaging, sugar",sugar,unified_memory_scan,direct_product_or_label_evidence,sku_or_label_level,supplier_relationship; ingredient_confirmation; cost_or_price_benchmark; sustainability_context; manufacturing_or_process,asr,packaging; sugar,".012
0.070
Scope 2
0.004
0.016
0.000
0.016
0.000
0.016
Location Based
0.006
0.030
0.005
0.013
0.000
0.030
Market Based
0.004
0.016
0.000
0.016
0.000
0.016
Scope 3
0.443
0.967
0.495
0.441
0.513
0.967
Biogenic - Out of Scope
0.523
0.000
0.000
0.000
1.046
0.000
124
ASR Group Sustainability Report 2023
"
candidate_claim,CAND_MEMORY_UCHUNK_001748,"supplier_relationship / ingredient_confirmation / cost_or_price_benchmark: asr, packaging, sugar",sugar,unified_memory_scan,direct_product_or_label_evidence,sku_or_label_level,supplier_relationship; ingredient_confirmation; cost_or_price_benchmark; logistics_distribution; sustainability_context; manufacturing_or_process,asr,packaging; sugar,"23,251
3,204
Raw Material Procurement (Ingredients)
3,857
3,813
44
2,130
1,683
44
Raw Material Procurement (Packaging)
1,119
829
290
463
366
290
Raw Material Procurement (Maintenance Materials)
3,405
3,397
8
1,898
1,499
8
Capital goods
512
497
15
242
255
15
Fuel-and-energy-related activities (not in"
candidate_claim,CAND_MEMORY_UCHUNK_001750,"supplier_relationship / ingredient_confirmation / cost_or_price_benchmark: asr, packaging, sugar",sugar,unified_memory_scan,direct_product_or_label_evidence,sku_or_label_level,supplier_relationship; ingredient_confirmation; cost_or_price_benchmark; logistics_distribution; sustainability_context; manufacturing_or_process,asr,packaging; sugar,"ning
LATAM / Central Amer. NRO
BSI
ISN
Fortin
All Scopes
0.415
0.381
0.458
Scope 1
0.064
0.052
0.079
Scope 2
0.008
0.007
0.010
Location Based
0.008
0.007
0.010
Market Based
0.008
0.007
0.010
Scope 3
0.343
0.322
0.369
Biogenic - Out of Scope
1.481
1.518
1.434
128
ASR Group Sustainability Report 2023
"
candidate_claim,CAND_MEMORY_UCHUNK_001751,"supplier_relationship / ingredient_confirmation / logistics_distribution: asr, packaging, sugar",sugar,unified_memory_scan,direct_product_or_label_evidence,sku_or_label_level,supplier_relationship; ingredient_confirmation; logistics_distribution; sustainability_context; manufacturing_or_process,asr,packaging; sugar,"tal goods
6,071
5,680
391
1,139
121
895
1,196
1,422
1,028
92
37
29
95
19
Fuel-and-energy-related activities (not 
included in scope 1 or 2)
71,720
69,922
1,798
91
37
14,232
19,688
28,305
7,606
216
234
916
149
246
Upstream transportation and distribution
137,279
121,081
14,058
52,416
4,729
11,629
24,"
candidate_claim,CAND_MEMORY_UCHUNK_001758,"supplier_relationship / ingredient_confirmation / logistics_distribution: asr, packaging, sugar",sugar,unified_memory_scan,direct_product_or_label_evidence,sku_or_label_level,supplier_relationship; ingredient_confirmation; logistics_distribution; sustainability_context; manufacturing_or_process,asr,packaging; sugar,"en material or product’s 
embodied carbon. These numbers will ultimately be displaced by supplier reported embodied carbon that is validated by a third-party critical review 
in accordance with ISO & GHG Protocol.
Product Life Cycle Data Reliability Heat Map
134
ASR Group Sustainability Report 2023
"
candidate_claim,CAND_MEMORY_UCHUNK_002050,"supplier_relationship / ingredient_confirmation / cost_or_price_benchmark: hershey, sugar",sugar,unified_memory_scan,direct_product_or_label_evidence,sku_or_label_level,supplier_relationship; ingredient_confirmation; cost_or_price_benchmark; sustainability_context; manufacturing_or_process,hershey,sugar,"pliers to communicate the SCOC and relevant policies throughout their
supply chains. To verify that our sugar suppliers uphold our standards within their own operations
we have enrolled all sugar suppliers in our Responsible Sourcing Supplier Program. As part of this
program, all processing sites th"
candidate_claim,CAND_MEMORY_UCHUNK_000218,"supplier_relationship / ingredient_confirmation / cost_or_price_benchmark: barry_callebaut, target, cocoa_chocolate",cocoa_chocolate_cocoa_butter,unified_memory_scan,direct_visual_or_page_evidence,retail_page_level,supplier_relationship; ingredient_confirmation; cost_or_price_benchmark; retail_price; sustainability_context; manufacturing_or_process,barry_callebaut; target,cocoa_chocolate,"l Report 2024/25
Letter to Shareholders
Overview
Business Highlights
Financial Reports
Governance
7
This year has been a pivotal moment 
in Barry Callebaut’s journey. Despite 
an unprecedented market 
environment, we have advanced our 
transformation and reinforced the 
foundations for long‑term suc"
candidate_claim,CAND_MEMORY_UCHUNK_000227,"supplier_relationship / cost_or_price_benchmark / retail_price: target, sugar",cocoa_chocolate_cocoa_butter,unified_memory_scan,direct_visual_or_page_evidence,retail_page_level,supplier_relationship; cost_or_price_benchmark; retail_price; logistics_distribution; sustainability_context; manufacturing_or_process,target,sugar,"try dialogue with key stakeholders in both origin 
and consumer countries (1-5). Further details on the Group’s sustainability 
strategy and framework are available in the Sustainability section of the 
Annual Social and Environmental Impact Report.
The Group links the following ESG 
material topics"
candidate_claim,CAND_MEMORY_UCHUNK_000228,"supplier_relationship / retail_price / sustainability_context: barry_callebaut, target",cocoa_chocolate_cocoa_butter,unified_memory_scan,direct_visual_or_page_evidence,retail_page_level,supplier_relationship; retail_price; sustainability_context; manufacturing_or_process,barry_callebaut; target,,"l, regional, and local sales and operations planning process. 
A comprehensive issue management system, supported by targeted business 
continuity plans, ensures business continuity and recovery during disruptions. 
Global sourcing teams continuously monitor key risk indicators, including 
weather p"
candidate_claim,CAND_MEMORY_UCHUNK_000238,"supplier_relationship / retail_price / manufacturing_or_process: barry_callebaut, target",cocoa_chocolate_cocoa_butter,unified_memory_scan,direct_visual_or_page_evidence,retail_page_level,supplier_relationship; retail_price; manufacturing_or_process,barry_callebaut; target,,"esign, and testing processes. Furthermore, a program 
promoting a culture of quality and food safety, endorsed by the Group's 
Executive Committee, is effectively implemented throughout the entire 
organization to ensure that all employees maintain a mindset of zero defects. 
A well-governed process"
candidate_claim,CAND_MEMORY_UCHUNK_000239,supplier_relationship / cost_or_price_benchmark / retail_price: target,cocoa_chocolate_cocoa_butter,unified_memory_scan,direct_visual_or_page_evidence,retail_page_level,supplier_relationship; cost_or_price_benchmark; retail_price; sustainability_context; manufacturing_or_process,target,,"ent departments 
manage a well-diversified and flexible operations network, supported by a 
structured and coordinated global, regional, and local sales and operations 
planning process. A comprehensive issue management system is in place, 
supported by targeted business continuity plans, to ensure "
candidate_claim,CAND_MEMORY_UCHUNK_000346,"supplier_relationship / cost_or_price_benchmark / retail_price: barry_callebaut, target",cocoa_chocolate_cocoa_butter,unified_memory_scan,direct_visual_or_page_evidence,retail_page_level,supplier_relationship; cost_or_price_benchmark; retail_price,barry_callebaut; target,,"ured actual salary. The plans are fully insured. The 
funding of the defined benefit plans are externalized to an insurance company who is responsible for the 
operation of the plan including the allocation of plan assets. The governance and the supervision as well 
as the responsibility to make cha"
candidate_claim,CAND_MEMORY_UCHUNK_000347,"cost_or_price_benchmark / retail_price / sustainability_context: barry_callebaut, target",cocoa_chocolate_cocoa_butter,unified_memory_scan,direct_visual_or_page_evidence,retail_page_level,cost_or_price_benchmark; retail_price; sustainability_context,barry_callebaut; target,,"hree months of the preceding fiscal year in order 
to calculate the number of share units awarded. 
Members of the Executive Committee are entitled to performance share units (PSU) only. The vesting 
period is three years (cliff), and the vesting will be conditional on forward-looking performance 
c"
candidate_claim,CAND_MEMORY_UCHUNK_000348,"retail_price / sustainability_context: barry_callebaut, target",cocoa_chocolate_cocoa_butter,unified_memory_scan,direct_visual_or_page_evidence,retail_page_level,retail_price; sustainability_context,barry_callebaut; target,,"delivering the best performance in the peer group. 
The second performance criterion, accounting for 20% of the relevant PSU grant, is ROIC. The ROIC 
criterion rewards the sustainable management of the Company’s assets. The three-year ROIC target was 
set by the Board of Directors on the basis of t"
candidate_claim,CAND_MEMORY_UCHUNK_000387,"ingredient_confirmation / retail_price: barry_callebaut, cvs",cocoa_chocolate_cocoa_butter,unified_memory_scan,direct_visual_or_page_evidence,retail_page_level,ingredient_confirmation; retail_price,barry_callebaut; cvs,,"f Commerce.
Markus R. Neuhaus studied law at the University 
of Zurich (Switzerland) and received his 
doctorate in 1988. He obtained his second 
qualification as a Certified Tax Consultant in 
1990 and completed various management 
courses at international business schools 
(Harvard, INSEAD, IMD).
"
candidate_claim,CAND_MEMORY_UCHUNK_000404,"retail_price / sustainability_context: barry_callebaut, target",cocoa_chocolate_cocoa_butter,unified_memory_scan,direct_visual_or_page_evidence,retail_page_level,retail_price; sustainability_context,barry_callebaut; target,,"seek to better understand shareholders’ concerns. 
Accordingly, we gathered further feedback from shareholders and 
proxy advisors. We understood that shareholders desired additional 
disclosure on our incentive programs and in response we have 
increased transparency levels as of this year’s Remune"
candidate_claim,CAND_MEMORY_UCHUNK_000406,"cost_or_price_benchmark / retail_price: barry_callebaut, target",cocoa_chocolate_cocoa_butter,unified_memory_scan,direct_visual_or_page_evidence,retail_page_level,cost_or_price_benchmark; retail_price,barry_callebaut; target,,"lans 
well aligned with market practice to enable us to compete 
successfully with our peers and to support our ambitious growth 
plans. We will continue to regularly review and refine our 
compensation programs to ensure that they remain fit for purpose 
in the evolving context in which the company"
candidate_claim,CAND_MEMORY_UCHUNK_000407,"cost_or_price_benchmark / retail_price: barry_callebaut, target",cocoa_chocolate_cocoa_butter,unified_memory_scan,direct_visual_or_page_evidence,retail_page_level,cost_or_price_benchmark; retail_price,barry_callebaut; target,,"act & retain
Long-Term 
Incentive (LTI)
Drive and reward long-term performance, 
align with shareholders’ interests, retain
 
Executive Committee members are subject to minimum shareholding 
requirements (CEO 300%, other members 200% of annual base salary).
Remuneration Board of Directors
The remune"
candidate_claim,CAND_MEMORY_UCHUNK_000412,"cost_or_price_benchmark / retail_price: barry_callebaut, target",cocoa_chocolate_cocoa_butter,unified_memory_scan,direct_visual_or_page_evidence,retail_page_level,cost_or_price_benchmark; retail_price,barry_callebaut; target,,"services to Barry Callebaut and there are clear rules 
in place to ensure the independence of consultants involved.
For further details on the NCC, please refer to the section 
“Functioning of the Board” in the Corporate Governance Report.
Standard agenda items
Sept
Nov
Dec
Apr
July
Compensation Con"
candidate_claim,CAND_MEMORY_UCHUNK_000418,"cost_or_price_benchmark / retail_price: barry_callebaut, target",cocoa_chocolate_cocoa_butter,unified_memory_scan,direct_visual_or_page_evidence,retail_page_level,cost_or_price_benchmark; retail_price,barry_callebaut; target,,"scal year under review; Grants to the BoD 
are based on the service period between Annual General Meetings of Shareholders.
3
Value defined as grant value at the beginning of the term of office.
4
Audit, Finance, Risk, Quality & Compliance Committee.
5
Nomination & Compensation Committee.
6
Member o"
candidate_claim,CAND_MEMORY_UCHUNK_000419,"cost_or_price_benchmark / retail_price / sustainability_context: barry_callebaut, target",cocoa_chocolate_cocoa_butter,unified_memory_scan,direct_visual_or_page_evidence,retail_page_level,cost_or_price_benchmark; retail_price; sustainability_context,barry_callebaut; target,,", skills) of the incumbent
•
Target weight in % of total 
remuneration: CEO 25%–40%, 
Executive Committee 25%–40%
Annual cash 
bonus
(variable)
Barry 
Callebaut 
Short-Term 
Incentive Plan 
(STIP)
•
Target 100% of annual base salary 
for the Chief Executive Officer and 
all other members of the Exec"
candidate_claim,CAND_MEMORY_UCHUNK_000421,"cost_or_price_benchmark / retail_price: barry_callebaut, target",cocoa_chocolate_cocoa_butter,unified_memory_scan,direct_visual_or_page_evidence,retail_page_level,cost_or_price_benchmark; retail_price,barry_callebaut; target,,"Georg Fischer
Givaudan
Givaudan
Kühne + Nagel
Kühne + Nagel
Lindt + Spruengli
Lindt + Spruengli
Lonza
Lonza
Schindler
Schindler
SGS
SGS
Sika
Sika
ABB
Alcon
Holcim
Emmi
Logitech
BARRY CALLEBAUT
Annual Report 2024/25
Letter to Shareholders
Overview
Business Highlights
Financial Reports
Governance
127
"
candidate_claim,CAND_MEMORY_UCHUNK_000422,"cost_or_price_benchmark / retail_price / sustainability_context: barry_callebaut, target",cocoa_chocolate_cocoa_butter,unified_memory_scan,direct_visual_or_page_evidence,retail_page_level,cost_or_price_benchmark; retail_price; sustainability_context,barry_callebaut; target,,"ith the BC Next Level strategic investment program.
For each financial objective, an expected level of performance 
(“target”) was defined, corresponding to a payout factor of 100%. A 
threshold level of performance, below which there is no payout, and 
a maximum level of performance, above which th"
candidate_claim,CAND_MEMORY_UCHUNK_000423,"cost_or_price_benchmark / retail_price: barry_callebaut, target",cocoa_chocolate_cocoa_butter,unified_memory_scan,direct_visual_or_page_evidence,retail_page_level,cost_or_price_benchmark; retail_price,barry_callebaut; target,,"ned. Hence, the total individual STI payout potential is capped at 
196% (140%*140%). The overall aggregate STI payout potential for 
Barry Callebaut at group level though is capped at 140%.
The CEO proposes the relevant performance criteria of the 
Executive Committee members to the NCC. The NCC re"
candidate_claim,CAND_MEMORY_UCHUNK_000424,"ingredient_confirmation / cost_or_price_benchmark / retail_price: barry_callebaut, hershey, target",cocoa_chocolate_cocoa_butter,unified_memory_scan,direct_visual_or_page_evidence,retail_page_level,ingredient_confirmation; cost_or_price_benchmark; retail_price; sustainability_context,barry_callebaut; hershey; target,,"-year vesting 
period.
LTIP design change FY 2024/25
In prior years performance share units granted under the LTIP were 
measured on two equally weighted KPIs: relative share price 
development of Barry Callebaut versus a peer group of companies, 
as well as Return on Invested Capital (ROIC).
As of "
candidate_claim,CAND_MEMORY_UCHUNK_000425,"cost_or_price_benchmark / retail_price / sustainability_context: barry_callebaut, target",cocoa_chocolate_cocoa_butter,unified_memory_scan,direct_visual_or_page_evidence,retail_page_level,cost_or_price_benchmark; retail_price; sustainability_context,barry_callebaut; target,,"nce in the peer group.
The second performance criterion, accounting for 20% of the 
relevant PSU grant, is Return on Invested Capital (ROIC). The ROIC 
criterion rewards the sustainable management of the Company’s 
assets. The three-year ROIC target was set by the Board of 
Directors on the basis of"
candidate_claim,CAND_MEMORY_UCHUNK_000426,"ingredient_confirmation / cost_or_price_benchmark / retail_price: barry_callebaut, target, cocoa_chocolate",cocoa_chocolate_cocoa_butter,unified_memory_scan,direct_visual_or_page_evidence,retail_page_level,ingredient_confirmation; cost_or_price_benchmark; retail_price; sustainability_context,barry_callebaut; target,cocoa_chocolate,"tprint vs. base year FY 2021/22 
has been defined. These efforts underscore Barry Callebaut’s belief 
that sustainability is essential not only for the planet but also for the 
BARRY CALLEBAUT
Annual Report 2024/25
Letter to Shareholders
Overview
Business Highlights
Financial Reports
Governance
129
"
candidate_claim,CAND_MEMORY_UCHUNK_000427,"cost_or_price_benchmark / retail_price / sustainability_context: barry_callebaut, target",cocoa_chocolate_cocoa_butter,unified_memory_scan,direct_visual_or_page_evidence,retail_page_level,cost_or_price_benchmark; retail_price; sustainability_context,barry_callebaut; target,,"e event of death, in 
which case vesting will be accelerated. In case of change of control, 
the unvested awards are subject to an immediate vesting subject to 
the achievement level as determined by the Board of Directors in its 
reasonable discretion.
Further, any award granted under the LTIP is s"
candidate_claim,CAND_MEMORY_UCHUNK_000431,"cost_or_price_benchmark / retail_price: barry_callebaut, target",cocoa_chocolate_cocoa_butter,unified_memory_scan,direct_visual_or_page_evidence,retail_page_level,cost_or_price_benchmark; retail_price,barry_callebaut; target,,"hare price-dependent performance share units. 
6 The value of the restricted shares is defined as fair value at grant date (CHF 1,424). The value of the restricted share units is defined as fair 
value at grant date (CHF 1,314). The value of the ROIC-dependent PSU is the market price at grant date ("
candidate_claim,CAND_MEMORY_UCHUNK_000432,"cost_or_price_benchmark / retail_price: barry_callebaut, target",cocoa_chocolate_cocoa_butter,unified_memory_scan,direct_visual_or_page_evidence,retail_page_level,cost_or_price_benchmark; retail_price,barry_callebaut; target,,"he 
average individual performance achievements are disclosed. 
For the LTIP, the PSU granted under the LTIP in FY 2022/23 vested at the end of the reporting year. 
Under the plan rules of the 2022 LTIP, the vesting of the first half of the PSU was conditional upon the 
share price evolution of Barr"
candidate_claim,CAND_MEMORY_UCHUNK_000435,"retail_price: barry_callebaut, cvs",cocoa_chocolate_cocoa_butter,unified_memory_scan,direct_visual_or_page_evidence,retail_page_level,retail_price,barry_callebaut; cvs,,",609 units) 
divided by the total number of outstanding shares, is 0.2%. These 
disclosures reflect the entire Long-Term-Incentive Plan including 
non-key management personnel.
BARRY CALLEBAUT
Annual Report 2024/25
Letter to Shareholders
Overview
Business Highlights
Financial Reports
Governance
133
"
candidate_claim,CAND_MEMORY_UCHUNK_000440,"retail_price: barry_callebaut, target",cocoa_chocolate_cocoa_butter,unified_memory_scan,direct_visual_or_page_evidence,retail_page_level,retail_price,barry_callebaut; target,,"Half-Year Results 2025/26
July 9, 2026
9-month Key Sales Figures 2025/26
November 4, 2026
Full-Year Results 2025/26
December 9, 2026
Annual General Meeting of Shareholders 2026
BARRY CALLEBAUT
Annual Report 2024/25
Letter to Shareholders
Overview
Business Highlights
Financial Reports
Governance
140
"
candidate_claim,CAND_MEMORY_UCHUNK_000449,"supplier_relationship / ingredient_confirmation / cost_or_price_benchmark: target, cocoa_chocolate",cocoa_chocolate_cocoa_butter,unified_memory_scan,direct_visual_or_page_evidence,retail_page_level,supplier_relationship; ingredient_confirmation; cost_or_price_benchmark; retail_price; sustainability_context,target,cocoa_chocolate,"resilience is 
not theoretical, and we see it being tested in real time, particularly in 
West Africa. The path forward is clear: policy reform that enables 
investment, puts more money in the hands of farmers, removes 
inefficiencies in the value chain, and supports replanting with the 
right speci"
candidate_claim,CAND_MEMORY_UCHUNK_000451,"supplier_relationship / ingredient_confirmation / retail_price: barry_callebaut, target, cocoa_chocolate",cocoa_chocolate_cocoa_butter,unified_memory_scan,direct_visual_or_page_evidence,retail_page_level,supplier_relationship; ingredient_confirmation; retail_price; sustainability_context,barry_callebaut; target,cocoa_chocolate,"ot hesitate to get in 
touch with Barry Callebaut if you have any suggestions or 
comments on our efforts.
BARRY CALLEBAUT
Annual Social and Environmental 
Impact Report 2024/25
Letter to Stakeholders
Sustainability
Our People
Governance
TCFD
GRI Report
Policies
5
Peter Feld
Chief Executive Officer
"
candidate_claim,CAND_MEMORY_UCHUNK_000452,"supplier_relationship / ingredient_confirmation / cost_or_price_benchmark: target, cocoa_chocolate, packaging",cocoa_chocolate_cocoa_butter,unified_memory_scan,direct_visual_or_page_evidence,retail_page_level,supplier_relationship; ingredient_confirmation; cost_or_price_benchmark; retail_price; sustainability_context,target,cocoa_chocolate; packaging,"promote forest restoration in Ghana 
and Côte d’Ivoire
▪
Published first materiality 
assessment to identify and 
prioritize key ESG topics
▪
Publication of first Forever 
Chocolate third-party 
audited progress report
▪
First company certified by 
SustainCERT for carbon 
removals via agroforestry
▪"
candidate_claim,CAND_MEMORY_UCHUNK_000455,"supplier_relationship / ingredient_confirmation / retail_price: barry_callebaut, target, cocoa_chocolate",cocoa_chocolate_cocoa_butter,unified_memory_scan,direct_visual_or_page_evidence,retail_page_level,supplier_relationship; ingredient_confirmation; retail_price; sustainability_context,barry_callebaut; target,cocoa_chocolate,"uropean 
Union Deforestation Regulation (EUDR) - 
regardless of its timeline - but also reflects our 
belief that traceability is fundamental to a 
rigorous, sustainable, and transparent supply 
chain. We are not standing on the sidelines until 
new regulations take effect - we are building 
systems"
candidate_claim,CAND_MEMORY_UCHUNK_000456,"supplier_relationship / ingredient_confirmation / cost_or_price_benchmark: barry_callebaut, target, cocoa_chocolate, milk_dairy, sugar",cocoa_chocolate_cocoa_butter,unified_memory_scan,direct_visual_or_page_evidence,retail_page_level,supplier_relationship; ingredient_confirmation; cost_or_price_benchmark; retail_price; sustainability_context,barry_callebaut; target,cocoa_chocolate; milk_dairy; sugar,"g and 
our vision as a company. Yet, as the sustainability 
landscape has evolved, so too has our approach. 
We have continuously refined our methodologies, 
strengthened our data systems, and deepened 
our research to ensure our approach and targets 
remain both credible and impactful.
BARRY CALLEB"
candidate_claim,CAND_MEMORY_UCHUNK_000461,"supplier_relationship / ingredient_confirmation / cost_or_price_benchmark: target, cocoa_chocolate",cocoa_chocolate_cocoa_butter,unified_memory_scan,direct_visual_or_page_evidence,retail_page_level,supplier_relationship; ingredient_confirmation; cost_or_price_benchmark; retail_price; sustainability_context; manufacturing_or_process,target,cocoa_chocolate,"s part of our broader strategy to combat CSSV 
in West Africa, we have launched a pilot project 
on CSSV covering 100 hectares in an area with 
high disease prevalence, aiming to develop an 
effective management framework against CSSV 
disease following the best practices from the 
CIRAD BarCo proje"
candidate_claim,CAND_MEMORY_UCHUNK_000462,"supplier_relationship / ingredient_confirmation / retail_price: barry_callebaut, target, cocoa_chocolate",cocoa_chocolate_cocoa_butter,unified_memory_scan,direct_visual_or_page_evidence,retail_page_level,supplier_relationship; ingredient_confirmation; retail_price; sustainability_context,barry_callebaut; target,cocoa_chocolate,"e risks and 
opportunities facing cocoa farmers in its supply 
chain. This evidence has guided our investments 
towards the factors that most effectively support 
farmer productivity and livelihoods. In applying 
eight years of data, we have successfully 
developed targeted interventions that enhanc"
candidate_claim,CAND_MEMORY_UCHUNK_000473,"supplier_relationship / ingredient_confirmation / cost_or_price_benchmark: barry_callebaut, target, cocoa_chocolate",cocoa_chocolate_cocoa_butter,unified_memory_scan,direct_visual_or_page_evidence,retail_page_level,supplier_relationship; ingredient_confirmation; cost_or_price_benchmark; retail_price; sustainability_context,barry_callebaut; target,cocoa_chocolate,"sources to invest in essential 
pre-harvest activities such as labor, fertilizer, pest 
control, and planting material. Small farm sizes 
further constrain income potential and long-term 
resilience.9 
BARRY CALLEBAUT
Annual Social and Environmental 
Impact Report 2024/25
Letter to Stakeholders
Sust"
candidate_claim,CAND_MEMORY_UCHUNK_000474,"supplier_relationship / ingredient_confirmation / cost_or_price_benchmark: target, cocoa_chocolate",cocoa_chocolate_cocoa_butter,unified_memory_scan,direct_visual_or_page_evidence,retail_page_level,supplier_relationship; ingredient_confirmation; cost_or_price_benchmark; retail_price; sustainability_context,target,cocoa_chocolate,"ne is not enough. Achieving lasting impact 
requires a combination of targeted interventions 
through sustainability programs and an enabling 
policy environment, compelling narratives that 
drive change, and the right level of investment.
In 2024/25, despite climate-related challenges 
and a 30% in"
candidate_claim,CAND_MEMORY_UCHUNK_000482,"supplier_relationship / ingredient_confirmation / cost_or_price_benchmark: barry_callebaut, target, cocoa_chocolate",cocoa_chocolate_cocoa_butter,unified_memory_scan,direct_visual_or_page_evidence,retail_page_level,supplier_relationship; ingredient_confirmation; cost_or_price_benchmark; retail_price; sustainability_context,barry_callebaut; target,cocoa_chocolate,"ion, 88,058 farmers received our 
Productivity Package, which includes tailored 
support to help them improve yield and enhance 
farm productivity. Recognizing the importance of 
rejuvenating cocoa farms, we also distributed 
BARRY CALLEBAUT
Annual Social and Environmental 
Impact Report 2024/25
Let"
candidate_claim,CAND_MEMORY_UCHUNK_000485,"supplier_relationship / ingredient_confirmation / retail_price: barry_callebaut, target, cocoa_chocolate",cocoa_chocolate_cocoa_butter,unified_memory_scan,direct_visual_or_page_evidence,retail_page_level,supplier_relationship; ingredient_confirmation; retail_price; sustainability_context; manufacturing_or_process,barry_callebaut; target,cocoa_chocolate,". Final Report 2018/2019 Survey
17 https://www.ohchr.org/sites/default/files/documents/publications/guidingprinciplesbusinesshr_en.pdf
Our goal
By 2025, our entire supply chain will 
be covered by Human Rights Due 
Diligence, remediating all child labor 
cases identified. By 2030, the farming 
commu"
candidate_claim,CAND_MEMORY_UCHUNK_000490,"supplier_relationship / ingredient_confirmation / retail_price: barry_callebaut, target, cocoa_chocolate",cocoa_chocolate_cocoa_butter,unified_memory_scan,direct_visual_or_page_evidence,retail_page_level,supplier_relationship; ingredient_confirmation; retail_price; sustainability_context; manufacturing_or_process,barry_callebaut; target,cocoa_chocolate,"techniques.
Additionally, over 100 staff globally who serve as 
first responders in our direct supply chain 
BARRY CALLEBAUT
Annual Social and Environmental 
Impact Report 2024/25
Letter to Stakeholders
Sustainability
Our People
Governance
TCFD
GRI Report
Policies
26
FOREVER CHOCOLATE
HUMAN RIGHTS

"
candidate_claim,CAND_MEMORY_UCHUNK_000491,"supplier_relationship / ingredient_confirmation / retail_price: barry_callebaut, target, cocoa_chocolate",cocoa_chocolate_cocoa_butter,unified_memory_scan,direct_visual_or_page_evidence,retail_page_level,supplier_relationship; ingredient_confirmation; retail_price; sustainability_context,barry_callebaut; target,cocoa_chocolate,"hildren’s 
engagement in hazardous tasks and increase 
school attendance. 
In Ghana, the My Life My Rights project, 
implemented by Right To Play, focuses on 
empowering children through play-based learning. 
In 2024/25, 50 school clubs were established, with 
trained junior leaders facilitating act"
candidate_claim,CAND_MEMORY_UCHUNK_000497,"supplier_relationship / ingredient_confirmation / retail_price: target, cocoa_chocolate",cocoa_chocolate_cocoa_butter,unified_memory_scan,direct_visual_or_page_evidence,retail_page_level,supplier_relationship; ingredient_confirmation; retail_price; sustainability_context,target,cocoa_chocolate,"rs
Sustainability
Our People
Governance
TCFD
GRI Report
Policies
30
FOREVER CHOCOLATE
Our goal
By 2025, we will be forest positive. 
By 2030, we will have decarbonized 
our footprint in line with global 
efforts to cap global warming at 
1.5 degrees Celsius. By 2050, we 
will be a Net Zero company.
"
candidate_claim,CAND_MEMORY_UCHUNK_000499,"supplier_relationship / ingredient_confirmation / retail_price: barry_callebaut, target, cocoa_chocolate",cocoa_chocolate_cocoa_butter,unified_memory_scan,direct_visual_or_page_evidence,retail_page_level,supplier_relationship; ingredient_confirmation; retail_price; sustainability_context,barry_callebaut; target,cocoa_chocolate,"using No Deforestation, No Peat and No 
Exploitation (NDPE) and EUDR criteria, grounded 
in accurate supplying land plots data. Updated 
twice a year, it provides a forward-looking view of 
risk exposure and enables us to share relevant 
insights with our suppliers, driving concrete 
actions. By com"
candidate_claim,CAND_MEMORY_UCHUNK_000502,"supplier_relationship / ingredient_confirmation / retail_price: barry_callebaut, target, cocoa_chocolate",cocoa_chocolate_cocoa_butter,unified_memory_scan,direct_visual_or_page_evidence,retail_page_level,supplier_relationship; ingredient_confirmation; retail_price; sustainability_context,barry_callebaut; target,cocoa_chocolate,"on, Starling performs risk assessments to 
identify regions vulnerable to future deforestation, 
drawing on historical land use and practices.
The insights provided by Starling have become a 
cornerstone of our strategy to comply with EUDR 
requirements and advance our forest positive 
commitments.
"
candidate_claim,CAND_MEMORY_UCHUNK_000507,"supplier_relationship / ingredient_confirmation / retail_price: barry_callebaut, target, cocoa_chocolate",cocoa_chocolate_cocoa_butter,unified_memory_scan,direct_visual_or_page_evidence,retail_page_level,supplier_relationship; ingredient_confirmation; retail_price; sustainability_context,barry_callebaut; target,cocoa_chocolate,"ocoa cell culture technology, 
an emerging innovation that enables the 
cultivation of cocoa cells in controlled 
environments. While still in early development, 
this technology has the potential to diversify 
cocoa sourcing, strengthen supply chain resilience, 
and unlock new product possibilities"
candidate_claim,CAND_MEMORY_UCHUNK_000508,"supplier_relationship / ingredient_confirmation / retail_price: barry_callebaut, target, cocoa_chocolate",cocoa_chocolate_cocoa_butter,unified_memory_scan,direct_visual_or_page_evidence,retail_page_level,supplier_relationship; ingredient_confirmation; retail_price; sustainability_context,barry_callebaut; target,cocoa_chocolate,"uce and remove 
emissions across our value chain - from farm to 
factory.
Factories
Reducing our scope 1 and 2 emissions is a key part 
of our Net Zero Roadmap, which targets a 42% 
reduction by 2030. In 2024/25, 81% of electricity 
used globally came from renewable sources, and 
38 out of 62 factor"
candidate_claim,CAND_MEMORY_UCHUNK_000510,"supplier_relationship / ingredient_confirmation / retail_price: barry_callebaut, target, cocoa_chocolate",cocoa_chocolate_cocoa_butter,unified_memory_scan,direct_visual_or_page_evidence,retail_page_level,supplier_relationship; ingredient_confirmation; retail_price; logistics_distribution; sustainability_context; manufacturing_or_process,barry_callebaut; target,cocoa_chocolate,"enchmark for sustainable 
logistics in our global network. 
We have also started to engage external 
transportation partners, with a focus on 
decarbonizing ocean freight, to further reduce 
value chain emissions. 
Cross-industry collaboration and 
recognition
Beyond commercial partnerships, in 2024"
candidate_claim,CAND_MEMORY_UCHUNK_000513,"supplier_relationship / ingredient_confirmation / retail_price: barry_callebaut, target, cocoa_chocolate, milk_dairy, sugar",cocoa_chocolate_cocoa_butter,unified_memory_scan,direct_visual_or_page_evidence,retail_page_level,supplier_relationship; ingredient_confirmation; retail_price; sustainability_context,barry_callebaut; target,cocoa_chocolate; milk_dairy; sugar,"EBAUT
Annual Social and Environmental 
Impact Report 2024/25
Letter to Stakeholders
Sustainability
Our People
Governance
TCFD
GRI Report
Policies
39
FOREVER CHOCOLATE
Our goal
By 2030, we will have 100% 
certified or verified cocoa and 
ingredients in all of our 
products, traceable to farm 
level.
"
candidate_claim,CAND_MEMORY_UCHUNK_000514,"supplier_relationship / ingredient_confirmation / cost_or_price_benchmark: target, cocoa_chocolate, milk_dairy, sugar",cocoa_chocolate_cocoa_butter,unified_memory_scan,direct_visual_or_page_evidence,retail_page_level,supplier_relationship; ingredient_confirmation; cost_or_price_benchmark; retail_price; sustainability_context,target,cocoa_chocolate; milk_dairy; sugar,"VER CHOCOLATE
SUSTAINABLE INGREDIENTS
*Sourcing power, critical recipe impact, customer awareness
Key ingredients 
prioritization
Key ingredients
Cocoa
Sugar (beet and cane)
Dairy
Palm and palm kernel
Coconut
Soy
Vanilla
Hazelnut
Not key
Shea
Almond
Sunflower, Rapeseed
Sweeteners (Corn)
Specialties
"
candidate_claim,CAND_MEMORY_UCHUNK_000515,"supplier_relationship / ingredient_confirmation / cost_or_price_benchmark: barry_callebaut, target, cocoa_chocolate",cocoa_chocolate_cocoa_butter,unified_memory_scan,direct_visual_or_page_evidence,retail_page_level,supplier_relationship; ingredient_confirmation; cost_or_price_benchmark; retail_price; sustainability_context,barry_callebaut; target,cocoa_chocolate,"ting benchmarks for impact-driven 
sustainability in cocoa. These efforts are a core 
part of our ambition to be the industry’s leading 
sustainability solution provider in the chocolate 
and cocoa industry.
For a detailed overview of Cocoa Horizons 
activities and progress, please refer to the late"
candidate_claim,CAND_MEMORY_UCHUNK_000516,"supplier_relationship / ingredient_confirmation / cost_or_price_benchmark: barry_callebaut, target, cocoa_chocolate",cocoa_chocolate_cocoa_butter,unified_memory_scan,direct_visual_or_page_evidence,retail_page_level,supplier_relationship; ingredient_confirmation; cost_or_price_benchmark; retail_price; sustainability_context; manufacturing_or_process,barry_callebaut; target,cocoa_chocolate,"BARRY CALLEBAUT
Annual Social and Environmental 
Impact Report 2024/25
Letter to Stakeholders
Sustainability
Our People
Governance
TCFD
GRI Report
Policies
41
FOREVER CHOCOLATE
SUSTAINABLE INGREDIENTS
We are a longstanding 
member of the 
Roundtable on 
Sustainable Palm Oil 
(RSPO) and currently 
se"
candidate_claim,CAND_MEMORY_UCHUNK_000521,"supplier_relationship / ingredient_confirmation / cost_or_price_benchmark: barry_callebaut, target, cocoa_chocolate, milk_dairy",cocoa_chocolate_cocoa_butter,unified_memory_scan,direct_visual_or_page_evidence,retail_page_level,supplier_relationship; ingredient_confirmation; cost_or_price_benchmark; retail_price; sustainability_context,barry_callebaut; target,cocoa_chocolate; milk_dairy,"ool. 
In addition, we are a member of the Dairy 
Sustainability Alliance by the Innovation Centre 
BARRY CALLEBAUT
Annual Social and Environmental 
Impact Report 2024/25
Letter to Stakeholders
Sustainability
Our People
Governance
TCFD
GRI Report
Policies
43
FOREVER CHOCOLATE
SUSTAINABLE INGREDIENTS
"
candidate_claim,CAND_MEMORY_UCHUNK_000523,"supplier_relationship / ingredient_confirmation / cost_or_price_benchmark: barry_callebaut, target, cocoa_chocolate, soy_lecithin",cocoa_chocolate_cocoa_butter,unified_memory_scan,direct_visual_or_page_evidence,retail_page_level,supplier_relationship; ingredient_confirmation; cost_or_price_benchmark; retail_price; sustainability_context; manufacturing_or_process,barry_callebaut; target,cocoa_chocolate; soy_lecithin,"sed to 
extract coconut oil - at the cooperative level, 
enabling centralized, controlled drying. 
BARRY CALLEBAUT
Annual Social and Environmental 
Impact Report 2024/25
Letter to Stakeholders
Sustainability
Our People
Governance
TCFD
GRI Report
Policies
44
FOREVER CHOCOLATE
SUSTAINABLE INGREDIENTS
"
candidate_claim,CAND_MEMORY_UCHUNK_000526,"supplier_relationship / ingredient_confirmation / cost_or_price_benchmark: barry_callebaut, target, cocoa_chocolate, milk_dairy, sugar",cocoa_chocolate_cocoa_butter,unified_memory_scan,direct_visual_or_page_evidence,retail_page_level,supplier_relationship; ingredient_confirmation; cost_or_price_benchmark; retail_price; sustainability_context,barry_callebaut; target,cocoa_chocolate; milk_dairy; sugar,"orm. This makes 
Barry Callebaut the first SAI Platform member to 
achieve FSA benchmarking for a hazelnut-specific 
sourcing program.
BARRY CALLEBAUT
Annual Social and Environmental 
Impact Report 2024/25
Letter to Stakeholders
Sustainability
Our People
Governance
TCFD
GRI Report
Policies
46
FOREVE"
candidate_claim,CAND_MEMORY_UCHUNK_000527,"supplier_relationship / ingredient_confirmation / retail_price: barry_callebaut, target, cocoa_chocolate",cocoa_chocolate_cocoa_butter,unified_memory_scan,direct_visual_or_page_evidence,retail_page_level,supplier_relationship; ingredient_confirmation; retail_price; sustainability_context,barry_callebaut; target,cocoa_chocolate,"e sourcing 
program.
In cocoa, we also continued to strengthen 
traceability and farm-level data collection. In 
2024/25, 85.6% of plots within our direct cocoa 
supply chain were mapped, enabling targeted 
interventions, and improved monitoring of 
progress toward living income and deforestation-
f"
candidate_claim,CAND_MEMORY_UCHUNK_000548,"supplier_relationship / cost_or_price_benchmark / retail_price: target, sugar",cocoa_chocolate_cocoa_butter,unified_memory_scan,direct_visual_or_page_evidence,retail_page_level,supplier_relationship; cost_or_price_benchmark; retail_price; logistics_distribution; sustainability_context; manufacturing_or_process,target,sugar,"try dialogue with key stakeholders in both origin 
and consumer countries (1-5). Further details on the Group’s sustainability 
strategy and framework are available in the Sustainability section of the 
Annual Social and Environmental Impact Report.
The Group links the following ESG 
material topics"
candidate_claim,CAND_MEMORY_UCHUNK_000549,"supplier_relationship / retail_price / sustainability_context: barry_callebaut, target",cocoa_chocolate_cocoa_butter,unified_memory_scan,direct_visual_or_page_evidence,retail_page_level,supplier_relationship; retail_price; sustainability_context; manufacturing_or_process,barry_callebaut; target,,"l, regional, and local sales and operations planning process. 
A comprehensive issue management system, supported by targeted business 
continuity plans, ensures business continuity and recovery during disruptions. 
Global sourcing teams continuously monitor key risk indicators, including 
weather p"
candidate_claim,CAND_MEMORY_UCHUNK_000560,supplier_relationship / retail_price / manufacturing_or_process: target,cocoa_chocolate_cocoa_butter,unified_memory_scan,direct_visual_or_page_evidence,retail_page_level,supplier_relationship; retail_price; manufacturing_or_process,target,,"ncident.
The quality and food safety risk 
landscape of the Group may be 
influenced by various ESG material 
topics, necessitating adjustments 
to 
the 
Group's 
quality 
management 
systems 
and 
procedures. 
Although 
this 
disclosure 
does 
not 
explicitly 
establish a direct correlation, the 
G"
candidate_claim,CAND_MEMORY_UCHUNK_000561,"supplier_relationship / cost_or_price_benchmark / retail_price: barry_callebaut, target",cocoa_chocolate_cocoa_butter,unified_memory_scan,direct_visual_or_page_evidence,retail_page_level,supplier_relationship; cost_or_price_benchmark; retail_price; sustainability_context; manufacturing_or_process,barry_callebaut; target,,"nt, indirect materials, logistics, and related 
services. Short-term mitigation strategies include maintaining adequate 
safety stock levels and leveraging a diversified regional supply network, while 
long-term adaptation and resilience measures involve strategic reviews of the 
Group’s sourcing, o"
candidate_claim,CAND_MEMORY_UCHUNK_000575,"retail_price / sustainability_context / manufacturing_or_process: barry_callebaut, target",cocoa_chocolate_cocoa_butter,unified_memory_scan,direct_visual_or_page_evidence,retail_page_level,retail_price; sustainability_context; manufacturing_or_process,barry_callebaut; target,,"e-related scenarios, including a 2 degrees Celsius or lower scenario.
The resilience of the Organization's strategy
Area
Disclosure recommendation
Reference
BARRY CALLEBAUT
Annual Social and Environmental 
Impact Report 2024/25
Letter to Stakeholders
Sustainability
Our People
Governance
TCFD
GRI Rep"
candidate_claim,CAND_MEMORY_UCHUNK_000576,"retail_price / sustainability_context: barry_callebaut, target",cocoa_chocolate_cocoa_butter,unified_memory_scan,direct_visual_or_page_evidence,retail_page_level,retail_price; sustainability_context,barry_callebaut; target,,"to achieve a 30% reduction by 2030, 
compared to fiscal year 2021/22, the base year.
The Company Carbon Footprint of the Group is aligned with the GHG Protocol, 
which categorizes GHG emissions into three scopes according to their underlying 
activity. 
— Scope 1 emissions are direct GHG emissions r"
candidate_claim,CAND_MEMORY_UCHUNK_000577,"supplier_relationship / ingredient_confirmation / retail_price: barry_callebaut, target, cocoa_chocolate",cocoa_chocolate_cocoa_butter,unified_memory_scan,direct_visual_or_page_evidence,retail_page_level,supplier_relationship; ingredient_confirmation; retail_price; sustainability_context; manufacturing_or_process,barry_callebaut; target,cocoa_chocolate,"related 
risks and opportunities and performance against targets.
Advancing on our Net Zero Journey
Area
Disclosure recommendation
Reference
BARRY CALLEBAUT
Annual Social and Environmental 
Impact Report 2024/25
Letter to Stakeholders
Sustainability
Our People
Governance
TCFD
GRI Report
Policies
73
"
candidate_claim,CAND_MEMORY_UCHUNK_000579,"supplier_relationship / ingredient_confirmation / cost_or_price_benchmark: barry_callebaut, target, cocoa_chocolate",cocoa_chocolate_cocoa_butter,unified_memory_scan,direct_visual_or_page_evidence,retail_page_level,supplier_relationship; ingredient_confirmation; cost_or_price_benchmark; retail_price; sustainability_context; manufacturing_or_process,barry_callebaut; target,cocoa_chocolate,"consumer needs, ensuring sustained growth and continued market relevance.
Medium
For a more detailed impact description, see Risk Overview.
BARRY CALLEBAUT
Annual Social and Environmental 
Impact Report 2024/25
Letter to Stakeholders
Sustainability
Our People
Governance
TCFD
GRI Report
Policies
74

"
candidate_claim,CAND_MEMORY_UCHUNK_000581,"retail_price / sustainability_context: barry_callebaut, target",cocoa_chocolate_cocoa_butter,unified_memory_scan,direct_visual_or_page_evidence,retail_page_level,retail_price; sustainability_context,barry_callebaut; target,,"limited reliance on internal expert judgment. In contrast, the financial impact of opportunities is assessed entirely based on internal expert 
evaluations.
BARRY CALLEBAUT
Annual Social and Environmental 
Impact Report 2024/25
Letter to Stakeholders
Sustainability
Our People
Governance
TCFD
GRI Rep"
candidate_claim,CAND_MEMORY_UCHUNK_000582,"supplier_relationship / ingredient_confirmation / retail_price: barry_callebaut, target, cocoa_chocolate",cocoa_chocolate_cocoa_butter,unified_memory_scan,direct_visual_or_page_evidence,retail_page_level,supplier_relationship; ingredient_confirmation; retail_price; sustainability_context,barry_callebaut; target,cocoa_chocolate,"ition, Divergent Net 
Zero, Nationally Determined Contributions (NDCs), and 
Current Policies. 
The Group’s analysis focused on three of the NGFS 
scenarios within a medium time horizon (ten years). The 
first is the Net Zero 2050 scenario, which assumes a 
global temperature increase of 1.4 degrees"
candidate_claim,CAND_MEMORY_UCHUNK_000600,"supplier_relationship / ingredient_confirmation / retail_price: barry_callebaut, target, cocoa_chocolate",cocoa_chocolate_cocoa_butter,unified_memory_scan,direct_visual_or_page_evidence,retail_page_level,supplier_relationship; ingredient_confirmation; retail_price; sustainability_context; manufacturing_or_process,barry_callebaut; target,cocoa_chocolate,"e employees.
14% of employees are below 30 years old, 64% of employees are between 30-50 years old, 23% of employees are above 50 years old.
BARRY CALLEBAUT
Annual Social and Environmental 
Impact Report 2024/25
Letter to Stakeholders
Sustainability
Our People
Governance
TCFD
GRI Report
Policies
90
"
candidate_claim,CAND_MEMORY_UCHUNK_000699,"ingredient_confirmation / retail_price / logistics_distribution: target, cocoa_chocolate",cocoa_chocolate_cocoa_butter,unified_memory_scan,direct_visual_or_page_evidence,retail_page_level,ingredient_confirmation; retail_price; logistics_distribution; manufacturing_or_process,target,cocoa_chocolate,"uring 
transportation and storage. See sections Part 
III Pest and Disease Control and Storage.
 
 
 
Usage must comply with all national and 
international regulations. 
Spraying as part of Integrated Crop and Pest 
Management (IPM). 
Manage tree architecture to allow for air 
circulation and easy "
candidate_claim,CAND_MEMORY_UCHUNK_000741,"ingredient_confirmation / cost_or_price_benchmark / retail_price: target, cocoa_chocolate",cocoa_chocolate_cocoa_butter,unified_memory_scan,direct_visual_or_page_evidence,retail_page_level,ingredient_confirmation; cost_or_price_benchmark; retail_price; logistics_distribution,target,cocoa_chocolate,"avoid the 
possibility of temperature differentials, 
condensation and water migration. 
 
Sacks should be stored on pallets off the 
floor. Wooden pallets should have a layer of 
protective polythene or plastic between the 
surfaces of the pallet and the first layer of 
sacks if the pallets have be"
candidate_claim,CAND_MEMORY_UCHUNK_001935,"ingredient_confirmation / cost_or_price_benchmark / retail_price: target, cocoa_chocolate, sugar",cocoa_chocolate_cocoa_butter,unified_memory_scan,direct_visual_or_page_evidence,retail_page_level,ingredient_confirmation; cost_or_price_benchmark; retail_price; manufacturing_or_process,target,cocoa_chocolate; sugar,"ates.
hygiene considerations), on concrete platforms on the ground in the villages.
It must also be mentioned that cocoa powder must be tempered. This is a sort of controlled
The duration of the drying step depends on the weather, but it is unusual for sun-drying in 7 . P P
cooling operation during "
candidate_claim,CAND_MEMORY_UCHUNK_000629,"supplier_relationship / ingredient_confirmation / cost_or_price_benchmark: target, usda, cocoa_chocolate",cocoa_chocolate_cocoa_butter,unified_memory_scan,direct_visual_or_page_evidence,retail_page_level,supplier_relationship; ingredient_confirmation; cost_or_price_benchmark; retail_price; sustainability_context; manufacturing_or_process,target; usda,cocoa_chocolate,"exercises are underway. Also, the Ghanaian government is supplying farmers with more 
adequate quantities of insecticides to cover this season’s application requirements. Ghana's cocoa bean 
exports are projected to reach 520,000 MT, up 55 percent over the preceding year’s estimate of 336,000 
MT.

"
candidate_claim,CAND_MEMORY_UCHUNK_000632,"ingredient_confirmation / retail_price / sustainability_context: target, cocoa_chocolate",cocoa_chocolate_cocoa_butter,unified_memory_scan,direct_visual_or_page_evidence,retail_page_level,ingredient_confirmation; retail_price; sustainability_context; manufacturing_or_process,target,cocoa_chocolate,"along with more conducive weather conditions account for the 
enhanced harvest outlook. Post sources comment that cocoa bean purchases made toward the early part 
of the current MY 2024/2025 main crop season have come in significantly higher than that of the entire 
MY 2023/2024 production season.

"
candidate_claim,CAND_MEMORY_UCHUNK_000642,"supplier_relationship / ingredient_confirmation / cost_or_price_benchmark: target, cocoa_chocolate, natural_flavor",cocoa_chocolate_cocoa_butter,unified_memory_scan,direct_visual_or_page_evidence,retail_page_level,supplier_relationship; ingredient_confirmation; cost_or_price_benchmark; retail_price; logistics_distribution; sustainability_context; manufacturing_or_process,target,cocoa_chocolate; natural_flavor,"cocoa value chain. Its 
mission is to encourage and facilitate the production, processing and marketing of quality cocoa in an 
efficient and cost-effective manner. COCOBOD’s functions focus on the production, research, 
extension, internal and external marketing, and quality control. The functions "
candidate_claim,CAND_MEMORY_UCHUNK_000646,"ingredient_confirmation / cost_or_price_benchmark / retail_price: target, cocoa_chocolate",cocoa_chocolate_cocoa_butter,unified_memory_scan,direct_visual_or_page_evidence,retail_page_level,ingredient_confirmation; cost_or_price_benchmark; retail_price; manufacturing_or_process,target,cocoa_chocolate,"ting Board existing immediately 
before the commencement of this Act. The objects of the Board shall include: (a) to encourage the production of cocoa, 
coffee and shea; (b) to undertake the cultivation of cocoa, coffee and shea; (c) to initiate programs aimed at controlling pests 
and diseases of c"
candidate_claim,CAND_MEMORY_UCHUNK_000647,"ingredient_confirmation / cost_or_price_benchmark / retail_price: target, cocoa_chocolate",cocoa_chocolate_cocoa_butter,unified_memory_scan,direct_visual_or_page_evidence,retail_page_level,ingredient_confirmation; cost_or_price_benchmark; retail_price; sustainability_context,target,cocoa_chocolate,"Bean Pricing Policy and Purchases in Ghana: Domestic cocoa bean prices (i.e., producer 
price) are fixed by COCOBOD. The Ghanaian government, through COCOBOD announces the 
producer price at the beginning of the main crop season (usually the first of October). The Ghanaian 
government targets provid"
candidate_claim,CAND_MEMORY_UCHUNK_002037,"supplier_relationship / ingredient_confirmation / cost_or_price_benchmark: target, usda, cocoa_chocolate, milk_dairy",dairy_milk_skim_milk_milk_fat,unified_memory_scan,direct_visual_or_page_evidence,retail_page_level,supplier_relationship; ingredient_confirmation; cost_or_price_benchmark; retail_price; sustainability_context,target; usda,cocoa_chocolate; milk_dairy,"emissions,
according to a 2022 ESG report. The chocolate maker also planted more
than 3,000 trees as a riparian buffer to prevent thousands of pounds of
sediment, nitrogen and phosphorus from entering the streams of
Chesapeake Bay.
Efforts to restore the waterways have been “more challenging than
ex"
candidate_claim,CAND_MEMORY_UCHUNK_001982,"supplier_relationship / ingredient_confirmation / retail_price: hershey, target, cocoa_chocolate, milk_dairy",dairy_milk_skim_milk_milk_fat,unified_memory_scan,direct_visual_or_page_evidence,retail_page_level,supplier_relationship; ingredient_confirmation; retail_price; sustainability_context; manufacturing_or_process,hershey; target,cocoa_chocolate; milk_dairy,"--- VISUAL OCR PAGE 1: page_001.png ---
CAREERS MEDIA INVESTORS
HERSHEY.
f& > Home > Sustainability > Sustainability Issues
Dairy aN
Fresh dairy milk is an important ingredient in Hershey's iconic milk chocolate. Dairy production
supports tens of thousands of farmers across the U.S. and can play an "
candidate_claim,CAND_MEMORY_UCHUNK_000811,"supplier_relationship / retail_price / sustainability_context: hershey, target",dairy_milk_skim_milk_milk_fat,unified_memory_scan,direct_visual_or_page_evidence,retail_page_level,supplier_relationship; retail_price; sustainability_context,hershey; target,,"for employees and their 
dependents (aged five and over) who wanted 
to get vaccinated or receive a booster shot. We 
also continued our flexible working conditions so 
that corporate employees could keep working 
from home and via a hybrid in-office work 
environment. We focused on the health and 
"
candidate_claim,CAND_MEMORY_UCHUNK_000812,"supplier_relationship / ingredient_confirmation / retail_price: hershey, target, cocoa_chocolate, packaging",dairy_milk_skim_milk_milk_fat,unified_memory_scan,direct_visual_or_page_evidence,retail_page_level,supplier_relationship; ingredient_confirmation; retail_price; sustainability_context; manufacturing_or_process,hershey; target,cocoa_chocolate; packaging,"ns by 50% and our absolute 
Scope 3 emissions by 25% by 2030, against 
a 2018 baseline. We’re already taking action 
to meet our goal, including signing power 
purchase agreements (PPAs) that will enable 
the construction of three new utility-scale 
solar farms. We also made substantial progress 
to"
candidate_claim,CAND_MEMORY_UCHUNK_000813,"supplier_relationship / ingredient_confirmation / retail_price: hershey, target, cocoa_chocolate, packaging",dairy_milk_skim_milk_milk_fat,unified_memory_scan,direct_visual_or_page_evidence,retail_page_level,supplier_relationship; ingredient_confirmation; retail_price; sustainability_context; manufacturing_or_process,hershey; target,cocoa_chocolate; packaging,"-based therapeutic food, to 45,000 
children daily in Côte d’Ivoire and Ghana.
For more information, see page 24.
5 
The Hershey Company | 2021 ESG Report
The Big Picture Our Company Cocoa Responsible Sourcing and Human Rights Environment Our People Youth Community About This Report
The Big Picture
"
candidate_claim,CAND_MEMORY_UCHUNK_000814,"supplier_relationship / ingredient_confirmation / retail_price: hershey, target, cocoa_chocolate, packaging",dairy_milk_skim_milk_milk_fat,unified_memory_scan,direct_visual_or_page_evidence,retail_page_level,supplier_relationship; ingredient_confirmation; retail_price; sustainability_context; manufacturing_or_process,hershey; target,cocoa_chocolate; packaging,"l well‑being. 
 Community 
Fostering a culture that 
cares — and actively makes 
a difference where we live 
and work. 
• Improve lives across 
the communities where 
we live and work.
6 
The Hershey Company | 2021 ESG Report
The Big Picture Our Company Cocoa Responsible Sourcing and Human Rights E"
candidate_claim,CAND_MEMORY_UCHUNK_000816,"supplier_relationship / ingredient_confirmation / cost_or_price_benchmark: hershey, target, cocoa_chocolate",dairy_milk_skim_milk_milk_fat,unified_memory_scan,direct_visual_or_page_evidence,retail_page_level,supplier_relationship; ingredient_confirmation; cost_or_price_benchmark; retail_price; sustainability_context,hershey; target,cocoa_chocolate,"nic/Latino, Asian/Asian Pacific Islander, Hawaiian Pacific Islander and those 
who identify as two or more races.
7 
The Hershey Company | 2021 ESG Report
The Big Picture Our Company Cocoa Responsible Sourcing and Human Rights Environment Our People Youth Community About This Report
The Big Picture
"
candidate_claim,CAND_MEMORY_UCHUNK_000817,"supplier_relationship / ingredient_confirmation / retail_price: hershey, target, cocoa_chocolate",dairy_milk_skim_milk_milk_fat,unified_memory_scan,direct_visual_or_page_evidence,retail_page_level,supplier_relationship; ingredient_confirmation; retail_price; sustainability_context; manufacturing_or_process,hershey; target,cocoa_chocolate,"LGBTQ Employees
• Top Companies for Executive 
Diversity Councils
• Top Companies for 
Philanthropy
Canada
U.S.
9 
The Hershey Company | 2021 ESG Report
The Big Picture Our Company Cocoa Responsible Sourcing and Human Rights Environment Our People Youth Community About This Report
The Big Picture
"
candidate_claim,CAND_MEMORY_UCHUNK_000850,"supplier_relationship / ingredient_confirmation / retail_price: hershey, target, cocoa_chocolate",dairy_milk_skim_milk_milk_fat,unified_memory_scan,direct_visual_or_page_evidence,retail_page_level,supplier_relationship; ingredient_confirmation; retail_price; sustainability_context,hershey; target,cocoa_chocolate,"ir families experience improved 
well-being and empowerment, and socio-
economic and ecological resilience to 
climate change across the landscape is 
strengthened.
Promoting Climate-Smart Cocoa
As we help more farmers to gain control of 
their land, we are also promoting climate-smart 
growing tech"
candidate_claim,CAND_MEMORY_UCHUNK_000851,"supplier_relationship / ingredient_confirmation / retail_price: hershey, target, cocoa_chocolate",dairy_milk_skim_milk_milk_fat,unified_memory_scan,direct_visual_or_page_evidence,retail_page_level,supplier_relationship; ingredient_confirmation; retail_price; sustainability_context; manufacturing_or_process,hershey; target,cocoa_chocolate,"• 118,000 hectares of landscape programs 
supported and monitored.
For our key cocoa metrics from 
the year, see page 31.
30 
The Hershey Company | 2021 ESG Report
The Big Picture Our Company Cocoa Responsible Sourcing and Human Rights Environment Our People Youth Community About This Report
Cocoa
"
candidate_claim,CAND_MEMORY_UCHUNK_000863,"supplier_relationship / ingredient_confirmation / retail_price: hershey, target, packaging",dairy_milk_skim_milk_milk_fat,unified_memory_scan,direct_visual_or_page_evidence,retail_page_level,supplier_relationship; ingredient_confirmation; retail_price; sustainability_context; manufacturing_or_process,hershey; target,packaging,"d on our initial risk 
assessment of 1,300 direct raw material 
and packaging suppliers, as well as co-
manufacturers, copackers, licensees and The 
Hershey Experience vendors.
We are on track to achieve our goal of 85% of in 
scope supplier sites demonstrating compliance 
with our program requireme"
candidate_claim,CAND_MEMORY_UCHUNK_000864,"supplier_relationship / ingredient_confirmation / retail_price: hershey, target, cocoa_chocolate, milk_dairy, packaging, sugar",dairy_milk_skim_milk_milk_fat,unified_memory_scan,direct_visual_or_page_evidence,retail_page_level,supplier_relationship; ingredient_confirmation; retail_price; sustainability_context,hershey; target,cocoa_chocolate; milk_dairy; packaging; sugar,"aining to a 
number of suppliers through internal trainings 
and partnership with AIM-Progress in Côte 
d’Ivoire, Ghana and China. Looking ahead, 
we continue to work with our suppliers on 
developing long-term corrective actions 
for all open findings through targeted 
capacity building.
Read more "
candidate_claim,CAND_MEMORY_UCHUNK_000871,"supplier_relationship / ingredient_confirmation / retail_price: hershey, target, cocoa_chocolate, packaging",dairy_milk_skim_milk_milk_fat,unified_memory_scan,direct_visual_or_page_evidence,retail_page_level,supplier_relationship; ingredient_confirmation; retail_price; sustainability_context; manufacturing_or_process,hershey; target,cocoa_chocolate; packaging,"well as to trace 100% of our 
virgin fiber materials back to the country 
of harvest by 2025. We continue to 
publish our list of pulp and paper 
suppliers and mill groups, and in 2021, 
expanded this to include those that 
supply to our global operations.
100% 
RSPO-certified
mass balance palm sinc"
candidate_claim,CAND_MEMORY_UCHUNK_000876,"supplier_relationship / ingredient_confirmation / retail_price: hershey, target, cocoa_chocolate, packaging",dairy_milk_skim_milk_milk_fat,unified_memory_scan,direct_visual_or_page_evidence,retail_page_level,supplier_relationship; ingredient_confirmation; retail_price; sustainability_context; manufacturing_or_process,hershey; target,cocoa_chocolate; packaging,"ot include eggs sourced from the U.S. or Canada, which is reflected in the KPI above.
KPIs
47 
The Hershey Company | 2021 ESG Report
The Big Picture Our Company Cocoa Responsible Sourcing and Human Rights Environment Our People Youth Community About This Report
Responsible Sourcing and Human Rights
"
candidate_claim,CAND_MEMORY_UCHUNK_000877,"supplier_relationship / ingredient_confirmation / retail_price: hershey, target, cocoa_chocolate",dairy_milk_skim_milk_milk_fat,unified_memory_scan,direct_visual_or_page_evidence,retail_page_level,supplier_relationship; ingredient_confirmation; retail_price; sustainability_context; manufacturing_or_process,hershey; target,cocoa_chocolate,"people and business and 
are aligned with emission reduction 
requirements to keep warming below 
1.5°C globally.  
48 
The Hershey Company | 2021 ESG Report
The Big Picture Our Company Cocoa Responsible Sourcing and Human Rights Environment Our People Youth Community About This Report
Environment

"
candidate_claim,CAND_MEMORY_UCHUNK_000878,"supplier_relationship / ingredient_confirmation / retail_price: hershey, land_olakes, target, cocoa_chocolate, milk_dairy, packaging, sugar",dairy_milk_skim_milk_milk_fat,unified_memory_scan,direct_visual_or_page_evidence,retail_page_level,supplier_relationship; ingredient_confirmation; retail_price; sustainability_context; manufacturing_or_process,hershey; land_olakes; target,cocoa_chocolate; milk_dairy; packaging; sugar,"practices in collaboration with partners 
and suppliers.
48%
improvement against 
Scope 1 and 2 baseline
(2020: 28%)
49 
The Hershey Company | 2021 ESG Report
The Big Picture Our Company Cocoa Responsible Sourcing and Human Rights Environment Our People Youth Community About This Report
Environment
"
candidate_claim,CAND_MEMORY_UCHUNK_000879,"supplier_relationship / ingredient_confirmation / cost_or_price_benchmark: hershey, land_olakes, target, cocoa_chocolate, milk_dairy, sugar",dairy_milk_skim_milk_milk_fat,unified_memory_scan,direct_visual_or_page_evidence,retail_page_level,supplier_relationship; ingredient_confirmation; cost_or_price_benchmark; retail_price; sustainability_context,hershey; land_olakes; target,cocoa_chocolate; milk_dairy; sugar,"s and 
education on sustainable farming and driving 
traceability to halt deforestation.
 
In both sugar and dairy, we are incorporating 
our climate efforts into new responsible 
sourcing programs. For example, our dairy 
operations are conducting a pilot with our 
supplier Land O’Lakes and the All"
candidate_claim,CAND_MEMORY_UCHUNK_000880,"supplier_relationship / ingredient_confirmation / retail_price: hershey, target, cocoa_chocolate",dairy_milk_skim_milk_milk_fat,unified_memory_scan,direct_visual_or_page_evidence,retail_page_level,supplier_relationship; ingredient_confirmation; retail_price; sustainability_context; manufacturing_or_process,hershey; target,cocoa_chocolate,"ssions from purchased 
power, steam, heating and cooling 
OUR 2021 EMISSIONS 
BREAKDOWN BY SCOPE 
(METRIC TONS CO2e)
50 
The Hershey Company | 2021 ESG Report
The Big Picture Our Company Cocoa Responsible Sourcing and Human Rights Environment Our People Youth Community About This Report
Environment
"
candidate_claim,CAND_MEMORY_UCHUNK_000886,"supplier_relationship / ingredient_confirmation / retail_price: hershey, target, cocoa_chocolate, milk_dairy, packaging, sugar",dairy_milk_skim_milk_milk_fat,unified_memory_scan,direct_visual_or_page_evidence,retail_page_level,supplier_relationship; ingredient_confirmation; retail_price; sustainability_context; manufacturing_or_process,hershey; target,cocoa_chocolate; milk_dairy; packaging; sugar,"able, reusable or compostable 
by 2030. 
• Reduce our packaging weight by an 
additional 25 million pounds by 2030. 
53 
The Hershey Company | 2021 ESG Report
The Big Picture Our Company Cocoa Responsible Sourcing and Human Rights Environment Our People Youth Community About This Report
Environment
"
candidate_claim,CAND_MEMORY_UCHUNK_000887,"supplier_relationship / ingredient_confirmation / retail_price: hershey, target, cocoa_chocolate, packaging",dairy_milk_skim_milk_milk_fat,unified_memory_scan,direct_visual_or_page_evidence,retail_page_level,supplier_relationship; ingredient_confirmation; retail_price; sustainability_context; manufacturing_or_process,hershey; target,cocoa_chocolate; packaging,"e facility’s treated water 
annually. The team is now conducting a 
study to explore using treated water from 
a cooling tower for irrigation.
54 
The Hershey Company | 2021 ESG Report
The Big Picture Our Company Cocoa Responsible Sourcing and Human Rights Environment Our People Youth Community Abou"
candidate_claim,CAND_MEMORY_UCHUNK_000892,"ingredient_confirmation / cost_or_price_benchmark / retail_price: hershey, target, packaging",dairy_milk_skim_milk_milk_fat,unified_memory_scan,direct_visual_or_page_evidence,retail_page_level,ingredient_confirmation; cost_or_price_benchmark; retail_price; manufacturing_or_process,hershey; target,packaging,"facility. This waste 
material, which contains recoverable 
energy, is beneficially used as an alternative 
fuel that substitutes the use of fossil fuels 
for the cement manufacturing facility. This 
practice reduces CO2 emissions for the 
cement manufacturer and contributes 
to a circular economy.
"
candidate_claim,CAND_MEMORY_UCHUNK_000906,"supplier_relationship / retail_price / manufacturing_or_process: hershey, target",dairy_milk_skim_milk_milk_fat,unified_memory_scan,direct_visual_or_page_evidence,retail_page_level,supplier_relationship; retail_price; manufacturing_or_process,hershey; target,,"ctionable every day. 
Per Hershey’s commitment in our 
2022 Proxy Statement, we’ve 
expanded DEI and human capital 
disclosures in this report. For a 
summary of our goals and KPIs related 
to our people, see page 74.
Accelerating DEI Efforts at Hershey 
How Hershey Defines
Diversity: 
Hershey defin"
candidate_claim,CAND_MEMORY_UCHUNK_000907,"supplier_relationship / ingredient_confirmation / retail_price: hershey, target, cocoa_chocolate",dairy_milk_skim_milk_milk_fat,unified_memory_scan,direct_visual_or_page_evidence,retail_page_level,supplier_relationship; ingredient_confirmation; retail_price; sustainability_context,hershey; target,cocoa_chocolate,"ous 
commitments but we know there is 
still work to do.
As we look to the future of The 
Hershey Company, we will be 
guided by The Pathways Project. Not 
only will it help us hold ourselves 
accountable to our targets, we will 
also use it to inform each and every 
business decision to ensure that"
candidate_claim,CAND_MEMORY_UCHUNK_000909,"supplier_relationship / ingredient_confirmation / cost_or_price_benchmark: hershey, target, cocoa_chocolate",dairy_milk_skim_milk_milk_fat,unified_memory_scan,direct_visual_or_page_evidence,retail_page_level,supplier_relationship; ingredient_confirmation; cost_or_price_benchmark; retail_price; sustainability_context,hershey; target,cocoa_chocolate,"onal companies and 
institutions were anonymously surveyed. 
The respondents were asked to rate 
their willingness to recommend their 
own employers to friends and family and 
evaluate other companies in their industry.
Under our first female CEO, Michele Buck, 
women today make up 42% of our board."
candidate_claim,CAND_MEMORY_UCHUNK_000918,"supplier_relationship / ingredient_confirmation / cost_or_price_benchmark: hershey, target, cocoa_chocolate",dairy_milk_skim_milk_milk_fat,unified_memory_scan,direct_visual_or_page_evidence,retail_page_level,supplier_relationship; ingredient_confirmation; cost_or_price_benchmark; retail_price; sustainability_context,hershey; target,cocoa_chocolate,"long-standing 
mentorship programs for students at Milton 
Hershey School but also mentored students 
at the Dauphin County Technical School 
and across the Harrisburg School Districts. 
This year, employees also began mentoring 
youth participating in the NAACP ACT-SO 
Achievement Program of Harris"
candidate_claim,CAND_MEMORY_UCHUNK_000930,"supplier_relationship / ingredient_confirmation / retail_price: hershey, target, cocoa_chocolate",dairy_milk_skim_milk_milk_fat,unified_memory_scan,direct_visual_or_page_evidence,retail_page_level,supplier_relationship; ingredient_confirmation; retail_price; sustainability_context,hershey; target,cocoa_chocolate,"active while staying safe at home.
In addition to the virtual events, short and 
interactive track inspired “Brain Breaks” 
were created to provide students a 
break from virtual learning. New, shorter, 
interactive “Brain Breaks” offer track and 
field-inspired activities and games for 
students to"
candidate_claim,CAND_MEMORY_UCHUNK_000932,"supplier_relationship / ingredient_confirmation / retail_price: hershey, target, cocoa_chocolate",dairy_milk_skim_milk_milk_fat,unified_memory_scan,direct_visual_or_page_evidence,retail_page_level,supplier_relationship; ingredient_confirmation; retail_price; sustainability_context,hershey; target,cocoa_chocolate,"ershey 
employees and their families with MHS student 
homes to provide community connections 
and take part in fun activities together. In 
2021, activities were largely virtual, but the 
connections made continued to make all the 
difference for Hershey employee volunteers and 
MHS students alike."
candidate_claim,CAND_MEMORY_UCHUNK_000942,"supplier_relationship / ingredient_confirmation / cost_or_price_benchmark: hershey, target, cocoa_chocolate",dairy_milk_skim_milk_milk_fat,unified_memory_scan,direct_visual_or_page_evidence,retail_page_level,supplier_relationship; ingredient_confirmation; cost_or_price_benchmark; retail_price; sustainability_context,hershey; target,cocoa_chocolate,"r young 
members and staff. In 2021, Hershey donated 
more than 575,000 masks to schools and 
community organizations.
The Big Picture Our Company Cocoa Responsible Sourcing and Human Rights Environment Our People Youth Community About This Report
91 
The Hershey Company | 2021 ESG Report
Community
"
candidate_claim,CAND_MEMORY_UCHUNK_000943,"supplier_relationship / ingredient_confirmation / cost_or_price_benchmark: hershey, target, cocoa_chocolate",dairy_milk_skim_milk_milk_fat,unified_memory_scan,direct_visual_or_page_evidence,retail_page_level,supplier_relationship; ingredient_confirmation; cost_or_price_benchmark; retail_price; sustainability_context,hershey; target,cocoa_chocolate,"hese reports, ESG‑related 
policies and resources can be found on 
our Sustainability Reports, Policies 
and Resources webpage.
This ESG Report covers the 2021 calendar year, 
which is also our fiscal year.
Select environmental data within this ESG 
Report has been assured by Quantis, an 
independen"
candidate_claim,CAND_MEMORY_UCHUNK_002116,"supplier_relationship / ingredient_confirmation / retail_price: hershey, target, cocoa_chocolate, milk_dairy",hershey_company,unified_memory_scan,direct_visual_or_page_evidence,retail_page_level,supplier_relationship; ingredient_confirmation; retail_price; sustainability_context; manufacturing_or_process,hershey; target,cocoa_chocolate; milk_dairy,"--- VISUAL OCR PAGE 1: page_001.png ---
CAREERS MEDIA INVESTORS
HERSHEY.
f& > Home > Sustainability > Sustainability Issues
Dairy aN
Fresh dairy milk is an important ingredient in Hershey's iconic milk chocolate. Dairy production
supports tens of thousands of farmers across the U.S. and can play an "
candidate_claim,CAND_MEMORY_UCHUNK_002184,"ingredient_confirmation / retail_price: hershey, target",hershey_company,unified_memory_scan,direct_visual_or_page_evidence,retail_page_level,ingredient_confirmation; retail_price,hershey; target,,"and Related Transactions, and Director Independence 101
Item 14. Principal Accountant Fees and Services 101
PART IV
Item 16, Form 10-K Summary 105
Signatures 106
Schedule 1I—Valuation and Qualifying Accounts 107
https://www.sec.gov/Archives/edgar/data/47 111/000004711125000014/hsy-20241231.htm 3/142"
candidate_claim,CAND_MEMORY_UCHUNK_002219,"supplier_relationship / cost_or_price_benchmark / retail_price: hershey, target",hershey_company,unified_memory_scan,direct_visual_or_page_evidence,retail_page_level,supplier_relationship; cost_or_price_benchmark; retail_price; manufacturing_or_process,hershey; target,,"ne may also impact many of the
other risk factors described herein.

Ps
Table of Contents The Hershey Company | 2024 Form 10-K | Page 14 a

https://www.sec.gov/Archives/edgar/data/47 111/000004711125000014/hsy-20241231.htm 23/142

--- VISUAL OCR PAGE 24: page_024.png ---
5/6/26, 1:25 PM hsy-20241231"
candidate_claim,CAND_MEMORY_UCHUNK_002226,supplier_relationship / retail_price / manufacturing_or_process: target,hershey_company,unified_memory_scan,direct_visual_or_page_evidence,retail_page_level,supplier_relationship; retail_price; manufacturing_or_process,target,,"g innovative technology solutions to support our
business goals, and leading enterprise-wide IT transformation initiatives. Our CTO, who reports to the Chief Executive Officer, has
oversight of our Information Security team and leads the company’s global technology strategy, architecting and deployi"
candidate_claim,CAND_MEMORY_UCHUNK_000010,"supplier_relationship / ingredient_confirmation / cost_or_price_benchmark: hershey, target, cocoa_chocolate",hershey_company,unified_memory_scan,direct_visual_or_page_evidence,retail_page_level,supplier_relationship; ingredient_confirmation; cost_or_price_benchmark; retail_price; sustainability_context,hershey; target,cocoa_chocolate,"y and engagement with the farmers who 
grow this important ingredient. 
Fast-moving regulatory actions continue to shape the 
sustainability landscape. We are strengthening our due 
diligence and reporting capabilities, as evidenced by our 
Disclosure and Assurance Reporting Center of Excellence 
an"
candidate_claim,CAND_MEMORY_UCHUNK_000011,"supplier_relationship / ingredient_confirmation / cost_or_price_benchmark: hershey, target, cocoa_chocolate",hershey_company,unified_memory_scan,direct_visual_or_page_evidence,retail_page_level,supplier_relationship; ingredient_confirmation; cost_or_price_benchmark; retail_price; sustainability_context,hershey; target,cocoa_chocolate,"mpact and working hard 
each day to bring goodness to the world. 
Michele Buck
Chairman, President and CEO
The Hershey Company
 Contents
Making Good
Our Company
Cocoa
Responsible Sourcing and Human Rights
Environment
Our People
Youth
Community
About This Report
4
The Hershey Company 2023 ESG Report
"
candidate_claim,CAND_MEMORY_UCHUNK_000012,"supplier_relationship / ingredient_confirmation / retail_price: hershey, target, cocoa_chocolate, packaging",hershey_company,unified_memory_scan,direct_visual_or_page_evidence,retail_page_level,supplier_relationship; ingredient_confirmation; retail_price; sustainability_context; manufacturing_or_process,hershey; target,cocoa_chocolate; packaging,"gress in reducing Hershey’s 
emissions with a keen business focus on our owned 
emissions and expanded efforts to reduce emissions 
in our value chain while advancing nature-based projects 
to combat climate change. We set water usage reduction 
targets for priority sites where water is most scarce."
candidate_claim,CAND_MEMORY_UCHUNK_000017,"supplier_relationship / ingredient_confirmation / retail_price: hershey, target, cocoa_chocolate, packaging",hershey_company,unified_memory_scan,direct_visual_or_page_evidence,retail_page_level,supplier_relationship; ingredient_confirmation; retail_price; sustainability_context; manufacturing_or_process,hershey; target,cocoa_chocolate; packaging,"standards 
to protect people across 
our value chain.
Community
Actively making 
a difference where 
we live and work.
Environment
Enhancing our operations 
to meet high-impact 
climate, waste, water 
and packaging goals.
Our People
Creating more ways for 
more people to be 
themselves and thrive.

"
candidate_claim,CAND_MEMORY_UCHUNK_000021,"supplier_relationship / ingredient_confirmation / cost_or_price_benchmark: hershey, target, cocoa_chocolate, milk_dairy",hershey_company,unified_memory_scan,direct_visual_or_page_evidence,retail_page_level,supplier_relationship; ingredient_confirmation; cost_or_price_benchmark; retail_price; sustainability_context,hershey; target,cocoa_chocolate; milk_dairy,", listening sessions 
• Employee Relief Fund 
• Ethics & Compliance Concern Line 
• Learning and development opportunities including company-wide training 
and role-specific courses 
• Town Halls
• Volunteering and philanthropic activities (Matching Gifts, Dollars for Doers) 
Government, 
policymake"
candidate_claim,CAND_MEMORY_UCHUNK_000023,"supplier_relationship / retail_price / sustainability_context: hershey, target",hershey_company,unified_memory_scan,direct_visual_or_page_evidence,retail_page_level,supplier_relationship; retail_price; sustainability_context,hershey; target,,"the year. As of May 2024, approximately 
55% of our Board of Directors has ESG and human capital 
management experience.
Audit Committee 
Reviews the company’s public reporting with respect 
to ESG matters within the Audit Committee’s purview.
Compensation and Human Capital Committee
Oversees consid"
candidate_claim,CAND_MEMORY_UCHUNK_000030,supplier_relationship / ingredient_confirmation / retail_price: target,hershey_company,unified_memory_scan,direct_visual_or_page_evidence,retail_page_level,supplier_relationship; ingredient_confirmation; retail_price; manufacturing_or_process,target,,"y manufacturing sites. 
We anticipate rolling out the training to manufacturing 
employees in our North America Salty Snacks segment 
in 2024.
• Food safety basics training is part of our required 
onboarding for all new salaried employees, in any role. 
It was assigned to all existing salaried empl"
candidate_claim,CAND_MEMORY_UCHUNK_000032,"supplier_relationship / ingredient_confirmation / retail_price: hershey, target",hershey_company,unified_memory_scan,direct_visual_or_page_evidence,retail_page_level,supplier_relationship; ingredient_confirmation; retail_price; sustainability_context; manufacturing_or_process,hershey; target,,"a range of policies on: 
• Responsible sourcing of key ingredients 
• Standards we expect from our suppliers 
• ESG issues of key concern to us, such as environmental 
management, human rights and food safety 
All Directors and professional employees are trained on 
the Code at onboarding and annual"
candidate_claim,CAND_MEMORY_UCHUNK_000036,"supplier_relationship / ingredient_confirmation / cost_or_price_benchmark: hershey, target, cocoa_chocolate",hershey_company,unified_memory_scan,direct_visual_or_page_evidence,retail_page_level,supplier_relationship; ingredient_confirmation; cost_or_price_benchmark; retail_price; sustainability_context,hershey; target,cocoa_chocolate,"’s inaugural event, 
we held our second enterprise-wide Integrity Day 
in October 2023 — with a focus on the importance 
of privacy and cybersecurity. This collaboration 
between the Ethics, Compliance & Privacy team 
and local Compliance Ambassadors across all 
Hershey locations engaged colleagues "
candidate_claim,CAND_MEMORY_UCHUNK_000052,"supplier_relationship / ingredient_confirmation / retail_price: hershey, target, cocoa_chocolate, packaging",hershey_company,unified_memory_scan,direct_visual_or_page_evidence,retail_page_level,supplier_relationship; ingredient_confirmation; retail_price; sustainability_context,hershey; target,cocoa_chocolate; packaging,"nsible for 
collecting and reporting on CLMRS data. Hershey has 
used industry-aligned best practices, implemented 
by supply chain and community partners, since 2018.
Hershey sets forth Cocoa Key Requirements for suppliers, 
which means that CLMRS implemented by Hershey’s 
suppliers include at leas"
candidate_claim,CAND_MEMORY_UCHUNK_000058,"supplier_relationship / ingredient_confirmation / retail_price: hershey, target, cocoa_chocolate",hershey_company,unified_memory_scan,direct_visual_or_page_evidence,retail_page_level,supplier_relationship; ingredient_confirmation; retail_price; sustainability_context,hershey; target,cocoa_chocolate,"rovided
27
classrooms built 
or renovated
 Contents
Making Good
Our Company
Cocoa
Responsible Sourcing and Human Rights
Environment
Our People
Youth
Community
About This Report
31
The Hershey Company 2023 ESG Report
CNS, ICI and Hershey build modern school infrastructure in Drissapé, 
Côte d’Ivoire
"
candidate_claim,CAND_MEMORY_UCHUNK_000059,"supplier_relationship / ingredient_confirmation / cost_or_price_benchmark: hershey, target, cocoa_chocolate",hershey_company,unified_memory_scan,direct_visual_or_page_evidence,retail_page_level,supplier_relationship; ingredient_confirmation; cost_or_price_benchmark; retail_price; sustainability_context,hershey; target,cocoa_chocolate,". We advance sustainable agricultural 
practices, promoting climate-smart techniques and 
economically viable agroforestry and shade-grown cocoa. 
Hershey has pledged to achieve a deforestation and 
conversion-free supply chain, including cocoa, by the end 
of 2025. Working toward this target we:
• "
candidate_claim,CAND_MEMORY_UCHUNK_000062,"supplier_relationship / ingredient_confirmation / retail_price: hershey, target, cocoa_chocolate",hershey_company,unified_memory_scan,direct_visual_or_page_evidence,retail_page_level,supplier_relationship; ingredient_confirmation; retail_price; sustainability_context,hershey; target,cocoa_chocolate,"ng on 2023, our focus was 
centered on the farmer perspective, 
their interests as well as the 
well-being of their children 
and their communities.
More broadly, we have sharpened 
our understanding of what we can 
do and where and how we need 
to partner. This is helping us better 
communicate our"
candidate_claim,CAND_MEMORY_UCHUNK_000085,"supplier_relationship / cost_or_price_benchmark / retail_price: hershey, target",hershey_company,unified_memory_scan,direct_visual_or_page_evidence,retail_page_level,supplier_relationship; cost_or_price_benchmark; retail_price; sustainability_context,hershey; target,,"w approach to longer-term 
capability building in Mexico in 2023. The eight-month 
program was delivered with AIM-Progress and digital 
training company, Quizrr. Its eight sessions covered 
a range of health and safety, human rights and 
environmental topics. Participants also gained no-cost 
access"
candidate_claim,CAND_MEMORY_UCHUNK_000089,"supplier_relationship / ingredient_confirmation / retail_price: hershey, land_olakes, target, cocoa_chocolate, milk_dairy, sugar",hershey_company,unified_memory_scan,direct_visual_or_page_evidence,retail_page_level,supplier_relationship; ingredient_confirmation; retail_price; sustainability_context,hershey; land_olakes; target,cocoa_chocolate; milk_dairy; sugar,"Three-Year Pilot in Numbers 
• 45 acres of riparian buffer planted
• 9,260 trees planted
• 1.7 million pounds of sediment/2,210 pounds of 
phosphorous/24,200 pounds of nitrogen kept out 
of waterways annually
• 490 metric tons of CO2e sequestered
Hershey’s, EPA’s and Land O’Lakes leadership 
to supp"
candidate_claim,CAND_MEMORY_UCHUNK_000090,"supplier_relationship / ingredient_confirmation / retail_price: hershey, target, sugar",hershey_company,unified_memory_scan,direct_visual_or_page_evidence,retail_page_level,supplier_relationship; ingredient_confirmation; retail_price; sustainability_context; manufacturing_or_process,hershey; target,sugar,"our 
2025 target for 100% verified volumes. Credible third-
party standards and verification, like Bonsucro, are 
essential to improving sustainability performance 
in a complex supply chain.
Engaging Suppliers for Continuous Improvement
We conducted our second assessment of suppliers’ 
sustainabili"
candidate_claim,CAND_MEMORY_UCHUNK_000092,"supplier_relationship / ingredient_confirmation / retail_price: hershey, target, cocoa_chocolate",hershey_company,unified_memory_scan,direct_visual_or_page_evidence,retail_page_level,supplier_relationship; ingredient_confirmation; retail_price; sustainability_context; manufacturing_or_process,hershey; target,cocoa_chocolate,"h, 
field assessments and stakeholder 
engagement found the opportunity to be 
strong. We will use it to update our strategy.
 Contents
Making Good
Our Company
Cocoa
Responsible Sourcing and Human Rights
Environment
Our People
Youth
Community
About This Report
50
The Hershey Company 2023 ESG Report
"
candidate_claim,CAND_MEMORY_UCHUNK_000094,"supplier_relationship / ingredient_confirmation / cost_or_price_benchmark: hershey, target, cocoa_chocolate, packaging",hershey_company,unified_memory_scan,direct_visual_or_page_evidence,retail_page_level,supplier_relationship; ingredient_confirmation; cost_or_price_benchmark; retail_price; sustainability_context; manufacturing_or_process,hershey; target,cocoa_chocolate; packaging,"r 12,000 hectares. They will 
sustainably farm the 2,000 already-cultivated 
hectares and fully protect the remaining 10,000 
hectares of forest, while continuing to sustainably 
harvest non-timber forest products. Hershey 
funding will help with activities including: 
• Equipment for patrol teams
•"
candidate_claim,CAND_MEMORY_UCHUNK_000096,"supplier_relationship / ingredient_confirmation / retail_price: hershey, target, cocoa_chocolate",hershey_company,unified_memory_scan,direct_visual_or_page_evidence,retail_page_level,supplier_relationship; ingredient_confirmation; retail_price; sustainability_context,hershey; target,cocoa_chocolate,"Further embed sustainability into procurement category 
management strategies and supplier relationship 
management practices
 Contents
Making Good
Our Company
Cocoa
Responsible Sourcing and Human Rights
Environment
Our People
Youth
Community
About This Report
52
The Hershey Company 2023 ESG Report
"
candidate_claim,CAND_MEMORY_UCHUNK_000104,"supplier_relationship / ingredient_confirmation / cost_or_price_benchmark: hershey, target, cocoa_chocolate, packaging",hershey_company,unified_memory_scan,direct_visual_or_page_evidence,retail_page_level,supplier_relationship; ingredient_confirmation; cost_or_price_benchmark; retail_price; logistics_distribution; sustainability_context; manufacturing_or_process,hershey; target,cocoa_chocolate; packaging,"ce of Biodiversity 
71
Making Progress on Packaging
72
New Solutions for Waste
73
Employees Catalyzing Change
74
Our Progress
 Contents
Making Good
Our Company
Cocoa
Responsible Sourcing and Human Rights
Environment
Our People
Youth
Community
About This Report
59
The Hershey Company 2023 ESG Report
"
candidate_claim,CAND_MEMORY_UCHUNK_000108,"supplier_relationship / ingredient_confirmation / cost_or_price_benchmark: hershey, target, cocoa_chocolate, milk_dairy",hershey_company,unified_memory_scan,direct_visual_or_page_evidence,retail_page_level,supplier_relationship; ingredient_confirmation; cost_or_price_benchmark; retail_price; sustainability_context; manufacturing_or_process,hershey; target,cocoa_chocolate; milk_dairy,"2024. The project will have five waves 
of tree planting over a five-year timeframe. The aim is to 
plant 1.2 million total trees by the end of 2028, all in areas 
supplying Hershey. 
The trees planted are expected to sequester over 
15,000 tons of carbon by 2030, while also building 
resilience to "
candidate_claim,CAND_MEMORY_UCHUNK_000109,"supplier_relationship / ingredient_confirmation / retail_price: hershey, target, cocoa_chocolate, milk_dairy, packaging, sugar",hershey_company,unified_memory_scan,direct_visual_or_page_evidence,retail_page_level,supplier_relationship; ingredient_confirmation; retail_price; logistics_distribution; sustainability_context; manufacturing_or_process,hershey; target,cocoa_chocolate; milk_dairy; packaging; sugar,"in our dairy 
and cocoa supply chains 
• Improved our carbon accounting and data 
collection capabilities
→Learn more about progress against our GHG goals in Reducing 
Emissions in Our Operations on page 63 and Reducing Emissions 
in Our Value Chain on pages 64-65. 
Robust Data and Accounting
We con"
candidate_claim,CAND_MEMORY_UCHUNK_000110,"supplier_relationship / ingredient_confirmation / cost_or_price_benchmark: hershey, target, packaging",hershey_company,unified_memory_scan,direct_visual_or_page_evidence,retail_page_level,supplier_relationship; ingredient_confirmation; cost_or_price_benchmark; retail_price; logistics_distribution; manufacturing_or_process,hershey; target,packaging,"ucts includes fuel and energy-related activities; Co-
manufacturers includes co-packers; Packaging our Products includes upstream transportation emissions for these materials.
Sourcing our 
Ingredients
Manufacturing 
our Products
Packaging 
our Products
Transporting 
our Products 
to Customers
Packa"
candidate_claim,CAND_MEMORY_UCHUNK_000113,"supplier_relationship / ingredient_confirmation / retail_price: hershey, target, cocoa_chocolate, milk_dairy, packaging, sugar",hershey_company,unified_memory_scan,direct_visual_or_page_evidence,retail_page_level,supplier_relationship; ingredient_confirmation; retail_price; logistics_distribution; sustainability_context; manufacturing_or_process,hershey; target,cocoa_chocolate; milk_dairy; packaging; sugar,"for the communities 
where they are located.
~80% 
of electricity sourced from 
renewable and zero-emission 
sources in 2023
 Contents
Making Good
Our Company
Cocoa
Responsible Sourcing and Human Rights
Environment
Our People
Youth
Community
About This Report
63
The Hershey Company 2023 ESG Report

"
candidate_claim,CAND_MEMORY_UCHUNK_000115,"supplier_relationship / ingredient_confirmation / cost_or_price_benchmark: target, cocoa_chocolate, milk_dairy, packaging, sugar",hershey_company,unified_memory_scan,direct_visual_or_page_evidence,retail_page_level,supplier_relationship; ingredient_confirmation; cost_or_price_benchmark; retail_price; sustainability_context,target,cocoa_chocolate; milk_dairy; packaging; sugar,"land-use change 
• Partnerships to scale good agricultural practices that 
reduce emissions and mitigate environmental risks 
Roadmaps are progressing from assessment and project 
design phases into pilots and, in some cases, from pilots to 
scaled implementation. 
In 2024, we expect to start seeing"
candidate_claim,CAND_MEMORY_UCHUNK_000116,"supplier_relationship / ingredient_confirmation / cost_or_price_benchmark: hershey, target, cocoa_chocolate, packaging",hershey_company,unified_memory_scan,direct_visual_or_page_evidence,retail_page_level,supplier_relationship; ingredient_confirmation; cost_or_price_benchmark; retail_price; sustainability_context; manufacturing_or_process,hershey; target,cocoa_chocolate; packaging,"roving Farmer Income and Livelihoods on pages 26-27 and 
Sourcing Our Priority Ingredients and Materials on pages 48-52.
Non-FLAG Emissions Mapping
Once approved by the SBTi, we will have targets specific 
to our non-FLAG emissions. We are creating detailed 
roadmaps, starting with the largest eleme"
candidate_claim,CAND_MEMORY_UCHUNK_000119,"supplier_relationship / ingredient_confirmation / retail_price: hershey, target, cocoa_chocolate, milk_dairy",hershey_company,unified_memory_scan,direct_visual_or_page_evidence,retail_page_level,supplier_relationship; ingredient_confirmation; retail_price; sustainability_context; manufacturing_or_process,hershey; target,cocoa_chocolate; milk_dairy,"manufacturing 
processes. Water is an issue of double materiality for 
Hershey. We fully understand how critical it is to steward 
water responsibly. Access to water and sanitation 
is a human right. We strive to manage our facilities 
and supply chain to protect supplies of clean water. 
Hershey Wa"
candidate_claim,CAND_MEMORY_UCHUNK_000120,"supplier_relationship / ingredient_confirmation / retail_price: hershey, target",hershey_company,unified_memory_scan,direct_visual_or_page_evidence,retail_page_level,supplier_relationship; ingredient_confirmation; retail_price; manufacturing_or_process,hershey; target,,"climate-nature-water 
connection
1
Water Stewardship, United Nations Global Compact.
2
The methodology for this calculation is based on mass of ingredients sourced 
and the Aqueduct Water Risk Atlas and WWF Water Risk Filter. This 
assessment was first completed for Hershey’s food ingredients in 202"
candidate_claim,CAND_MEMORY_UCHUNK_000121,"supplier_relationship / ingredient_confirmation / retail_price: hershey, target, milk_dairy",hershey_company,unified_memory_scan,direct_visual_or_page_evidence,retail_page_level,supplier_relationship; ingredient_confirmation; retail_price; sustainability_context; manufacturing_or_process,hershey; target,milk_dairy,"Facilitating integration of visibility and accountability 
into our business to drive results, making data available, 
understanding usage patterns, securing investments 
and engaging teams to find opportunities
Champions at Hershey manufacturing locations rally their 
teams to implement projects, m"
candidate_claim,CAND_MEMORY_UCHUNK_000122,"supplier_relationship / ingredient_confirmation / retail_price: hershey, target, cocoa_chocolate, milk_dairy",hershey_company,unified_memory_scan,direct_visual_or_page_evidence,retail_page_level,supplier_relationship; ingredient_confirmation; retail_price; sustainability_context; manufacturing_or_process,hershey; target,cocoa_chocolate; milk_dairy,"o work with others. The 
collaborative Sustainable Dairy PA initiative is an excellent 
example, with the pilot already improving water quality 
and more impact to come as the program scales. We are 
also exploring what other interventions might most 
improve water quality of the bay.
→For more deta"
candidate_claim,CAND_MEMORY_UCHUNK_000123,"supplier_relationship / ingredient_confirmation / retail_price: hershey, target",hershey_company,unified_memory_scan,direct_visual_or_page_evidence,retail_page_level,supplier_relationship; ingredient_confirmation; retail_price; sustainability_context; manufacturing_or_process,hershey; target,,"coa
Responsible Sourcing and Human Rights
Environment
Our People
Youth
Community
About This Report
68
The Hershey Company 2023 ESG Report
1
Due to lower production volumes in 2023, we haven’t seen the same improvement 
in water intensity even though Hershey used less water in 2023 compared to 2022.
"
candidate_claim,CAND_MEMORY_UCHUNK_000124,"supplier_relationship / ingredient_confirmation / cost_or_price_benchmark: hershey, target, cocoa_chocolate, milk_dairy",hershey_company,unified_memory_scan,direct_visual_or_page_evidence,retail_page_level,supplier_relationship; ingredient_confirmation; cost_or_price_benchmark; retail_price; sustainability_context,hershey; target,cocoa_chocolate; milk_dairy,"on, forest degradation and natural 
ecosystem conversion remain major global challenges 
with far-reaching implications for future generations. 
As detailed in our updated Deforestation and Conversion-
free Policy, we accelerated the target date to eliminate 
deforestation from our supply chain by f"
candidate_claim,CAND_MEMORY_UCHUNK_000128,"supplier_relationship / ingredient_confirmation / retail_price: hershey, target, cocoa_chocolate, packaging",hershey_company,unified_memory_scan,direct_visual_or_page_evidence,retail_page_level,supplier_relationship; ingredient_confirmation; retail_price; logistics_distribution; manufacturing_or_process,hershey; target,cocoa_chocolate; packaging,"material 
by eliminating, redesigning and reducing packaging. 
Beyond consumer packaging, we constantly seek ways to 
reduce secondary, transport and retail display packaging, 
investing in designs that make distribution more efficient. 
That means fewer trucks on the road and a significant 
contrib"
candidate_claim,CAND_MEMORY_UCHUNK_000131,"supplier_relationship / ingredient_confirmation / cost_or_price_benchmark: hershey, target, cocoa_chocolate, packaging",hershey_company,unified_memory_scan,direct_visual_or_page_evidence,retail_page_level,supplier_relationship; ingredient_confirmation; cost_or_price_benchmark; retail_price; sustainability_context; manufacturing_or_process,hershey; target,cocoa_chocolate; packaging,"te from landfill. They repurpose it as 
an input for livestock feed, relying less on crops and 
the resources needed to grow them. The stock feed 
is added to nutrient-dense dry feed ingredients 
where it is specially fine tuned for nutritional value 
and quality control. 
This collaboration directl"
candidate_claim,CAND_MEMORY_UCHUNK_000134,"supplier_relationship / ingredient_confirmation / cost_or_price_benchmark: hershey, target, cocoa_chocolate, packaging",hershey_company,unified_memory_scan,direct_visual_or_page_evidence,retail_page_level,supplier_relationship; ingredient_confirmation; cost_or_price_benchmark; retail_price; sustainability_context; manufacturing_or_process,hershey; target,cocoa_chocolate; packaging,"fit the community 
and strengthen the company’s 
reputation, contributing to 
a more sustainable world. 
For me, this means aligning 
myself with a purpose, and 
having the possibility to make 
a difference through initiatives 
that have a positive impact on 
the environment and society.” 
Elisama J"
candidate_claim,CAND_MEMORY_UCHUNK_000150,retail_price: target,hershey_company,unified_memory_scan,direct_visual_or_page_evidence,retail_page_level,retail_price,target,,"rtunity to improve perceived equity, primarily 
through increased transparency and candid career 
conversations. Demographic breakdowns show trends 
highly consistent with enterprise-level results.
→For Employee Engagement data, see pages 98-99.
Pay Equity
We are strongly committed to providing equa"
candidate_claim,CAND_MEMORY_UCHUNK_000158,"retail_price / manufacturing_or_process: hershey, target",hershey_company,unified_memory_scan,direct_visual_or_page_evidence,retail_page_level,retail_price; manufacturing_or_process,hershey; target,,"nts 
and training it comprises.
In 2023, following initial implementation of the new 
system and as part of our robust system of risk 
assessments and internal audits, our EHS team evaluated 
Hershey sites for their safety culture and compliance with 
procedures. They assessed 80% of sites, and iden"
candidate_claim,CAND_MEMORY_UCHUNK_000163,"supplier_relationship / ingredient_confirmation / cost_or_price_benchmark: hershey, target, cocoa_chocolate",hershey_company,unified_memory_scan,direct_visual_or_page_evidence,retail_page_level,supplier_relationship; ingredient_confirmation; cost_or_price_benchmark; retail_price; sustainability_context; manufacturing_or_process,hershey; target,cocoa_chocolate,"do we!
 Contents
Making Good
Our Company
Cocoa
Responsible Sourcing and Human Rights
Environment
Our People
Youth
Community
About This Report
89
The Hershey Company 2023 ESG Report
Material ESG issue:
• Diversity, Equity and Inclusion (DEI)
Salient Human Rights Issue:
• Gender and social inequality
"
candidate_claim,CAND_MEMORY_UCHUNK_000166,"supplier_relationship / ingredient_confirmation / cost_or_price_benchmark: hershey, target, cocoa_chocolate",hershey_company,unified_memory_scan,direct_visual_or_page_evidence,retail_page_level,supplier_relationship; ingredient_confirmation; cost_or_price_benchmark; retail_price; sustainability_context,hershey; target,cocoa_chocolate,"work experiences, 
returning to chocolate town 
has been sweet.”
Brock Romano, Specialist, Procurement, 
The Hershey Company
 Contents
Making Good
Our Company
Cocoa
Responsible Sourcing and Human Rights
Environment
Our People
Youth
Community
About This Report
90
The Hershey Company 2023 ESG Report

"
candidate_claim,CAND_MEMORY_UCHUNK_000168,"supplier_relationship / ingredient_confirmation / cost_or_price_benchmark: hershey, target, cocoa_chocolate",hershey_company,unified_memory_scan,direct_visual_or_page_evidence,retail_page_level,supplier_relationship; ingredient_confirmation; cost_or_price_benchmark; retail_price; sustainability_context,hershey; target,cocoa_chocolate,"mpany
Cocoa
Responsible Sourcing and Human Rights
Environment
Our People
Youth
Community
About This Report
91
The Hershey Company 2023 ESG Report
1
Diverse spend includes formal industry-recognized certification and self-
certification, and Tier 1 and Tier 2 spend. Diverse suppliers refers to busine"
candidate_claim,CAND_MEMORY_UCHUNK_000174,"supplier_relationship / ingredient_confirmation / retail_price: hershey, target, cocoa_chocolate",hershey_company,unified_memory_scan,direct_visual_or_page_evidence,retail_page_level,supplier_relationship; ingredient_confirmation; retail_price; sustainability_context; manufacturing_or_process,hershey; target,cocoa_chocolate,"by lively reverse-mentorship meetings where 
the young women advised Hershey leaders on issues 
important to them.
 Contents
Making Good
Our Company
Cocoa
Responsible Sourcing and Human Rights
Environment
Our People
Youth
Community
About This Report
94
The Hershey Company 2023 ESG Report
CASE STUDY
"
candidate_claim,CAND_MEMORY_UCHUNK_000190,"supplier_relationship / retail_price / manufacturing_or_process: hershey, target",hershey_company,unified_memory_scan,direct_visual_or_page_evidence,retail_page_level,supplier_relationship; retail_price; manufacturing_or_process,hershey; target,,"0 students. 
We build on that relationship, adding programs that 
connect with MHS students and staff. We have taken 
a number of steps to support alumni and students with 
the kind of skills and experience that contribute to 
generational change. In 2023, we significantly grew the 
formal talent pi"
candidate_claim,CAND_MEMORY_UCHUNK_000192,"supplier_relationship / ingredient_confirmation / retail_price: hershey, target, cocoa_chocolate",hershey_company,unified_memory_scan,direct_visual_or_page_evidence,retail_page_level,supplier_relationship; ingredient_confirmation; retail_price; sustainability_context,hershey; target,cocoa_chocolate,"at 
I have learned to work even 
more efficiently and safely.”
Allen Snyder, MHS student and 
Pre-Apprenticeship participant
 Contents
Making Good
Our Company
Cocoa
Responsible Sourcing and Human Rights
Environment
Our People
Youth
Community
About This Report
106
The Hershey Company 2023 ESG Report
"
candidate_claim,CAND_MEMORY_UCHUNK_000202,"supplier_relationship / ingredient_confirmation / cost_or_price_benchmark: hershey, target, cocoa_chocolate",hershey_company,unified_memory_scan,direct_visual_or_page_evidence,retail_page_level,supplier_relationship; ingredient_confirmation; cost_or_price_benchmark; retail_price; sustainability_context,hershey; target,cocoa_chocolate,"$400,000 
for CMN, bringing our fundraising total to more 
than $7 million since our employees first began 
hosting events. 
 Contents
Making Good
Our Company
Cocoa
Responsible Sourcing and Human Rights
Environment
Our People
Youth
Community
About This Report
112
The Hershey Company 2023 ESG Report
"
candidate_claim,CAND_MEMORY_UCHUNK_000203,"supplier_relationship / ingredient_confirmation / cost_or_price_benchmark: hershey, target, cocoa_chocolate",hershey_company,unified_memory_scan,direct_visual_or_page_evidence,retail_page_level,supplier_relationship; ingredient_confirmation; cost_or_price_benchmark; retail_price; sustainability_context,hershey; target,cocoa_chocolate,"communities.
4
The 2023 Good to Give Back campaign offered more volunteer opportunities due to lifted pandemic restrictions.
 Contents
Making Good
Our Company
Cocoa
Responsible Sourcing and Human Rights
Environment
Our People
Youth
Community
About This Report
113
The Hershey Company 2023 ESG Report
"
candidate_claim,CAND_MEMORY_UCHUNK_000204,"cost_or_price_benchmark / retail_price / sustainability_context: hershey, target",hershey_company,unified_memory_scan,direct_visual_or_page_evidence,retail_page_level,cost_or_price_benchmark; retail_price; sustainability_context,hershey; target,,"believe,” “continue,” “estimate,” “expect,” 
“forecast,” “future,” “intend,” “plan,” “potential,” “predict,” 
“project,” “strategy,” “target” and similar terms, and future 
or conditional tense verbs like “could,” “may,” “might,” 
“should,” “will” and “would,” among others.
These forward-looking sta"
candidate_claim,CAND_MEMORY_UCHUNK_002033,"supplier_relationship / ingredient_confirmation / retail_price: hershey, target, cocoa_chocolate, milk_dairy, packaging, sugar",hershey_company,unified_memory_scan,direct_visual_or_page_evidence,retail_page_level,supplier_relationship; ingredient_confirmation; retail_price; sustainability_context; manufacturing_or_process,hershey; target,cocoa_chocolate; milk_dairy; packaging; sugar,"ar , Ci
/ ; iw + \ NSS OF
- 2 \ SP Masd . /
e e e e
Priority Ingredients and Raw Materials
Each ingredient presents unique sourcing challenges and risks since sustainability and labor
praclices vary across cormmodilies and by region. By underslanding lhe risks Lhal are specific lo
each raw material "
candidate_claim,CAND_MEMORY_UCHUNK_001905,"supplier_relationship / retail_price / logistics_distribution: mclane, walgreens",logistics_distribution,unified_memory_scan,direct_visual_or_page_evidence,retail_page_level,supplier_relationship; retail_price; logistics_distribution,mclane; walgreens,,"--- VISUAL OCR PAGE 1: page_001.png ---
Careers Newsroom Locations Become a Customer Login
Ad About v Distribution Expertise » | C-StoreSolutions » Innovation » Suppliers Contact
McLANE.
Season Success ~— ee
: ; 4
. ; wae
Summer brings more trips, more impulse, and more ¢ ""ey
opportunity. New line e"
candidate_claim,CAND_MEMORY_UCHUNK_001362,"supplier_relationship / ingredient_confirmation / cost_or_price_benchmark: hershey, target, cocoa_chocolate",packaging_wrapper,unified_memory_scan,direct_visual_or_page_evidence,retail_page_level,supplier_relationship; ingredient_confirmation; cost_or_price_benchmark; retail_price; sustainability_context,hershey; target,cocoa_chocolate,"y and engagement with the farmers who 
grow this important ingredient. 
Fast-moving regulatory actions continue to shape the 
sustainability landscape. We are strengthening our due 
diligence and reporting capabilities, as evidenced by our 
Disclosure and Assurance Reporting Center of Excellence 
an"
candidate_claim,CAND_MEMORY_UCHUNK_001363,"supplier_relationship / ingredient_confirmation / cost_or_price_benchmark: hershey, target, cocoa_chocolate",packaging_wrapper,unified_memory_scan,direct_visual_or_page_evidence,retail_page_level,supplier_relationship; ingredient_confirmation; cost_or_price_benchmark; retail_price; sustainability_context,hershey; target,cocoa_chocolate,"mpact and working hard 
each day to bring goodness to the world. 
Michele Buck
Chairman, President and CEO
The Hershey Company
 Contents
Making Good
Our Company
Cocoa
Responsible Sourcing and Human Rights
Environment
Our People
Youth
Community
About This Report
4
The Hershey Company 2023 ESG Report
"
candidate_claim,CAND_MEMORY_UCHUNK_001364,"supplier_relationship / ingredient_confirmation / retail_price: hershey, target, cocoa_chocolate, packaging",packaging_wrapper,unified_memory_scan,direct_visual_or_page_evidence,retail_page_level,supplier_relationship; ingredient_confirmation; retail_price; sustainability_context; manufacturing_or_process,hershey; target,cocoa_chocolate; packaging,"gress in reducing Hershey’s 
emissions with a keen business focus on our owned 
emissions and expanded efforts to reduce emissions 
in our value chain while advancing nature-based projects 
to combat climate change. We set water usage reduction 
targets for priority sites where water is most scarce."
candidate_claim,CAND_MEMORY_UCHUNK_001369,"supplier_relationship / ingredient_confirmation / retail_price: hershey, target, cocoa_chocolate, packaging",packaging_wrapper,unified_memory_scan,direct_visual_or_page_evidence,retail_page_level,supplier_relationship; ingredient_confirmation; retail_price; sustainability_context; manufacturing_or_process,hershey; target,cocoa_chocolate; packaging,"standards 
to protect people across 
our value chain.
Community
Actively making 
a difference where 
we live and work.
Environment
Enhancing our operations 
to meet high-impact 
climate, waste, water 
and packaging goals.
Our People
Creating more ways for 
more people to be 
themselves and thrive.

"
candidate_claim,CAND_MEMORY_UCHUNK_001373,"supplier_relationship / ingredient_confirmation / cost_or_price_benchmark: hershey, target, cocoa_chocolate, milk_dairy",packaging_wrapper,unified_memory_scan,direct_visual_or_page_evidence,retail_page_level,supplier_relationship; ingredient_confirmation; cost_or_price_benchmark; retail_price; sustainability_context,hershey; target,cocoa_chocolate; milk_dairy,", listening sessions 
• Employee Relief Fund 
• Ethics & Compliance Concern Line 
• Learning and development opportunities including company-wide training 
and role-specific courses 
• Town Halls
• Volunteering and philanthropic activities (Matching Gifts, Dollars for Doers) 
Government, 
policymake"
candidate_claim,CAND_MEMORY_UCHUNK_001375,"supplier_relationship / retail_price / sustainability_context: hershey, target",packaging_wrapper,unified_memory_scan,direct_visual_or_page_evidence,retail_page_level,supplier_relationship; retail_price; sustainability_context,hershey; target,,"the year. As of May 2024, approximately 
55% of our Board of Directors has ESG and human capital 
management experience.
Audit Committee 
Reviews the company’s public reporting with respect 
to ESG matters within the Audit Committee’s purview.
Compensation and Human Capital Committee
Oversees consid"
candidate_claim,CAND_MEMORY_UCHUNK_001382,supplier_relationship / ingredient_confirmation / retail_price: target,packaging_wrapper,unified_memory_scan,direct_visual_or_page_evidence,retail_page_level,supplier_relationship; ingredient_confirmation; retail_price; manufacturing_or_process,target,,"y manufacturing sites. 
We anticipate rolling out the training to manufacturing 
employees in our North America Salty Snacks segment 
in 2024.
• Food safety basics training is part of our required 
onboarding for all new salaried employees, in any role. 
It was assigned to all existing salaried empl"
candidate_claim,CAND_MEMORY_UCHUNK_001384,"supplier_relationship / ingredient_confirmation / retail_price: hershey, target",packaging_wrapper,unified_memory_scan,direct_visual_or_page_evidence,retail_page_level,supplier_relationship; ingredient_confirmation; retail_price; sustainability_context; manufacturing_or_process,hershey; target,,"a range of policies on: 
• Responsible sourcing of key ingredients 
• Standards we expect from our suppliers 
• ESG issues of key concern to us, such as environmental 
management, human rights and food safety 
All Directors and professional employees are trained on 
the Code at onboarding and annual"
candidate_claim,CAND_MEMORY_UCHUNK_001388,"supplier_relationship / ingredient_confirmation / cost_or_price_benchmark: hershey, target, cocoa_chocolate",packaging_wrapper,unified_memory_scan,direct_visual_or_page_evidence,retail_page_level,supplier_relationship; ingredient_confirmation; cost_or_price_benchmark; retail_price; sustainability_context,hershey; target,cocoa_chocolate,"’s inaugural event, 
we held our second enterprise-wide Integrity Day 
in October 2023 — with a focus on the importance 
of privacy and cybersecurity. This collaboration 
between the Ethics, Compliance & Privacy team 
and local Compliance Ambassadors across all 
Hershey locations engaged colleagues "
candidate_claim,CAND_MEMORY_UCHUNK_001404,"supplier_relationship / ingredient_confirmation / retail_price: hershey, target, cocoa_chocolate, packaging",packaging_wrapper,unified_memory_scan,direct_visual_or_page_evidence,retail_page_level,supplier_relationship; ingredient_confirmation; retail_price; sustainability_context,hershey; target,cocoa_chocolate; packaging,"nsible for 
collecting and reporting on CLMRS data. Hershey has 
used industry-aligned best practices, implemented 
by supply chain and community partners, since 2018.
Hershey sets forth Cocoa Key Requirements for suppliers, 
which means that CLMRS implemented by Hershey’s 
suppliers include at leas"
candidate_claim,CAND_MEMORY_UCHUNK_001410,"supplier_relationship / ingredient_confirmation / retail_price: hershey, target, cocoa_chocolate",packaging_wrapper,unified_memory_scan,direct_visual_or_page_evidence,retail_page_level,supplier_relationship; ingredient_confirmation; retail_price; sustainability_context,hershey; target,cocoa_chocolate,"rovided
27
classrooms built 
or renovated
 Contents
Making Good
Our Company
Cocoa
Responsible Sourcing and Human Rights
Environment
Our People
Youth
Community
About This Report
31
The Hershey Company 2023 ESG Report
CNS, ICI and Hershey build modern school infrastructure in Drissapé, 
Côte d’Ivoire
"
candidate_claim,CAND_MEMORY_UCHUNK_001411,"supplier_relationship / ingredient_confirmation / cost_or_price_benchmark: hershey, target, cocoa_chocolate",packaging_wrapper,unified_memory_scan,direct_visual_or_page_evidence,retail_page_level,supplier_relationship; ingredient_confirmation; cost_or_price_benchmark; retail_price; sustainability_context,hershey; target,cocoa_chocolate,". We advance sustainable agricultural 
practices, promoting climate-smart techniques and 
economically viable agroforestry and shade-grown cocoa. 
Hershey has pledged to achieve a deforestation and 
conversion-free supply chain, including cocoa, by the end 
of 2025. Working toward this target we:
• "
candidate_claim,CAND_MEMORY_UCHUNK_001414,"supplier_relationship / ingredient_confirmation / retail_price: hershey, target, cocoa_chocolate",packaging_wrapper,unified_memory_scan,direct_visual_or_page_evidence,retail_page_level,supplier_relationship; ingredient_confirmation; retail_price; sustainability_context,hershey; target,cocoa_chocolate,"ng on 2023, our focus was 
centered on the farmer perspective, 
their interests as well as the 
well-being of their children 
and their communities.
More broadly, we have sharpened 
our understanding of what we can 
do and where and how we need 
to partner. This is helping us better 
communicate our"
candidate_claim,CAND_MEMORY_UCHUNK_001437,"supplier_relationship / cost_or_price_benchmark / retail_price: hershey, target",packaging_wrapper,unified_memory_scan,direct_visual_or_page_evidence,retail_page_level,supplier_relationship; cost_or_price_benchmark; retail_price; sustainability_context,hershey; target,,"w approach to longer-term 
capability building in Mexico in 2023. The eight-month 
program was delivered with AIM-Progress and digital 
training company, Quizrr. Its eight sessions covered 
a range of health and safety, human rights and 
environmental topics. Participants also gained no-cost 
access"
candidate_claim,CAND_MEMORY_UCHUNK_001441,"supplier_relationship / ingredient_confirmation / retail_price: hershey, land_olakes, target, cocoa_chocolate, milk_dairy, sugar",packaging_wrapper,unified_memory_scan,direct_visual_or_page_evidence,retail_page_level,supplier_relationship; ingredient_confirmation; retail_price; sustainability_context,hershey; land_olakes; target,cocoa_chocolate; milk_dairy; sugar,"Three-Year Pilot in Numbers 
• 45 acres of riparian buffer planted
• 9,260 trees planted
• 1.7 million pounds of sediment/2,210 pounds of 
phosphorous/24,200 pounds of nitrogen kept out 
of waterways annually
• 490 metric tons of CO2e sequestered
Hershey’s, EPA’s and Land O’Lakes leadership 
to supp"
candidate_claim,CAND_MEMORY_UCHUNK_001442,"supplier_relationship / ingredient_confirmation / retail_price: hershey, target, sugar",packaging_wrapper,unified_memory_scan,direct_visual_or_page_evidence,retail_page_level,supplier_relationship; ingredient_confirmation; retail_price; sustainability_context; manufacturing_or_process,hershey; target,sugar,"our 
2025 target for 100% verified volumes. Credible third-
party standards and verification, like Bonsucro, are 
essential to improving sustainability performance 
in a complex supply chain.
Engaging Suppliers for Continuous Improvement
We conducted our second assessment of suppliers’ 
sustainabili"
candidate_claim,CAND_MEMORY_UCHUNK_001444,"supplier_relationship / ingredient_confirmation / retail_price: hershey, target, cocoa_chocolate",packaging_wrapper,unified_memory_scan,direct_visual_or_page_evidence,retail_page_level,supplier_relationship; ingredient_confirmation; retail_price; sustainability_context; manufacturing_or_process,hershey; target,cocoa_chocolate,"h, 
field assessments and stakeholder 
engagement found the opportunity to be 
strong. We will use it to update our strategy.
 Contents
Making Good
Our Company
Cocoa
Responsible Sourcing and Human Rights
Environment
Our People
Youth
Community
About This Report
50
The Hershey Company 2023 ESG Report
"
candidate_claim,CAND_MEMORY_UCHUNK_001446,"supplier_relationship / ingredient_confirmation / cost_or_price_benchmark: hershey, target, cocoa_chocolate, packaging",packaging_wrapper,unified_memory_scan,direct_visual_or_page_evidence,retail_page_level,supplier_relationship; ingredient_confirmation; cost_or_price_benchmark; retail_price; sustainability_context; manufacturing_or_process,hershey; target,cocoa_chocolate; packaging,"r 12,000 hectares. They will 
sustainably farm the 2,000 already-cultivated 
hectares and fully protect the remaining 10,000 
hectares of forest, while continuing to sustainably 
harvest non-timber forest products. Hershey 
funding will help with activities including: 
• Equipment for patrol teams
•"
candidate_claim,CAND_MEMORY_UCHUNK_001448,"supplier_relationship / ingredient_confirmation / retail_price: hershey, target, cocoa_chocolate",packaging_wrapper,unified_memory_scan,direct_visual_or_page_evidence,retail_page_level,supplier_relationship; ingredient_confirmation; retail_price; sustainability_context,hershey; target,cocoa_chocolate,"Further embed sustainability into procurement category 
management strategies and supplier relationship 
management practices
 Contents
Making Good
Our Company
Cocoa
Responsible Sourcing and Human Rights
Environment
Our People
Youth
Community
About This Report
52
The Hershey Company 2023 ESG Report
"
candidate_claim,CAND_MEMORY_UCHUNK_001456,"supplier_relationship / ingredient_confirmation / cost_or_price_benchmark: hershey, target, cocoa_chocolate, packaging",packaging_wrapper,unified_memory_scan,direct_visual_or_page_evidence,retail_page_level,supplier_relationship; ingredient_confirmation; cost_or_price_benchmark; retail_price; logistics_distribution; sustainability_context; manufacturing_or_process,hershey; target,cocoa_chocolate; packaging,"ce of Biodiversity 
71
Making Progress on Packaging
72
New Solutions for Waste
73
Employees Catalyzing Change
74
Our Progress
 Contents
Making Good
Our Company
Cocoa
Responsible Sourcing and Human Rights
Environment
Our People
Youth
Community
About This Report
59
The Hershey Company 2023 ESG Report
"
candidate_claim,CAND_MEMORY_UCHUNK_001460,"supplier_relationship / ingredient_confirmation / cost_or_price_benchmark: hershey, target, cocoa_chocolate, milk_dairy",packaging_wrapper,unified_memory_scan,direct_visual_or_page_evidence,retail_page_level,supplier_relationship; ingredient_confirmation; cost_or_price_benchmark; retail_price; sustainability_context; manufacturing_or_process,hershey; target,cocoa_chocolate; milk_dairy,"2024. The project will have five waves 
of tree planting over a five-year timeframe. The aim is to 
plant 1.2 million total trees by the end of 2028, all in areas 
supplying Hershey. 
The trees planted are expected to sequester over 
15,000 tons of carbon by 2030, while also building 
resilience to "
candidate_claim,CAND_MEMORY_UCHUNK_001461,"supplier_relationship / ingredient_confirmation / retail_price: hershey, target, cocoa_chocolate, milk_dairy, packaging, sugar",packaging_wrapper,unified_memory_scan,direct_visual_or_page_evidence,retail_page_level,supplier_relationship; ingredient_confirmation; retail_price; logistics_distribution; sustainability_context; manufacturing_or_process,hershey; target,cocoa_chocolate; milk_dairy; packaging; sugar,"in our dairy 
and cocoa supply chains 
• Improved our carbon accounting and data 
collection capabilities
→Learn more about progress against our GHG goals in Reducing 
Emissions in Our Operations on page 63 and Reducing Emissions 
in Our Value Chain on pages 64-65. 
Robust Data and Accounting
We con"
candidate_claim,CAND_MEMORY_UCHUNK_001462,"supplier_relationship / ingredient_confirmation / cost_or_price_benchmark: hershey, target, packaging",packaging_wrapper,unified_memory_scan,direct_visual_or_page_evidence,retail_page_level,supplier_relationship; ingredient_confirmation; cost_or_price_benchmark; retail_price; logistics_distribution; manufacturing_or_process,hershey; target,packaging,"ucts includes fuel and energy-related activities; Co-
manufacturers includes co-packers; Packaging our Products includes upstream transportation emissions for these materials.
Sourcing our 
Ingredients
Manufacturing 
our Products
Packaging 
our Products
Transporting 
our Products 
to Customers
Packa"
candidate_claim,CAND_MEMORY_UCHUNK_001465,"supplier_relationship / ingredient_confirmation / retail_price: hershey, target, cocoa_chocolate, milk_dairy, packaging, sugar",packaging_wrapper,unified_memory_scan,direct_visual_or_page_evidence,retail_page_level,supplier_relationship; ingredient_confirmation; retail_price; logistics_distribution; sustainability_context; manufacturing_or_process,hershey; target,cocoa_chocolate; milk_dairy; packaging; sugar,"for the communities 
where they are located.
~80% 
of electricity sourced from 
renewable and zero-emission 
sources in 2023
 Contents
Making Good
Our Company
Cocoa
Responsible Sourcing and Human Rights
Environment
Our People
Youth
Community
About This Report
63
The Hershey Company 2023 ESG Report

"
candidate_claim,CAND_MEMORY_UCHUNK_001467,"supplier_relationship / ingredient_confirmation / cost_or_price_benchmark: target, cocoa_chocolate, milk_dairy, packaging, sugar",packaging_wrapper,unified_memory_scan,direct_visual_or_page_evidence,retail_page_level,supplier_relationship; ingredient_confirmation; cost_or_price_benchmark; retail_price; sustainability_context,target,cocoa_chocolate; milk_dairy; packaging; sugar,"land-use change 
• Partnerships to scale good agricultural practices that 
reduce emissions and mitigate environmental risks 
Roadmaps are progressing from assessment and project 
design phases into pilots and, in some cases, from pilots to 
scaled implementation. 
In 2024, we expect to start seeing"
candidate_claim,CAND_MEMORY_UCHUNK_001468,"supplier_relationship / ingredient_confirmation / cost_or_price_benchmark: hershey, target, cocoa_chocolate, packaging",packaging_wrapper,unified_memory_scan,direct_visual_or_page_evidence,retail_page_level,supplier_relationship; ingredient_confirmation; cost_or_price_benchmark; retail_price; sustainability_context; manufacturing_or_process,hershey; target,cocoa_chocolate; packaging,"roving Farmer Income and Livelihoods on pages 26-27 and 
Sourcing Our Priority Ingredients and Materials on pages 48-52.
Non-FLAG Emissions Mapping
Once approved by the SBTi, we will have targets specific 
to our non-FLAG emissions. We are creating detailed 
roadmaps, starting with the largest eleme"
candidate_claim,CAND_MEMORY_UCHUNK_001471,"supplier_relationship / ingredient_confirmation / retail_price: hershey, target, cocoa_chocolate, milk_dairy",packaging_wrapper,unified_memory_scan,direct_visual_or_page_evidence,retail_page_level,supplier_relationship; ingredient_confirmation; retail_price; sustainability_context; manufacturing_or_process,hershey; target,cocoa_chocolate; milk_dairy,"manufacturing 
processes. Water is an issue of double materiality for 
Hershey. We fully understand how critical it is to steward 
water responsibly. Access to water and sanitation 
is a human right. We strive to manage our facilities 
and supply chain to protect supplies of clean water. 
Hershey Wa"
candidate_claim,CAND_MEMORY_UCHUNK_001472,"supplier_relationship / ingredient_confirmation / retail_price: hershey, target",packaging_wrapper,unified_memory_scan,direct_visual_or_page_evidence,retail_page_level,supplier_relationship; ingredient_confirmation; retail_price; manufacturing_or_process,hershey; target,,"climate-nature-water 
connection
1
Water Stewardship, United Nations Global Compact.
2
The methodology for this calculation is based on mass of ingredients sourced 
and the Aqueduct Water Risk Atlas and WWF Water Risk Filter. This 
assessment was first completed for Hershey’s food ingredients in 202"
candidate_claim,CAND_MEMORY_UCHUNK_001473,"supplier_relationship / ingredient_confirmation / retail_price: hershey, target, milk_dairy",packaging_wrapper,unified_memory_scan,direct_visual_or_page_evidence,retail_page_level,supplier_relationship; ingredient_confirmation; retail_price; sustainability_context; manufacturing_or_process,hershey; target,milk_dairy,"Facilitating integration of visibility and accountability 
into our business to drive results, making data available, 
understanding usage patterns, securing investments 
and engaging teams to find opportunities
Champions at Hershey manufacturing locations rally their 
teams to implement projects, m"
candidate_claim,CAND_MEMORY_UCHUNK_001474,"supplier_relationship / ingredient_confirmation / retail_price: hershey, target, cocoa_chocolate, milk_dairy",packaging_wrapper,unified_memory_scan,direct_visual_or_page_evidence,retail_page_level,supplier_relationship; ingredient_confirmation; retail_price; sustainability_context; manufacturing_or_process,hershey; target,cocoa_chocolate; milk_dairy,"o work with others. The 
collaborative Sustainable Dairy PA initiative is an excellent 
example, with the pilot already improving water quality 
and more impact to come as the program scales. We are 
also exploring what other interventions might most 
improve water quality of the bay.
→For more deta"
candidate_claim,CAND_MEMORY_UCHUNK_001475,"supplier_relationship / ingredient_confirmation / retail_price: hershey, target",packaging_wrapper,unified_memory_scan,direct_visual_or_page_evidence,retail_page_level,supplier_relationship; ingredient_confirmation; retail_price; sustainability_context; manufacturing_or_process,hershey; target,,"coa
Responsible Sourcing and Human Rights
Environment
Our People
Youth
Community
About This Report
68
The Hershey Company 2023 ESG Report
1
Due to lower production volumes in 2023, we haven’t seen the same improvement 
in water intensity even though Hershey used less water in 2023 compared to 2022.
"
candidate_claim,CAND_MEMORY_UCHUNK_001476,"supplier_relationship / ingredient_confirmation / cost_or_price_benchmark: hershey, target, cocoa_chocolate, milk_dairy",packaging_wrapper,unified_memory_scan,direct_visual_or_page_evidence,retail_page_level,supplier_relationship; ingredient_confirmation; cost_or_price_benchmark; retail_price; sustainability_context,hershey; target,cocoa_chocolate; milk_dairy,"on, forest degradation and natural 
ecosystem conversion remain major global challenges 
with far-reaching implications for future generations. 
As detailed in our updated Deforestation and Conversion-
free Policy, we accelerated the target date to eliminate 
deforestation from our supply chain by f"
candidate_claim,CAND_MEMORY_UCHUNK_001480,"supplier_relationship / ingredient_confirmation / retail_price: hershey, target, cocoa_chocolate, packaging",packaging_wrapper,unified_memory_scan,direct_visual_or_page_evidence,retail_page_level,supplier_relationship; ingredient_confirmation; retail_price; logistics_distribution; manufacturing_or_process,hershey; target,cocoa_chocolate; packaging,"material 
by eliminating, redesigning and reducing packaging. 
Beyond consumer packaging, we constantly seek ways to 
reduce secondary, transport and retail display packaging, 
investing in designs that make distribution more efficient. 
That means fewer trucks on the road and a significant 
contrib"
candidate_claim,CAND_MEMORY_UCHUNK_001483,"supplier_relationship / ingredient_confirmation / cost_or_price_benchmark: hershey, target, cocoa_chocolate, packaging",packaging_wrapper,unified_memory_scan,direct_visual_or_page_evidence,retail_page_level,supplier_relationship; ingredient_confirmation; cost_or_price_benchmark; retail_price; sustainability_context; manufacturing_or_process,hershey; target,cocoa_chocolate; packaging,"te from landfill. They repurpose it as 
an input for livestock feed, relying less on crops and 
the resources needed to grow them. The stock feed 
is added to nutrient-dense dry feed ingredients 
where it is specially fine tuned for nutritional value 
and quality control. 
This collaboration directl"
candidate_claim,CAND_MEMORY_UCHUNK_001486,"supplier_relationship / ingredient_confirmation / cost_or_price_benchmark: hershey, target, cocoa_chocolate, packaging",packaging_wrapper,unified_memory_scan,direct_visual_or_page_evidence,retail_page_level,supplier_relationship; ingredient_confirmation; cost_or_price_benchmark; retail_price; sustainability_context; manufacturing_or_process,hershey; target,cocoa_chocolate; packaging,"fit the community 
and strengthen the company’s 
reputation, contributing to 
a more sustainable world. 
For me, this means aligning 
myself with a purpose, and 
having the possibility to make 
a difference through initiatives 
that have a positive impact on 
the environment and society.” 
Elisama J"
candidate_claim,CAND_MEMORY_UCHUNK_001502,retail_price: target,packaging_wrapper,unified_memory_scan,direct_visual_or_page_evidence,retail_page_level,retail_price,target,,"rtunity to improve perceived equity, primarily 
through increased transparency and candid career 
conversations. Demographic breakdowns show trends 
highly consistent with enterprise-level results.
→For Employee Engagement data, see pages 98-99.
Pay Equity
We are strongly committed to providing equa"
candidate_claim,CAND_MEMORY_UCHUNK_001510,"retail_price / manufacturing_or_process: hershey, target",packaging_wrapper,unified_memory_scan,direct_visual_or_page_evidence,retail_page_level,retail_price; manufacturing_or_process,hershey; target,,"nts 
and training it comprises.
In 2023, following initial implementation of the new 
system and as part of our robust system of risk 
assessments and internal audits, our EHS team evaluated 
Hershey sites for their safety culture and compliance with 
procedures. They assessed 80% of sites, and iden"
candidate_claim,CAND_MEMORY_UCHUNK_001515,"supplier_relationship / ingredient_confirmation / cost_or_price_benchmark: hershey, target, cocoa_chocolate",packaging_wrapper,unified_memory_scan,direct_visual_or_page_evidence,retail_page_level,supplier_relationship; ingredient_confirmation; cost_or_price_benchmark; retail_price; sustainability_context; manufacturing_or_process,hershey; target,cocoa_chocolate,"do we!
 Contents
Making Good
Our Company
Cocoa
Responsible Sourcing and Human Rights
Environment
Our People
Youth
Community
About This Report
89
The Hershey Company 2023 ESG Report
Material ESG issue:
• Diversity, Equity and Inclusion (DEI)
Salient Human Rights Issue:
• Gender and social inequality
"
candidate_claim,CAND_MEMORY_UCHUNK_001518,"supplier_relationship / ingredient_confirmation / cost_or_price_benchmark: hershey, target, cocoa_chocolate",packaging_wrapper,unified_memory_scan,direct_visual_or_page_evidence,retail_page_level,supplier_relationship; ingredient_confirmation; cost_or_price_benchmark; retail_price; sustainability_context,hershey; target,cocoa_chocolate,"work experiences, 
returning to chocolate town 
has been sweet.”
Brock Romano, Specialist, Procurement, 
The Hershey Company
 Contents
Making Good
Our Company
Cocoa
Responsible Sourcing and Human Rights
Environment
Our People
Youth
Community
About This Report
90
The Hershey Company 2023 ESG Report

"
candidate_claim,CAND_MEMORY_UCHUNK_001520,"supplier_relationship / ingredient_confirmation / cost_or_price_benchmark: hershey, target, cocoa_chocolate",packaging_wrapper,unified_memory_scan,direct_visual_or_page_evidence,retail_page_level,supplier_relationship; ingredient_confirmation; cost_or_price_benchmark; retail_price; sustainability_context,hershey; target,cocoa_chocolate,"mpany
Cocoa
Responsible Sourcing and Human Rights
Environment
Our People
Youth
Community
About This Report
91
The Hershey Company 2023 ESG Report
1
Diverse spend includes formal industry-recognized certification and self-
certification, and Tier 1 and Tier 2 spend. Diverse suppliers refers to busine"
candidate_claim,CAND_MEMORY_UCHUNK_001526,"supplier_relationship / ingredient_confirmation / retail_price: hershey, target, cocoa_chocolate",packaging_wrapper,unified_memory_scan,direct_visual_or_page_evidence,retail_page_level,supplier_relationship; ingredient_confirmation; retail_price; sustainability_context; manufacturing_or_process,hershey; target,cocoa_chocolate,"by lively reverse-mentorship meetings where 
the young women advised Hershey leaders on issues 
important to them.
 Contents
Making Good
Our Company
Cocoa
Responsible Sourcing and Human Rights
Environment
Our People
Youth
Community
About This Report
94
The Hershey Company 2023 ESG Report
CASE STUDY
"
candidate_claim,CAND_MEMORY_UCHUNK_001542,"supplier_relationship / retail_price / manufacturing_or_process: hershey, target",packaging_wrapper,unified_memory_scan,direct_visual_or_page_evidence,retail_page_level,supplier_relationship; retail_price; manufacturing_or_process,hershey; target,,"0 students. 
We build on that relationship, adding programs that 
connect with MHS students and staff. We have taken 
a number of steps to support alumni and students with 
the kind of skills and experience that contribute to 
generational change. In 2023, we significantly grew the 
formal talent pi"
candidate_claim,CAND_MEMORY_UCHUNK_001544,"supplier_relationship / ingredient_confirmation / retail_price: hershey, target, cocoa_chocolate",packaging_wrapper,unified_memory_scan,direct_visual_or_page_evidence,retail_page_level,supplier_relationship; ingredient_confirmation; retail_price; sustainability_context,hershey; target,cocoa_chocolate,"at 
I have learned to work even 
more efficiently and safely.”
Allen Snyder, MHS student and 
Pre-Apprenticeship participant
 Contents
Making Good
Our Company
Cocoa
Responsible Sourcing and Human Rights
Environment
Our People
Youth
Community
About This Report
106
The Hershey Company 2023 ESG Report
"
candidate_claim,CAND_MEMORY_UCHUNK_001554,"supplier_relationship / ingredient_confirmation / cost_or_price_benchmark: hershey, target, cocoa_chocolate",packaging_wrapper,unified_memory_scan,direct_visual_or_page_evidence,retail_page_level,supplier_relationship; ingredient_confirmation; cost_or_price_benchmark; retail_price; sustainability_context,hershey; target,cocoa_chocolate,"$400,000 
for CMN, bringing our fundraising total to more 
than $7 million since our employees first began 
hosting events. 
 Contents
Making Good
Our Company
Cocoa
Responsible Sourcing and Human Rights
Environment
Our People
Youth
Community
About This Report
112
The Hershey Company 2023 ESG Report
"
candidate_claim,CAND_MEMORY_UCHUNK_001555,"supplier_relationship / ingredient_confirmation / cost_or_price_benchmark: hershey, target, cocoa_chocolate",packaging_wrapper,unified_memory_scan,direct_visual_or_page_evidence,retail_page_level,supplier_relationship; ingredient_confirmation; cost_or_price_benchmark; retail_price; sustainability_context,hershey; target,cocoa_chocolate,"communities.
4
The 2023 Good to Give Back campaign offered more volunteer opportunities due to lifted pandemic restrictions.
 Contents
Making Good
Our Company
Cocoa
Responsible Sourcing and Human Rights
Environment
Our People
Youth
Community
About This Report
113
The Hershey Company 2023 ESG Report
"
candidate_claim,CAND_MEMORY_UCHUNK_001556,"cost_or_price_benchmark / retail_price / sustainability_context: hershey, target",packaging_wrapper,unified_memory_scan,direct_visual_or_page_evidence,retail_page_level,cost_or_price_benchmark; retail_price; sustainability_context,hershey; target,,"believe,” “continue,” “estimate,” “expect,” 
“forecast,” “future,” “intend,” “plan,” “potential,” “predict,” 
“project,” “strategy,” “target” and similar terms, and future 
or conditional tense verbs like “could,” “may,” “might,” 
“should,” “will” and “would,” among others.
These forward-looking sta"
candidate_claim,CAND_MEMORY_UCHUNK_002145,"supplier_relationship / cost_or_price_benchmark / retail_price: target, packaging",packaging_wrapper,unified_memory_scan,direct_visual_or_page_evidence,retail_page_level,supplier_relationship; cost_or_price_benchmark; retail_price; sustainability_context; manufacturing_or_process,target,packaging,"nd), Smurfit Kappa (Ireland), and Oji Holdings Corporation (Japan) are leading
companies of the paper and paperboard packaging market. These companies are pursuing both organic and inorganic growth strategies,
such as product launches, acquisitions, and expansions, to increase their market presence."
candidate_claim,CAND_MEMORY_UCHUNK_001594,"supplier_relationship / ingredient_confirmation / cost_or_price_benchmark: target, milk_dairy, natural_flavor, pgpr",pgpr,unified_memory_scan,direct_visual_or_page_evidence,retail_page_level,supplier_relationship; ingredient_confirmation; cost_or_price_benchmark; retail_price; sustainability_context; manufacturing_or_process,target,milk_dairy; natural_flavor; pgpr,"and for texture-modifying and 
stabilizing agents, with PGPR emerging as a preferred choice due to its superior 
emulsifying properties and cost-effectiveness. The beverage industry is also 
incorporating PGPR to improve dispersion and stability in flavored drinks and 
nutritional supplements. As co"
candidate_claim,CAND_MEMORY_UCHUNK_001599,"supplier_relationship / ingredient_confirmation / cost_or_price_benchmark: target, cocoa_chocolate, pgpr",pgpr,unified_memory_scan,direct_visual_or_page_evidence,retail_page_level,supplier_relationship; ingredient_confirmation; cost_or_price_benchmark; retail_price; logistics_distribution; manufacturing_or_process,target,cocoa_chocolate; pgpr,"s 
primary role in stabilizing oil-in-water and water-in-oil emulsions across food 
applications. PGPR’s unique molecular structure enables it to reduce interfacial 
tension, facilitating the formation of stable, homogenous mixtures in chocolates, 
bakery creams, and processed foods. The Stabilizer "
candidate_claim,CAND_MEMORY_UCHUNK_001602,"supplier_relationship / ingredient_confirmation / cost_or_price_benchmark: target, pgpr",pgpr,unified_memory_scan,direct_visual_or_page_evidence,retail_page_level,supplier_relationship; ingredient_confirmation; cost_or_price_benchmark; retail_price; logistics_distribution; sustainability_context; manufacturing_or_process,target,pgpr,"mpetitive landscape is evolving rapidly, with new 
entrants leveraging advanced technologies and agile business models to disrupt 
established supply chains. Strategic collaborations, mergers, and acquisitions are 
common, as companies seek to expand their product portfolios, access new 
markets, an"
candidate_claim,CAND_MEMORY_UCHUNK_001603,"supplier_relationship / ingredient_confirmation / cost_or_price_benchmark: target, pgpr",pgpr,unified_memory_scan,direct_visual_or_page_evidence,retail_page_level,supplier_relationship; ingredient_confirmation; cost_or_price_benchmark; retail_price; logistics_distribution; sustainability_context; manufacturing_or_process,target,pgpr,"maintain an edge through superior 
resources, established distribution networks, and strong relationships with 
multinational food processors. 
New entrants are disrupting the market by introducing sustainable, clean-label, 
and specialty PGPR products, targeting unmet needs in vegan, organic, and

"
candidate_claim,CAND_MEMORY_UCHUNK_001911,"ingredient_confirmation / cost_or_price_benchmark / retail_price: cvs, hershey, cocoa_chocolate, milk_dairy",retail_price_evidence,unified_memory_scan,direct_visual_or_page_evidence,retail_page_level,ingredient_confirmation; cost_or_price_benchmark; retail_price,cvs; hershey,cocoa_chocolate; milk_dairy,"--- VISUAL OCR PAGE 1: page_001.png ---
¥CVS {a 191 CAMBRIDG... Search CVS or ask a question Q
Open, Closes 10:00 PM
= Menu (ff Mother's Day — Manage prescriptions S Schedule a Vaccine Photo Coupons & Rewards WeeklyAd Extra Big Deals Shop MinuteClinic Services Wellness Zone —Oak Street Health
Home >"
candidate_claim,CAND_MEMORY_UCHUNK_002011,"ingredient_confirmation / cost_or_price_benchmark / retail_price: hershey, target, cocoa_chocolate, milk_dairy, natural_flavor, pgpr, soy_lecithin, sugar",retail_price_evidence,unified_memory_scan,direct_visual_or_page_evidence,retail_page_level,ingredient_confirmation; cost_or_price_benchmark; retail_price,hershey; target,cocoa_chocolate; milk_dairy; natural_flavor; pgpr; soy_lecithin; sugar,"--- VISUAL OCR PAGE 1: page_001.png ---
© Categories Deals Pickup & delivery hershey chocolate ba... > u Q (Q) Account =!
Target > Grocery > Candy > Chocolate > Chocolate Bars
_ Shop all HERSHEY'S
(47) .
eo) Hershey's Milk Chocolate Candy Bar - 1.550z
te te tk ok Ye 3450 Vv
$1 .99 ($1.28/ounce) @
Aa"
candidate_claim,CAND_MEMORY_UCHUNK_002019,"ingredient_confirmation / cost_or_price_benchmark / retail_price: hershey, walgreens, cocoa_chocolate, milk_dairy",retail_price_evidence,unified_memory_scan,direct_visual_or_page_evidence,retail_page_level,ingredient_confirmation; cost_or_price_benchmark; retail_price,hershey; walgreens,cocoa_chocolate; milk_dairy,"--- VISUAL OCR PAGE 1: page_001.png ---
20% OFF $50+ sitewide* with code SPRING20 50% OFF Everything Photo Get $15 in rewards* on $45 select P&G products
w { Search Q ) © 668 Farmington Ave, West Hart... & Accot
harmacyY HealthServicesy ShopY Savingsy Photoy FinancialServicesy Weekly Ad _ Vaccinatio"
candidate_claim,CAND_MEMORY_UCHUNK_001941,"ingredient_confirmation / cost_or_price_benchmark / retail_price: hershey, walmart, cocoa_chocolate, milk_dairy",retail_price_evidence,unified_memory_scan,direct_visual_or_page_evidence,retail_page_level,ingredient_confirmation; cost_or_price_benchmark; retail_price,hershey; walmart,cocoa_chocolate; milk_dairy,"--- VISUAL OCR PAGE 1: page_001.png ---
Pickup or delivery? ; - - . fq) © Feorder Q, Signin =
7) Malden, 02148 + Saugus Supercenter Search everything at Walmart online andin store ~ My Items > Account $0.00
Departments v Services v Rollbacks & More Mother's Day Getit Fast Pharmacy New Arrivals Walma"
candidate_claim,CAND_MEMORY_UCHUNK_001942,"ingredient_confirmation / cost_or_price_benchmark / retail_price: hershey, walmart, cocoa_chocolate, milk_dairy",retail_price_evidence,unified_memory_scan,direct_visual_or_page_evidence,retail_page_level,ingredient_confirmation; cost_or_price_benchmark; retail_price,hershey; walmart,cocoa_chocolate; milk_dairy,"m offer now
Continue your search on Walmart
Similar items you might like
Based on what customers bought
= const
oO oO oO XL oO
Image not 4
Available milk chocolate tear 7
1 BAR
1 BaR
+ Add + Add + Add + Add
$5.97 5824 Now $2.50 $278 96.2¢/oz Now $1.62 $82 $1.12/oz $2.97 $10.80/lb
HERSHEY'S Milk Choc"
candidate_claim,CAND_MEMORY_UCHUNK_002278,"supplier_relationship / ingredient_confirmation / retail_price: hershey, target, sugar",sugar,unified_memory_scan,direct_visual_or_page_evidence,retail_page_level,supplier_relationship; ingredient_confirmation; retail_price; sustainability_context; manufacturing_or_process,hershey; target,sugar,"--- VISUAL OCR PAGE 1: page_001.png ---
CAREERS MEDIA INVESTORS
HERSHEY.
f& > Home > Sustainability > Sustainability Issues
Sugar is an essential ingredient in many of our delicious snacks. Sugar production provides a
livelihood to growers and local communities. At Hershey, we are committed to a sup"
candidate_claim,CAND_MEMORY_UCHUNK_001618,"supplier_relationship / retail_price / sustainability_context: asr, target, packaging",sugar,unified_memory_scan,direct_visual_or_page_evidence,retail_page_level,supplier_relationship; retail_price; sustainability_context; manufacturing_or_process,asr; target,packaging,"upply Chain
Employee and Community 
Engagement
Governance, Communication 
and Reporting
Closing
Appendix
EXECUTIVE SUMMARY
Since we published our FY22 Sustainability Report, 
we’ve continued to strive to better understand our 
influence on the world around us.
4
ASR Group Sustainability Report 2023
"
candidate_claim,CAND_MEMORY_UCHUNK_001637,"supplier_relationship / ingredient_confirmation / retail_price: asr, target, sugar",sugar,unified_memory_scan,direct_visual_or_page_evidence,retail_page_level,supplier_relationship; ingredient_confirmation; retail_price; sustainability_context; manufacturing_or_process,asr; target,sugar,"nservation 
and Circularity
Sustainable 
Agriculture
Sustainable and 
Ethical Supply Chain
Employee and Community 
Engagement
Governance, Communication 
and Reporting
Closing
Appendix
We aim to be the lowest carbon 
sugar company in the world.
DECARBONIZATION
21
ASR Group Sustainability Report 2023
"
candidate_claim,CAND_MEMORY_UCHUNK_001638,"supplier_relationship / retail_price / sustainability_context: asr, target",sugar,unified_memory_scan,direct_visual_or_page_evidence,retail_page_level,supplier_relationship; retail_price; sustainability_context; manufacturing_or_process,asr; target,,"process reconfiguration efforts: large-scale carbon 
economy transitions with known but not yet integrated innovations
• Green our energy mixes
• Employ innovative technologies
• Use alternative fuel sources for operations and transport fleet
• Implement waste circularity programs
• Prioritize low-c"
candidate_claim,CAND_MEMORY_UCHUNK_001639,"supplier_relationship / retail_price / sustainability_context: asr, target",sugar,unified_memory_scan,direct_visual_or_page_evidence,retail_page_level,supplier_relationship; retail_price; sustainability_context,asr; target,,"support our decarbonization 
efforts, we publicly declared our ambitions with the Science Based Targets Initiative (SBTi). Per the initiative’s 
expectations, we are working to validate our target commitments, and are awaiting a review meeting with 
CDP that is scheduled for July 2024.
23
ASR Group "
candidate_claim,CAND_MEMORY_UCHUNK_001642,"supplier_relationship / ingredient_confirmation / retail_price: asr, target, sugar",sugar,unified_memory_scan,direct_visual_or_page_evidence,retail_page_level,supplier_relationship; ingredient_confirmation; retail_price; sustainability_context; manufacturing_or_process,asr; target,sugar,"neries: 
• Stationary fuel use for process steam generation, downstream wastewater 
treatment needs, energy required for ingredient supplies and solid waste 
treatment​.
• Embodied carbon from purchased goods and services, employee commute, 
business travel, and capital goods.
Our carbon emissions o"
candidate_claim,CAND_MEMORY_UCHUNK_001643,"retail_price / logistics_distribution / sustainability_context: asr, target",sugar,unified_memory_scan,direct_visual_or_page_evidence,retail_page_level,retail_price; logistics_distribution; sustainability_context; manufacturing_or_process,asr; target,,"oward this reduction goal as we implement energy efficiency projects. These projects enable us to produce our previous product volumes using less energy and are crucial to reduce CO2 
emissions. Alongside these projects, we adopted energy-management practices that optimize our assets’ energy usage a"
candidate_claim,CAND_MEMORY_UCHUNK_001650,"supplier_relationship / ingredient_confirmation / retail_price: asr, target, sugar",sugar,unified_memory_scan,direct_visual_or_page_evidence,retail_page_level,supplier_relationship; ingredient_confirmation; retail_price; sustainability_context,asr; target,sugar,"lifornia purchased continued to be green through 
its participation in the Marin Clean Energy’s Light Green 
Electricity program.
Renewable Electricity in Our Operations
FY 19
FY 20
FY 21
50
40
60
30
20
FY 22
Percentage
% Green Electricity Generated
70
60%
57%
54%
57%
FY 23
54%
FY 19
FY 20
FY 21
50
"
candidate_claim,CAND_MEMORY_UCHUNK_001655,"supplier_relationship / ingredient_confirmation / cost_or_price_benchmark: asr, target, sugar",sugar,unified_memory_scan,direct_visual_or_page_evidence,retail_page_level,supplier_relationship; ingredient_confirmation; cost_or_price_benchmark; retail_price; logistics_distribution; sustainability_context,asr; target,sugar,"artWay Partner 
Peers, which is 87% of freight through SmartWay carriers. 
Furthermore, our carbon efficiency attributable to road freight 
continues to increase. By continuously raising awareness of the 
program to our fright partners, our total SmartWay carrier pool grew 
from 46 to 63 participant"
candidate_claim,CAND_MEMORY_UCHUNK_001661,"supplier_relationship / retail_price / sustainability_context: asr, target",sugar,unified_memory_scan,direct_visual_or_page_evidence,retail_page_level,supplier_relationship; retail_price; sustainability_context; manufacturing_or_process,asr; target,,"ategy
FY 22
FY 23
FY 24
FY 25
FY 26
FY 27
FY 28
FY 29
millions of gallons of water
FY 30
FY 30 Goal
Site 1
Site 3
Site 2
500
2,898
2,290
1,751
78
41
23
7
FY 21
2,205
2,288
FY 31
FY 32
FY 33
FY 34
FY 35
FY 36
FY 37
FY 38
FY 39
FY 40
52
206
87
39
194
112
Site 4
Site 5
Site 6
Site 7
98
44
ASR Group Sus"
candidate_claim,CAND_MEMORY_UCHUNK_001664,"supplier_relationship / retail_price / sustainability_context: asr, target",sugar,unified_memory_scan,direct_visual_or_page_evidence,retail_page_level,supplier_relationship; retail_price; sustainability_context; manufacturing_or_process,asr; target,,", or recycling.
We conducted a comprehensive analysis of our FY23 waste profile. The waste we 
generate accounts for a mere 0.25% of all materials that leave our facilities. This waste 
is composed of recycling, converted to energy materials, and directed to landfills. Our 
production constitutes 83"
candidate_claim,CAND_MEMORY_UCHUNK_001668,"cost_or_price_benchmark / retail_price / sustainability_context: asr, target, packaging",sugar,unified_memory_scan,direct_visual_or_page_evidence,retail_page_level,cost_or_price_benchmark; retail_price; sustainability_context; manufacturing_or_process,asr; target,packaging,"of PCR content; 84% of total ASR packaging 
weight that enters the market is of PCR content 
United Kingdom
Retail Plastic Bag Structure Change
Continued work through FY23. Anticipated project completion FY24. 
Estimated impact: 89 MT converted from non-recyclable to recyclable
United Kingdom
This p"
candidate_claim,CAND_MEMORY_UCHUNK_001688,"supplier_relationship / ingredient_confirmation / retail_price: asr, target, sugar",sugar,unified_memory_scan,direct_visual_or_page_evidence,retail_page_level,supplier_relationship; ingredient_confirmation; retail_price; sustainability_context; manufacturing_or_process,asr; target,sugar,"s in the 
U.K. These regulations determine the countries from which we can source sugar and permitted volumes. Click each country on the map below to learn where our sugar comes 
from and where it goes. 
click each country to learn where 
our sugar comes from
68
ASR Group Sustainability Report 2023
"
candidate_claim,CAND_MEMORY_UCHUNK_001722,"supplier_relationship / cost_or_price_benchmark / retail_price: asr, target",sugar,unified_memory_scan,direct_visual_or_page_evidence,retail_page_level,supplier_relationship; cost_or_price_benchmark; retail_price; sustainability_context,asr; target,,"ates on climate and other sustainability 
matters throughout the year from our CSO. 
These matters are discussed at the quarterly Executive Management Committee 
meeting and with the Board of Directors.
18 See Materiality Assessment section.
Alejandro Londoño
99
ASR Group Sustainability Report 2023
"
candidate_claim,CAND_MEMORY_UCHUNK_001723,"supplier_relationship / retail_price / sustainability_context: asr, target",sugar,unified_memory_scan,direct_visual_or_page_evidence,retail_page_level,supplier_relationship; retail_price; sustainability_context,asr; target,,"ublicly committed to the Science Based Targets 
Initiative (SBTi) and submitted both interim and long-term decarbonization objectives for 
verification in late 2023. Finally, ASR Group implemented several third-party verification 
programs - including SMETA 4-Pilar audits and GreenCircle Certified S"
candidate_claim,CAND_MEMORY_UCHUNK_001728,"supplier_relationship / ingredient_confirmation / retail_price: asr, target",sugar,unified_memory_scan,direct_visual_or_page_evidence,retail_page_level,supplier_relationship; ingredient_confirmation; retail_price; sustainability_context; manufacturing_or_process,asr; target,,"About ASR 
Group
Vision and 
Strategy
Decarbonization
Resource Conservation 
and Circularity
Sustainable 
Agriculture
Sustainable and 
Ethical Supply Chain
Employee and Community 
Engagement
Governance, Communication 
and Reporting
Closing
Appendix
APPENDIX
106
ASR Group Sustainability Report 2023

"
candidate_claim,CAND_MEMORY_UCHUNK_002049,"supplier_relationship / ingredient_confirmation / retail_price: hershey, target, sugar",sugar,unified_memory_scan,direct_visual_or_page_evidence,retail_page_level,supplier_relationship; ingredient_confirmation; retail_price; sustainability_context; manufacturing_or_process,hershey; target,sugar,"--- VISUAL OCR PAGE 1: page_001.png ---
CAREERS MEDIA INVESTORS
HERSHEY.
f& > Home > Sustainability > Sustainability Issues
Sugar is an essential ingredient in many of our delicious snacks. Sugar production provides a
livelihood to growers and local communities. At Hershey, we are committed to a sup"
candidate_claim,CAND_MEMORY_UCHUNK_002176,"supplier_relationship / ingredient_confirmation / sustainability_context: hershey, cocoa_chocolate",cocoa_chocolate_cocoa_butter,unified_memory_scan,company_level_relationship_evidence,company_level_only,supplier_relationship; ingredient_confirmation; sustainability_context,hershey,cocoa_chocolate,"arning recommendations
to enhance the ettectiveness and sustainability ot HIAP. Discover how we are turning insights into
action.
Hershey Income Accelerator Progress Briefing - (English, French)
e e 9 e
Supporting Children’s Well-being
Hershey works with many stakeholders to seek the opportunities c"
candidate_claim,CAND_MEMORY_UCHUNK_002178,"supplier_relationship / ingredient_confirmation / cost_or_price_benchmark: hershey, cocoa_chocolate",cocoa_chocolate_cocoa_butter,unified_memory_scan,company_level_relationship_evidence,company_level_only,supplier_relationship; ingredient_confirmation; cost_or_price_benchmark; sustainability_context,hershey,cocoa_chocolate,"s in rural areas to create a more resilient supply chain. This project will enable
five waves of tree planting with an overall ambition to plant 1.18 million trees by the end of 2028.
° : : °
Protecting Biodiversity
We support multi-year forest protection activities for the Mabi-Yaya Nature Reserve "
candidate_claim,CAND_MEMORY_UCHUNK_002179,"supplier_relationship / ingredient_confirmation / sustainability_context: hershey, cocoa_chocolate",cocoa_chocolate_cocoa_butter,unified_memory_scan,company_level_relationship_evidence,company_level_only,supplier_relationship; ingredient_confirmation; sustainability_context,hershey,cocoa_chocolate,"nd Conversion Free
+ Grievance Procedure for Potential Violations of Hershey's Implementation Approach
DCF Policy
| = n =_=
L
‘| ?
SUSTAINABILITY @ HERSHEY e a ! 4
Related Priority Areas a a
Human Rights Responsible Sourcing Environment Our Peop
C >
THE COMPANY EXPERIENCE HERSHEY BUSINESS CUSTOMERS
"
candidate_claim,CAND_MEMORY_UCHUNK_000442,"supplier_relationship / ingredient_confirmation / cost_or_price_benchmark: barry_callebaut, hershey, cocoa_chocolate",cocoa_chocolate_cocoa_butter,unified_memory_scan,company_level_relationship_evidence,company_level_only,supplier_relationship; ingredient_confirmation; cost_or_price_benchmark; sustainability_context; manufacturing_or_process,barry_callebaut; hershey,cocoa_chocolate,"--- PAGE 1 ---
Hershey and Barry Callebaut Announce Strategic 
Supply and Innovation Partnership 
 
• 
Barry Callebaut to supply a minimum of 80,000 tons per year of chocolate and 
finished products to Hershey under long-term global agreement 
• 
Hershey to leverage Barry Callebaut’s premium chocola"
candidate_claim,CAND_MEMORY_UCHUNK_000443,"supplier_relationship / ingredient_confirmation / cost_or_price_benchmark: barry_callebaut, hershey, cocoa_chocolate, natural_flavor, sugar",cocoa_chocolate_cocoa_butter,unified_memory_scan,company_level_relationship_evidence,company_level_only,supplier_relationship; ingredient_confirmation; cost_or_price_benchmark; sustainability_context; manufacturing_or_process,barry_callebaut; hershey,cocoa_chocolate; natural_flavor; sugar,"D 50 million (CHF 65 million). 
 
The two companies also will work together on efforts aimed at building a sustainable cocoa 
supply, including the World Cocoa Foundation’s Sustainable Tree Crops Program, the 
International Cocoa Initiative Foundation and industry efforts to implement a certificatio"
candidate_claim,CAND_MEMORY_UCHUNK_002038,"supplier_relationship / ingredient_confirmation / sustainability_context: barry_callebaut, hershey, cocoa_chocolate",cocoa_chocolate_cocoa_butter,unified_memory_scan,company_level_relationship_evidence,company_level_only,supplier_relationship; ingredient_confirmation; sustainability_context,barry_callebaut; hershey,cocoa_chocolate,"--- VISUAL OCR PAGE 1: page_001.png ---
® My Barry Callebaut Careers Contact B= United States - English Q
| BARRY (()) CALLEBAUT | Products Segments Services Brands Trends & Insights Sustainability v About Us v
f > About Us > Media > News & Stories
; oy
.
ox A OS a ihe 1 Pa
eae ee 08 » ‘ .
y fat ne "
candidate_claim,CAND_MEMORY_UCHUNK_002112,"supplier_relationship / ingredient_confirmation / cost_or_price_benchmark: hershey, cocoa_chocolate",cocoa_chocolate_cocoa_butter,unified_memory_scan,company_level_relationship_evidence,company_level_only,supplier_relationship; ingredient_confirmation; cost_or_price_benchmark; sustainability_context; manufacturing_or_process,hershey,cocoa_chocolate,"--- VISUAL OCR PAGE 1: page_001.png ---
CAREERS MEDIA INVESTORS
HERSHEY.
SUSTAINABILITY
ee 9
e
Visible Progress: Hershey’s Cocoa For
i bl UJ 4 fv oT ae. (pM 7 J . (- rv
Po SOOO TN Br 7 KS Ne
é uP a vay < ; . a
# ws a > . . ‘ i a .
? a / dina ‘
‘ a 4 *
2 @F et , ~ 7
. a — Se be ed
>. > td =e p J , ‘|"
candidate_claim,CAND_MEMORY_UCHUNK_002113,"supplier_relationship / ingredient_confirmation / sustainability_context: hershey, cocoa_chocolate",cocoa_chocolate_cocoa_butter,unified_memory_scan,company_level_relationship_evidence,company_level_only,supplier_relationship; ingredient_confirmation; sustainability_context,hershey,cocoa_chocolate,"producers of
cocoa. Clear visibility into how and under what conditions the cocoa volumes we source is grown and cultivated
enables us to refine Cocoa For Good, implementing programs that focus on helping improve farmer incomes,
end child labor and protect the environment. Understanding the origin o"
candidate_claim,CAND_MEMORY_UCHUNK_002114,"supplier_relationship / ingredient_confirmation / sustainability_context: hershey, cocoa_chocolate",cocoa_chocolate_cocoa_butter,unified_memory_scan,company_level_relationship_evidence,company_level_only,supplier_relationship; ingredient_confirmation; sustainability_context,hershey,cocoa_chocolate,"e and Ghana as we aim for 100% coverage of our Cocoa For
Good farms by 2025. In 2021 alone, we monitored nearly 103,000 children. This includes engaging trusted members
of farmers’ own communities in auditing farmers’ work practices and following up with them to identify appropriate
remediation appr"
candidate_claim,CAND_MEMORY_UCHUNK_002115,"supplier_relationship / ingredient_confirmation / sustainability_context: hershey, cocoa_chocolate",cocoa_chocolate_cocoa_butter,unified_memory_scan,company_level_relationship_evidence,company_level_only,supplier_relationship; ingredient_confirmation; sustainability_context,hershey,cocoa_chocolate,"te d’lvoire and Ghana and are at 46%! of the
way to our goal. Additionally, we are providing specialized guidance on environment-friendly actions, climate-smart
farming techniques, and agroforestry. Over the past four years, we have distributed more than ,1.3 million non-cocoa
trees to farmers for p"
candidate_claim,CAND_MEMORY_UCHUNK_001949,"supplier_relationship / ingredient_confirmation / sustainability_context: hershey, cocoa_chocolate",cocoa_chocolate_cocoa_butter,unified_memory_scan,company_level_relationship_evidence,company_level_only,supplier_relationship; ingredient_confirmation; sustainability_context,hershey,cocoa_chocolate,"o our business and are key drivers for building trust. Our
we operate responsibly and remain stakeholders. We are focused on the Board oversees our sustainability
prepared, resilient and competitive. issues where we can make the greatest strategies, priorities, progress, risks and
impact. opportunit"
candidate_claim,CAND_MEMORY_UCHUNK_002302,"supplier_relationship / sustainability_context: hershey, land_olakes, milk_dairy",dairy_milk_skim_milk_milk_fat,unified_memory_scan,company_level_relationship_evidence,company_level_only,supplier_relationship; sustainability_context,hershey; land_olakes,milk_dairy,"--- VISUAL OCR PAGE 1: page_001.png ---
NEWS EVENTS = CONTACT | ONATE | Q | Select Language v
Ay for the Chesapeake Bay What We Do v Who WeAre v Get Involved v Resources V
Home / Blogs / New Initiative, Sustainable Dairy PA, Sparks Promise for More Climate-Friendly Dairy Supply Chain in Chesapeake B"
candidate_claim,CAND_MEMORY_UCHUNK_002303,"supplier_relationship / ingredient_confirmation / sustainability_context: hershey, land_olakes, cocoa_chocolate, milk_dairy",dairy_milk_skim_milk_milk_fat,unified_memory_scan,company_level_relationship_evidence,company_level_only,supplier_relationship; ingredient_confirmation; sustainability_context,hershey; land_olakes,cocoa_chocolate; milk_dairy,"e for the Chesapeake Bay
ad
; 3 4 C4
<a,
>
> © Watch on @§ YouTube
“As we continue on our path to reduce our environmental footprint and address climate
change, we're excited to partner with Land O'Lakes and the Alliance for the Chesapeake
Bay to promote best on-farm sustainable management practices"
candidate_claim,CAND_MEMORY_UCHUNK_001984,"supplier_relationship / ingredient_confirmation / sustainability_context: hershey, land_olakes, cocoa_chocolate, milk_dairy",dairy_milk_skim_milk_milk_fat,unified_memory_scan,company_level_relationship_evidence,company_level_only,supplier_relationship; ingredient_confirmation; sustainability_context,hershey; land_olakes,cocoa_chocolate; milk_dairy,"ssues.
We are collaborating with Land O'Lakes, our highest-volume dairy supplier and strategic partner,
and the Alliance for the Chesapeake Bay on a three-year pilot program, Sustainable Dairy PA.
Now in its second year, this program aims to reduce GHG emissions and protect water quality
across dair"
candidate_claim,CAND_MEMORY_UCHUNK_000807,"supplier_relationship / ingredient_confirmation / sustainability_context: hershey, cocoa_chocolate",dairy_milk_skim_milk_milk_fat,unified_memory_scan,company_level_relationship_evidence,company_level_only,supplier_relationship; ingredient_confirmation; sustainability_context,hershey,cocoa_chocolate,"or Our Communities
89 
Being a Good Neighbor
90 
A Culture of Giving Back
92 
Our Progress
93 
About This Report
We Are
Hershey 
2 
The Hershey Company | 2021 ESG Report
The Big Picture Our Company Cocoa Responsible Sourcing and Human Rights Environment Our People Youth Community About This Report
"
candidate_claim,CAND_MEMORY_UCHUNK_000809,"supplier_relationship / ingredient_confirmation / sustainability_context: hershey, cocoa_chocolate",dairy_milk_skim_milk_milk_fat,unified_memory_scan,company_level_relationship_evidence,company_level_only,supplier_relationship; ingredient_confirmation; sustainability_context; manufacturing_or_process,hershey,cocoa_chocolate,"to 
keep children in school, helping to diversify and 
increase incomes, giving farmers the support 
to build thriving businesses and protecting the 
forests around cocoa farms.
This work is complemented by our growing 
efforts to protect human rights across our value 
chain. We have been refining b"
candidate_claim,CAND_MEMORY_UCHUNK_000810,"supplier_relationship / ingredient_confirmation / cost_or_price_benchmark: hershey, cocoa_chocolate",dairy_milk_skim_milk_milk_fat,unified_memory_scan,company_level_relationship_evidence,company_level_only,supplier_relationship; ingredient_confirmation; cost_or_price_benchmark; logistics_distribution; sustainability_context,hershey,cocoa_chocolate,"work of embedding these priorities 
within our short and long-term business 
strategies. I have great confidence in our ability 
to create positive change for our business, our 
communities and our world, and I look forward 
to another year of progress, evolution and 
making a difference for our man"
candidate_claim,CAND_MEMORY_UCHUNK_000819,"supplier_relationship / ingredient_confirmation / sustainability_context: hershey, cocoa_chocolate",dairy_milk_skim_milk_milk_fat,unified_memory_scan,company_level_relationship_evidence,company_level_only,supplier_relationship; ingredient_confirmation; sustainability_context; manufacturing_or_process,hershey,cocoa_chocolate,"nes 
were updated to clarify the Board’s role in 
overseeing all ESG matters, including our 
ESG strategies, priorities, progress, risks and 
opportunities. All Board committee charters 
were enhanced to include oversight of each 
committee’s relevant ESG responsibilities and 
reporting requirements"
candidate_claim,CAND_MEMORY_UCHUNK_000821,"supplier_relationship / ingredient_confirmation / sustainability_context: hershey, cocoa_chocolate, packaging",dairy_milk_skim_milk_milk_fat,unified_memory_scan,company_level_relationship_evidence,company_level_only,supplier_relationship; ingredient_confirmation; sustainability_context; manufacturing_or_process,hershey,cocoa_chocolate; packaging,"political parties at the 
federal and state levels. 
Corporate funds are used to support or 
advocate for issues, legislation or referenda of 
importance to Hershey and our shareholders. 
These funds, classified under the U.S. Internal 
Revenue Code as non-deductible lobbying 
expenditures, are paid"
candidate_claim,CAND_MEMORY_UCHUNK_000828,"supplier_relationship / ingredient_confirmation / sustainability_context: hershey, cocoa_chocolate",dairy_milk_skim_milk_milk_fat,unified_memory_scan,company_level_relationship_evidence,company_level_only,supplier_relationship; ingredient_confirmation; sustainability_context,hershey,cocoa_chocolate,"t compliance 
and progress report, which addresses the 
performance of Hershey and all other 
participating companies.
In Canada, we participate in the Canadian 
Children’s Food and Beverage Advertising 
Initiative (CAI), overseen by Advertising 
Standards Canada, which commits us to similar 
standa"
candidate_claim,CAND_MEMORY_UCHUNK_000829,"supplier_relationship / ingredient_confirmation / cost_or_price_benchmark: hershey, cocoa_chocolate",dairy_milk_skim_milk_milk_fat,unified_memory_scan,company_level_relationship_evidence,company_level_only,supplier_relationship; ingredient_confirmation; cost_or_price_benchmark; retail_price; sustainability_context,hershey,cocoa_chocolate,"license our brands for use on educational 
material or materials intended for use primarily 
in elementary schools.
17 
The Hershey Company | 2021 ESG Report
The Big Picture Our Company Cocoa Responsible Sourcing and Human Rights Environment Our People Youth Community About This Report
Our Company

"
candidate_claim,CAND_MEMORY_UCHUNK_000832,"supplier_relationship / ingredient_confirmation / sustainability_context: hershey, cocoa_chocolate",dairy_milk_skim_milk_milk_fat,unified_memory_scan,company_level_relationship_evidence,company_level_only,supplier_relationship; ingredient_confirmation; sustainability_context,hershey,cocoa_chocolate,", foster women’s 
leadership and improve the 
quality of nutrition and access 
to education. 
Responsibly 
Sourcing 
Cocoa
20 
The Hershey Company | 2021 ESG Report
The Big Picture Our Company Cocoa Responsible Sourcing and Human Rights Environment Our People Youth Community About This Report
Cocoa
"
candidate_claim,CAND_MEMORY_UCHUNK_000834,"supplier_relationship / ingredient_confirmation / cost_or_price_benchmark: hershey, cocoa_chocolate",dairy_milk_skim_milk_milk_fat,unified_memory_scan,company_level_relationship_evidence,company_level_only,supplier_relationship; ingredient_confirmation; cost_or_price_benchmark; sustainability_context,hershey,cocoa_chocolate,"iversify and stabilize their 
household income. 
• Preserving Ecosystems 
We advance environmentally responsible 
agricultural practices and promote 
agroforestry and shade-grown 
cocoa. We use polygon mapping 
to improve traceability, understand 
how and where cocoa is being grown 
and monitor def"
candidate_claim,CAND_MEMORY_UCHUNK_000835,"supplier_relationship / ingredient_confirmation / sustainability_context: hershey, cocoa_chocolate",dairy_milk_skim_milk_milk_fat,unified_memory_scan,company_level_relationship_evidence,company_level_only,supplier_relationship; ingredient_confirmation; sustainability_context,hershey,cocoa_chocolate,"in these 
countries are:
• Polygon mapped by our suppliers to improve 
traceability and monitor deforestation; and 
• Covered by Child Labor Monitoring and 
Remediation Systems (CLMRS) to prevent, 
monitor and remediate child labor.
Farmer groups and farmers participating in 
our Cocoa For Good st"
candidate_claim,CAND_MEMORY_UCHUNK_000836,"supplier_relationship / ingredient_confirmation / sustainability_context: hershey, cocoa_chocolate",dairy_milk_skim_milk_milk_fat,unified_memory_scan,company_level_relationship_evidence,company_level_only,supplier_relationship; ingredient_confirmation; sustainability_context; manufacturing_or_process,hershey,cocoa_chocolate,"icipating in programs as part of Cocoa For 
Good worldwide by 24%. 
 
68%
sourcing visibility in 
Côte d’Ivoire and Ghana 
22 
The Hershey Company | 2021 ESG Report
The Big Picture Our Company Cocoa Responsible Sourcing and Human Rights Environment Our People Youth Community About This Report
Cocoa
"
candidate_claim,CAND_MEMORY_UCHUNK_000837,"supplier_relationship / ingredient_confirmation / sustainability_context: hershey, cocoa_chocolate",dairy_milk_skim_milk_milk_fat,unified_memory_scan,company_level_relationship_evidence,company_level_only,supplier_relationship; ingredient_confirmation; sustainability_context; manufacturing_or_process,hershey,cocoa_chocolate,"ey’s 
value chain. 
• Identify areas for improvement and work 
with our suppliers on their responsible 
sourcing journey.
23 
The Hershey Company | 2021 ESG Report
The Big Picture Our Company Cocoa Responsible Sourcing and Human Rights Environment Our People Youth Community About This Report
Cocoa
"
candidate_claim,CAND_MEMORY_UCHUNK_000838,supplier_relationship / manufacturing_or_process: hershey,dairy_milk_skim_milk_milk_fat,unified_memory_scan,company_level_relationship_evidence,company_level_only,supplier_relationship; manufacturing_or_process,hershey,,"igence process on page 23) continues 
to highlight the importance of monitoring, 
preventing and remediating instances of 
child labor. 
CLMRS, championed by the ICI and proven 
to be an effective measure in helping to 
protect against child labor, is the leading 
method of child labor detection and"
candidate_claim,CAND_MEMORY_UCHUNK_000839,"supplier_relationship / ingredient_confirmation / sustainability_context: hershey, cocoa_chocolate, packaging",dairy_milk_skim_milk_milk_fat,unified_memory_scan,company_level_relationship_evidence,company_level_only,supplier_relationship; ingredient_confirmation; sustainability_context,hershey,cocoa_chocolate; packaging,"hazardous activities. 
 
Working to Eliminate Child Labor
What Is Child Labor?
Hershey uses the International Labour 
Organization (ILO) definition:
Child labor is work that is mentally, 
physically, socially or morally dangerous 
and harmful to children and/or interferes 
with their schooling.
Not "
candidate_claim,CAND_MEMORY_UCHUNK_000840,"supplier_relationship / ingredient_confirmation / sustainability_context: hershey, cocoa_chocolate",dairy_milk_skim_milk_milk_fat,unified_memory_scan,company_level_relationship_evidence,company_level_only,supplier_relationship; ingredient_confirmation; sustainability_context,hershey,cocoa_chocolate,"nowledge, 
skills, and action on preventing, monitoring, 
identifying and addressing forced labor in 
cocoa supply chains.
24 
The Hershey Company | 2021 ESG Report
The Big Picture Our Company Cocoa Responsible Sourcing and Human Rights Environment Our People Youth Community About This Report
Cocoa
"
candidate_claim,CAND_MEMORY_UCHUNK_000841,"supplier_relationship / ingredient_confirmation / sustainability_context: hershey, cocoa_chocolate",dairy_milk_skim_milk_milk_fat,unified_memory_scan,company_level_relationship_evidence,company_level_only,supplier_relationship; ingredient_confirmation; sustainability_context,hershey,cocoa_chocolate,". 
What’s Next
We will continue to invest funds to improve 
the quality of CLMRS and to expand it with the 
aim of ensuring that no child is overlooked, and 
everyone receives the support they need. 
Our CLMRS covered 62% of Hershey cocoa 
volumes, on the way to achieving our goal of 
100% by 2025. "
candidate_claim,CAND_MEMORY_UCHUNK_000842,"supplier_relationship / ingredient_confirmation / cost_or_price_benchmark: hershey, cocoa_chocolate",dairy_milk_skim_milk_milk_fat,unified_memory_scan,company_level_relationship_evidence,company_level_only,supplier_relationship; ingredient_confirmation; cost_or_price_benchmark; logistics_distribution; sustainability_context; manufacturing_or_process,hershey,cocoa_chocolate,"numeracy skills for five million children at 
primary school level and includes an investment 
in 2,500 new classrooms. 
Addressing Child Labor Through 
School-Based Nutrition
Not only does a full stomach improve a 
student’s ability to concentrate and learn, it can 
also be the deciding factor betw"
candidate_claim,CAND_MEMORY_UCHUNK_000843,"supplier_relationship / ingredient_confirmation / cost_or_price_benchmark: hershey, cocoa_chocolate",dairy_milk_skim_milk_milk_fat,unified_memory_scan,company_level_relationship_evidence,company_level_only,supplier_relationship; ingredient_confirmation; cost_or_price_benchmark; retail_price; sustainability_context,hershey,cocoa_chocolate,"r publication | ICI.
2 Steiner-Aseidu, M. (Prof) and Saalia, F.B. (Prof) (2016–2018) A Pilot Study to Determine the Efficacy of Consuming Highly Fortified Groundnut Nutritional Supplement on the Nutritional Status of School Children, University of Ghana.
Our 2021 Impact
• 45,000 children received d"
candidate_claim,CAND_MEMORY_UCHUNK_000844,"supplier_relationship / ingredient_confirmation / sustainability_context: hershey, cocoa_chocolate",dairy_milk_skim_milk_milk_fat,unified_memory_scan,company_level_relationship_evidence,company_level_only,supplier_relationship; ingredient_confirmation; sustainability_context; manufacturing_or_process,hershey,cocoa_chocolate,"across seven origins.
Our support has assisted these farmer groups 
and farmers in receiving independent verification 
of their cocoa in compliance with credible 
sustainability standards. This action not only 
helped us reach our goal of sourcing 100% 
independently verified cocoa but also ensures "
candidate_claim,CAND_MEMORY_UCHUNK_000845,"supplier_relationship / ingredient_confirmation / sustainability_context: hershey, cocoa_chocolate",dairy_milk_skim_milk_milk_fat,unified_memory_scan,company_level_relationship_evidence,company_level_only,supplier_relationship; ingredient_confirmation; sustainability_context; manufacturing_or_process,hershey,cocoa_chocolate,"n alternative income-
generating opportunities, such as soap making 
and cassava processing. 
Lifting up Rural Livelihoods
27 
The Hershey Company | 2021 ESG Report
The Big Picture Our Company Cocoa Responsible Sourcing and Human Rights Environment Our People Youth Community About This Report
Cocoa
"
candidate_claim,CAND_MEMORY_UCHUNK_000846,"supplier_relationship / ingredient_confirmation / cost_or_price_benchmark: hershey, cocoa_chocolate",dairy_milk_skim_milk_milk_fat,unified_memory_scan,company_level_relationship_evidence,company_level_only,supplier_relationship; ingredient_confirmation; cost_or_price_benchmark; sustainability_context,hershey,cocoa_chocolate,"r farmers to 
apply agrochemicals and pesticides. 
In addition to providing an invaluable service 
to farmers, in 2021, these community pruning 
teams provided 372 young adults (39 of them 
women) in cocoa-growing communities with 
valuable skills and knowledge about cocoa 
farming, while also helpi"
candidate_claim,CAND_MEMORY_UCHUNK_000847,"supplier_relationship / ingredient_confirmation / cost_or_price_benchmark: hershey, cocoa_chocolate",dairy_milk_skim_milk_milk_fat,unified_memory_scan,company_level_relationship_evidence,company_level_only,supplier_relationship; ingredient_confirmation; cost_or_price_benchmark; sustainability_context,hershey,cocoa_chocolate,"percentage of 
households above the Living Income threshold. 
For our key performance metrics from 
the year, see page 31.
28 
The Hershey Company | 2021 ESG Report
The Big Picture Our Company Cocoa Responsible Sourcing and Human Rights Environment Our People Youth Community About This Report
Cocoa
"
candidate_claim,CAND_MEMORY_UCHUNK_000848,"supplier_relationship / ingredient_confirmation / cost_or_price_benchmark: hershey, cocoa_chocolate",dairy_milk_skim_milk_milk_fat,unified_memory_scan,company_level_relationship_evidence,company_level_only,supplier_relationship; ingredient_confirmation; cost_or_price_benchmark; sustainability_context,hershey,cocoa_chocolate,"try 
and climate-smart cocoa farming.
Through our partnership with the USAID 
Integrated Land and Resource Governance 
(ILRG) Project, we support communities in 
Ghana to clarify and document land rights as well 
as improve land-use planning practices through 
agroforestry. In 2021, our engagement w"
candidate_claim,CAND_MEMORY_UCHUNK_000849,"supplier_relationship / ingredient_confirmation / sustainability_context: hershey, cocoa_chocolate",dairy_milk_skim_milk_milk_fat,unified_memory_scan,company_level_relationship_evidence,company_level_only,supplier_relationship; ingredient_confirmation; sustainability_context,hershey,cocoa_chocolate,"imate-smart cocoa-
growing practices and provides training for extra 
income-generating activities.
Fighting Deforestation
29 
The Hershey Company | 2021 ESG Report
The Big Picture Our Company Cocoa Responsible Sourcing and Human Rights Environment Our People Youth Community About This Report
Cocoa
"
candidate_claim,CAND_MEMORY_UCHUNK_000852,"supplier_relationship / ingredient_confirmation / cost_or_price_benchmark: hershey, cocoa_chocolate",dairy_milk_skim_milk_milk_fat,unified_memory_scan,company_level_relationship_evidence,company_level_only,supplier_relationship; ingredient_confirmation; cost_or_price_benchmark; sustainability_context,hershey,cocoa_chocolate,"f farmers producing Hershey’s cocoa volume in Côte d’Ivoire and Ghana are covered by Child Labor 
Monitoring and Remediation Systems (CLMRS) to prevent, monitor and remediate child labor2
2025
On Track
62%
1 
Beginning in 2021, to be considered polygon mapped, all farm plots managed by the farmer mu"
candidate_claim,CAND_MEMORY_UCHUNK_000853,"supplier_relationship / ingredient_confirmation / cost_or_price_benchmark: hershey, cocoa_chocolate",dairy_milk_skim_milk_milk_fat,unified_memory_scan,company_level_relationship_evidence,company_level_only,supplier_relationship; ingredient_confirmation; cost_or_price_benchmark; sustainability_context; manufacturing_or_process,hershey,cocoa_chocolate,"22
70
Total farmers with all their farm boundaries mapped via GPS polygon mapping5 
49,569 
Farmers in Côte d’Ivoire and 
Ghana with all farms mapped
45,242
44,770 
Total farm area mapped in Côte d’Ivoire and Ghana (in hectares)
136,108
119,537
102,084
2 Data reflects results as provided by Hershey "
candidate_claim,CAND_MEMORY_UCHUNK_000854,"supplier_relationship / ingredient_confirmation / sustainability_context: hershey, cocoa_chocolate",dairy_milk_skim_milk_milk_fat,unified_memory_scan,company_level_relationship_evidence,company_level_only,supplier_relationship; ingredient_confirmation; sustainability_context; manufacturing_or_process,hershey,cocoa_chocolate,"an rights  
and enhance their economic security. 
D
o
i
n
g
 
t
h
e 
R
i
g
h
t
 
T
h
i
n
g
The Big Picture Our Company Cocoa Responsible Sourcing and Human Rights Environment Our People Youth Community About This Report
33 
The Hershey Company | 2021 ESG Report
Responsible Sourcing and Human Rights
"
candidate_claim,CAND_MEMORY_UCHUNK_000856,"supplier_relationship / ingredient_confirmation / sustainability_context: hershey, cocoa_chocolate",dairy_milk_skim_milk_milk_fat,unified_memory_scan,company_level_relationship_evidence,company_level_only,supplier_relationship; ingredient_confirmation; sustainability_context,hershey,cocoa_chocolate,"ning for human 
resources staff. We are currently working 
with the site on corrective actions and 
will continue our ongoing monitoring and 
reporting activities.
Ac
ce
ss
 
t
o 
w
at
er
 a
nd
 
sa
ni
t
at
io
n
Cl
im
at
e 
ch
a
ng
e
C
hil
d 
 l
a
bo
r
A
cc
es
s t
o 
gr
ie
va
nc
e 
m
e
ch
an
is
ms
F"
candidate_claim,CAND_MEMORY_UCHUNK_000858,"supplier_relationship / ingredient_confirmation / sustainability_context: hershey, cocoa_chocolate",dairy_milk_skim_milk_milk_fat,unified_memory_scan,company_level_relationship_evidence,company_level_only,supplier_relationship; ingredient_confirmation; sustainability_context,hershey,cocoa_chocolate,"root causes of nonconformities and 
implement effective corrective actions. 
We continue to offer all labor agencies in the 
program access to RLI’s E-Learning Academy.
Our Achievements
• Completed due diligence on 68 labor 
agencies in Brazil, Canada, India, Malaysia, 
Mexico and the U.S.
• Conduct"
candidate_claim,CAND_MEMORY_UCHUNK_000859,"supplier_relationship / ingredient_confirmation / cost_or_price_benchmark: hershey, cocoa_chocolate",dairy_milk_skim_milk_milk_fat,unified_memory_scan,company_level_relationship_evidence,company_level_only,supplier_relationship; ingredient_confirmation; cost_or_price_benchmark; retail_price; sustainability_context; manufacturing_or_process,hershey,cocoa_chocolate,"f our primary grievance 
mechanisms include:
• Hershey’s Concern Line (available in more 
than 47 languages), which is primarily geared 
toward our employees but is also accessible to 
our suppliers and other stakeholders.
• The requirement that our direct suppliers have 
grievance mechanisms, which"
candidate_claim,CAND_MEMORY_UCHUNK_000860,"supplier_relationship / ingredient_confirmation / cost_or_price_benchmark: hershey, cocoa_chocolate",dairy_milk_skim_milk_milk_fat,unified_memory_scan,company_level_relationship_evidence,company_level_only,supplier_relationship; ingredient_confirmation; cost_or_price_benchmark; sustainability_context; manufacturing_or_process,hershey,cocoa_chocolate,"nce its launch, nearly 1,400 
Hershey employees have successfully completed 
the training.
36 
The Hershey Company | 2021 ESG Report
The Big Picture Our Company Cocoa Responsible Sourcing and Human Rights Environment Our People Youth Community About This Report
Responsible Sourcing and Human Rights
"
candidate_claim,CAND_MEMORY_UCHUNK_000862,"supplier_relationship / ingredient_confirmation / sustainability_context: hershey, cocoa_chocolate, milk_dairy, packaging, sugar",dairy_milk_skim_milk_milk_fat,unified_memory_scan,company_level_relationship_evidence,company_level_only,supplier_relationship; ingredient_confirmation; sustainability_context; manufacturing_or_process,hershey,cocoa_chocolate; milk_dairy; packaging; sugar,"se resources.
Flour
Soy
Dairy
Cocoa
Coconut
Pulp 
and paper
Peanuts
Sugar
Almonds
Palm oil
38 
The Hershey Company | 2021 ESG Report
The Big Picture Our Company Cocoa Responsible Sourcing and Human Rights Environment Our People Youth Community About This Report
Responsible Sourcing and Human Rights
"
candidate_claim,CAND_MEMORY_UCHUNK_000866,"supplier_relationship / ingredient_confirmation / sustainability_context: hershey, cocoa_chocolate, sugar",dairy_milk_skim_milk_milk_fat,unified_memory_scan,company_level_relationship_evidence,company_level_only,supplier_relationship; ingredient_confirmation; sustainability_context,hershey,cocoa_chocolate; sugar,"o identify the specific source from where the ingredient comes in a given Hershey product.
40 
The Hershey Company | 2021 ESG Report
The Big Picture Our Company Cocoa Responsible Sourcing and Human Rights Environment Our People Youth Community About This Report
Responsible Sourcing and Human Rights
"
candidate_claim,CAND_MEMORY_UCHUNK_000867,"supplier_relationship / ingredient_confirmation / sustainability_context: asr, hershey, milk_dairy, sugar",dairy_milk_skim_milk_milk_fat,unified_memory_scan,company_level_relationship_evidence,company_level_only,supplier_relationship; ingredient_confirmation; sustainability_context; manufacturing_or_process,asr; hershey,milk_dairy; sugar,", visit our Sugar 
Sourcing webpage.
In 2022, we will initiate an annual survey of our 
direct suppliers’ sustainability and responsible 
sourcing practices and management systems. 
Our aim is to open a dialogue between Hershey 
and our suppliers for sharing concerns and best 
practices and identify"
candidate_claim,CAND_MEMORY_UCHUNK_000868,"supplier_relationship / ingredient_confirmation / sustainability_context: hershey, land_olakes, cocoa_chocolate, milk_dairy",dairy_milk_skim_milk_milk_fat,unified_memory_scan,company_level_relationship_evidence,company_level_only,supplier_relationship; ingredient_confirmation; sustainability_context; manufacturing_or_process,hershey; land_olakes,cocoa_chocolate; milk_dairy,"ble Dairy 
Partnership (SDP). We use this to verify 
our dairy supply chain’s compliance with 
our sustainability policies and engage 
with our suppliers on their journey toward 
more sustainable dairy production. The 
SDP includes sustainability requirements 
that must be met by dairy processors an"
candidate_claim,CAND_MEMORY_UCHUNK_000869,"supplier_relationship / ingredient_confirmation / cost_or_price_benchmark: hershey, cocoa_chocolate",dairy_milk_skim_milk_milk_fat,unified_memory_scan,company_level_relationship_evidence,company_level_only,supplier_relationship; ingredient_confirmation; cost_or_price_benchmark; sustainability_context; manufacturing_or_process,hershey,cocoa_chocolate,"80%
of our volumes were sourced 
from suppliers enrolled in and 
assessed through the SDP
41 
The Hershey Company | 2021 ESG Report
The Big Picture Our Company Cocoa Responsible Sourcing and Human Rights Environment Our People Youth Community About This Report
Responsible Sourcing and Human Rights

"
candidate_claim,CAND_MEMORY_UCHUNK_000870,"supplier_relationship / cost_or_price_benchmark / logistics_distribution: hershey, packaging",dairy_milk_skim_milk_milk_fat,unified_memory_scan,company_level_relationship_evidence,company_level_only,supplier_relationship; cost_or_price_benchmark; logistics_distribution; sustainability_context; manufacturing_or_process,hershey,packaging,"we continue to publicly disclose our Palm 
Oil Grievance Log with monthly updates to 
increase transparency on NDPE violations 
found within our supply chain. As of March 
2022, we have suspended 18 suppliers in our 
upstream supply chain for NDPE violations, 
none of whom supplied us directly. We h"
candidate_claim,CAND_MEMORY_UCHUNK_000873,"supplier_relationship / ingredient_confirmation / cost_or_price_benchmark: hershey, cocoa_chocolate",dairy_milk_skim_milk_milk_fat,unified_memory_scan,company_level_relationship_evidence,company_level_only,supplier_relationship; ingredient_confirmation; cost_or_price_benchmark; sustainability_context,hershey,cocoa_chocolate,"e issues rated as critical or zero-tolerance issues.
2 As documented in the audit reports.
44 
The Hershey Company | 2021 ESG Report
The Big Picture Our Company Cocoa Responsible Sourcing and Human Rights Environment Our People Youth Community About This Report
Responsible Sourcing and Human Rights
"
candidate_claim,CAND_MEMORY_UCHUNK_000881,"supplier_relationship / ingredient_confirmation / sustainability_context: hershey, cocoa_chocolate",dairy_milk_skim_milk_milk_fat,unified_memory_scan,company_level_relationship_evidence,company_level_only,supplier_relationship; ingredient_confirmation; sustainability_context; manufacturing_or_process,hershey,cocoa_chocolate,"acturing 
location around the world has a designated 
energy champion who is responsible for 
implementing carbon savings projects, meeting 
conservation goals, identifying opportunities for 
energy reduction and efficiency, and engaging 
employees in these efforts.
The Hershey manufacturing facilit"
candidate_claim,CAND_MEMORY_UCHUNK_000882,"supplier_relationship / ingredient_confirmation / cost_or_price_benchmark: hershey, cocoa_chocolate, milk_dairy",dairy_milk_skim_milk_milk_fat,unified_memory_scan,company_level_relationship_evidence,company_level_only,supplier_relationship; ingredient_confirmation; cost_or_price_benchmark; sustainability_context,hershey,cocoa_chocolate; milk_dairy,"es purchased RECs and Zero-Emissions Credits (ZECs) as well as solar and hydro power directly sourced by facilities.
51 
The Hershey Company | 2021 ESG Report
The Big Picture Our Company Cocoa Responsible Sourcing and Human Rights Environment Our People Youth Community About This Report
Environment
"
candidate_claim,CAND_MEMORY_UCHUNK_000883,"supplier_relationship / ingredient_confirmation / sustainability_context: hershey, cocoa_chocolate",dairy_milk_skim_milk_milk_fat,unified_memory_scan,company_level_relationship_evidence,company_level_only,supplier_relationship; ingredient_confirmation; sustainability_context,hershey,cocoa_chocolate,"rld 
that come together out of a shared interest 
in advancing sustainability at Hershey and in 
the communities where we operate. Hershey 
launched its first Green Team on Earth Day 
2020. At the end of 2021, there are now 11 
Green Team chapters. Hershey’s sustainability 
goals require action from"
candidate_claim,CAND_MEMORY_UCHUNK_000884,"supplier_relationship / ingredient_confirmation / sustainability_context: hershey, cocoa_chocolate, packaging",dairy_milk_skim_milk_milk_fat,unified_memory_scan,company_level_relationship_evidence,company_level_only,supplier_relationship; ingredient_confirmation; sustainability_context; manufacturing_or_process,hershey,cocoa_chocolate; packaging,"ard. The 
garden was certified as a pollinator habitat 
by the Penn State Extension Office Master 
Gardener Program.
52 
The Hershey Company | 2021 ESG Report
The Big Picture Our Company Cocoa Responsible Sourcing and Human Rights Environment Our People Youth Community About This Report
Environment
"
candidate_claim,CAND_MEMORY_UCHUNK_000885,"supplier_relationship / ingredient_confirmation / cost_or_price_benchmark: hershey, cocoa_chocolate, packaging",dairy_milk_skim_milk_milk_fat,unified_memory_scan,company_level_relationship_evidence,company_level_only,supplier_relationship; ingredient_confirmation; cost_or_price_benchmark; logistics_distribution; sustainability_context; manufacturing_or_process,hershey,cocoa_chocolate; packaging,"his 
effort alone has saved almost 625,000 hours 
of energy, over 14,000 trees and almost 
two million gallons of water. It also reduced 
GHG emissions by over 12 million pounds. 
Lastly, we continue our long-standing 
commitment to reducing packaging waste to 
landfill by eliminating unnecessary pa"
candidate_claim,CAND_MEMORY_UCHUNK_000890,"supplier_relationship / ingredient_confirmation / cost_or_price_benchmark: hershey, cocoa_chocolate, packaging",dairy_milk_skim_milk_milk_fat,unified_memory_scan,company_level_relationship_evidence,company_level_only,supplier_relationship; ingredient_confirmation; cost_or_price_benchmark; sustainability_context; manufacturing_or_process,hershey,cocoa_chocolate; packaging,"t are below Hershey’s average water intensity and are located in Very low to Low-medium baseline water stress areas.
55 
The Hershey Company | 2021 ESG Report
The Big Picture Our Company Cocoa Responsible Sourcing and Human Rights Environment Our People Youth Community About This Report
Environment
"
candidate_claim,CAND_MEMORY_UCHUNK_000891,"supplier_relationship / ingredient_confirmation / sustainability_context: hershey, cocoa_chocolate",dairy_milk_skim_milk_milk_fat,unified_memory_scan,company_level_relationship_evidence,company_level_only,supplier_relationship; ingredient_confirmation; sustainability_context; manufacturing_or_process,hershey,cocoa_chocolate,"ms, such as the increased 
use of disposable masks.
Hershey’s Tech Center campus and 
headquarters have implemented a pilot 
PPE recycling program for hard-to-recycle 
items like disposable masks, hairnets, 
gloves and ear plugs using Zero Waste 
Boxes from Terracycle.
Turning Waste Into 
Resources "
candidate_claim,CAND_MEMORY_UCHUNK_000893,"supplier_relationship / ingredient_confirmation / cost_or_price_benchmark: hershey, cocoa_chocolate",dairy_milk_skim_milk_milk_fat,unified_memory_scan,company_level_relationship_evidence,company_level_only,supplier_relationship; ingredient_confirmation; cost_or_price_benchmark; logistics_distribution; sustainability_context; manufacturing_or_process,hershey,cocoa_chocolate,"of our total baseline (as per SBTi standards). All calculations include relevant GHG as specified by the Greenhouse Gas Reporting Protocol. The data in this table excludes ONE Brands, 
Lily’s, Dot’s and Pretzels. Emission factor sources include: Scope 1: ecoinvent and DEFRA. Scope 2: EPA Emissions &"
candidate_claim,CAND_MEMORY_UCHUNK_000894,"supplier_relationship / ingredient_confirmation / cost_or_price_benchmark: hershey, cocoa_chocolate",dairy_milk_skim_milk_milk_fat,unified_memory_scan,company_level_relationship_evidence,company_level_only,supplier_relationship; ingredient_confirmation; cost_or_price_benchmark; sustainability_context,hershey,cocoa_chocolate,"eatment of Sold Products
87,842
84,524
80,832
Category 13 – Downstream Leased Assets
Not applicable
Not applicable
Not applicable
Category 14 – Franchises
Not applicable
Not applicable
Not applicable
Category 15 – Investments
Not applicable
Not applicable
Not applicable
1 
Hershey’s 2019 and 2020 GH"
candidate_claim,CAND_MEMORY_UCHUNK_000895,"supplier_relationship / ingredient_confirmation / cost_or_price_benchmark: hershey, cocoa_chocolate",dairy_milk_skim_milk_milk_fat,unified_memory_scan,company_level_relationship_evidence,company_level_only,supplier_relationship; ingredient_confirmation; cost_or_price_benchmark; logistics_distribution; sustainability_context; manufacturing_or_process,hershey,cocoa_chocolate,"329
5.797
4 Data in this table has been restated. The current scope excludes ONE Brands, Lily’s, Dot’s and Pretzels.
58 
The Hershey Company | 2021 ESG Report
The Big Picture Our Company Cocoa Responsible Sourcing and Human Rights Environment Our People Youth Community About This Report
Environment
"
candidate_claim,CAND_MEMORY_UCHUNK_000896,"supplier_relationship / ingredient_confirmation / sustainability_context: hershey, cocoa_chocolate, milk_dairy, packaging",dairy_milk_skim_milk_milk_fat,unified_memory_scan,company_level_relationship_evidence,company_level_only,supplier_relationship; ingredient_confirmation; sustainability_context; manufacturing_or_process,hershey,cocoa_chocolate; milk_dairy; packaging,"ECs until 2020. 
5 Represents energy usage at Hershey manufacturing plants related to fuel, electricity and heating.
59 
The Hershey Company | 2021 ESG Report
The Big Picture Our Company Cocoa Responsible Sourcing and Human Rights Environment Our People Youth Community About This Report
Environment
"
candidate_claim,CAND_MEMORY_UCHUNK_000897,"supplier_relationship / ingredient_confirmation / cost_or_price_benchmark: hershey, cocoa_chocolate, packaging",dairy_milk_skim_milk_milk_fat,unified_memory_scan,company_level_relationship_evidence,company_level_only,supplier_relationship; ingredient_confirmation; cost_or_price_benchmark; sustainability_context; manufacturing_or_process,hershey,cocoa_chocolate; packaging,"ght by an additional 1.65 million pounds in 2020.
7 
In the 2019 Sustainability Report, Hershey disclosed that we saved more than 23.6 million pounds of packaging cumulatively since 2015.
KPIs
AIR QUALITY (METRIC TONS – MT) 
2021
2020
2019
NOx emissions 
67.4
74.9 
77.8 
SOx emissions 
2.15
2.5 
2.4"
candidate_claim,CAND_MEMORY_UCHUNK_000898,"supplier_relationship / ingredient_confirmation / sustainability_context: hershey, cocoa_chocolate",dairy_milk_skim_milk_milk_fat,unified_memory_scan,company_level_relationship_evidence,company_level_only,supplier_relationship; ingredient_confirmation; sustainability_context,hershey,cocoa_chocolate,"n assured by Quantis, an independent verifier. 
3 Water consumption is calculated as water use less water discharge.
61 
The Hershey Company | 2021 ESG Report
The Big Picture Our Company Cocoa Responsible Sourcing and Human Rights Environment Our People Youth Community About This Report
Environment
"
candidate_claim,CAND_MEMORY_UCHUNK_000899,"supplier_relationship / ingredient_confirmation / cost_or_price_benchmark: hershey, cocoa_chocolate",dairy_milk_skim_milk_milk_fat,unified_memory_scan,company_level_relationship_evidence,company_level_only,supplier_relationship; ingredient_confirmation; cost_or_price_benchmark; sustainability_context,hershey,cocoa_chocolate,"of our people, 
including future-facing commercial skills, 
leadership and career development. 
We continue to support employees’ careers 
and connections through engagement with 
managers, mentors and sponsors, as well as 
through the adaptation and expansion of our 
benefits. Flexibility and care "
candidate_claim,CAND_MEMORY_UCHUNK_000901,"supplier_relationship / ingredient_confirmation / sustainability_context: hershey, cocoa_chocolate",dairy_milk_skim_milk_milk_fat,unified_memory_scan,company_level_relationship_evidence,company_level_only,supplier_relationship; ingredient_confirmation; sustainability_context; manufacturing_or_process,hershey,cocoa_chocolate,"ng 
required, the relevant personnel to be trained 
or to manage training and what resources 
the training requires, such as online classes 
or in‑person demonstrations.
Meeting New EHS Goals
We are already on track to meet our newly 
launched goal of 50% hazard reduction for job 
functions with erg"
candidate_claim,CAND_MEMORY_UCHUNK_000903,"supplier_relationship / ingredient_confirmation / sustainability_context: hershey, cocoa_chocolate",dairy_milk_skim_milk_milk_fat,unified_memory_scan,company_level_relationship_evidence,company_level_only,supplier_relationship; ingredient_confirmation; sustainability_context,hershey,cocoa_chocolate,"ntures in science, engineering, 
arts and culture, health and wellness or 
diversity and inclusion, and receive tutoring or 
collaboratively work on homework. Older family 
members can connect with others and engage 
in intellectually stimulating experiences in arts 
and culture, travel and games. T"
candidate_claim,CAND_MEMORY_UCHUNK_000904,"supplier_relationship / ingredient_confirmation / sustainability_context: hershey, cocoa_chocolate",dairy_milk_skim_milk_milk_fat,unified_memory_scan,company_level_relationship_evidence,company_level_only,supplier_relationship; ingredient_confirmation; sustainability_context; manufacturing_or_process,hershey,cocoa_chocolate,"ibility 
in a virtual work setting and better equips 
employees to balance business needs 
with personal obligations.
The Big Picture Our Company Cocoa Responsible Sourcing and Human Rights Environment Our People Youth Community About This Report
65 
The Hershey Company | 2021 ESG Report
Our People
"
candidate_claim,CAND_MEMORY_UCHUNK_000905,"supplier_relationship / ingredient_confirmation / sustainability_context: hershey, cocoa_chocolate",dairy_milk_skim_milk_milk_fat,unified_memory_scan,company_level_relationship_evidence,company_level_only,supplier_relationship; ingredient_confirmation; sustainability_context,hershey,cocoa_chocolate,"focusing 
on removing the stigma of mental health. 
“Your Blues Ain’t Like Mine; Acknowledging 
and Healing Our Past, Looking Forward To The 
Future,“ presented by Malkia Newman, Team 
Supervisor at CNS Healthcare, was a featured 
session. Hershey also provided Exercise 
Your Wellness with personal "
candidate_claim,CAND_MEMORY_UCHUNK_000910,"supplier_relationship / ingredient_confirmation / cost_or_price_benchmark: hershey, cocoa_chocolate",dairy_milk_skim_milk_milk_fat,unified_memory_scan,company_level_relationship_evidence,company_level_only,supplier_relationship; ingredient_confirmation; cost_or_price_benchmark; sustainability_context,hershey,cocoa_chocolate,"completed by such firms. We are 
extremely pleased to report that 41% of all talent 
acquisition search volume in 2021 was led by 
diverse-owned firms.
In addition, we set a goal to achieve a college 
recruiting portfolio that is at least 50% 
diverse. To ensure we meet this, we added 
23 HBCUs and "
candidate_claim,CAND_MEMORY_UCHUNK_000911,"supplier_relationship / ingredient_confirmation / cost_or_price_benchmark: hershey, cocoa_chocolate, packaging",dairy_milk_skim_milk_milk_fat,unified_memory_scan,company_level_relationship_evidence,company_level_only,supplier_relationship; ingredient_confirmation; cost_or_price_benchmark; sustainability_context; manufacturing_or_process,hershey,cocoa_chocolate; packaging,"ilitary veteran, LGBTQ+ and disabled persons, or other individuals that qualify 
as socio-economically disadvantaged.
The Big Picture Our Company Cocoa Responsible Sourcing and Human Rights Environment Our People Youth Community About This Report
69 
The Hershey Company | 2021 ESG Report
Our People
"
candidate_claim,CAND_MEMORY_UCHUNK_000912,"supplier_relationship / ingredient_confirmation / cost_or_price_benchmark: hershey, cocoa_chocolate",dairy_milk_skim_milk_milk_fat,unified_memory_scan,company_level_relationship_evidence,company_level_only,supplier_relationship; ingredient_confirmation; cost_or_price_benchmark; sustainability_context,hershey,cocoa_chocolate,"and disabled person-owned businesses. 
In 2021, we spent $92 million with 139 
diverse suppliers1, working toward our newly 
established goal of $400 million by 2030.
In 2021, we brought in a new data partner 
to strengthen our systems for tracking 
diverse supplier spend and to provide us 
with an "
candidate_claim,CAND_MEMORY_UCHUNK_000913,"supplier_relationship / ingredient_confirmation / cost_or_price_benchmark: hershey, cocoa_chocolate",dairy_milk_skim_milk_milk_fat,unified_memory_scan,company_level_relationship_evidence,company_level_only,supplier_relationship; ingredient_confirmation; cost_or_price_benchmark; sustainability_context,hershey,cocoa_chocolate,", or other individuals that qualify 
as socioeconomically disadvantaged.
$92M
spent with diverse 
suppliers in 2021 1
The Big Picture Our Company Cocoa Responsible Sourcing and Human Rights Environment Our People Youth Community About This Report
70 
The Hershey Company | 2021 ESG Report
Our People
"
candidate_claim,CAND_MEMORY_UCHUNK_000914,"supplier_relationship / ingredient_confirmation / sustainability_context: hershey, cocoa_chocolate",dairy_milk_skim_milk_milk_fat,unified_memory_scan,company_level_relationship_evidence,company_level_only,supplier_relationship; ingredient_confirmation; sustainability_context,hershey,cocoa_chocolate,"as training across the company. 
We now conduct training twice a year, with 
intentional timing to increase the likelihood 
of employees incorporating the learnings 
into their daily behavior. By the end of 2021, 
6,943 unconscious bias training hours had 
been completed.
After each session, leaders"
candidate_claim,CAND_MEMORY_UCHUNK_000915,"supplier_relationship / ingredient_confirmation / cost_or_price_benchmark: hershey, cocoa_chocolate",dairy_milk_skim_milk_milk_fat,unified_memory_scan,company_level_relationship_evidence,company_level_only,supplier_relationship; ingredient_confirmation; cost_or_price_benchmark; logistics_distribution; sustainability_context,hershey,cocoa_chocolate,"in 2021.
By the end of the sessions, 402 people leaders 
completed the course and 2,000 training hours 
were logged.
The Big Picture Our Company Cocoa Responsible Sourcing and Human Rights Environment Our People Youth Community About This Report
71 
The Hershey Company | 2021 ESG Report
Our People

"
candidate_claim,CAND_MEMORY_UCHUNK_000916,"supplier_relationship / ingredient_confirmation / cost_or_price_benchmark: hershey, cocoa_chocolate",dairy_milk_skim_milk_milk_fat,unified_memory_scan,company_level_relationship_evidence,company_level_only,supplier_relationship; ingredient_confirmation; cost_or_price_benchmark; retail_price; sustainability_context,hershey,cocoa_chocolate,".
• Gender neutral restrooms were installed in 
Hershey’s headquarters, Hershey Technical 
Center in Hershey, Pennsylvania, and the 
Annville Fulfillment Center in Annville, 
Pennsylvania,. These are only a few examples of 
how our BRGs continue to develop talent and 
influence policy for a more inc"
candidate_claim,CAND_MEMORY_UCHUNK_000917,supplier_relationship: hershey,dairy_milk_skim_milk_milk_fat,unified_memory_scan,company_level_relationship_evidence,company_level_only,supplier_relationship,hershey,,"ese workshops in 
2021 directly reached 135 prospective 
candidates. In addition, Hershey employee 
Star Gibbs leads forums for Thurgood 
Marshall students to learn more about 
The Hershey Company. 
Be Real
The Pathways Project was born from 
listening sessions. We knew that an 
updated enterprise s"
candidate_claim,CAND_MEMORY_UCHUNK_000919,"supplier_relationship / ingredient_confirmation / sustainability_context: hershey, cocoa_chocolate",dairy_milk_skim_milk_milk_fat,unified_memory_scan,company_level_relationship_evidence,company_level_only,supplier_relationship; ingredient_confirmation; sustainability_context; manufacturing_or_process,hershey,cocoa_chocolate,"g 
achievements and continuous 
improvement on pay equity for 
similar job categories throughout our 
organization.
47–50% women representation across all employees 
globally and 30–40% people of color (POC) representation 
across U.S. employees1
2025
Achieved 
47.7% women globally
 
On Track
24.6% "
candidate_claim,CAND_MEMORY_UCHUNK_000920,"supplier_relationship / ingredient_confirmation / sustainability_context: hershey, cocoa_chocolate",dairy_milk_skim_milk_milk_fat,unified_memory_scan,company_level_relationship_evidence,company_level_only,supplier_relationship; ingredient_confirmation; sustainability_context; manufacturing_or_process,hershey,cocoa_chocolate,"Hershey’s recent acquisitions of Lily’s, Dot’s and Pretzels. 
2 The 2019 female global employee percentage has been restated due to a calculation error. The raw data remains unchanged and is accurate.
The Big Picture Our Company Cocoa Responsible Sourcing and Human Rights Environment Our People Yout"
candidate_claim,CAND_MEMORY_UCHUNK_000921,"supplier_relationship / ingredient_confirmation / sustainability_context: hershey, cocoa_chocolate",dairy_milk_skim_milk_milk_fat,unified_memory_scan,company_level_relationship_evidence,company_level_only,supplier_relationship; ingredient_confirmation; sustainability_context; manufacturing_or_process,hershey,cocoa_chocolate,"mmercial functions
33.3%
13.9%
Sales employees
48.1% 
14.6% 
Hourly manufacturing employees 
35.0% 
30.5% 
4 Hershey internal HR job category data does not directly correlate to EEOC job category data.
The Big Picture Our Company Cocoa Responsible Sourcing and Human Rights Environment Our People You"
candidate_claim,CAND_MEMORY_UCHUNK_000922,"supplier_relationship / ingredient_confirmation / sustainability_context: hershey, cocoa_chocolate",dairy_milk_skim_milk_milk_fat,unified_memory_scan,company_level_relationship_evidence,company_level_only,supplier_relationship; ingredient_confirmation; sustainability_context,hershey,cocoa_chocolate,"s 
at an internal pay band level of 3B or higher.
3 Race/ethnicity and gender percentages are based on employee self-identification in Hershey’s HR data system as of December 31, 2021. This employee data does not include Hershey’s recent acquisitions of Lily’s, Dot’s and Pretzels.
The Big Picture Ou"
candidate_claim,CAND_MEMORY_UCHUNK_000923,"supplier_relationship / ingredient_confirmation / sustainability_context: hershey, cocoa_chocolate",dairy_milk_skim_milk_milk_fat,unified_memory_scan,company_level_relationship_evidence,company_level_only,supplier_relationship; ingredient_confirmation; sustainability_context,hershey,cocoa_chocolate,"2 (22%)
3 The executive team includes employees who report to Hershey’s CEO, including the CEO.
4 Race/ethnicity and gender percentages are based on employee self-identification in Hershey’s HR data system as of December 31, 2021. This employee data does not include Hershey’s recent acquisitions of"
candidate_claim,CAND_MEMORY_UCHUNK_000924,"supplier_relationship / ingredient_confirmation / cost_or_price_benchmark: hershey, cocoa_chocolate",dairy_milk_skim_milk_milk_fat,unified_memory_scan,company_level_relationship_evidence,company_level_only,supplier_relationship; ingredient_confirmation; cost_or_price_benchmark; sustainability_context,hershey,cocoa_chocolate,"ch contractor company is responsible for gathering this information and reporting it according to local requirements.
The Big Picture Our Company Cocoa Responsible Sourcing and Human Rights Environment Our People Youth Community About This Report
79 
The Hershey Company | 2021 ESG Report
Our People
"
candidate_claim,CAND_MEMORY_UCHUNK_000925,"supplier_relationship / ingredient_confirmation / cost_or_price_benchmark: hershey, cocoa_chocolate",dairy_milk_skim_milk_milk_fat,unified_memory_scan,company_level_relationship_evidence,company_level_only,supplier_relationship; ingredient_confirmation; cost_or_price_benchmark; sustainability_context,hershey,cocoa_chocolate,"age and highlight young people 
who take action to create more inclusive, 
empathetic communities.
Since 2019, Hershey has partnered with 
WE to award $250 microgrants to up to 
500 teens annually across the U.S. leading 
projects focused on building inclusion, 
empathy and connection in their commu"
candidate_claim,CAND_MEMORY_UCHUNK_000926,"supplier_relationship / ingredient_confirmation / cost_or_price_benchmark: hershey, cocoa_chocolate",dairy_milk_skim_milk_milk_fat,unified_memory_scan,company_level_relationship_evidence,company_level_only,supplier_relationship; ingredient_confirmation; cost_or_price_benchmark; sustainability_context; manufacturing_or_process,hershey,cocoa_chocolate,"ty | Perspectives on Psychological Science
3 The impact of COVID-19 on the mental health of adolescents and youth | UNICEF
The Big Picture Our Company Cocoa Responsible Sourcing and Human Rights Environment Our People Youth Community About This Report
81 
The Hershey Company | 2021 ESG Report
Youth
"
candidate_claim,CAND_MEMORY_UCHUNK_000927,supplier_relationship / cost_or_price_benchmark: hershey,dairy_milk_skim_milk_milk_fat,unified_memory_scan,company_level_relationship_evidence,company_level_only,supplier_relationship; cost_or_price_benchmark,hershey,,"cts worldwide. 
In 2021, we also expanded our support for youth 
well-being programming outside the U.S. In 
Canada, the Sweeter Together project launched 
in partnership with BGC Canada (formerly 
Boys and Girls Club of Canada), which includes 
support for the Buy a Bar, Build a Court program 
and "
candidate_claim,CAND_MEMORY_UCHUNK_000928,"supplier_relationship / ingredient_confirmation / cost_or_price_benchmark: hershey, cocoa_chocolate",dairy_milk_skim_milk_milk_fat,unified_memory_scan,company_level_relationship_evidence,company_level_only,supplier_relationship; ingredient_confirmation; cost_or_price_benchmark; sustainability_context,hershey,cocoa_chocolate,"of 7,000 meals for the San Antonio Food 
Bank. He also spent a day helping sort 
and pack 13,000 pounds of food to be 
distributed to people in 16 counties across 
south-central Texas. 
Empowering 
Young Heroes
In the rural Fairfield, Illinois, community 
where six-year-old Perry Kimberlin lives, 
a"
candidate_claim,CAND_MEMORY_UCHUNK_000929,"supplier_relationship / ingredient_confirmation / cost_or_price_benchmark: hershey, cocoa_chocolate",dairy_milk_skim_milk_milk_fat,unified_memory_scan,company_level_relationship_evidence,company_level_only,supplier_relationship; ingredient_confirmation; cost_or_price_benchmark; sustainability_context,hershey,cocoa_chocolate,"Hospital Foundation purchase pediatric 
rehabilitation equipment for their new wing 
that is currently under construction.
The Big Picture Our Company Cocoa Responsible Sourcing and Human Rights Environment Our People Youth Community About This Report
82 
The Hershey Company | 2021 ESG Report
Youth
"
candidate_claim,CAND_MEMORY_UCHUNK_000931,"supplier_relationship / ingredient_confirmation / cost_or_price_benchmark: hershey, cocoa_chocolate",dairy_milk_skim_milk_milk_fat,unified_memory_scan,company_level_relationship_evidence,company_level_only,supplier_relationship; ingredient_confirmation; cost_or_price_benchmark; sustainability_context,hershey,cocoa_chocolate,"hey move within, but 
are also incisive critics and agents of change 
within those systems. 
Credit: Epic Theatre Ensemble
The Big Picture Our Company Cocoa Responsible Sourcing and Human Rights Environment Our People Youth Community About This Report
83 
The Hershey Company | 2021 ESG Report
Youth
"
candidate_claim,CAND_MEMORY_UCHUNK_000933,"supplier_relationship / ingredient_confirmation / sustainability_context: hershey, cocoa_chocolate",dairy_milk_skim_milk_milk_fat,unified_memory_scan,company_level_relationship_evidence,company_level_only,supplier_relationship; ingredient_confirmation; sustainability_context,hershey,cocoa_chocolate,"than 128,800 children took action and impacted their communities, cumulatively from January 1, 2020 to December 31, 2021.
The Big Picture Our Company Cocoa Responsible Sourcing and Human Rights Environment Our People Youth Community About This Report
85 
The Hershey Company | 2021 ESG Report
Youth

"
candidate_claim,CAND_MEMORY_UCHUNK_000934,"supplier_relationship / ingredient_confirmation / cost_or_price_benchmark: hershey, cocoa_chocolate",dairy_milk_skim_milk_milk_fat,unified_memory_scan,company_level_relationship_evidence,company_level_only,supplier_relationship; ingredient_confirmation; cost_or_price_benchmark; sustainability_context,hershey,cocoa_chocolate,"y 
needs and craft tailored approaches to 
provide support. This work includes forging 
partnerships with local NGOs, providing grants 
and contributions, and organizing volunteer 
service activities and employee fundraisers. 
We encourage all grantees to provide impact 
reports with both quantitati"
candidate_claim,CAND_MEMORY_UCHUNK_000935,"supplier_relationship / ingredient_confirmation / cost_or_price_benchmark: hershey, cocoa_chocolate",dairy_milk_skim_milk_milk_fat,unified_memory_scan,company_level_relationship_evidence,company_level_only,supplier_relationship; ingredient_confirmation; cost_or_price_benchmark; sustainability_context,hershey,cocoa_chocolate,"grant to their 
nonprofit of choice. 
It isn’t what you leave 
your children but how 
you leave them.
Milton Hershey
“
The Big Picture Our Company Cocoa Responsible Sourcing and Human Rights Environment Our People Youth Community About This Report
87 
The Hershey Company | 2021 ESG Report
Community
"
candidate_claim,CAND_MEMORY_UCHUNK_000936,"supplier_relationship / ingredient_confirmation / sustainability_context: hershey, cocoa_chocolate",dairy_milk_skim_milk_milk_fat,unified_memory_scan,company_level_relationship_evidence,company_level_only,supplier_relationship; ingredient_confirmation; sustainability_context; manufacturing_or_process,hershey,cocoa_chocolate,"Advancing Justice and Asian 
Indian Americans of Central Pennsylvania. 
Additionally, we established new partnerships 
supporting the Latino community, partnering 
with the League of United Latin American 
Citizens. Hershey also supported the newly 
established Center for Racial and Gender Equity 
a"
candidate_claim,CAND_MEMORY_UCHUNK_000937,"supplier_relationship / ingredient_confirmation / cost_or_price_benchmark: hershey, cocoa_chocolate",dairy_milk_skim_milk_milk_fat,unified_memory_scan,company_level_relationship_evidence,company_level_only,supplier_relationship; ingredient_confirmation; cost_or_price_benchmark; sustainability_context; manufacturing_or_process,hershey,cocoa_chocolate,"ficant strategic partnership for talent 
pipeline development and community impact 
in this majority Latino community.
The Big Picture Our Company Cocoa Responsible Sourcing and Human Rights Environment Our People Youth Community About This Report
88 
The Hershey Company | 2021 ESG Report
Community
"
candidate_claim,CAND_MEMORY_UCHUNK_000938,"supplier_relationship / ingredient_confirmation / sustainability_context: hershey, cocoa_chocolate",dairy_milk_skim_milk_milk_fat,unified_memory_scan,company_level_relationship_evidence,company_level_only,supplier_relationship; ingredient_confirmation; sustainability_context,hershey,cocoa_chocolate,"eton Plant celebrated National Salute 
to Veteran Patients Week by donating candy 
and Hershey T-shirts to spread joy.
The Big Picture Our Company Cocoa Responsible Sourcing and Human Rights Environment Our People Youth Community About This Report
89 
The Hershey Company | 2021 ESG Report
Community
"
candidate_claim,CAND_MEMORY_UCHUNK_000939,"supplier_relationship / ingredient_confirmation / cost_or_price_benchmark: hershey, usda, cocoa_chocolate",dairy_milk_skim_milk_milk_fat,unified_memory_scan,company_level_relationship_evidence,company_level_only,supplier_relationship; ingredient_confirmation; cost_or_price_benchmark; sustainability_context; manufacturing_or_process,hershey; usda,cocoa_chocolate,"and organized collections of food.
Hershey proudly continued its partnership 
with Feeding America by focusing on the 
intersection of children and hunger, which 
aligns to our commitment to support children in 
need and our desire to strengthen communities 
where we operate. Hershey’s support enabl"
candidate_claim,CAND_MEMORY_UCHUNK_000940,"supplier_relationship / ingredient_confirmation / cost_or_price_benchmark: hershey, cocoa_chocolate",dairy_milk_skim_milk_milk_fat,unified_memory_scan,company_level_relationship_evidence,company_level_only,supplier_relationship; ingredient_confirmation; cost_or_price_benchmark; sustainability_context,hershey,cocoa_chocolate,"d by women, to share knowledge, 
empower entrepreneurs, improve nutrition 
and strengthen food value chains in Africa.
The Big Picture Our Company Cocoa Responsible Sourcing and Human Rights Environment Our People Youth Community About This Report
90 
The Hershey Company | 2021 ESG Report
Community
"
candidate_claim,CAND_MEMORY_UCHUNK_000941,"supplier_relationship / ingredient_confirmation / cost_or_price_benchmark: hershey, cocoa_chocolate",dairy_milk_skim_milk_milk_fat,unified_memory_scan,company_level_relationship_evidence,company_level_only,supplier_relationship; ingredient_confirmation; cost_or_price_benchmark; sustainability_context; manufacturing_or_process,hershey,cocoa_chocolate,"y employees tried to ease 
the burden where they live in different ways.
In Brazil, $169,000 in pandemic relief 
donations was used to give food baskets, 
hospital materials and equipment, and 
a total of 208,000 chocolate bars to 
several hospitals.
Hershey Mexico donated medical equipment 
and sup"
candidate_claim,CAND_MEMORY_UCHUNK_002053,"supplier_relationship / ingredient_confirmation / cost_or_price_benchmark: hershey, land_olakes, milk_dairy",dairy_milk_skim_milk_milk_fat,unified_memory_scan,company_level_relationship_evidence,company_level_only,supplier_relationship; ingredient_confirmation; cost_or_price_benchmark; sustainability_context,hershey; land_olakes,milk_dairy,"--- VISUAL OCR PAGE 1: page_001.png ---
CAREERS MEDIA INVESTORS
HERSHEY, Pa., June 29, 2021 /PRNewswire/ - The Hershey Company (NYSE: HSY), Land O'Lakes, Inc., and
the Alliance for the Chesapeake Bay have partnered to implement on-farm best management practices to
reduce greenhouse gas emissions and"
candidate_claim,CAND_MEMORY_UCHUNK_002054,"supplier_relationship / ingredient_confirmation / cost_or_price_benchmark: hershey, land_olakes, cocoa_chocolate, milk_dairy",dairy_milk_skim_milk_milk_fat,unified_memory_scan,company_level_relationship_evidence,company_level_only,supplier_relationship; ingredient_confirmation; cost_or_price_benchmark; sustainability_context,hershey; land_olakes,cocoa_chocolate; milk_dairy,"king with the initial
119 farms, the partnership has the potential to reach more than 400 Land O'Lakes member farms supplying
milk to Hershey as funding and support grows.
“We recognize that global impact means teaming up with other leading organizations like The Hershey
Company and the Alliance for"
candidate_claim,CAND_MEMORY_UCHUNK_002056,"supplier_relationship / ingredient_confirmation / cost_or_price_benchmark: hershey, land_olakes, cocoa_chocolate, milk_dairy",dairy_milk_skim_milk_milk_fat,unified_memory_scan,company_level_relationship_evidence,company_level_only,supplier_relationship; ingredient_confirmation; cost_or_price_benchmark; manufacturing_or_process,hershey; land_olakes,cocoa_chocolate; milk_dairy,"a's premier agribusiness and food companies, is a member-owned
cooperative with industry-leading operations that span the spectrum from agricultural production to
consumer foods. With 2020 annual sales of $14 billion, Land O'Lakes is one of the nation’s largest
cooperatives, ranking 219 on the Fortu"
candidate_claim,CAND_MEMORY_UCHUNK_002118,"supplier_relationship / ingredient_confirmation / sustainability_context: hershey, land_olakes, cocoa_chocolate, milk_dairy",hershey_company,unified_memory_scan,company_level_relationship_evidence,company_level_only,supplier_relationship; ingredient_confirmation; sustainability_context,hershey; land_olakes,cocoa_chocolate; milk_dairy,"ssues.
We are collaborating with Land O'Lakes, our highest-volume dairy supplier and strategic partner,
and the Alliance for the Chesapeake Bay on a three-year pilot program, Sustainable Dairy PA.
Now in its second year, this program aims to reduce GHG emissions and protect water quality
across dair"
candidate_claim,CAND_MEMORY_UCHUNK_002003,supplier_relationship / cost_or_price_benchmark / sustainability_context: hershey,hershey_company,unified_memory_scan,company_level_relationship_evidence,company_level_only,supplier_relationship; cost_or_price_benchmark; sustainability_context,hershey,,"eeded due to lack of RSPO certified palm or palm kernel oil volumes to meet our
demand, Hershey purchases RSPO Credits to cover such gaps.
The palm volumes from H1-2025 have originated from mills in nine countries—though most of the
palm oil we source is from Indonesia and Malaysia.
As members of th"
candidate_claim,CAND_MEMORY_UCHUNK_002004,supplier_relationship / sustainability_context: hershey,hershey_company,unified_memory_scan,company_level_relationship_evidence,company_level_only,supplier_relationship; sustainability_context,hershey,,"and often involve multiple tiers of suppliers as well as
intermediaries and smallholder suppliers. Supply chain traceability and purchasing certified palm
oil enable us to prioritize our due diligence efforts in monitoring and verifying our palm suppliers’
compliance with our NDPE commitments.
. eye"
candidate_claim,CAND_MEMORY_UCHUNK_002005,supplier_relationship / cost_or_price_benchmark / sustainability_context: hershey,hershey_company,unified_memory_scan,company_level_relationship_evidence,company_level_only,supplier_relationship; cost_or_price_benchmark; sustainability_context,hershey,,"hin and without
Hershey’s specific supply chain.
Our partner, Earthworm Foundation, supports us in collating and analyzing these traceability
submissions from our suppliers.
We remain committed to achieving 100 percent traceability, through our suppliers, to the
plantation level - that is, identific"
candidate_claim,CAND_MEMORY_UCHUNK_002006,supplier_relationship / sustainability_context / manufacturing_or_process: hershey,hershey_company,unified_memory_scan,company_level_relationship_evidence,company_level_only,supplier_relationship; sustainability_context; manufacturing_or_process,hershey,,"ccelerate the uptake of certified sustainable palm oil in
North America. Additionally, Hershey has been involved in the Palm Oil Collaboration Group’s
Independent Veritication Working Group to accelerate ettective NDPE commitments with
brands, traders, producers and NGOs.
Supply Chain Monitoring and"
candidate_claim,CAND_MEMORY_UCHUNK_002007,supplier_relationship / sustainability_context: hershey,hershey_company,unified_memory_scan,company_level_relationship_evidence,company_level_only,supplier_relationship; sustainability_context,hershey,,"with these suspended parties to push for meaningful and decisive corrective action
plans and the establishment of a timeline and progress report.
Engagement for Policy Implementation
Starting in 2019, Hershey began using Earthworm Foundation’s Engagement for Policy
Implementation (EPI) tool with sev"
candidate_claim,CAND_MEMORY_UCHUNK_002009,supplier_relationship / manufacturing_or_process: hershey,hershey_company,unified_memory_scan,company_level_relationship_evidence,company_level_only,supplier_relationship; manufacturing_or_process,hershey,,"and 2019, the Aceh
Landscape has seen a 60 percent reduction in deforestation, which has directly impacted the
livelihoods of 2,095 households through development of Participatory Conservation Plans in five
forest-frontier communities.
The Southern Central Forest Spine (SCFS) Landscape in Malaysia i"
candidate_claim,CAND_MEMORY_UCHUNK_002010,"supplier_relationship / ingredient_confirmation / sustainability_context: hershey, cocoa_chocolate",hershey_company,unified_memory_scan,company_level_relationship_evidence,company_level_only,supplier_relationship; ingredient_confirmation; sustainability_context,hershey,cocoa_chocolate,"rea for Priority Transformation project in Aceh
Tamiang and Southern Aceh, where it overlaps with the Leuser Ecosystem to address
deforestation within the two Aceh regions and build NDPE capacity for local actors

« Co-funding Kumacaya in the Rawa Singkil Wildlife Reserve within the Leuser Ecosystem"
candidate_claim,CAND_MEMORY_UCHUNK_001964,"supplier_relationship / cost_or_price_benchmark / logistics_distribution: hershey, packaging",hershey_company,unified_memory_scan,company_level_relationship_evidence,company_level_only,supplier_relationship; cost_or_price_benchmark; logistics_distribution; sustainability_context; manufacturing_or_process,hershey,packaging,"--- VISUAL OCR PAGE 1: page_001.png ---
CAREERS MEDIA NVESTORS
HERSHEY.
f% > Home Sustainability > Sustainability Issues
Pulp and paper-based packaging is integral to Hershey's business. We use it as food packaging,
wrapping, transportation and marketing for our well-loved brands. The forests that p"
candidate_claim,CAND_MEMORY_UCHUNK_001965,"supplier_relationship / ingredient_confirmation / sustainability_context: hershey, cocoa_chocolate, packaging",hershey_company,unified_memory_scan,company_level_relationship_evidence,company_level_only,supplier_relationship; ingredient_confirmation; sustainability_context; manufacturing_or_process,hershey,cocoa_chocolate; packaging,"in 2023, through our collaboration with Earthworm Foundation, we are gathering transparent and accountable.
information on mill level data for our recycled and virgin fiber supply chains and country of
harvest data for the virgin fiber we source; and are analyzing our exposure to deforestation, fore"
candidate_claim,CAND_MEMORY_UCHUNK_002189,"supplier_relationship / ingredient_confirmation / cost_or_price_benchmark: hershey, cocoa_chocolate, milk_dairy, sugar",hershey_company,unified_memory_scan,company_level_relationship_evidence,company_level_only,supplier_relationship; ingredient_confirmation; cost_or_price_benchmark; retail_price; logistics_distribution; sustainability_context; manufacturing_or_process,hershey,cocoa_chocolate; milk_dairy; sugar,"to deliver our products from these distribution points to our customers.
vd
Table of Contents The Hershey Company | 2024 Form 10-K | Page 3 a
https://www.sec.gov/Archives/edgar/data/47 111/000004711125000014/hsy-20241231.htm 7/142

--- VISUAL OCR PAGE 8: page_008.png ---
5/6/26, 1:25 PM hsy-20241231"
candidate_claim,CAND_MEMORY_UCHUNK_002196,supplier_relationship: hershey,hershey_company,unified_memory_scan,company_level_relationship_evidence,company_level_only,supplier_relationship,hershey,,"terprise summits and team “Ask Me Anything” meetings, which, in
conjunction with the continuous listening surveys, generate stronger employee engagement with the Company’s strategy,
initiatives and leadership.

https://www.sec.gov/Archives/edgar/data/47 111/000004711125000014/hsy-20241231.htm 11/142"
candidate_claim,CAND_MEMORY_UCHUNK_002199,supplier_relationship / sustainability_context: hershey,hershey_company,unified_memory_scan,company_level_relationship_evidence,company_level_only,supplier_relationship; sustainability_context,hershey,,"communities where we do business. In 2024, the Company was recognized among the World’s Most Ethical Companies as
rated by Ethisphere, achieved global Great Place to Work certifications, and was recognized as a Best Place to Work for
Disability Inclusion based on our Disability Equality Index score."
candidate_claim,CAND_MEMORY_UCHUNK_002204,"supplier_relationship / cost_or_price_benchmark / manufacturing_or_process: hershey, packaging",hershey_company,unified_memory_scan,company_level_relationship_evidence,company_level_only,supplier_relationship; cost_or_price_benchmark; manufacturing_or_process,hershey,packaging,"of violence;

* Labor strikes or other labor activities;

* Unavailability of raw or packaging materials;

* Third party service provider disruptions, such as cyber breaches or system failures;

* Operational and/or financial instability of key suppliers, and other vendors or service providers; and
"
candidate_claim,CAND_MEMORY_UCHUNK_002208,"supplier_relationship / ingredient_confirmation / cost_or_price_benchmark: hershey, cocoa_chocolate, milk_dairy, sugar",hershey_company,unified_memory_scan,company_level_relationship_evidence,company_level_only,supplier_relationship; ingredient_confirmation; cost_or_price_benchmark; retail_price,hershey,cocoa_chocolate; milk_dairy; sugar,"y affect our business, reputation and increase
risk of litigation.

a
Table of Contents The Hershey Company | 2024 Form 10-K | Page 10 a

https:/Awww.sec.gov/Archives/edgar/data/47 111/0000047 1112500001 4/hsy-20241231.htm 17/142

--- VISUAL OCR PAGE 18: page_018.png ---
5/6/26, 1:25 PM hsy-20241231"
candidate_claim,CAND_MEMORY_UCHUNK_002212,supplier_relationship / logistics_distribution / manufacturing_or_process: hershey,hershey_company,unified_memory_scan,company_level_relationship_evidence,company_level_only,supplier_relationship; logistics_distribution; manufacturing_or_process,hershey,,"success of such activity depends, in part, upon our ability to identify suitable buyers, sellers or business partners; perform effective
assessments prior to contract execution; negotiate contract terms; and, if applicable, obtain government approval. These activities may
present certain financial, "
candidate_claim,CAND_MEMORY_UCHUNK_002218,supplier_relationship / cost_or_price_benchmark: hershey,hershey_company,unified_memory_scan,company_level_relationship_evidence,company_level_only,supplier_relationship; cost_or_price_benchmark,hershey,,"liers. A significant reduction in liquidity
could increase counterparty risk associated with certain suppliers and service providers, resulting in disruption to our supply chain
and/or higher costs, and could impact our customers, resulting in a reduction in our revenue, or a possible increase in ba"
candidate_claim,CAND_MEMORY_UCHUNK_002225,supplier_relationship / manufacturing_or_process: hershey,hershey_company,unified_memory_scan,company_level_relationship_evidence,company_level_only,supplier_relationship; manufacturing_or_process,hershey,,"eventive measures
against such security breaches in a timely manner.

a
Table of Contents The Hershey Company | 2024 Form 10-K | Page 16 a

https://www.sec.gov/Archives/edgar/data/47 111/000004711125000014/hsy-20241231.htm 25/142

--- VISUAL OCR PAGE 26: page_026.png ---
5/6/26, 1:25 PM hsy-20241231"
candidate_claim,CAND_MEMORY_UCHUNK_000008,"supplier_relationship / ingredient_confirmation / cost_or_price_benchmark: hershey, cocoa_chocolate",hershey_company,unified_memory_scan,company_level_relationship_evidence,company_level_only,supplier_relationship; ingredient_confirmation; cost_or_price_benchmark; sustainability_context,hershey,cocoa_chocolate,"unity
109 Hershey For Communities
112 Employee Impact
113 Our Progress
114 About This Report
115 Material Issue Definitions
117 Salient Human Rights Issues Definitions
 Contents
Making Good
Our Company
Cocoa
Responsible Sourcing and Human Rights
Environment
Our People
Youth
Community
About This Repo"
candidate_claim,CAND_MEMORY_UCHUNK_000013,"supplier_relationship / ingredient_confirmation / cost_or_price_benchmark: hershey, cocoa_chocolate",hershey_company,unified_memory_scan,company_level_relationship_evidence,company_level_only,supplier_relationship; ingredient_confirmation; cost_or_price_benchmark; sustainability_context,hershey,cocoa_chocolate,"ence for the planet and 
people. We take action. When we encounter challenges 
or barriers to achieving our goals, we problem solve, learn 
from our experience and adapt. We make progress. As you 
review our report, we welcome your insight and feedback 
as we continue on this journey and build a suc"
candidate_claim,CAND_MEMORY_UCHUNK_000014,"supplier_relationship / ingredient_confirmation / sustainability_context: hershey, cocoa_chocolate, packaging",hershey_company,unified_memory_scan,company_level_relationship_evidence,company_level_only,supplier_relationship; ingredient_confirmation; sustainability_context; manufacturing_or_process,hershey,cocoa_chocolate; packaging,"ents’ lives.
→Learn more about our work with MHS on 
page 106 in the Education and Opportunity page 
within the Youth chapter.
 Contents
Making Good
Our Company
Cocoa
Responsible Sourcing and Human Rights
Environment
Our People
Youth
Community
About This Report
5
The Hershey Company 2023 ESG Report
"
candidate_claim,CAND_MEMORY_UCHUNK_000019,"supplier_relationship / ingredient_confirmation / cost_or_price_benchmark: hershey, cocoa_chocolate, packaging",hershey_company,unified_memory_scan,company_level_relationship_evidence,company_level_only,supplier_relationship; ingredient_confirmation; cost_or_price_benchmark; sustainability_context; manufacturing_or_process,hershey,cocoa_chocolate; packaging,"sible sourcing programs evolve.
5
Hershey's GHG emissions reduction goal for 2030 is based on Scope 1 and 
Scope 2 (market-based). Our 2023 Scope 1 and Scope 2 data received limited 
assurance by EY.
6
Our 2023 Scope 3 data is verified by Quantis.
7
Cumulative packaging waste eliminated (2021-2023) "
candidate_claim,CAND_MEMORY_UCHUNK_000020,"supplier_relationship / ingredient_confirmation / cost_or_price_benchmark: hershey, cocoa_chocolate",hershey_company,unified_memory_scan,company_level_relationship_evidence,company_level_only,supplier_relationship; ingredient_confirmation; cost_or_price_benchmark; sustainability_context,hershey,cocoa_chocolate,"early $104 million in cash and products cumulatively from 
January 1, 2020 to December 31, 2023.
 Contents
Making Good
Our Company
Cocoa
Responsible Sourcing and Human Rights
Environment
Our People
Youth
Community
About This Report
8
The Hershey Company 2023 ESG Report
Achieved
On Track
In Progress
"
candidate_claim,CAND_MEMORY_UCHUNK_000024,"supplier_relationship / ingredient_confirmation / sustainability_context: hershey, cocoa_chocolate",hershey_company,unified_memory_scan,company_level_relationship_evidence,company_level_only,supplier_relationship; ingredient_confirmation; sustainability_context; manufacturing_or_process,hershey,cocoa_chocolate,"rts, this cross-functional group meets at least 
quarterly to evaluate ESG strategy effectiveness and 
interdependencies, provides input on investments to 
support ESG program deliverables and reviews progress 
toward goals and key performance indicators relevant 
to our global ESG and sustainabilit"
candidate_claim,CAND_MEMORY_UCHUNK_000025,"supplier_relationship / ingredient_confirmation / cost_or_price_benchmark: hershey, cocoa_chocolate",hershey_company,unified_memory_scan,company_level_relationship_evidence,company_level_only,supplier_relationship; ingredient_confirmation; cost_or_price_benchmark; sustainability_context; manufacturing_or_process,hershey,cocoa_chocolate,"and Sustainability topics 
55%
of Hershey’s Board of Directors 
have ESG and Human Capital 
management experience 
(as of May 2024)
 Contents
Making Good
Our Company
Cocoa
Responsible Sourcing and Human Rights
Environment
Our People
Youth
Community
About This Report
10
The Hershey Company 2023 ESG R"
candidate_claim,CAND_MEMORY_UCHUNK_000028,"supplier_relationship / ingredient_confirmation / retail_price: hershey, cocoa_chocolate, milk_dairy, natural_flavor, sugar",hershey_company,unified_memory_scan,company_level_relationship_evidence,company_level_only,supplier_relationship; ingredient_confirmation; retail_price; sustainability_context,hershey,cocoa_chocolate; milk_dairy; natural_flavor; sugar,"FULFIL 
Nutrition and ONE protein bars already in our portfolio. 
ONE Puffs was launched in 2023 and we plan to launch 
new flavors of ONE bars in 2024.
What’s Next in Satisfying Consumer Needs
• Continue meeting consumer interest in sugar reduction 
and protein enhancements across our better-for-yo"
candidate_claim,CAND_MEMORY_UCHUNK_000029,"supplier_relationship / ingredient_confirmation / sustainability_context: hershey, cocoa_chocolate",hershey_company,unified_memory_scan,company_level_relationship_evidence,company_level_only,supplier_relationship; ingredient_confirmation; sustainability_context; manufacturing_or_process,hershey,cocoa_chocolate,"hey Company
 Contents
Making Good
Our Company
Cocoa
Responsible Sourcing and Human Rights
Environment
Our People
Youth
Community
About This Report
14
The Hershey Company 2023 ESG Report
Material ESG issue:
• Nutrition and health
1 2023 Food and Health Survey, International Food Information Council.
"
candidate_claim,CAND_MEMORY_UCHUNK_000033,"supplier_relationship / ingredient_confirmation / sustainability_context: hershey, cocoa_chocolate",hershey_company,unified_memory_scan,company_level_relationship_evidence,company_level_only,supplier_relationship; ingredient_confirmation; sustainability_context,hershey,cocoa_chocolate,"on guidelines and applicable election 
laws. The Hershey PAC is bipartisan and distributes funds 
equally between both major political parties at federal and 
state levels. See the Hershey PAC Annual Report 2023 for 
more information. 
Corporate funds are used to support and advocate for 
issues, le"
candidate_claim,CAND_MEMORY_UCHUNK_000034,"supplier_relationship / ingredient_confirmation / sustainability_context: hershey, cocoa_chocolate",hershey_company,unified_memory_scan,company_level_relationship_evidence,company_level_only,supplier_relationship; ingredient_confirmation; sustainability_context,hershey,cocoa_chocolate,".” 
Lauren Lacey, Vice President, Deputy 
General Counsel, Asst. Secretary and Chief 
Compliance Officer, The Hershey Company
 Contents
Making Good
Our Company
Cocoa
Responsible Sourcing and Human Rights
Environment
Our People
Youth
Community
About This Report
16
The Hershey Company 2023 ESG Report
"
candidate_claim,CAND_MEMORY_UCHUNK_000039,"supplier_relationship / ingredient_confirmation / sustainability_context: hershey, cocoa_chocolate, milk_dairy, natural_flavor",hershey_company,unified_memory_scan,company_level_relationship_evidence,company_level_only,supplier_relationship; ingredient_confirmation; sustainability_context; manufacturing_or_process,hershey,cocoa_chocolate; milk_dairy; natural_flavor,"snacks, protein bars and other better-for-you snacks.
2
This result includes non-GMO confectionery and salty snack products.
 Contents
Making Good
Our Company
Cocoa
Responsible Sourcing and Human Rights
Environment
Our People
Youth
Community
About This Report
19
The Hershey Company 2023 ESG Report

"
candidate_claim,CAND_MEMORY_UCHUNK_000040,"supplier_relationship / ingredient_confirmation / cost_or_price_benchmark: hershey, cocoa_chocolate, milk_dairy",hershey_company,unified_memory_scan,company_level_relationship_evidence,company_level_only,supplier_relationship; ingredient_confirmation; cost_or_price_benchmark; sustainability_context,hershey,cocoa_chocolate; milk_dairy,"h a milk allergy. These two recalls 
resulted in 12,125 cases, the equivalent of 90.4 metric tons of product, being recalled.
 Contents
Making Good
Our Company
Cocoa
Responsible Sourcing and Human Rights
Environment
Our People
Youth
Community
About This Report
20
The Hershey Company 2023 ESG Report
"
candidate_claim,CAND_MEMORY_UCHUNK_000041,"supplier_relationship / ingredient_confirmation / sustainability_context: hershey, cocoa_chocolate",hershey_company,unified_memory_scan,company_level_relationship_evidence,company_level_only,supplier_relationship; ingredient_confirmation; sustainability_context,hershey,cocoa_chocolate,"6
Improving Farmer Income and Livelihoods
28
Children’s Well-being
32 
Creating a More Resilient Supply Chain
34
Our Progress
 Contents
Making Good
Our Company
Cocoa
Responsible Sourcing and Human Rights
Environment
Our People
Youth
Community
About This Report
21
The Hershey Company 2023 ESG Report
"
candidate_claim,CAND_MEMORY_UCHUNK_000042,"supplier_relationship / ingredient_confirmation / cost_or_price_benchmark: hershey, cocoa_chocolate",hershey_company,unified_memory_scan,company_level_relationship_evidence,company_level_only,supplier_relationship; ingredient_confirmation; cost_or_price_benchmark; sustainability_context,hershey,cocoa_chocolate,"es through cash transfers to farmers, 
in addition to the premiums we pay for independently 
verified cocoa. Our efforts to increase farmer household 
income also seek to economically empower women to 
improve their livelihoods. We are working with CARE 
International (CARE) and the government to st"
candidate_claim,CAND_MEMORY_UCHUNK_000043,"supplier_relationship / ingredient_confirmation / sustainability_context: barry_callebaut, hershey, cocoa_chocolate",hershey_company,unified_memory_scan,company_level_relationship_evidence,company_level_only,supplier_relationship; ingredient_confirmation; sustainability_context; manufacturing_or_process,barry_callebaut; hershey,cocoa_chocolate,"e information 
on where we source cocoa.
 Contents
Making Good
Our Company
Cocoa
Responsible Sourcing and Human Rights
Environment
Our People
Youth
Community
About This Report
23
The Hershey Company 2023 ESG Report
❶ Mexico
❷ Ecuador
❸ Brazil
❹ Côte d’Ivoire
❺ Ghana
❻ Cameroon
❼ Nigeria
❽ Indonesia
"
candidate_claim,CAND_MEMORY_UCHUNK_000044,"supplier_relationship / ingredient_confirmation / sustainability_context: hershey, cocoa_chocolate",hershey_company,unified_memory_scan,company_level_relationship_evidence,company_level_only,supplier_relationship; ingredient_confirmation; sustainability_context,hershey,cocoa_chocolate,"on for the Parks and Reserves of 
Côte d’Ivoire
• German Agency for International Cooperation (GIZ)
• Ghana Cocoa Board
• Government of Côte d’Ivoire Ministry of Water 
Resources and Forests (MINEF)
• Government of Côte d’Ivoire Rural Land Agency 
(AFOR)
• Government of Ghana Ministry of Gender, Chi"
candidate_claim,CAND_MEMORY_UCHUNK_000045,"supplier_relationship / ingredient_confirmation / cost_or_price_benchmark: hershey, cocoa_chocolate",hershey_company,unified_memory_scan,company_level_relationship_evidence,company_level_only,supplier_relationship; ingredient_confirmation; cost_or_price_benchmark; sustainability_context,hershey,cocoa_chocolate,"Labor Sub-Group and 
founding member of its Expert Working Group on 
Protecting Children from Pesticides. 
ICI has driven the industry’s approach to child and forced 
labor for over 20 years, particularly as a thought-leader on 
child labor, publishing numerous studies. ICI also 
partnered with us, "
candidate_claim,CAND_MEMORY_UCHUNK_000046,"supplier_relationship / ingredient_confirmation / cost_or_price_benchmark: hershey, cocoa_chocolate",hershey_company,unified_memory_scan,company_level_relationship_evidence,company_level_only,supplier_relationship; ingredient_confirmation; cost_or_price_benchmark; sustainability_context,hershey,cocoa_chocolate,"on investment, with the Foundation 
for the Parks and Reserves of Côte d’Ivoire, for 
preservation and reforestation at the Mabi-Yaya 
Nature Reserve
Through the visit, executives witnessed the resiliency 
of cocoa farming communities first-hand and saw how 
Cocoa For Good investments are offering m"
candidate_claim,CAND_MEMORY_UCHUNK_000049,"supplier_relationship / ingredient_confirmation / cost_or_price_benchmark: hershey, cocoa_chocolate",hershey_company,unified_memory_scan,company_level_relationship_evidence,company_level_only,supplier_relationship; ingredient_confirmation; cost_or_price_benchmark; sustainability_context,hershey,cocoa_chocolate,"ment by Hershey 
to support farmers and their 
families. No company alone 
can solve the problem of 
poverty that occurs too 
frequently in rural areas. 
Measurable improvements 
will require time, a sustained 
investment and collaboration 
with a wide range of 
government, private sector, 
civil so"
candidate_claim,CAND_MEMORY_UCHUNK_000050,"supplier_relationship / ingredient_confirmation / cost_or_price_benchmark: hershey, cocoa_chocolate",hershey_company,unified_memory_scan,company_level_relationship_evidence,company_level_only,supplier_relationship; ingredient_confirmation; cost_or_price_benchmark; retail_price; sustainability_context,hershey,cocoa_chocolate,"se incomes in rural areas 
where formal banking services are typically not available. 
These community-based groups build social cohesion 
and increase economic stability through member-based 
savings and loans. Through VSLAs, CARE is supporting 
women and their families to increase: 
• Household sa"
candidate_claim,CAND_MEMORY_UCHUNK_000051,"supplier_relationship / ingredient_confirmation / sustainability_context: hershey, cocoa_chocolate",hershey_company,unified_memory_scan,company_level_relationship_evidence,company_level_only,supplier_relationship; ingredient_confirmation; sustainability_context,hershey,cocoa_chocolate,"attendance
• Use HIAP learnings to contribute new, evidence-backed 
models for cocoa both in Côte d’Ivoire and other origins
 Contents
Making Good
Our Company
Cocoa
Responsible Sourcing and Human Rights
Environment
Our People
Youth
Community
About This Report
27
The Hershey Company 2023 ESG Report

"
candidate_claim,CAND_MEMORY_UCHUNK_000053,"supplier_relationship / ingredient_confirmation / sustainability_context: hershey, cocoa_chocolate, packaging",hershey_company,unified_memory_scan,company_level_relationship_evidence,company_level_only,supplier_relationship; ingredient_confirmation; sustainability_context,hershey,cocoa_chocolate; packaging,"to work 
through the use of violence or intimidation, or by 
more subtle means such as accumulated debt 
retention of identity papers or threats of 
denunciation to immigration authorities.
As a member of the International Cocoa Initiative’s 
(ICI) Forced Labor Sub-Group, we work with peers 
and tec"
candidate_claim,CAND_MEMORY_UCHUNK_000054,"supplier_relationship / ingredient_confirmation / sustainability_context: hershey, cocoa_chocolate",hershey_company,unified_memory_scan,company_level_relationship_evidence,company_level_only,supplier_relationship; ingredient_confirmation; sustainability_context,hershey,cocoa_chocolate,"child, household or community level. 
Therefore, remediation responsiveness can range from 
almost instant (e.g., household awareness training 
conducted when data is collected and/or cases found) 
to six to 18 months (e.g., renovating classrooms or school 
canteens to get kids back to school).
We a"
candidate_claim,CAND_MEMORY_UCHUNK_000055,"supplier_relationship / ingredient_confirmation / sustainability_context: hershey, cocoa_chocolate",hershey_company,unified_memory_scan,company_level_relationship_evidence,company_level_only,supplier_relationship; ingredient_confirmation; sustainability_context,hershey,cocoa_chocolate,"children were identified as no longer doing inappropriate 
work or had aged out of the CLMRS.
 Contents
Making Good
Our Company
Cocoa
Responsible Sourcing and Human Rights
Environment
Our People
Youth
Community
About This Report
29
The Hershey Company 2023 ESG Report
How CLMRS Helps 
Keep Kids Safe
"
candidate_claim,CAND_MEMORY_UCHUNK_000056,"supplier_relationship / ingredient_confirmation / sustainability_context: hershey, cocoa_chocolate",hershey_company,unified_memory_scan,company_level_relationship_evidence,company_level_only,supplier_relationship; ingredient_confirmation; sustainability_context,hershey,cocoa_chocolate,"ool.
New School 
for Drissapé
A new public primary school stands at the 
entrance to the village of Drissapé, a hard-to-
reach cocoa-growing community of 1,412 people 
located 68km from Man, Côte d’Ivoire. The 
school has six classrooms, a principal’s office, 
a canteen, a teacher’s quarters, a well"
candidate_claim,CAND_MEMORY_UCHUNK_000057,"supplier_relationship / ingredient_confirmation / sustainability_context: hershey, cocoa_chocolate",hershey_company,unified_memory_scan,company_level_relationship_evidence,company_level_only,supplier_relationship; ingredient_confirmation; sustainability_context,hershey,cocoa_chocolate,"poverty, a new 
generation of farmers in cocoa communities (defined as 
15 to 35-year-olds) need the life, technical and vocational 
skills, and the practical knowledge and tools, to become 
self-sufficient community leaders of the future. 
We support young farmer economic empowerment 
through acces"
candidate_claim,CAND_MEMORY_UCHUNK_000060,"supplier_relationship / ingredient_confirmation / cost_or_price_benchmark: hershey, cocoa_chocolate",hershey_company,unified_memory_scan,company_level_relationship_evidence,company_level_only,supplier_relationship; ingredient_confirmation; cost_or_price_benchmark; sustainability_context; manufacturing_or_process,hershey,cocoa_chocolate,"diversity 
within and around the park, in 2023 community-based 
teams conducted surveys. They identified 188 species of 
birds across the dry and wet seasons. That included six 
species of hornbills — the same number observed in 2021. 
Hornbills are a keystone species and a good indicator of 
overal"
candidate_claim,CAND_MEMORY_UCHUNK_000061,"supplier_relationship / ingredient_confirmation / cost_or_price_benchmark: hershey, cocoa_chocolate",hershey_company,unified_memory_scan,company_level_relationship_evidence,company_level_only,supplier_relationship; ingredient_confirmation; cost_or_price_benchmark; retail_price; sustainability_context; manufacturing_or_process,hershey,cocoa_chocolate,"issions by 2030 against 
a 2018 baseline.
→Learn more about how we are Reducing 
Emissions in Our Value Chain on pages 64-65.
 Contents
Making Good
Our Company
Cocoa
Responsible Sourcing and Human Rights
Environment
Our People
Youth
Community
About This Report
32
The Hershey Company 2023 ESG Report
"
candidate_claim,CAND_MEMORY_UCHUNK_000063,"supplier_relationship / ingredient_confirmation / sustainability_context: hershey, cocoa_chocolate",hershey_company,unified_memory_scan,company_level_relationship_evidence,company_level_only,supplier_relationship; ingredient_confirmation; sustainability_context; manufacturing_or_process,hershey,cocoa_chocolate,"When we talk about farmers producing Hershey’s cocoa volumes, these are the known farmers where we have sourcing visibility.
3
Beginning in 2023, we are reporting progress based on an analysis of supplier-provided polygon maps. This analysis follows World Cocoa Foundation definitions and checks that"
candidate_claim,CAND_MEMORY_UCHUNK_000064,"supplier_relationship / ingredient_confirmation / logistics_distribution: hershey, cocoa_chocolate",hershey_company,unified_memory_scan,company_level_relationship_evidence,company_level_only,supplier_relationship; ingredient_confirmation; logistics_distribution; sustainability_context,hershey,cocoa_chocolate,"liers and implementing partners. Hershey strives to align our KPIs to industry best practices and methodologies, including those recommended by the International Cocoa Initiative (ICI), which are constantly 
improving and evolving.
2
Results for the number of households covered by CLMRS are cumulati"
candidate_claim,CAND_MEMORY_UCHUNK_000065,"supplier_relationship / ingredient_confirmation / cost_or_price_benchmark: hershey, cocoa_chocolate",hershey_company,unified_memory_scan,company_level_relationship_evidence,company_level_only,supplier_relationship; ingredient_confirmation; cost_or_price_benchmark; sustainability_context,hershey,cocoa_chocolate,"partners.
7
This includes classrooms built or renovated under the agreement between Hershey, Côte d'Ivoire’s CNS and the ICI.
 Contents
Making Good
Our Company
Cocoa
Responsible Sourcing and Human Rights
Environment
Our People
Youth
Community
About This Report
35
The Hershey Company 2023 ESG Report
"
candidate_claim,CAND_MEMORY_UCHUNK_000066,"supplier_relationship / ingredient_confirmation / cost_or_price_benchmark: hershey, cocoa_chocolate",hershey_company,unified_memory_scan,company_level_relationship_evidence,company_level_only,supplier_relationship; ingredient_confirmation; cost_or_price_benchmark; sustainability_context,hershey,cocoa_chocolate,"Supporting Women in Achieving Economic Independence1
Unit
2023
2022
2021
Notes
VSLAs supported
# of VSLAs
384
362
199 
— 
VSLA members - Total #
Total # of members (% Female)
11,964 (77% female)
10,073 (77% female)
5,879 (79% female) 
— 
Total savings and interest accrued annually
USD
$1,354,120
$1,"
candidate_claim,CAND_MEMORY_UCHUNK_000069,"supplier_relationship / ingredient_confirmation / sustainability_context: hershey, cocoa_chocolate, packaging, sugar",hershey_company,unified_memory_scan,company_level_relationship_evidence,company_level_only,supplier_relationship; ingredient_confirmation; sustainability_context; manufacturing_or_process,hershey,cocoa_chocolate; packaging; sugar,"pacts, we seek to mitigate them and take 
corrective action.
Accountability for managing our human rights agenda is 
embedded in our ESG governance structure. The Director 
of Global Sustainability and ESG, Director of Responsible 
Sourcing and Head of Sustainable Sourcing Cocoa 
oversee day-to-day "
candidate_claim,CAND_MEMORY_UCHUNK_000070,"supplier_relationship / ingredient_confirmation / sustainability_context: hershey, cocoa_chocolate, packaging, sugar",hershey_company,unified_memory_scan,company_level_relationship_evidence,company_level_only,supplier_relationship; ingredient_confirmation; sustainability_context; manufacturing_or_process,hershey,cocoa_chocolate; packaging; sugar,"free Policy
• Responsible Palm Oil Sourcing Policy
• Responsible Pulp & Paper Sourcing Policy
• Statement Against Slavery & Human Trafficking
• Sustainable Sugar Sourcing Policy
 Contents
Making Good
Our Company
Cocoa
Responsible Sourcing and Human Rights
Environment
Our People
Youth
Community
About"
candidate_claim,CAND_MEMORY_UCHUNK_000071,"supplier_relationship / ingredient_confirmation / sustainability_context: hershey, cocoa_chocolate",hershey_company,unified_memory_scan,company_level_relationship_evidence,company_level_only,supplier_relationship; ingredient_confirmation; sustainability_context,hershey,cocoa_chocolate,"important rightsholders.
In 2023, we expanded saliency work to create an impact 
framework to inform strategic programming that supports 
our human rights agenda. Partnering again with 
twentyfifty, we examined interlinkage between our salient 
issues, strategic gaps and existing best practice resea"
candidate_claim,CAND_MEMORY_UCHUNK_000074,"supplier_relationship / ingredient_confirmation / sustainability_context: hershey, cocoa_chocolate, sugar",hershey_company,unified_memory_scan,company_level_relationship_evidence,company_level_only,supplier_relationship; ingredient_confirmation; sustainability_context; manufacturing_or_process,hershey,cocoa_chocolate; sugar,"to the root of 
systemic issues.”
Maddy Eldredge, Human Rights Analyst, 
Global Sustainability and ESG, 
The Hershey Company
 Contents
Making Good
Our Company
Cocoa
Responsible Sourcing and Human Rights
Environment
Our People
Youth
Community
About This Report
41
The Hershey Company 2023 ESG Report

"
candidate_claim,CAND_MEMORY_UCHUNK_000075,"supplier_relationship / ingredient_confirmation / sustainability_context: hershey, cocoa_chocolate",hershey_company,unified_memory_scan,company_level_relationship_evidence,company_level_only,supplier_relationship; ingredient_confirmation; sustainability_context,hershey,cocoa_chocolate,"scheduled as part of Hershey’s mandatory Code 
of Conduct training every three years, with select rotating 
topics set by our Ethics & Compliance team.
It covers: 
• An overview of fundamental human rights 
• How to identify and report a human rights violation 
• A case study on indicators of forced"
candidate_claim,CAND_MEMORY_UCHUNK_000076,"supplier_relationship / ingredient_confirmation / sustainability_context: hershey, cocoa_chocolate",hershey_company,unified_memory_scan,company_level_relationship_evidence,company_level_only,supplier_relationship; ingredient_confirmation; sustainability_context,hershey,cocoa_chocolate,"ement 
Against Slavery & Human Trafficking.
→Find out more about Our Salient Issues in Hershey's Commitment 
to Human Rights.
 Contents
Making Good
Our Company
Cocoa
Responsible Sourcing and Human Rights
Environment
Our People
Youth
Community
About This Report
42
The Hershey Company 2023 ESG Report
"
candidate_claim,CAND_MEMORY_UCHUNK_000077,supplier_relationship / sustainability_context: hershey,hershey_company,unified_memory_scan,company_level_relationship_evidence,company_level_only,supplier_relationship; sustainability_context,hershey,,"to promote responsible practices and 
prevent, identify and remediate forced labor is to 
strengthen the management systems of labor providers 
that recruit workers for Hershey facilities and strategic co-
packers. Through our Responsible Recruitment Program, 
we require labor providers to: 
• Ackno"
candidate_claim,CAND_MEMORY_UCHUNK_000078,"supplier_relationship / ingredient_confirmation / sustainability_context: hershey, cocoa_chocolate",hershey_company,unified_memory_scan,company_level_relationship_evidence,company_level_only,supplier_relationship; ingredient_confirmation; sustainability_context; manufacturing_or_process,hershey,cocoa_chocolate,"ibly and follow the 
Employer Pays Principle. Workers are asked to complete 
a survey before the on-site audit. Their feedback helps 
find potential non-compliances. Auditors triangulate data 
from the worker survey during the on-site audit by 
interviewing workers confidentially, questioning the la"
candidate_claim,CAND_MEMORY_UCHUNK_000079,"supplier_relationship / ingredient_confirmation / cost_or_price_benchmark: hershey, cocoa_chocolate",hershey_company,unified_memory_scan,company_level_relationship_evidence,company_level_only,supplier_relationship; ingredient_confirmation; cost_or_price_benchmark; sustainability_context,hershey,cocoa_chocolate,"cies
• Provide contracts to workers in their primary language 
• Incorporate new policies in their agreements with 
recruitment agencies
→See Remediation and Continuous Improvement on page 47 for 
more details.
 Contents
Making Good
Our Company
Cocoa
Responsible Sourcing and Human Rights
Environment"
candidate_claim,CAND_MEMORY_UCHUNK_000080,"supplier_relationship / ingredient_confirmation / cost_or_price_benchmark: hershey, cocoa_chocolate",hershey_company,unified_memory_scan,company_level_relationship_evidence,company_level_only,supplier_relationship; ingredient_confirmation; cost_or_price_benchmark; sustainability_context,hershey,cocoa_chocolate,"remediation strategies. 
Cocoa Supply Chain
Cocoa is the part of our supply chain with the greatest 
income vulnerability. We continue to contribute solutions 
through the Hershey Income Accelerator Program in 
Côte d’Ivoire and premiums paid to farmers. 
→Learn more in Improving Farmer Income and L"
candidate_claim,CAND_MEMORY_UCHUNK_000081,"supplier_relationship / ingredient_confirmation / sustainability_context: hershey, cocoa_chocolate",hershey_company,unified_memory_scan,company_level_relationship_evidence,company_level_only,supplier_relationship; ingredient_confirmation; sustainability_context,hershey,cocoa_chocolate,"and 
initiatives that promote a world where opportunity exists 
for everyone to earn a living wage and every household 
to secure a living income.
What’s Next in Human Rights
• Continue to refine our salient issues, due diligence 
and programming 
• Continue to deepen our understanding of the 
inter"
candidate_claim,CAND_MEMORY_UCHUNK_000083,"supplier_relationship / ingredient_confirmation / sustainability_context: hershey, cocoa_chocolate",hershey_company,unified_memory_scan,company_level_relationship_evidence,company_level_only,supplier_relationship; ingredient_confirmation; sustainability_context; manufacturing_or_process,hershey,cocoa_chocolate,"hemes are both essential given the complexity 
of addressing many interrelated issues in global 
supply chains. 
 Contents
Making Good
Our Company
Cocoa
Responsible Sourcing and Human Rights
Environment
Our People
Youth
Community
About This Report
45
The Hershey Company 2023 ESG Report
Material ESG "
candidate_claim,CAND_MEMORY_UCHUNK_000084,supplier_relationship / cost_or_price_benchmark / sustainability_context: hershey,hershey_company,unified_memory_scan,company_level_relationship_evidence,company_level_only,supplier_relationship; cost_or_price_benchmark; sustainability_context,hershey,,"sponsible Sourcing and Human Rights
Environment
Our People
Youth
Community
About This Report
46
The Hershey Company 2023 ESG Report
Human Rights 
Pre-screening 2023
❶ Approved
❷ Pending submission 
of required 
information and/or 
completion of 
corrective actions
❸ Rejected or 
canceled
268
157
47
"
candidate_claim,CAND_MEMORY_UCHUNK_000091,"supplier_relationship / ingredient_confirmation / sustainability_context: hershey, cocoa_chocolate, sugar",hershey_company,unified_memory_scan,company_level_relationship_evidence,company_level_only,supplier_relationship; ingredient_confirmation; sustainability_context,hershey,cocoa_chocolate; sugar,"sugar projects we featured in 
our 2022 ESG Report (“Improving Soil Health 
for Sugar Beets”), showed excellent results. 
In the 2022-23 growing season, the pilot with 
United Sugar, the Soil and Water Outcomes 
Fund and others: 
• Covered 7,400 acres across all program 
participants 
• Reduced our "
candidate_claim,CAND_MEMORY_UCHUNK_000093,supplier_relationship / cost_or_price_benchmark: hershey,hershey_company,unified_memory_scan,company_level_relationship_evidence,company_level_only,supplier_relationship; cost_or_price_benchmark,hershey,,"between Airbus and Earthworm Foundation. 
To accelerate progress, Earthworm is engaging our palm 
suppliers to reinforce their deforestation monitoring, 
verification and reporting, and to prioritize actual 
deforestation alerts for action. 
→Learn more in The Significance of Biodiversity on page 69"
candidate_claim,CAND_MEMORY_UCHUNK_000095,"supplier_relationship / ingredient_confirmation / sustainability_context: hershey, cocoa_chocolate, milk_dairy, packaging, sugar",hershey_company,unified_memory_scan,company_level_relationship_evidence,company_level_only,supplier_relationship; ingredient_confirmation; sustainability_context; manufacturing_or_process,hershey,cocoa_chocolate; milk_dairy; packaging; sugar,"ts to: 
• Source 100% of pulp and paper packaging from recycled 
or certified sources
• Trace 100% of virgin pulp and paper packaging we source 
back to the country of harvest
In 2023, we started working with Earthworm on an annual 
supplier traceability assessment. We collected data about 
the volu"
candidate_claim,CAND_MEMORY_UCHUNK_000097,"supplier_relationship / ingredient_confirmation / sustainability_context: hershey, cocoa_chocolate, packaging",hershey_company,unified_memory_scan,company_level_relationship_evidence,company_level_only,supplier_relationship; ingredient_confirmation; sustainability_context; manufacturing_or_process,hershey,cocoa_chocolate; packaging,"s training. The 2022 value has been restated to reflect the number of employees who completed optional human rights training.
 Contents
Making Good
Our Company
Cocoa
Responsible Sourcing and Human Rights
Environment
Our People
Youth
Community
About This Report
53
The Hershey Company 2023 ESG Report
"
candidate_claim,CAND_MEMORY_UCHUNK_000098,"supplier_relationship / ingredient_confirmation / sustainability_context: hershey, cocoa_chocolate",hershey_company,unified_memory_scan,company_level_relationship_evidence,company_level_only,supplier_relationship; ingredient_confirmation; sustainability_context; manufacturing_or_process,hershey,cocoa_chocolate,"mpletion at end 2023.
5
Assessments conducted on labor providers may include worker surveys, Sedex's SMETA 2-Pillar audits, and/or ELEVATE's Labor Agency Assessment Tool. Additionally, if a labor provider is identified with a noncompliance during a Hershey-owned operation 
SMETA 4-Pillar audit, this"
candidate_claim,CAND_MEMORY_UCHUNK_000100,"supplier_relationship / ingredient_confirmation / cost_or_price_benchmark: hershey, cocoa_chocolate",hershey_company,unified_memory_scan,company_level_relationship_evidence,company_level_only,supplier_relationship; ingredient_confirmation; cost_or_price_benchmark; sustainability_context,hershey,cocoa_chocolate,"closed
%
 38 %
 21.4 %
 71 %
1
At Hershey, major non-conformances include issues rated as critical or zero-tolerance issues.
 Contents
Making Good
Our Company
Cocoa
Responsible Sourcing and Human Rights
Environment
Our People
Youth
Community
About This Report
56
The Hershey Company 2023 ESG Report

"
candidate_claim,CAND_MEMORY_UCHUNK_000102,"supplier_relationship / ingredient_confirmation / cost_or_price_benchmark: hershey, cocoa_chocolate, packaging",hershey_company,unified_memory_scan,company_level_relationship_evidence,company_level_only,supplier_relationship; ingredient_confirmation; cost_or_price_benchmark; logistics_distribution; sustainability_context; manufacturing_or_process,hershey,cocoa_chocolate; packaging,"able
7
Source pulp and paper packaging (by volume) from recycled or certified 
sources globally
100% by 2025
On Track
 87 %
 89 %
 69 %
7
Coconut 
Source certified coconut (by volume) through Fair Trade USA
100% by 2020
Achieved
 100 %
 100 %
 96 %
8
Eggs 
Source certified cage-free eggs (by volume)"
candidate_claim,CAND_MEMORY_UCHUNK_000103,"supplier_relationship / ingredient_confirmation / logistics_distribution: hershey, cocoa_chocolate, packaging",hershey_company,unified_memory_scan,company_level_relationship_evidence,company_level_only,supplier_relationship; ingredient_confirmation; logistics_distribution; sustainability_context; manufacturing_or_process,hershey,cocoa_chocolate; packaging,"conut shortage related to issues with raw material sourcing and transportation complications caused by the COVID-19 pandemic.
 Contents
Making Good
Our Company
Cocoa
Responsible Sourcing and Human Rights
Environment
Our People
Youth
Community
About This Report
58
The Hershey Company 2023 ESG Report
"
candidate_claim,CAND_MEMORY_UCHUNK_000105,"supplier_relationship / ingredient_confirmation / sustainability_context: hershey, cocoa_chocolate",hershey_company,unified_memory_scan,company_level_relationship_evidence,company_level_only,supplier_relationship; ingredient_confirmation; sustainability_context,hershey,cocoa_chocolate,"external stakeholders. 
The results of our climate scenario planning have also 
informed the steps we need to take toward our goals.
Addressing climate change also positively impacts 
watershed health, biodiversity and soil health. 
→For more about Managing Climate Risk, see page 61.
→Learn more abo"
candidate_claim,CAND_MEMORY_UCHUNK_000107,"supplier_relationship / ingredient_confirmation / sustainability_context: hershey, cocoa_chocolate, packaging",hershey_company,unified_memory_scan,company_level_relationship_evidence,company_level_only,supplier_relationship; ingredient_confirmation; sustainability_context; manufacturing_or_process,hershey,cocoa_chocolate; packaging,"onger-term evolving risks, such 
as those presented by climate change. ERM is overseen 
by our Board of Directors and managed by our 
Resiliency team. 
We integrate climate risk insights into business planning 
to better understand the potential impacts and any 
mitigation steps. For example, in 202"
candidate_claim,CAND_MEMORY_UCHUNK_000112,"supplier_relationship / ingredient_confirmation / sustainability_context: hershey, cocoa_chocolate",hershey_company,unified_memory_scan,company_level_relationship_evidence,company_level_only,supplier_relationship; ingredient_confirmation; sustainability_context; manufacturing_or_process,hershey,cocoa_chocolate,"Energy 
Using more renewable and zero-emissions energy is 
essential to our Scope 2 reduction plan. We have set 
an ambitious goal to source 100% of electricity from 
renewable and zero-emission sources by 2030.
This year we sourced approximately 80% of electricity 
from renewable and zero-emission "
candidate_claim,CAND_MEMORY_UCHUNK_000129,"supplier_relationship / ingredient_confirmation / retail_price: hershey, cocoa_chocolate, packaging",hershey_company,unified_memory_scan,company_level_relationship_evidence,company_level_only,supplier_relationship; ingredient_confirmation; retail_price; sustainability_context; manufacturing_or_process,hershey,cocoa_chocolate; packaging,"to strive for greater circularity by using 
more recycled materials. With limited possibilities for 
direct food-contact applications available, we focused 
on increasing recycled content on corrugate and 
cartons — like launching Reese’s Caramel Big Cup 
with a 100% recycled carton. This conversion"
candidate_claim,CAND_MEMORY_UCHUNK_000136,"supplier_relationship / ingredient_confirmation / cost_or_price_benchmark: hershey, cocoa_chocolate",hershey_company,unified_memory_scan,company_level_relationship_evidence,company_level_only,supplier_relationship; ingredient_confirmation; cost_or_price_benchmark; logistics_distribution; sustainability_context; manufacturing_or_process,hershey,cocoa_chocolate,"ng of CO2.
Totals may not equal 100%, due to rounding.
All calculations include relevant GHG emissions as specified by the Greenhouse Gas Reporting Protocol and follows the Operational Control methodology. 
Emission factor sources include: 
Scope 1: DEFRA. Operational control. 
Scope 2: EPA Emission"
candidate_claim,CAND_MEMORY_UCHUNK_000137,supplier_relationship / cost_or_price_benchmark / manufacturing_or_process: hershey,hershey_company,unified_memory_scan,company_level_relationship_evidence,company_level_only,supplier_relationship; cost_or_price_benchmark; manufacturing_or_process,hershey,,"Processing of Sold Products
MTCO2e
Not Applicable
Not Applicable
Not Applicable
Scope 3: Category 11 – Use of Sold Products
MTCO2e
Not Applicable
Not Applicable
Not Applicable
Scope 3: Category 12 – End-of-Life Treatment of Sold Products
MTCO2e
119,725
113,005
87,842
Scope 3: Category 13 – Downstrea"
candidate_claim,CAND_MEMORY_UCHUNK_000138,"supplier_relationship / ingredient_confirmation / cost_or_price_benchmark: hershey, cocoa_chocolate",hershey_company,unified_memory_scan,company_level_relationship_evidence,company_level_only,supplier_relationship; ingredient_confirmation; cost_or_price_benchmark; logistics_distribution; sustainability_context; manufacturing_or_process,hershey,cocoa_chocolate,"nc. Hershey’s 2021 GHG emissions data excludes ONE Brands, Lily's, Dot's 
and Pretzels.
2
Hershey's 2023 Scope 1 and Scope 2 data (including intensity) received limited assurance by EY. The corresponding limited assurance statement is found on our corporate website.
3
Hershey's 2023 Scope 3 emission"
candidate_claim,CAND_MEMORY_UCHUNK_000139,"supplier_relationship / ingredient_confirmation / sustainability_context: hershey, cocoa_chocolate",hershey_company,unified_memory_scan,company_level_relationship_evidence,company_level_only,supplier_relationship; ingredient_confirmation; sustainability_context; manufacturing_or_process,hershey,cocoa_chocolate,"iomass and coal due to the optimization of the boiler system within our Mandideep plant in 2023.
4
Sources include hydroelectric, renewable electricity contractual instruments, zero emissions contractual instruments and traditional grid electricity.
5
Fuel oil no. 6 is a carbon-intensive fuel, Hersh"
candidate_claim,CAND_MEMORY_UCHUNK_000140,"supplier_relationship / ingredient_confirmation / sustainability_context: hershey, cocoa_chocolate, packaging",hershey_company,unified_memory_scan,company_level_relationship_evidence,company_level_only,supplier_relationship; ingredient_confirmation; sustainability_context; manufacturing_or_process,hershey,cocoa_chocolate; packaging,"cts with the first coming online in 2021 and the second in 2022. The third is scheduled to generate power beginning in 2024. 
 Contents
Making Good
Our Company
Cocoa
Responsible Sourcing and Human Rights
Environment
Our People
Youth
Community
About This Report
76
The Hershey Company 2023 ESG Report
"
candidate_claim,CAND_MEMORY_UCHUNK_000141,"supplier_relationship / ingredient_confirmation / logistics_distribution: hershey, cocoa_chocolate, packaging",hershey_company,unified_memory_scan,company_level_relationship_evidence,company_level_only,supplier_relationship; ingredient_confirmation; logistics_distribution; sustainability_context; manufacturing_or_process,hershey,cocoa_chocolate; packaging,"r our North America Salty Snacks segment, after recent corporate acquisitions. 
As of December 31, 2023, we eliminated PVC from our branded business and have active projects to eliminate PVC from private label offerings. We are on track to remove PVC fully in 2024.
2
Cumulative packaging waste elimi"
candidate_claim,CAND_MEMORY_UCHUNK_000142,"supplier_relationship / ingredient_confirmation / logistics_distribution: hershey, cocoa_chocolate",hershey_company,unified_memory_scan,company_level_relationship_evidence,company_level_only,supplier_relationship; ingredient_confirmation; logistics_distribution; sustainability_context; manufacturing_or_process,hershey,cocoa_chocolate,"nd Pretzels.
3
Water consumption is calculated as water use less water discharge. 
4
This data represents Hershey's global manufacturing facilities and owned U.S. distribution centers and corporate offices.
 
 Contents
Making Good
Our Company
Cocoa
Responsible Sourcing and Human Rights
Environment
O"
candidate_claim,CAND_MEMORY_UCHUNK_000143,"supplier_relationship / ingredient_confirmation / sustainability_context: hershey, cocoa_chocolate",hershey_company,unified_memory_scan,company_level_relationship_evidence,company_level_only,supplier_relationship; ingredient_confirmation; sustainability_context,hershey,cocoa_chocolate,", ND
Low-medium (10-20%)
—
Whitestown, IN
Medium-high (20-40%)
—
1
The Lawrence, KS facility began operations in August 2021.
 Contents
Making Good
Our Company
Cocoa
Responsible Sourcing and Human Rights
Environment
Our People
Youth
Community
About This Report
79
The Hershey Company 2023 ESG Report
"
candidate_claim,CAND_MEMORY_UCHUNK_000144,"supplier_relationship / ingredient_confirmation / logistics_distribution: hershey, cocoa_chocolate",hershey_company,unified_memory_scan,company_level_relationship_evidence,company_level_only,supplier_relationship; ingredient_confirmation; logistics_distribution; sustainability_context; manufacturing_or_process,hershey,cocoa_chocolate,"buted to the growth of Hershey's Salty segment. Work is underway to integrate innovative waste solutions at these facilities.
 Contents
Making Good
Our Company
Cocoa
Responsible Sourcing and Human Rights
Environment
Our People
Youth
Community
About This Report
80
The Hershey Company 2023 ESG Report
"
candidate_claim,CAND_MEMORY_UCHUNK_000145,"supplier_relationship / ingredient_confirmation / logistics_distribution: hershey, cocoa_chocolate, milk_dairy",hershey_company,unified_memory_scan,company_level_relationship_evidence,company_level_only,supplier_relationship; ingredient_confirmation; logistics_distribution; sustainability_context; manufacturing_or_process,hershey,cocoa_chocolate; milk_dairy,"se on 
terrestrial and marine protected areas and is updated on a monthly basis to track the dynamics of changes to the world's protected areas. The WDPA database is continuously improving based on new information. The results reflected in this 
table are up to date as of February 2024.
 Contents
Ma"
candidate_claim,CAND_MEMORY_UCHUNK_000146,"supplier_relationship / ingredient_confirmation / cost_or_price_benchmark: hershey, cocoa_chocolate, milk_dairy",hershey_company,unified_memory_scan,company_level_relationship_evidence,company_level_only,supplier_relationship; ingredient_confirmation; cost_or_price_benchmark; sustainability_context,hershey,cocoa_chocolate; milk_dairy,">690,000 
3 
1
Represents active Green Teams globally.
2
The total trees planted represented in this metric includes the activities of Hershey Green Teams and ongoing partnerships like the Arbor Day Foundation and Sustainable Dairy PA. It does not include tree planting related to cocoa.
3
Hershey's "
candidate_claim,CAND_MEMORY_UCHUNK_000147,"supplier_relationship / ingredient_confirmation / sustainability_context: hershey, cocoa_chocolate",hershey_company,unified_memory_scan,company_level_relationship_evidence,company_level_only,supplier_relationship; ingredient_confirmation; sustainability_context,hershey,cocoa_chocolate,"lerating Togetherness Efforts
90
More Pathways to JOIN
92
More Pathways to REACH OUT
93
More Pathways to GROW
95
Our Progress
 Contents
Making Good
Our Company
Cocoa
Responsible Sourcing and Human Rights
Environment
Our People
Youth
Community
About This Report
83
The Hershey Company 2023 ESG Report
"
candidate_claim,CAND_MEMORY_UCHUNK_000148,"supplier_relationship / ingredient_confirmation / sustainability_context: hershey, cocoa_chocolate",hershey_company,unified_memory_scan,company_level_relationship_evidence,company_level_only,supplier_relationship; ingredient_confirmation; sustainability_context; manufacturing_or_process,hershey,cocoa_chocolate,"strably 
driven innovation, engagement, inclusion and belonging 
across our teams over the last three years. 
→See Flexible, Family-Friendly Options on page 86 for more.
Development for All
Nurturing a fulfilling work environment, promoting 
professional growth for all 20,000 employees and a talent "
candidate_claim,CAND_MEMORY_UCHUNK_000149,"supplier_relationship / ingredient_confirmation / cost_or_price_benchmark: hershey, cocoa_chocolate",hershey_company,unified_memory_scan,company_level_relationship_evidence,company_level_only,supplier_relationship; ingredient_confirmation; cost_or_price_benchmark; sustainability_context,hershey,cocoa_chocolate,"l. 
We believe a better you makes 
a stronger us.”
Anna Serafin, Vice President, 
Talent & Transformation, The Hershey Company
 Contents
Making Good
Our Company
Cocoa
Responsible Sourcing and Human Rights
Environment
Our People
Youth
Community
About This Report
84
The Hershey Company 2023 ESG Report"
candidate_claim,CAND_MEMORY_UCHUNK_000151,"supplier_relationship / ingredient_confirmation / cost_or_price_benchmark: hershey, cocoa_chocolate",hershey_company,unified_memory_scan,company_level_relationship_evidence,company_level_only,supplier_relationship; ingredient_confirmation; cost_or_price_benchmark; sustainability_context,hershey,cocoa_chocolate,"on caring for every 
employee and sharing directly with employees 
information and resources about staying safe or 
supporting one another, as we did during times of 
concern following major world events 
Let’s Get Transparent 
About Pay
Continuously listening brings endless learning 
opportunities."
candidate_claim,CAND_MEMORY_UCHUNK_000152,"supplier_relationship / ingredient_confirmation / sustainability_context: hershey, cocoa_chocolate",hershey_company,unified_memory_scan,company_level_relationship_evidence,company_level_only,supplier_relationship; ingredient_confirmation; sustainability_context,hershey,cocoa_chocolate,"rogram.
 Contents
Making Good
Our Company
Cocoa
Responsible Sourcing and Human Rights
Environment
Our People
Youth
Community
About This Report
85
The Hershey Company 2023 ESG Report
Salient Human Rights Issue:
• Gender and social inequality
1 Fair360 is the group previously known as Diversity, Inc.
"
candidate_claim,CAND_MEMORY_UCHUNK_000154,"supplier_relationship / ingredient_confirmation / cost_or_price_benchmark: hershey, cocoa_chocolate",hershey_company,unified_memory_scan,company_level_relationship_evidence,company_level_only,supplier_relationship; ingredient_confirmation; cost_or_price_benchmark; sustainability_context; manufacturing_or_process,hershey,cocoa_chocolate,"oration
Support Beyond the Workplace
Because life beyond works matters to employees, it 
matters to us. We run programs where we know it matters 
most to our people:
• Hershey Scholars Program, where Hershey employees’ 
children can apply for financial awards for their post-
secondary education 
• H"
candidate_claim,CAND_MEMORY_UCHUNK_000155,"supplier_relationship / ingredient_confirmation / cost_or_price_benchmark: hershey, cocoa_chocolate",hershey_company,unified_memory_scan,company_level_relationship_evidence,company_level_only,supplier_relationship; ingredient_confirmation; cost_or_price_benchmark; sustainability_context,hershey,cocoa_chocolate,"o manage stress and 
helps me stay mindful of my 
thoughts and feelings when 
things get hectic.”
Jacquie Zygmund, HR Services Technical 
Lead, The Hershey Company
 Contents
Making Good
Our Company
Cocoa
Responsible Sourcing and Human Rights
Environment
Our People
Youth
Community
About This Report
8"
candidate_claim,CAND_MEMORY_UCHUNK_000157,"supplier_relationship / ingredient_confirmation / retail_price: hershey, cocoa_chocolate",hershey_company,unified_memory_scan,company_level_relationship_evidence,company_level_only,supplier_relationship; ingredient_confirmation; retail_price; sustainability_context; manufacturing_or_process,hershey,cocoa_chocolate,"sed on similarly 
excellent feedback.
Mentoring For All
We encourage all employees to take advantage of 
mentoring opportunities through our Stronger & Growing 
Together program. As well as developing skills, the social 
and experiential learning experience with internal experts 
is invaluable. Over"
candidate_claim,CAND_MEMORY_UCHUNK_000160,"supplier_relationship / ingredient_confirmation / sustainability_context: hershey, cocoa_chocolate",hershey_company,unified_memory_scan,company_level_relationship_evidence,company_level_only,supplier_relationship; ingredient_confirmation; sustainability_context,hershey,cocoa_chocolate,"y 
into health and safety initiatives 
is important as it can help 
reduce harmful environmental 
exposures that may lead to 
illness or injury. Adopting 
sustainable practices can create 
healthier, safer workplaces 
and communities, reduce 
our carbon footprint and 
contribute to a better future 
"
candidate_claim,CAND_MEMORY_UCHUNK_000162,"supplier_relationship / ingredient_confirmation / cost_or_price_benchmark: hershey, cocoa_chocolate",hershey_company,unified_memory_scan,company_level_relationship_evidence,company_level_only,supplier_relationship; ingredient_confirmation; cost_or_price_benchmark; retail_price; sustainability_context,hershey,cocoa_chocolate,"difference 
between people, often referred to in terms of race 
and gender. Hershey also includes dimensions such 
as age, ethnicity, sexual orientation, veteran status 
and physical abilities.
People of Color (POC): Refers to Black, African 
American, Hispanic/Latino, Asian/Asian Pacific 
Islander,"
candidate_claim,CAND_MEMORY_UCHUNK_000164,supplier_relationship / cost_or_price_benchmark: hershey,hershey_company,unified_memory_scan,company_level_relationship_evidence,company_level_only,supplier_relationship; cost_or_price_benchmark,hershey,,"n, 
Pennsylvania, has seen excellent results already. We were 
more consistently able to hire talent with desirable food 
experience, contributing to a 56% lower attrition rate in 
2023 than 2022. This saved approximately $800,000 in 
recruitment costs. The plant also doubled representation 
of POC "
candidate_claim,CAND_MEMORY_UCHUNK_000165,"supplier_relationship / ingredient_confirmation / sustainability_context: hershey, cocoa_chocolate",hershey_company,unified_memory_scan,company_level_relationship_evidence,company_level_only,supplier_relationship; ingredient_confirmation; sustainability_context; manufacturing_or_process,hershey,cocoa_chocolate,"→See Education and Opportunity on page 106 for more about our 
growing partnership with MHS.
Say “Hola” to POKA
Being inclusive really teaches you unexpected 
things: Say “Hola” may have given us a 
transformational training tool.
POKA is a digital training and translation app we have 
been trialing"
candidate_claim,CAND_MEMORY_UCHUNK_000167,"supplier_relationship / ingredient_confirmation / cost_or_price_benchmark: hershey, cocoa_chocolate",hershey_company,unified_memory_scan,company_level_relationship_evidence,company_level_only,supplier_relationship; ingredient_confirmation; cost_or_price_benchmark; sustainability_context,hershey,cocoa_chocolate,"engage a diverse slate 
of prospective suppliers for sourcing events, such as 
requests for proposal (RFP) worth $250,000 or more
• Launched an e-learning module about our Supplier 
Diversity Program, required for all procurement 
employees globally and for managers and above 
in the U.S. and Canada"
candidate_claim,CAND_MEMORY_UCHUNK_000169,supplier_relationship / cost_or_price_benchmark: hershey,hershey_company,unified_memory_scan,company_level_relationship_evidence,company_level_only,supplier_relationship; cost_or_price_benchmark,hershey,,"Harrisburg 
University. CIE is part of a national ecosystem of 
entrepreneurs and network of innovation incubators. 
Hershey support included: 
• Setting CIE entrepreneurs a business challenge and 
hosting them at our headquarters for them to present 
their solutions 
• Alicia Petross, our Chief Div"
candidate_claim,CAND_MEMORY_UCHUNK_000170,"supplier_relationship / ingredient_confirmation / cost_or_price_benchmark: hershey, cocoa_chocolate",hershey_company,unified_memory_scan,company_level_relationship_evidence,company_level_only,supplier_relationship; ingredient_confirmation; cost_or_price_benchmark; sustainability_context,hershey,cocoa_chocolate,"at 
139 Costco locations across the U.S., bringing 
in an estimated $1 million in additional sales. 
This is just one example of how our inclusive 
culture leads to more moments of goodness.
Costco leadership, internal 
and external commercial 
teams and the Asian & Pacific 
Islander BRG worked toge"
candidate_claim,CAND_MEMORY_UCHUNK_000171,"supplier_relationship / ingredient_confirmation / sustainability_context: hershey, cocoa_chocolate",hershey_company,unified_memory_scan,company_level_relationship_evidence,company_level_only,supplier_relationship; ingredient_confirmation; sustainability_context,hershey,cocoa_chocolate,"r 
Accelerator program for Pathways to GROW graduates.
We graduated 35 participants in 2023 and over 130 since 
instituting the program. Graduates continue to have a 
higher lateral and upward promotion rate than the rest of 
the enterprise.1 In 2024, while continuing to invest in the 
program, we w"
candidate_claim,CAND_MEMORY_UCHUNK_000172,"supplier_relationship / ingredient_confirmation / sustainability_context: hershey, cocoa_chocolate, packaging",hershey_company,unified_memory_scan,company_level_relationship_evidence,company_level_only,supplier_relationship; ingredient_confirmation; sustainability_context; manufacturing_or_process,hershey,cocoa_chocolate; packaging,"offer Career Development Action Planning workshops
 
 Contents
Making Good
Our Company
Cocoa
Responsible Sourcing and Human Rights
Environment
Our People
Youth
Community
About This Report
93
The Hershey Company 2023 ESG Report
1
Program graduates are promoted at a rate that is 11% higher than non-
p"
candidate_claim,CAND_MEMORY_UCHUNK_000173,"supplier_relationship / ingredient_confirmation / cost_or_price_benchmark: hershey, cocoa_chocolate",hershey_company,unified_memory_scan,company_level_relationship_evidence,company_level_only,supplier_relationship; ingredient_confirmation; cost_or_price_benchmark; sustainability_context,hershey,cocoa_chocolate,"That led into:
• The inaugural Future CEO program, launched March 7, 
2023, with nonprofits Girl Up and Girls on the Run
• Liz Kunz, CEO of Girls on the Run, joining Michele Buck 
on International Women’s Day for a keynote speaker 
event, with a live audience of 950 at our corporate 
HQ and 21 watch"
candidate_claim,CAND_MEMORY_UCHUNK_000175,"supplier_relationship / ingredient_confirmation / sustainability_context: hershey, cocoa_chocolate",hershey_company,unified_memory_scan,company_level_relationship_evidence,company_level_only,supplier_relationship; ingredient_confirmation; sustainability_context,hershey,cocoa_chocolate,"he percentage of employees covered by collective bargaining agreements and includes employees worldwide.
Employees1
2023
2022
2021
Total
Female
Male
Total
Female
Male
Total
Female
Male
Global Employees
 
20,507 
9,878 
10,626 
19,271 
9,216 
10,055 
17,848 
8,507 
9,341 
Full-time
 
18,650 
8,866 
9"
candidate_claim,CAND_MEMORY_UCHUNK_000176,"supplier_relationship / ingredient_confirmation / sustainability_context: hershey, cocoa_chocolate",hershey_company,unified_memory_scan,company_level_relationship_evidence,company_level_only,supplier_relationship; ingredient_confirmation; sustainability_context; manufacturing_or_process,hershey,cocoa_chocolate,"agement
 7.4 %
 66.2 %
 26.4 %
 6.5 %
 66.7 %
 26.8 %
 7.0 %
 65.4 %
 27.6 %
Senior Leader
 0.0 %
 57.4 %
 42.6 %
 0.0 %
 53.9 %
 46.1 %
 0.0 %
 55.2 %
 44.8 %
Executive team
 0.0 %
 36.4 %
 63.6 %
 0.0 %
 40.0 %
 60.0 %
 0.0 %
 44.4 %
 55.6 %
1
Select data in the global workforce by age table recei"
candidate_claim,CAND_MEMORY_UCHUNK_000177,supplier_relationship: hershey,hershey_company,unified_memory_scan,company_level_relationship_evidence,company_level_only,supplier_relationship,hershey,,"1
Management as percentage of total workforce
 14.1 %
 13.3 %
 13.0 % 
— 
Non-management as percentage of total workforce
 85.9 %
 86.7 %
 87.0 % 
— 
Proportion of senior management hired from the local community
 79.3 %
 100.0 %
 87.5 %
2
1
Senior leader level data includes Hershey people leaders o"
candidate_claim,CAND_MEMORY_UCHUNK_000178,"supplier_relationship / ingredient_confirmation / sustainability_context: hershey, cocoa_chocolate",hershey_company,unified_memory_scan,company_level_relationship_evidence,company_level_only,supplier_relationship; ingredient_confirmation; sustainability_context,hershey,cocoa_chocolate,"24.6 %
 19.4 %
 17.2 %
 17.0 %
 17.7 %
 17.1 %
 16.7 %
 30.7 %
 29.7 %
 26.0 %
Asian
 4.3 %
 4.2 %
 4.2 %
 9.0 %
 8.3 %
 7.5 %
 5.7 %
 5.6 %
 5.9 %
 4.0 %
 4.0 %
 3.9 %
Black
 12.4 %
 12.9 %
 12.1 %
 2.9 %
 3.1 %
 2.9 %
 4.9 %
 4.7 %
 4.9 %
 13.9 %
 14.4 %
 13.3 %
Hispanic/Latino
 9.6 %
 8.7 %
 6.6 "
candidate_claim,CAND_MEMORY_UCHUNK_000179,"supplier_relationship / ingredient_confirmation / sustainability_context: hershey, cocoa_chocolate",hershey_company,unified_memory_scan,company_level_relationship_evidence,company_level_only,supplier_relationship; ingredient_confirmation; sustainability_context,hershey,cocoa_chocolate,"tify as two of more races. However, we only disclose Asian, Black and Hispanic/Latino. Thus, totals will not add up to 100%. 
 Contents
Making Good
Our Company
Cocoa
Responsible Sourcing and Human Rights
Environment
Our People
Youth
Community
About This Report
97
The Hershey Company 2023 ESG Report
"
candidate_claim,CAND_MEMORY_UCHUNK_000180,"supplier_relationship / ingredient_confirmation / sustainability_context: hershey, cocoa_chocolate",hershey_company,unified_memory_scan,company_level_relationship_evidence,company_level_only,supplier_relationship; ingredient_confirmation; sustainability_context,hershey,cocoa_chocolate,"e engagement (eNPS) 
44
50
47
43
31
44
43
Intent to stay 
 82 %
 88 %
 84 %
 81 %
 70 %
 83 %
 81 %
Expectations (meet/exceed) 
 90 %
 91 %
 90 %
 90 %
 86 %
 91 %
 89 %
1
This employee engagement data represents results from The Hershey Company's 2023 Q4 Continuous Listening Survey, which included "
candidate_claim,CAND_MEMORY_UCHUNK_000181,"supplier_relationship / ingredient_confirmation / cost_or_price_benchmark: hershey, cocoa_chocolate",hershey_company,unified_memory_scan,company_level_relationship_evidence,company_level_only,supplier_relationship; ingredient_confirmation; cost_or_price_benchmark; sustainability_context,hershey,cocoa_chocolate,"mployee works at a plant that does not have this parental leave benefit. The remaining four employees still have an opportunity to elect and use the benefit in 2024.
Of the 14 male employees in the ""did not elect"" category, only one actually did not elect to use this benefit. Five employees work at "
candidate_claim,CAND_MEMORY_UCHUNK_000182,"supplier_relationship / ingredient_confirmation / cost_or_price_benchmark: hershey, cocoa_chocolate",hershey_company,unified_memory_scan,company_level_relationship_evidence,company_level_only,supplier_relationship; ingredient_confirmation; cost_or_price_benchmark; sustainability_context,hershey,cocoa_chocolate,"is value represents Hershey spending with direct diverse suppliers (Tier 1) as well as spend with 
diverse suppliers made on our behalf by our direct suppliers (Tier 2).
3
This value represents the number of diverse suppliers Hershey is directly spending dollars with in a given calendar year.
4
Thes"
candidate_claim,CAND_MEMORY_UCHUNK_000183,"supplier_relationship / ingredient_confirmation / sustainability_context: hershey, cocoa_chocolate",hershey_company,unified_memory_scan,company_level_relationship_evidence,company_level_only,supplier_relationship; ingredient_confirmation; sustainability_context,hershey,cocoa_chocolate,"hese hours do not account for outside team or individual training programs not offered through Hershey’s centralized system.
 Contents
Making Good
Our Company
Cocoa
Responsible Sourcing and Human Rights
Environment
Our People
Youth
Community
About This Report
100
The Hershey Company 2023 ESG Report
"
candidate_claim,CAND_MEMORY_UCHUNK_000184,"supplier_relationship / ingredient_confirmation / sustainability_context: hershey, cocoa_chocolate",hershey_company,unified_memory_scan,company_level_relationship_evidence,company_level_only,supplier_relationship; ingredient_confirmation; sustainability_context,hershey,cocoa_chocolate,"part-time employment. 
New employee hire and turnover data for Mexico is included in the Latin America and Caribbean region.
 Contents
Making Good
Our Company
Cocoa
Responsible Sourcing and Human Rights
Environment
Our People
Youth
Community
About This Report
101
The Hershey Company 2023 ESG Report
"
candidate_claim,CAND_MEMORY_UCHUNK_000185,"supplier_relationship / ingredient_confirmation / cost_or_price_benchmark: hershey, cocoa_chocolate",hershey_company,unified_memory_scan,company_level_relationship_evidence,company_level_only,supplier_relationship; ingredient_confirmation; cost_or_price_benchmark; sustainability_context,hershey,cocoa_chocolate,"kers who are not employees but whose work is controlled by our 
organizations. We do not track metrics for contractors. Each contractor company is responsible for gathering this information and reporting it according to local requirements.
 Contents
Making Good
Our Company
Cocoa
Responsible Sourcing"
candidate_claim,CAND_MEMORY_UCHUNK_000186,supplier_relationship / cost_or_price_benchmark: hershey,hershey_company,unified_memory_scan,company_level_relationship_evidence,company_level_only,supplier_relationship; cost_or_price_benchmark,hershey,,"others
• Take action to create kinder, more inclusive communities
Heartwarming Project Highlights
Our work in 2023 advanced all those aims. We also 
celebrated the fifth year of our signature HWP Action 
Grants Program, which awards micro-grants to teens 
to create heartwarming changes in their comm"
candidate_claim,CAND_MEMORY_UCHUNK_000187,"supplier_relationship / ingredient_confirmation / sustainability_context: hershey, cocoa_chocolate",hershey_company,unified_memory_scan,company_level_relationship_evidence,company_level_only,supplier_relationship; ingredient_confirmation; sustainability_context,hershey,cocoa_chocolate,"ice Day. 6,900 young people took 
part in 138 projects promoting kindness, inclusion, 
empathy and connection. 
→See The Heartwarming Project data on page 107. 
Connecting Across Difference
We continued to support Global Nomads Group (GNG), 
a nonprofit offering safe digital spaces designed by globa"
candidate_claim,CAND_MEMORY_UCHUNK_000188,"supplier_relationship / cost_or_price_benchmark / manufacturing_or_process: hershey, packaging",hershey_company,unified_memory_scan,company_level_relationship_evidence,company_level_only,supplier_relationship; cost_or_price_benchmark; manufacturing_or_process,hershey,packaging,"Sourcing and Human Rights
Environment
Our People
Youth
Community
About This Report
104
The Hershey Company 2023 ESG Report
1
Current Priorities of the U.S. Surgeon General: Youth Mental Health.
2
Loneliness and Social Isolation as Risk Factors for Mortality | Perspectives 
on Psychological Science.
"
candidate_claim,CAND_MEMORY_UCHUNK_000189,"supplier_relationship / ingredient_confirmation / cost_or_price_benchmark: hershey, cocoa_chocolate, packaging",hershey_company,unified_memory_scan,company_level_relationship_evidence,company_level_only,supplier_relationship; ingredient_confirmation; cost_or_price_benchmark; sustainability_context; manufacturing_or_process,hershey,cocoa_chocolate; packaging,"cil that met regularly with 
Hershey employees to advise on the campaign, 
packaging design and amplification strategy 
• Shared insights from Hershey employees on careers and 
how to plan and execute creative marketing campaigns
The participating organizations were:
• Memphis Music Initiative of Me"
candidate_claim,CAND_MEMORY_UCHUNK_000191,"supplier_relationship / ingredient_confirmation / sustainability_context: hershey, cocoa_chocolate",hershey_company,unified_memory_scan,company_level_relationship_evidence,company_level_only,supplier_relationship; ingredient_confirmation; sustainability_context; manufacturing_or_process,hershey,cocoa_chocolate,"ter. The internship culminated with 
students presenting new product ideas they had created 
in response to current, actual Hershey business needs. 
A Growing Apprenticeship Program
More MHS students obtained their Pennsylvania-
recognized pre-apprenticeship certificate with Hershey 
in 2023. We hav"
candidate_claim,CAND_MEMORY_UCHUNK_000193,"supplier_relationship / ingredient_confirmation / sustainability_context: hershey, cocoa_chocolate",hershey_company,unified_memory_scan,company_level_relationship_evidence,company_level_only,supplier_relationship; ingredient_confirmation; sustainability_context; manufacturing_or_process,hershey,cocoa_chocolate,"artwarming actions decreased in 2023 as we had fewer partners engaged in youth actions and also awarded fewer action grants.
 Contents
Making Good
Our Company
Cocoa
Responsible Sourcing and Human Rights
Environment
Our People
Youth
Community
About This Report
107
The Hershey Company 2023 ESG Report
"
candidate_claim,CAND_MEMORY_UCHUNK_000194,supplier_relationship / cost_or_price_benchmark / manufacturing_or_process: hershey,hershey_company,unified_memory_scan,company_level_relationship_evidence,company_level_only,supplier_relationship; cost_or_price_benchmark; manufacturing_or_process,hershey,,"ionships with NGOs
• Dispense grants and review impact reports
• Organize employee volunteering and fundraising
We focus our community philanthropic investments on 
communities where we live and work. Our giving supports 
more inclusive communities, basic needs, disaster 
response efforts and educat"
candidate_claim,CAND_MEMORY_UCHUNK_000195,"supplier_relationship / ingredient_confirmation / sustainability_context: hershey, cocoa_chocolate",hershey_company,unified_memory_scan,company_level_relationship_evidence,company_level_only,supplier_relationship; ingredient_confirmation; sustainability_context,hershey,cocoa_chocolate,"bution to help support holiday celebrations 
at USOs nationwide.
Basic Needs, Disaster Response and Supporting 
Our Plant Communities 
We proactively support American National Red Cross 
(ANRC) Disaster Relief efforts by pre-funding the 
organization before disasters strike. This helps deploy 
resou"
candidate_claim,CAND_MEMORY_UCHUNK_000196,"supplier_relationship / ingredient_confirmation / sustainability_context: hershey, cocoa_chocolate",hershey_company,unified_memory_scan,company_level_relationship_evidence,company_level_only,supplier_relationship; ingredient_confirmation; sustainability_context,hershey,cocoa_chocolate,"helped support their Reimagine 
Campaign to modernize, improve accessibility and 
increase the capacity of their building. 
 Contents
Making Good
Our Company
Cocoa
Responsible Sourcing and Human Rights
Environment
Our People
Youth
Community
About This Report
109
The Hershey Company 2023 ESG Report

"
candidate_claim,CAND_MEMORY_UCHUNK_000197,"supplier_relationship / ingredient_confirmation / sustainability_context: hershey, cocoa_chocolate",hershey_company,unified_memory_scan,company_level_relationship_evidence,company_level_only,supplier_relationship; ingredient_confirmation; sustainability_context,hershey,cocoa_chocolate,"helped launch 
a fun effort to educate young students across 
Pennsylvania about the nation’s upcoming birthday: 
the Keystone Classroom Initiative (KCI). This unique 
storytelling and visitation program for children’s hospitals, 
pre-kindergarten through fourth grade classrooms and 
youth camps tea"
candidate_claim,CAND_MEMORY_UCHUNK_000198,"supplier_relationship / ingredient_confirmation / sustainability_context: hershey, cocoa_chocolate",hershey_company,unified_memory_scan,company_level_relationship_evidence,company_level_only,supplier_relationship; ingredient_confirmation; sustainability_context; manufacturing_or_process,hershey,cocoa_chocolate,"te, Preserve, Innovate and Celebrate 
Pennsylvania’s rich history, culture and future, 
and enables us to ensure that this historic 
semiquincentennial commemoration 
is one that is most inclusive, engaging 
ALL Pennsylvanians in ALL 67 counties.”
Cassandra Coleman, Executive Director, America250PA
"
candidate_claim,CAND_MEMORY_UCHUNK_000199,"supplier_relationship / ingredient_confirmation / sustainability_context: hershey, cocoa_chocolate",hershey_company,unified_memory_scan,company_level_relationship_evidence,company_level_only,supplier_relationship; ingredient_confirmation; sustainability_context,hershey,cocoa_chocolate,"Commerce. This is their fourth consecutive win! 
The award recognizes our commitment to corporate 
citizenship in key areas like strategy, sustainability, 
measurability, communication and partnerships. 
Of the 120 participants, Hershey is one of 60 scoring 
high across all pillars by implementing r"
candidate_claim,CAND_MEMORY_UCHUNK_000200,supplier_relationship / cost_or_price_benchmark / sustainability_context: hershey,hershey_company,unified_memory_scan,company_level_relationship_evidence,company_level_only,supplier_relationship; cost_or_price_benchmark; sustainability_context,hershey,,"nities. In 2023: 
• 1,400 employees participated 
• 3,500 total hours were volunteered 
• 45 nonprofit organizations supported globally
• Volunteers worked on 65 events 
We brought back our Rise Against Hunger (RAH) meal 
packing event in 2023. RAH is a growing global movement 
to end hunger.
Our la"
candidate_claim,CAND_MEMORY_UCHUNK_000201,"supplier_relationship / ingredient_confirmation / cost_or_price_benchmark: hershey, cocoa_chocolate",hershey_company,unified_memory_scan,company_level_relationship_evidence,company_level_only,supplier_relationship; ingredient_confirmation; cost_or_price_benchmark; sustainability_context,hershey,cocoa_chocolate,"ifferent causes across 
the globe, including: 
• Hunger 
• Social and emotional learning 
• Social justice and inclusive organizations 
• Workforce development 
• Environmental conservation
2023 Employee Impact in Numbers
127,440 
hours volunteered by employees
$1.7M+ 
raised by Season of Giving Cam"
candidate_claim,CAND_MEMORY_UCHUNK_000205,"supplier_relationship / ingredient_confirmation / sustainability_context: hershey, cocoa_chocolate",hershey_company,unified_memory_scan,company_level_relationship_evidence,company_level_only,supplier_relationship; ingredient_confirmation; sustainability_context; manufacturing_or_process,hershey,cocoa_chocolate,"tzels.
For 130 years, Hershey has been committed to operating 
fairly, ethically and sustainably. The candy and snack 
maker’s founder, Milton Hershey, created Milton Hershey 
School in 1909, and since then, the company has focused 
on helping children succeed through equitable access to 
education."
candidate_claim,CAND_MEMORY_UCHUNK_000206,supplier_relationship / cost_or_price_benchmark / sustainability_context: hershey,hershey_company,unified_memory_scan,company_level_relationship_evidence,company_level_only,supplier_relationship; cost_or_price_benchmark; sustainability_context,hershey,,"pply chain resilience
The active management of supply chain activities to minimize disruptions of any form and maximize company and customer value.
Sub-issues: Natural disaster preparedness, climate change, pandemic, risk assessment, geo-politics, tax
Child labor
Prohibiting work that deprives child"
candidate_claim,CAND_MEMORY_UCHUNK_000207,"supplier_relationship / ingredient_confirmation / sustainability_context: hershey, cocoa_chocolate",hershey_company,unified_memory_scan,company_level_relationship_evidence,company_level_only,supplier_relationship; ingredient_confirmation; sustainability_context; manufacturing_or_process,hershey,cocoa_chocolate,"th 
industry standards.
Sub-issues: Learning and development, talent acquisition, compensation and benefits, pension management
Energy management
Optimizing operational practices and power sources to conserve energy and reduce overall energy consumption.
Sub-issues: Renewable energy, energy efficien"
candidate_claim,CAND_MEMORY_UCHUNK_000208,"supplier_relationship / ingredient_confirmation / sustainability_context: hershey, cocoa_chocolate, packaging",hershey_company,unified_memory_scan,company_level_relationship_evidence,company_level_only,supplier_relationship; ingredient_confirmation; sustainability_context; manufacturing_or_process,hershey,cocoa_chocolate; packaging,"heir livelihoods.
Sub-issues: Employment opportunity, fair wages, living wage
Issue
Definition
 Contents
Making Good
Our Company
Cocoa
Responsible Sourcing and Human Rights
Environment
Our People
Youth
Community
About This Report
115
The Hershey Company 2023 ESG Report
Environment
Governance
Social
"
candidate_claim,CAND_MEMORY_UCHUNK_000211,"supplier_relationship / ingredient_confirmation / logistics_distribution: hershey, cocoa_chocolate",hershey_company,unified_memory_scan,company_level_relationship_evidence,company_level_only,supplier_relationship; ingredient_confirmation; logistics_distribution; sustainability_context,hershey,cocoa_chocolate,"and farmers to receive a wage and/or income level that allows all members of the household to afford a decent standard of living.1
Health and safety
A safe and healthy workplace in both our own business and in our supply chains in line with applicable safety and health laws and in consultation with "
candidate_claim,CAND_MEMORY_UCHUNK_002041,"supplier_relationship / sustainability_context / manufacturing_or_process: hershey, packaging",logistics_distribution,unified_memory_scan,company_level_relationship_evidence,company_level_only,supplier_relationship; sustainability_context; manufacturing_or_process,hershey,packaging,"--- VISUAL OCR PAGE 1: page_001.png ---
° a NE j j 7 Pr) PRESET. I RAE wn he Le eB Ay, Wd WZ | ieee Nae ON
G1 Na tg Lok lee tm A. pT EET Ss po Oe Sear YO Saar ey
Q ‘ 4 if . . iy \“~¢ id as be a4 ay q Pega) ACD as ) * ey ey? r y t i alt
wives N ¥ oe WG Y 4 a tay’ 2 P a> ais «A | 4 iff OAR 4 io ies Re"
candidate_claim,CAND_MEMORY_UCHUNK_002042,"supplier_relationship / ingredient_confirmation / manufacturing_or_process: hershey, cocoa_chocolate, packaging",logistics_distribution,unified_memory_scan,company_level_relationship_evidence,company_level_only,supplier_relationship; ingredient_confirmation; manufacturing_or_process,hershey,cocoa_chocolate; packaging,"forward to delivering
great things. To all of our existing partners, thank you and we hope to collectively grow for years to come.
Packaging
- aa Supplier
Helpful Links for Responsible a Quality Supplier
Policies ca Quality Expect ti Dre
nn ourcing es xpectations orta
ae Expectations | ———____ | —_
"
candidate_claim,CAND_MEMORY_UCHUNK_002043,supplier_relationship / cost_or_price_benchmark: hershey,logistics_distribution,unified_memory_scan,company_level_relationship_evidence,company_level_only,supplier_relationship; cost_or_price_benchmark,hershey,,"MIT AN IDEA
SUPPLIERS
DO NOTSELLOR SHARE MYPERSONALINFORMATION = PRIVACYPOLICY = TERMS AND CONDITIONS © 2026 THE HERSHEY COMPANY. ALL RIGHTS RESERVED.
WEBACCESSIBILITY | COOKIE PREFERENCES

--- VISUAL OCR PAGE 2: page_002.png ---
5/6/26, 7:12 PM The Hershey Company Terms
The Hershey Company Terms Vv"
candidate_claim,CAND_MEMORY_UCHUNK_002044,supplier_relationship / cost_or_price_benchmark / sustainability_context: hershey,logistics_distribution,unified_memory_scan,company_level_relationship_evidence,company_level_only,supplier_relationship; cost_or_price_benchmark; sustainability_context,hershey,,"ffective November 1, 2016 - U.S.
Click here to download...
PO Terms & Conditions Prior to November 1, 2016 - U.S.
Slick here to download...
Brazil
Canada
China
India
Malaysia
Mexico
Philippines
Singapore
Switzerland
United Arab Emirates
United Kingdom
https://www.thehersheycompany.com/terms.html 2/6"
candidate_claim,CAND_MEMORY_UCHUNK_002045,"supplier_relationship / ingredient_confirmation / logistics_distribution: hershey, packaging",logistics_distribution,unified_memory_scan,company_level_relationship_evidence,company_level_only,supplier_relationship; ingredient_confirmation; logistics_distribution; sustainability_context; manufacturing_or_process,hershey,packaging,"f Conduct requirements are contained at
https://www.thehersheycompany.com/content/dam/hershey-
corporate/documents/partners-and-suppliers/supplier-code-of-conduct.pdf.
Bahasa Melayu
Chinese
French
Hindi
Japanese
Korean
Portuguese
Spanish
Tamil
Telugu

https://www.thehersheycompany.com/terms.html 3/6"
candidate_claim,CAND_MEMORY_UCHUNK_002046,supplier_relationship / ingredient_confirmation / cost_or_price_benchmark: hershey,logistics_distribution,unified_memory_scan,company_level_relationship_evidence,company_level_only,supplier_relationship; ingredient_confirmation; cost_or_price_benchmark; logistics_distribution,hershey,,"of the Purchase Order or contract with
Hershey. The resources below contain further details on Hershey’s insurance requirements.
Transportation
Distribution Center (Large)
Distribution Center (Small)
Medical Services
Small Co-manufacturer / Co-packer

https://www.thehersheycompany.com/terms.html 4/6"
candidate_claim,CAND_MEMORY_UCHUNK_002047,supplier_relationship: hershey,logistics_distribution,unified_memory_scan,company_level_relationship_evidence,company_level_only,supplier_relationship,hershey,,"t and loss, balance sheet, cashflow
statement) via The FHR Exchange, private company suppliers will gain a clear understanding
of their own financial positioning, in parallel with The Hershey Company. Please direct any
questions to TPRM@hersheys.com.

https://www.thehersheycompany.com/terms.html 5/6"
candidate_claim,CAND_MEMORY_UCHUNK_001360,"supplier_relationship / ingredient_confirmation / cost_or_price_benchmark: hershey, cocoa_chocolate",packaging_wrapper,unified_memory_scan,company_level_relationship_evidence,company_level_only,supplier_relationship; ingredient_confirmation; cost_or_price_benchmark; sustainability_context,hershey,cocoa_chocolate,"unity
109 Hershey For Communities
112 Employee Impact
113 Our Progress
114 About This Report
115 Material Issue Definitions
117 Salient Human Rights Issues Definitions
 Contents
Making Good
Our Company
Cocoa
Responsible Sourcing and Human Rights
Environment
Our People
Youth
Community
About This Repo"
candidate_claim,CAND_MEMORY_UCHUNK_001365,"supplier_relationship / ingredient_confirmation / cost_or_price_benchmark: hershey, cocoa_chocolate",packaging_wrapper,unified_memory_scan,company_level_relationship_evidence,company_level_only,supplier_relationship; ingredient_confirmation; cost_or_price_benchmark; sustainability_context,hershey,cocoa_chocolate,"ence for the planet and 
people. We take action. When we encounter challenges 
or barriers to achieving our goals, we problem solve, learn 
from our experience and adapt. We make progress. As you 
review our report, we welcome your insight and feedback 
as we continue on this journey and build a suc"
candidate_claim,CAND_MEMORY_UCHUNK_001366,"supplier_relationship / ingredient_confirmation / sustainability_context: hershey, cocoa_chocolate, packaging",packaging_wrapper,unified_memory_scan,company_level_relationship_evidence,company_level_only,supplier_relationship; ingredient_confirmation; sustainability_context; manufacturing_or_process,hershey,cocoa_chocolate; packaging,"ents’ lives.
→Learn more about our work with MHS on 
page 106 in the Education and Opportunity page 
within the Youth chapter.
 Contents
Making Good
Our Company
Cocoa
Responsible Sourcing and Human Rights
Environment
Our People
Youth
Community
About This Report
5
The Hershey Company 2023 ESG Report
"
candidate_claim,CAND_MEMORY_UCHUNK_001371,"supplier_relationship / ingredient_confirmation / cost_or_price_benchmark: hershey, cocoa_chocolate, packaging",packaging_wrapper,unified_memory_scan,company_level_relationship_evidence,company_level_only,supplier_relationship; ingredient_confirmation; cost_or_price_benchmark; sustainability_context; manufacturing_or_process,hershey,cocoa_chocolate; packaging,"sible sourcing programs evolve.
5
Hershey's GHG emissions reduction goal for 2030 is based on Scope 1 and 
Scope 2 (market-based). Our 2023 Scope 1 and Scope 2 data received limited 
assurance by EY.
6
Our 2023 Scope 3 data is verified by Quantis.
7
Cumulative packaging waste eliminated (2021-2023) "
candidate_claim,CAND_MEMORY_UCHUNK_001372,"supplier_relationship / ingredient_confirmation / cost_or_price_benchmark: hershey, cocoa_chocolate",packaging_wrapper,unified_memory_scan,company_level_relationship_evidence,company_level_only,supplier_relationship; ingredient_confirmation; cost_or_price_benchmark; sustainability_context,hershey,cocoa_chocolate,"early $104 million in cash and products cumulatively from 
January 1, 2020 to December 31, 2023.
 Contents
Making Good
Our Company
Cocoa
Responsible Sourcing and Human Rights
Environment
Our People
Youth
Community
About This Report
8
The Hershey Company 2023 ESG Report
Achieved
On Track
In Progress
"
candidate_claim,CAND_MEMORY_UCHUNK_001376,"supplier_relationship / ingredient_confirmation / sustainability_context: hershey, cocoa_chocolate",packaging_wrapper,unified_memory_scan,company_level_relationship_evidence,company_level_only,supplier_relationship; ingredient_confirmation; sustainability_context; manufacturing_or_process,hershey,cocoa_chocolate,"rts, this cross-functional group meets at least 
quarterly to evaluate ESG strategy effectiveness and 
interdependencies, provides input on investments to 
support ESG program deliverables and reviews progress 
toward goals and key performance indicators relevant 
to our global ESG and sustainabilit"
candidate_claim,CAND_MEMORY_UCHUNK_001377,"supplier_relationship / ingredient_confirmation / cost_or_price_benchmark: hershey, cocoa_chocolate",packaging_wrapper,unified_memory_scan,company_level_relationship_evidence,company_level_only,supplier_relationship; ingredient_confirmation; cost_or_price_benchmark; sustainability_context; manufacturing_or_process,hershey,cocoa_chocolate,"and Sustainability topics 
55%
of Hershey’s Board of Directors 
have ESG and Human Capital 
management experience 
(as of May 2024)
 Contents
Making Good
Our Company
Cocoa
Responsible Sourcing and Human Rights
Environment
Our People
Youth
Community
About This Report
10
The Hershey Company 2023 ESG R"
candidate_claim,CAND_MEMORY_UCHUNK_001380,"supplier_relationship / ingredient_confirmation / retail_price: hershey, cocoa_chocolate, milk_dairy, natural_flavor, sugar",packaging_wrapper,unified_memory_scan,company_level_relationship_evidence,company_level_only,supplier_relationship; ingredient_confirmation; retail_price; sustainability_context,hershey,cocoa_chocolate; milk_dairy; natural_flavor; sugar,"FULFIL 
Nutrition and ONE protein bars already in our portfolio. 
ONE Puffs was launched in 2023 and we plan to launch 
new flavors of ONE bars in 2024.
What’s Next in Satisfying Consumer Needs
• Continue meeting consumer interest in sugar reduction 
and protein enhancements across our better-for-yo"
candidate_claim,CAND_MEMORY_UCHUNK_001381,"supplier_relationship / ingredient_confirmation / sustainability_context: hershey, cocoa_chocolate",packaging_wrapper,unified_memory_scan,company_level_relationship_evidence,company_level_only,supplier_relationship; ingredient_confirmation; sustainability_context; manufacturing_or_process,hershey,cocoa_chocolate,"hey Company
 Contents
Making Good
Our Company
Cocoa
Responsible Sourcing and Human Rights
Environment
Our People
Youth
Community
About This Report
14
The Hershey Company 2023 ESG Report
Material ESG issue:
• Nutrition and health
1 2023 Food and Health Survey, International Food Information Council.
"
candidate_claim,CAND_MEMORY_UCHUNK_001385,"supplier_relationship / ingredient_confirmation / sustainability_context: hershey, cocoa_chocolate",packaging_wrapper,unified_memory_scan,company_level_relationship_evidence,company_level_only,supplier_relationship; ingredient_confirmation; sustainability_context,hershey,cocoa_chocolate,"on guidelines and applicable election 
laws. The Hershey PAC is bipartisan and distributes funds 
equally between both major political parties at federal and 
state levels. See the Hershey PAC Annual Report 2023 for 
more information. 
Corporate funds are used to support and advocate for 
issues, le"
candidate_claim,CAND_MEMORY_UCHUNK_001386,"supplier_relationship / ingredient_confirmation / sustainability_context: hershey, cocoa_chocolate",packaging_wrapper,unified_memory_scan,company_level_relationship_evidence,company_level_only,supplier_relationship; ingredient_confirmation; sustainability_context,hershey,cocoa_chocolate,".” 
Lauren Lacey, Vice President, Deputy 
General Counsel, Asst. Secretary and Chief 
Compliance Officer, The Hershey Company
 Contents
Making Good
Our Company
Cocoa
Responsible Sourcing and Human Rights
Environment
Our People
Youth
Community
About This Report
16
The Hershey Company 2023 ESG Report
"
candidate_claim,CAND_MEMORY_UCHUNK_001391,"supplier_relationship / ingredient_confirmation / sustainability_context: hershey, cocoa_chocolate, milk_dairy, natural_flavor",packaging_wrapper,unified_memory_scan,company_level_relationship_evidence,company_level_only,supplier_relationship; ingredient_confirmation; sustainability_context; manufacturing_or_process,hershey,cocoa_chocolate; milk_dairy; natural_flavor,"snacks, protein bars and other better-for-you snacks.
2
This result includes non-GMO confectionery and salty snack products.
 Contents
Making Good
Our Company
Cocoa
Responsible Sourcing and Human Rights
Environment
Our People
Youth
Community
About This Report
19
The Hershey Company 2023 ESG Report

"
candidate_claim,CAND_MEMORY_UCHUNK_001392,"supplier_relationship / ingredient_confirmation / cost_or_price_benchmark: hershey, cocoa_chocolate, milk_dairy",packaging_wrapper,unified_memory_scan,company_level_relationship_evidence,company_level_only,supplier_relationship; ingredient_confirmation; cost_or_price_benchmark; sustainability_context,hershey,cocoa_chocolate; milk_dairy,"h a milk allergy. These two recalls 
resulted in 12,125 cases, the equivalent of 90.4 metric tons of product, being recalled.
 Contents
Making Good
Our Company
Cocoa
Responsible Sourcing and Human Rights
Environment
Our People
Youth
Community
About This Report
20
The Hershey Company 2023 ESG Report
"
candidate_claim,CAND_MEMORY_UCHUNK_001393,"supplier_relationship / ingredient_confirmation / sustainability_context: hershey, cocoa_chocolate",packaging_wrapper,unified_memory_scan,company_level_relationship_evidence,company_level_only,supplier_relationship; ingredient_confirmation; sustainability_context,hershey,cocoa_chocolate,"6
Improving Farmer Income and Livelihoods
28
Children’s Well-being
32 
Creating a More Resilient Supply Chain
34
Our Progress
 Contents
Making Good
Our Company
Cocoa
Responsible Sourcing and Human Rights
Environment
Our People
Youth
Community
About This Report
21
The Hershey Company 2023 ESG Report
"
candidate_claim,CAND_MEMORY_UCHUNK_001394,"supplier_relationship / ingredient_confirmation / cost_or_price_benchmark: hershey, cocoa_chocolate",packaging_wrapper,unified_memory_scan,company_level_relationship_evidence,company_level_only,supplier_relationship; ingredient_confirmation; cost_or_price_benchmark; sustainability_context,hershey,cocoa_chocolate,"es through cash transfers to farmers, 
in addition to the premiums we pay for independently 
verified cocoa. Our efforts to increase farmer household 
income also seek to economically empower women to 
improve their livelihoods. We are working with CARE 
International (CARE) and the government to st"
candidate_claim,CAND_MEMORY_UCHUNK_001395,"supplier_relationship / ingredient_confirmation / sustainability_context: barry_callebaut, hershey, cocoa_chocolate",packaging_wrapper,unified_memory_scan,company_level_relationship_evidence,company_level_only,supplier_relationship; ingredient_confirmation; sustainability_context; manufacturing_or_process,barry_callebaut; hershey,cocoa_chocolate,"e information 
on where we source cocoa.
 Contents
Making Good
Our Company
Cocoa
Responsible Sourcing and Human Rights
Environment
Our People
Youth
Community
About This Report
23
The Hershey Company 2023 ESG Report
❶ Mexico
❷ Ecuador
❸ Brazil
❹ Côte d’Ivoire
❺ Ghana
❻ Cameroon
❼ Nigeria
❽ Indonesia
"
candidate_claim,CAND_MEMORY_UCHUNK_001396,"supplier_relationship / ingredient_confirmation / sustainability_context: hershey, cocoa_chocolate",packaging_wrapper,unified_memory_scan,company_level_relationship_evidence,company_level_only,supplier_relationship; ingredient_confirmation; sustainability_context,hershey,cocoa_chocolate,"on for the Parks and Reserves of 
Côte d’Ivoire
• German Agency for International Cooperation (GIZ)
• Ghana Cocoa Board
• Government of Côte d’Ivoire Ministry of Water 
Resources and Forests (MINEF)
• Government of Côte d’Ivoire Rural Land Agency 
(AFOR)
• Government of Ghana Ministry of Gender, Chi"
candidate_claim,CAND_MEMORY_UCHUNK_001397,"supplier_relationship / ingredient_confirmation / cost_or_price_benchmark: hershey, cocoa_chocolate",packaging_wrapper,unified_memory_scan,company_level_relationship_evidence,company_level_only,supplier_relationship; ingredient_confirmation; cost_or_price_benchmark; sustainability_context,hershey,cocoa_chocolate,"Labor Sub-Group and 
founding member of its Expert Working Group on 
Protecting Children from Pesticides. 
ICI has driven the industry’s approach to child and forced 
labor for over 20 years, particularly as a thought-leader on 
child labor, publishing numerous studies. ICI also 
partnered with us, "
candidate_claim,CAND_MEMORY_UCHUNK_001398,"supplier_relationship / ingredient_confirmation / cost_or_price_benchmark: hershey, cocoa_chocolate",packaging_wrapper,unified_memory_scan,company_level_relationship_evidence,company_level_only,supplier_relationship; ingredient_confirmation; cost_or_price_benchmark; sustainability_context,hershey,cocoa_chocolate,"on investment, with the Foundation 
for the Parks and Reserves of Côte d’Ivoire, for 
preservation and reforestation at the Mabi-Yaya 
Nature Reserve
Through the visit, executives witnessed the resiliency 
of cocoa farming communities first-hand and saw how 
Cocoa For Good investments are offering m"
candidate_claim,CAND_MEMORY_UCHUNK_001401,"supplier_relationship / ingredient_confirmation / cost_or_price_benchmark: hershey, cocoa_chocolate",packaging_wrapper,unified_memory_scan,company_level_relationship_evidence,company_level_only,supplier_relationship; ingredient_confirmation; cost_or_price_benchmark; sustainability_context,hershey,cocoa_chocolate,"ment by Hershey 
to support farmers and their 
families. No company alone 
can solve the problem of 
poverty that occurs too 
frequently in rural areas. 
Measurable improvements 
will require time, a sustained 
investment and collaboration 
with a wide range of 
government, private sector, 
civil so"
candidate_claim,CAND_MEMORY_UCHUNK_001402,"supplier_relationship / ingredient_confirmation / cost_or_price_benchmark: hershey, cocoa_chocolate",packaging_wrapper,unified_memory_scan,company_level_relationship_evidence,company_level_only,supplier_relationship; ingredient_confirmation; cost_or_price_benchmark; retail_price; sustainability_context,hershey,cocoa_chocolate,"se incomes in rural areas 
where formal banking services are typically not available. 
These community-based groups build social cohesion 
and increase economic stability through member-based 
savings and loans. Through VSLAs, CARE is supporting 
women and their families to increase: 
• Household sa"
candidate_claim,CAND_MEMORY_UCHUNK_001403,"supplier_relationship / ingredient_confirmation / sustainability_context: hershey, cocoa_chocolate",packaging_wrapper,unified_memory_scan,company_level_relationship_evidence,company_level_only,supplier_relationship; ingredient_confirmation; sustainability_context,hershey,cocoa_chocolate,"attendance
• Use HIAP learnings to contribute new, evidence-backed 
models for cocoa both in Côte d’Ivoire and other origins
 Contents
Making Good
Our Company
Cocoa
Responsible Sourcing and Human Rights
Environment
Our People
Youth
Community
About This Report
27
The Hershey Company 2023 ESG Report

"
candidate_claim,CAND_MEMORY_UCHUNK_001405,"supplier_relationship / ingredient_confirmation / sustainability_context: hershey, cocoa_chocolate, packaging",packaging_wrapper,unified_memory_scan,company_level_relationship_evidence,company_level_only,supplier_relationship; ingredient_confirmation; sustainability_context,hershey,cocoa_chocolate; packaging,"to work 
through the use of violence or intimidation, or by 
more subtle means such as accumulated debt 
retention of identity papers or threats of 
denunciation to immigration authorities.
As a member of the International Cocoa Initiative’s 
(ICI) Forced Labor Sub-Group, we work with peers 
and tec"
candidate_claim,CAND_MEMORY_UCHUNK_001406,"supplier_relationship / ingredient_confirmation / sustainability_context: hershey, cocoa_chocolate",packaging_wrapper,unified_memory_scan,company_level_relationship_evidence,company_level_only,supplier_relationship; ingredient_confirmation; sustainability_context,hershey,cocoa_chocolate,"child, household or community level. 
Therefore, remediation responsiveness can range from 
almost instant (e.g., household awareness training 
conducted when data is collected and/or cases found) 
to six to 18 months (e.g., renovating classrooms or school 
canteens to get kids back to school).
We a"
candidate_claim,CAND_MEMORY_UCHUNK_001407,"supplier_relationship / ingredient_confirmation / sustainability_context: hershey, cocoa_chocolate",packaging_wrapper,unified_memory_scan,company_level_relationship_evidence,company_level_only,supplier_relationship; ingredient_confirmation; sustainability_context,hershey,cocoa_chocolate,"children were identified as no longer doing inappropriate 
work or had aged out of the CLMRS.
 Contents
Making Good
Our Company
Cocoa
Responsible Sourcing and Human Rights
Environment
Our People
Youth
Community
About This Report
29
The Hershey Company 2023 ESG Report
How CLMRS Helps 
Keep Kids Safe
"
candidate_claim,CAND_MEMORY_UCHUNK_001408,"supplier_relationship / ingredient_confirmation / sustainability_context: hershey, cocoa_chocolate",packaging_wrapper,unified_memory_scan,company_level_relationship_evidence,company_level_only,supplier_relationship; ingredient_confirmation; sustainability_context,hershey,cocoa_chocolate,"ool.
New School 
for Drissapé
A new public primary school stands at the 
entrance to the village of Drissapé, a hard-to-
reach cocoa-growing community of 1,412 people 
located 68km from Man, Côte d’Ivoire. The 
school has six classrooms, a principal’s office, 
a canteen, a teacher’s quarters, a well"
candidate_claim,CAND_MEMORY_UCHUNK_001409,"supplier_relationship / ingredient_confirmation / sustainability_context: hershey, cocoa_chocolate",packaging_wrapper,unified_memory_scan,company_level_relationship_evidence,company_level_only,supplier_relationship; ingredient_confirmation; sustainability_context,hershey,cocoa_chocolate,"poverty, a new 
generation of farmers in cocoa communities (defined as 
15 to 35-year-olds) need the life, technical and vocational 
skills, and the practical knowledge and tools, to become 
self-sufficient community leaders of the future. 
We support young farmer economic empowerment 
through acces"
candidate_claim,CAND_MEMORY_UCHUNK_001412,"supplier_relationship / ingredient_confirmation / cost_or_price_benchmark: hershey, cocoa_chocolate",packaging_wrapper,unified_memory_scan,company_level_relationship_evidence,company_level_only,supplier_relationship; ingredient_confirmation; cost_or_price_benchmark; sustainability_context; manufacturing_or_process,hershey,cocoa_chocolate,"diversity 
within and around the park, in 2023 community-based 
teams conducted surveys. They identified 188 species of 
birds across the dry and wet seasons. That included six 
species of hornbills — the same number observed in 2021. 
Hornbills are a keystone species and a good indicator of 
overal"
candidate_claim,CAND_MEMORY_UCHUNK_001413,"supplier_relationship / ingredient_confirmation / cost_or_price_benchmark: hershey, cocoa_chocolate",packaging_wrapper,unified_memory_scan,company_level_relationship_evidence,company_level_only,supplier_relationship; ingredient_confirmation; cost_or_price_benchmark; retail_price; sustainability_context; manufacturing_or_process,hershey,cocoa_chocolate,"issions by 2030 against 
a 2018 baseline.
→Learn more about how we are Reducing 
Emissions in Our Value Chain on pages 64-65.
 Contents
Making Good
Our Company
Cocoa
Responsible Sourcing and Human Rights
Environment
Our People
Youth
Community
About This Report
32
The Hershey Company 2023 ESG Report
"
candidate_claim,CAND_MEMORY_UCHUNK_001415,"supplier_relationship / ingredient_confirmation / sustainability_context: hershey, cocoa_chocolate",packaging_wrapper,unified_memory_scan,company_level_relationship_evidence,company_level_only,supplier_relationship; ingredient_confirmation; sustainability_context; manufacturing_or_process,hershey,cocoa_chocolate,"When we talk about farmers producing Hershey’s cocoa volumes, these are the known farmers where we have sourcing visibility.
3
Beginning in 2023, we are reporting progress based on an analysis of supplier-provided polygon maps. This analysis follows World Cocoa Foundation definitions and checks that"
candidate_claim,CAND_MEMORY_UCHUNK_001416,"supplier_relationship / ingredient_confirmation / logistics_distribution: hershey, cocoa_chocolate",packaging_wrapper,unified_memory_scan,company_level_relationship_evidence,company_level_only,supplier_relationship; ingredient_confirmation; logistics_distribution; sustainability_context,hershey,cocoa_chocolate,"liers and implementing partners. Hershey strives to align our KPIs to industry best practices and methodologies, including those recommended by the International Cocoa Initiative (ICI), which are constantly 
improving and evolving.
2
Results for the number of households covered by CLMRS are cumulati"
candidate_claim,CAND_MEMORY_UCHUNK_001417,"supplier_relationship / ingredient_confirmation / cost_or_price_benchmark: hershey, cocoa_chocolate",packaging_wrapper,unified_memory_scan,company_level_relationship_evidence,company_level_only,supplier_relationship; ingredient_confirmation; cost_or_price_benchmark; sustainability_context,hershey,cocoa_chocolate,"partners.
7
This includes classrooms built or renovated under the agreement between Hershey, Côte d'Ivoire’s CNS and the ICI.
 Contents
Making Good
Our Company
Cocoa
Responsible Sourcing and Human Rights
Environment
Our People
Youth
Community
About This Report
35
The Hershey Company 2023 ESG Report
"
candidate_claim,CAND_MEMORY_UCHUNK_001418,"supplier_relationship / ingredient_confirmation / cost_or_price_benchmark: hershey, cocoa_chocolate",packaging_wrapper,unified_memory_scan,company_level_relationship_evidence,company_level_only,supplier_relationship; ingredient_confirmation; cost_or_price_benchmark; sustainability_context,hershey,cocoa_chocolate,"Supporting Women in Achieving Economic Independence1
Unit
2023
2022
2021
Notes
VSLAs supported
# of VSLAs
384
362
199 
— 
VSLA members - Total #
Total # of members (% Female)
11,964 (77% female)
10,073 (77% female)
5,879 (79% female) 
— 
Total savings and interest accrued annually
USD
$1,354,120
$1,"
candidate_claim,CAND_MEMORY_UCHUNK_001421,"supplier_relationship / ingredient_confirmation / sustainability_context: hershey, cocoa_chocolate, packaging, sugar",packaging_wrapper,unified_memory_scan,company_level_relationship_evidence,company_level_only,supplier_relationship; ingredient_confirmation; sustainability_context; manufacturing_or_process,hershey,cocoa_chocolate; packaging; sugar,"pacts, we seek to mitigate them and take 
corrective action.
Accountability for managing our human rights agenda is 
embedded in our ESG governance structure. The Director 
of Global Sustainability and ESG, Director of Responsible 
Sourcing and Head of Sustainable Sourcing Cocoa 
oversee day-to-day "
candidate_claim,CAND_MEMORY_UCHUNK_001422,"supplier_relationship / ingredient_confirmation / sustainability_context: hershey, cocoa_chocolate, packaging, sugar",packaging_wrapper,unified_memory_scan,company_level_relationship_evidence,company_level_only,supplier_relationship; ingredient_confirmation; sustainability_context; manufacturing_or_process,hershey,cocoa_chocolate; packaging; sugar,"free Policy
• Responsible Palm Oil Sourcing Policy
• Responsible Pulp & Paper Sourcing Policy
• Statement Against Slavery & Human Trafficking
• Sustainable Sugar Sourcing Policy
 Contents
Making Good
Our Company
Cocoa
Responsible Sourcing and Human Rights
Environment
Our People
Youth
Community
About"
candidate_claim,CAND_MEMORY_UCHUNK_001423,"supplier_relationship / ingredient_confirmation / sustainability_context: hershey, cocoa_chocolate",packaging_wrapper,unified_memory_scan,company_level_relationship_evidence,company_level_only,supplier_relationship; ingredient_confirmation; sustainability_context,hershey,cocoa_chocolate,"important rightsholders.
In 2023, we expanded saliency work to create an impact 
framework to inform strategic programming that supports 
our human rights agenda. Partnering again with 
twentyfifty, we examined interlinkage between our salient 
issues, strategic gaps and existing best practice resea"
candidate_claim,CAND_MEMORY_UCHUNK_001426,"supplier_relationship / ingredient_confirmation / sustainability_context: hershey, cocoa_chocolate, sugar",packaging_wrapper,unified_memory_scan,company_level_relationship_evidence,company_level_only,supplier_relationship; ingredient_confirmation; sustainability_context; manufacturing_or_process,hershey,cocoa_chocolate; sugar,"to the root of 
systemic issues.”
Maddy Eldredge, Human Rights Analyst, 
Global Sustainability and ESG, 
The Hershey Company
 Contents
Making Good
Our Company
Cocoa
Responsible Sourcing and Human Rights
Environment
Our People
Youth
Community
About This Report
41
The Hershey Company 2023 ESG Report

"
candidate_claim,CAND_MEMORY_UCHUNK_001427,"supplier_relationship / ingredient_confirmation / sustainability_context: hershey, cocoa_chocolate",packaging_wrapper,unified_memory_scan,company_level_relationship_evidence,company_level_only,supplier_relationship; ingredient_confirmation; sustainability_context,hershey,cocoa_chocolate,"scheduled as part of Hershey’s mandatory Code 
of Conduct training every three years, with select rotating 
topics set by our Ethics & Compliance team.
It covers: 
• An overview of fundamental human rights 
• How to identify and report a human rights violation 
• A case study on indicators of forced"
candidate_claim,CAND_MEMORY_UCHUNK_001428,"supplier_relationship / ingredient_confirmation / sustainability_context: hershey, cocoa_chocolate",packaging_wrapper,unified_memory_scan,company_level_relationship_evidence,company_level_only,supplier_relationship; ingredient_confirmation; sustainability_context,hershey,cocoa_chocolate,"ement 
Against Slavery & Human Trafficking.
→Find out more about Our Salient Issues in Hershey's Commitment 
to Human Rights.
 Contents
Making Good
Our Company
Cocoa
Responsible Sourcing and Human Rights
Environment
Our People
Youth
Community
About This Report
42
The Hershey Company 2023 ESG Report
"
candidate_claim,CAND_MEMORY_UCHUNK_001429,supplier_relationship / sustainability_context: hershey,packaging_wrapper,unified_memory_scan,company_level_relationship_evidence,company_level_only,supplier_relationship; sustainability_context,hershey,,"to promote responsible practices and 
prevent, identify and remediate forced labor is to 
strengthen the management systems of labor providers 
that recruit workers for Hershey facilities and strategic co-
packers. Through our Responsible Recruitment Program, 
we require labor providers to: 
• Ackno"
candidate_claim,CAND_MEMORY_UCHUNK_001430,"supplier_relationship / ingredient_confirmation / sustainability_context: hershey, cocoa_chocolate",packaging_wrapper,unified_memory_scan,company_level_relationship_evidence,company_level_only,supplier_relationship; ingredient_confirmation; sustainability_context; manufacturing_or_process,hershey,cocoa_chocolate,"ibly and follow the 
Employer Pays Principle. Workers are asked to complete 
a survey before the on-site audit. Their feedback helps 
find potential non-compliances. Auditors triangulate data 
from the worker survey during the on-site audit by 
interviewing workers confidentially, questioning the la"
candidate_claim,CAND_MEMORY_UCHUNK_001431,"supplier_relationship / ingredient_confirmation / cost_or_price_benchmark: hershey, cocoa_chocolate",packaging_wrapper,unified_memory_scan,company_level_relationship_evidence,company_level_only,supplier_relationship; ingredient_confirmation; cost_or_price_benchmark; sustainability_context,hershey,cocoa_chocolate,"cies
• Provide contracts to workers in their primary language 
• Incorporate new policies in their agreements with 
recruitment agencies
→See Remediation and Continuous Improvement on page 47 for 
more details.
 Contents
Making Good
Our Company
Cocoa
Responsible Sourcing and Human Rights
Environment"
candidate_claim,CAND_MEMORY_UCHUNK_001432,"supplier_relationship / ingredient_confirmation / cost_or_price_benchmark: hershey, cocoa_chocolate",packaging_wrapper,unified_memory_scan,company_level_relationship_evidence,company_level_only,supplier_relationship; ingredient_confirmation; cost_or_price_benchmark; sustainability_context,hershey,cocoa_chocolate,"remediation strategies. 
Cocoa Supply Chain
Cocoa is the part of our supply chain with the greatest 
income vulnerability. We continue to contribute solutions 
through the Hershey Income Accelerator Program in 
Côte d’Ivoire and premiums paid to farmers. 
→Learn more in Improving Farmer Income and L"
candidate_claim,CAND_MEMORY_UCHUNK_001433,"supplier_relationship / ingredient_confirmation / sustainability_context: hershey, cocoa_chocolate",packaging_wrapper,unified_memory_scan,company_level_relationship_evidence,company_level_only,supplier_relationship; ingredient_confirmation; sustainability_context,hershey,cocoa_chocolate,"and 
initiatives that promote a world where opportunity exists 
for everyone to earn a living wage and every household 
to secure a living income.
What’s Next in Human Rights
• Continue to refine our salient issues, due diligence 
and programming 
• Continue to deepen our understanding of the 
inter"
candidate_claim,CAND_MEMORY_UCHUNK_001435,"supplier_relationship / ingredient_confirmation / sustainability_context: hershey, cocoa_chocolate",packaging_wrapper,unified_memory_scan,company_level_relationship_evidence,company_level_only,supplier_relationship; ingredient_confirmation; sustainability_context; manufacturing_or_process,hershey,cocoa_chocolate,"hemes are both essential given the complexity 
of addressing many interrelated issues in global 
supply chains. 
 Contents
Making Good
Our Company
Cocoa
Responsible Sourcing and Human Rights
Environment
Our People
Youth
Community
About This Report
45
The Hershey Company 2023 ESG Report
Material ESG "
candidate_claim,CAND_MEMORY_UCHUNK_001436,supplier_relationship / cost_or_price_benchmark / sustainability_context: hershey,packaging_wrapper,unified_memory_scan,company_level_relationship_evidence,company_level_only,supplier_relationship; cost_or_price_benchmark; sustainability_context,hershey,,"sponsible Sourcing and Human Rights
Environment
Our People
Youth
Community
About This Report
46
The Hershey Company 2023 ESG Report
Human Rights 
Pre-screening 2023
❶ Approved
❷ Pending submission 
of required 
information and/or 
completion of 
corrective actions
❸ Rejected or 
canceled
268
157
47
"
candidate_claim,CAND_MEMORY_UCHUNK_001443,"supplier_relationship / ingredient_confirmation / sustainability_context: hershey, cocoa_chocolate, sugar",packaging_wrapper,unified_memory_scan,company_level_relationship_evidence,company_level_only,supplier_relationship; ingredient_confirmation; sustainability_context,hershey,cocoa_chocolate; sugar,"sugar projects we featured in 
our 2022 ESG Report (“Improving Soil Health 
for Sugar Beets”), showed excellent results. 
In the 2022-23 growing season, the pilot with 
United Sugar, the Soil and Water Outcomes 
Fund and others: 
• Covered 7,400 acres across all program 
participants 
• Reduced our "
candidate_claim,CAND_MEMORY_UCHUNK_001445,supplier_relationship / cost_or_price_benchmark: hershey,packaging_wrapper,unified_memory_scan,company_level_relationship_evidence,company_level_only,supplier_relationship; cost_or_price_benchmark,hershey,,"between Airbus and Earthworm Foundation. 
To accelerate progress, Earthworm is engaging our palm 
suppliers to reinforce their deforestation monitoring, 
verification and reporting, and to prioritize actual 
deforestation alerts for action. 
→Learn more in The Significance of Biodiversity on page 69"
candidate_claim,CAND_MEMORY_UCHUNK_001447,"supplier_relationship / ingredient_confirmation / sustainability_context: hershey, cocoa_chocolate, milk_dairy, packaging, sugar",packaging_wrapper,unified_memory_scan,company_level_relationship_evidence,company_level_only,supplier_relationship; ingredient_confirmation; sustainability_context; manufacturing_or_process,hershey,cocoa_chocolate; milk_dairy; packaging; sugar,"ts to: 
• Source 100% of pulp and paper packaging from recycled 
or certified sources
• Trace 100% of virgin pulp and paper packaging we source 
back to the country of harvest
In 2023, we started working with Earthworm on an annual 
supplier traceability assessment. We collected data about 
the volu"
candidate_claim,CAND_MEMORY_UCHUNK_001449,"supplier_relationship / ingredient_confirmation / sustainability_context: hershey, cocoa_chocolate, packaging",packaging_wrapper,unified_memory_scan,company_level_relationship_evidence,company_level_only,supplier_relationship; ingredient_confirmation; sustainability_context; manufacturing_or_process,hershey,cocoa_chocolate; packaging,"s training. The 2022 value has been restated to reflect the number of employees who completed optional human rights training.
 Contents
Making Good
Our Company
Cocoa
Responsible Sourcing and Human Rights
Environment
Our People
Youth
Community
About This Report
53
The Hershey Company 2023 ESG Report
"
candidate_claim,CAND_MEMORY_UCHUNK_001450,"supplier_relationship / ingredient_confirmation / sustainability_context: hershey, cocoa_chocolate",packaging_wrapper,unified_memory_scan,company_level_relationship_evidence,company_level_only,supplier_relationship; ingredient_confirmation; sustainability_context; manufacturing_or_process,hershey,cocoa_chocolate,"mpletion at end 2023.
5
Assessments conducted on labor providers may include worker surveys, Sedex's SMETA 2-Pillar audits, and/or ELEVATE's Labor Agency Assessment Tool. Additionally, if a labor provider is identified with a noncompliance during a Hershey-owned operation 
SMETA 4-Pillar audit, this"
candidate_claim,CAND_MEMORY_UCHUNK_001452,"supplier_relationship / ingredient_confirmation / cost_or_price_benchmark: hershey, cocoa_chocolate",packaging_wrapper,unified_memory_scan,company_level_relationship_evidence,company_level_only,supplier_relationship; ingredient_confirmation; cost_or_price_benchmark; sustainability_context,hershey,cocoa_chocolate,"closed
%
 38 %
 21.4 %
 71 %
1
At Hershey, major non-conformances include issues rated as critical or zero-tolerance issues.
 Contents
Making Good
Our Company
Cocoa
Responsible Sourcing and Human Rights
Environment
Our People
Youth
Community
About This Report
56
The Hershey Company 2023 ESG Report

"
candidate_claim,CAND_MEMORY_UCHUNK_001454,"supplier_relationship / ingredient_confirmation / cost_or_price_benchmark: hershey, cocoa_chocolate, packaging",packaging_wrapper,unified_memory_scan,company_level_relationship_evidence,company_level_only,supplier_relationship; ingredient_confirmation; cost_or_price_benchmark; logistics_distribution; sustainability_context; manufacturing_or_process,hershey,cocoa_chocolate; packaging,"able
7
Source pulp and paper packaging (by volume) from recycled or certified 
sources globally
100% by 2025
On Track
 87 %
 89 %
 69 %
7
Coconut 
Source certified coconut (by volume) through Fair Trade USA
100% by 2020
Achieved
 100 %
 100 %
 96 %
8
Eggs 
Source certified cage-free eggs (by volume)"
candidate_claim,CAND_MEMORY_UCHUNK_001455,"supplier_relationship / ingredient_confirmation / logistics_distribution: hershey, cocoa_chocolate, packaging",packaging_wrapper,unified_memory_scan,company_level_relationship_evidence,company_level_only,supplier_relationship; ingredient_confirmation; logistics_distribution; sustainability_context; manufacturing_or_process,hershey,cocoa_chocolate; packaging,"conut shortage related to issues with raw material sourcing and transportation complications caused by the COVID-19 pandemic.
 Contents
Making Good
Our Company
Cocoa
Responsible Sourcing and Human Rights
Environment
Our People
Youth
Community
About This Report
58
The Hershey Company 2023 ESG Report
"
candidate_claim,CAND_MEMORY_UCHUNK_001457,"supplier_relationship / ingredient_confirmation / sustainability_context: hershey, cocoa_chocolate",packaging_wrapper,unified_memory_scan,company_level_relationship_evidence,company_level_only,supplier_relationship; ingredient_confirmation; sustainability_context,hershey,cocoa_chocolate,"external stakeholders. 
The results of our climate scenario planning have also 
informed the steps we need to take toward our goals.
Addressing climate change also positively impacts 
watershed health, biodiversity and soil health. 
→For more about Managing Climate Risk, see page 61.
→Learn more abo"
candidate_claim,CAND_MEMORY_UCHUNK_001459,"supplier_relationship / ingredient_confirmation / sustainability_context: hershey, cocoa_chocolate, packaging",packaging_wrapper,unified_memory_scan,company_level_relationship_evidence,company_level_only,supplier_relationship; ingredient_confirmation; sustainability_context; manufacturing_or_process,hershey,cocoa_chocolate; packaging,"onger-term evolving risks, such 
as those presented by climate change. ERM is overseen 
by our Board of Directors and managed by our 
Resiliency team. 
We integrate climate risk insights into business planning 
to better understand the potential impacts and any 
mitigation steps. For example, in 202"
candidate_claim,CAND_MEMORY_UCHUNK_001464,"supplier_relationship / ingredient_confirmation / sustainability_context: hershey, cocoa_chocolate",packaging_wrapper,unified_memory_scan,company_level_relationship_evidence,company_level_only,supplier_relationship; ingredient_confirmation; sustainability_context; manufacturing_or_process,hershey,cocoa_chocolate,"Energy 
Using more renewable and zero-emissions energy is 
essential to our Scope 2 reduction plan. We have set 
an ambitious goal to source 100% of electricity from 
renewable and zero-emission sources by 2030.
This year we sourced approximately 80% of electricity 
from renewable and zero-emission "
candidate_claim,CAND_MEMORY_UCHUNK_001481,"supplier_relationship / ingredient_confirmation / retail_price: hershey, cocoa_chocolate, packaging",packaging_wrapper,unified_memory_scan,company_level_relationship_evidence,company_level_only,supplier_relationship; ingredient_confirmation; retail_price; sustainability_context; manufacturing_or_process,hershey,cocoa_chocolate; packaging,"to strive for greater circularity by using 
more recycled materials. With limited possibilities for 
direct food-contact applications available, we focused 
on increasing recycled content on corrugate and 
cartons — like launching Reese’s Caramel Big Cup 
with a 100% recycled carton. This conversion"
candidate_claim,CAND_MEMORY_UCHUNK_001488,"supplier_relationship / ingredient_confirmation / cost_or_price_benchmark: hershey, cocoa_chocolate",packaging_wrapper,unified_memory_scan,company_level_relationship_evidence,company_level_only,supplier_relationship; ingredient_confirmation; cost_or_price_benchmark; logistics_distribution; sustainability_context; manufacturing_or_process,hershey,cocoa_chocolate,"ng of CO2.
Totals may not equal 100%, due to rounding.
All calculations include relevant GHG emissions as specified by the Greenhouse Gas Reporting Protocol and follows the Operational Control methodology. 
Emission factor sources include: 
Scope 1: DEFRA. Operational control. 
Scope 2: EPA Emission"
candidate_claim,CAND_MEMORY_UCHUNK_001489,supplier_relationship / cost_or_price_benchmark / manufacturing_or_process: hershey,packaging_wrapper,unified_memory_scan,company_level_relationship_evidence,company_level_only,supplier_relationship; cost_or_price_benchmark; manufacturing_or_process,hershey,,"Processing of Sold Products
MTCO2e
Not Applicable
Not Applicable
Not Applicable
Scope 3: Category 11 – Use of Sold Products
MTCO2e
Not Applicable
Not Applicable
Not Applicable
Scope 3: Category 12 – End-of-Life Treatment of Sold Products
MTCO2e
119,725
113,005
87,842
Scope 3: Category 13 – Downstrea"
candidate_claim,CAND_MEMORY_UCHUNK_001490,"supplier_relationship / ingredient_confirmation / cost_or_price_benchmark: hershey, cocoa_chocolate",packaging_wrapper,unified_memory_scan,company_level_relationship_evidence,company_level_only,supplier_relationship; ingredient_confirmation; cost_or_price_benchmark; logistics_distribution; sustainability_context; manufacturing_or_process,hershey,cocoa_chocolate,"nc. Hershey’s 2021 GHG emissions data excludes ONE Brands, Lily's, Dot's 
and Pretzels.
2
Hershey's 2023 Scope 1 and Scope 2 data (including intensity) received limited assurance by EY. The corresponding limited assurance statement is found on our corporate website.
3
Hershey's 2023 Scope 3 emission"
candidate_claim,CAND_MEMORY_UCHUNK_001491,"supplier_relationship / ingredient_confirmation / sustainability_context: hershey, cocoa_chocolate",packaging_wrapper,unified_memory_scan,company_level_relationship_evidence,company_level_only,supplier_relationship; ingredient_confirmation; sustainability_context; manufacturing_or_process,hershey,cocoa_chocolate,"iomass and coal due to the optimization of the boiler system within our Mandideep plant in 2023.
4
Sources include hydroelectric, renewable electricity contractual instruments, zero emissions contractual instruments and traditional grid electricity.
5
Fuel oil no. 6 is a carbon-intensive fuel, Hersh"
candidate_claim,CAND_MEMORY_UCHUNK_001492,"supplier_relationship / ingredient_confirmation / sustainability_context: hershey, cocoa_chocolate, packaging",packaging_wrapper,unified_memory_scan,company_level_relationship_evidence,company_level_only,supplier_relationship; ingredient_confirmation; sustainability_context; manufacturing_or_process,hershey,cocoa_chocolate; packaging,"cts with the first coming online in 2021 and the second in 2022. The third is scheduled to generate power beginning in 2024. 
 Contents
Making Good
Our Company
Cocoa
Responsible Sourcing and Human Rights
Environment
Our People
Youth
Community
About This Report
76
The Hershey Company 2023 ESG Report
"
candidate_claim,CAND_MEMORY_UCHUNK_001493,"supplier_relationship / ingredient_confirmation / logistics_distribution: hershey, cocoa_chocolate, packaging",packaging_wrapper,unified_memory_scan,company_level_relationship_evidence,company_level_only,supplier_relationship; ingredient_confirmation; logistics_distribution; sustainability_context; manufacturing_or_process,hershey,cocoa_chocolate; packaging,"r our North America Salty Snacks segment, after recent corporate acquisitions. 
As of December 31, 2023, we eliminated PVC from our branded business and have active projects to eliminate PVC from private label offerings. We are on track to remove PVC fully in 2024.
2
Cumulative packaging waste elimi"
candidate_claim,CAND_MEMORY_UCHUNK_001494,"supplier_relationship / ingredient_confirmation / logistics_distribution: hershey, cocoa_chocolate",packaging_wrapper,unified_memory_scan,company_level_relationship_evidence,company_level_only,supplier_relationship; ingredient_confirmation; logistics_distribution; sustainability_context; manufacturing_or_process,hershey,cocoa_chocolate,"nd Pretzels.
3
Water consumption is calculated as water use less water discharge. 
4
This data represents Hershey's global manufacturing facilities and owned U.S. distribution centers and corporate offices.
 
 Contents
Making Good
Our Company
Cocoa
Responsible Sourcing and Human Rights
Environment
O"
candidate_claim,CAND_MEMORY_UCHUNK_001495,"supplier_relationship / ingredient_confirmation / sustainability_context: hershey, cocoa_chocolate",packaging_wrapper,unified_memory_scan,company_level_relationship_evidence,company_level_only,supplier_relationship; ingredient_confirmation; sustainability_context,hershey,cocoa_chocolate,", ND
Low-medium (10-20%)
—
Whitestown, IN
Medium-high (20-40%)
—
1
The Lawrence, KS facility began operations in August 2021.
 Contents
Making Good
Our Company
Cocoa
Responsible Sourcing and Human Rights
Environment
Our People
Youth
Community
About This Report
79
The Hershey Company 2023 ESG Report
"
candidate_claim,CAND_MEMORY_UCHUNK_001496,"supplier_relationship / ingredient_confirmation / logistics_distribution: hershey, cocoa_chocolate",packaging_wrapper,unified_memory_scan,company_level_relationship_evidence,company_level_only,supplier_relationship; ingredient_confirmation; logistics_distribution; sustainability_context; manufacturing_or_process,hershey,cocoa_chocolate,"buted to the growth of Hershey's Salty segment. Work is underway to integrate innovative waste solutions at these facilities.
 Contents
Making Good
Our Company
Cocoa
Responsible Sourcing and Human Rights
Environment
Our People
Youth
Community
About This Report
80
The Hershey Company 2023 ESG Report
"
candidate_claim,CAND_MEMORY_UCHUNK_001497,"supplier_relationship / ingredient_confirmation / logistics_distribution: hershey, cocoa_chocolate, milk_dairy",packaging_wrapper,unified_memory_scan,company_level_relationship_evidence,company_level_only,supplier_relationship; ingredient_confirmation; logistics_distribution; sustainability_context; manufacturing_or_process,hershey,cocoa_chocolate; milk_dairy,"se on 
terrestrial and marine protected areas and is updated on a monthly basis to track the dynamics of changes to the world's protected areas. The WDPA database is continuously improving based on new information. The results reflected in this 
table are up to date as of February 2024.
 Contents
Ma"
candidate_claim,CAND_MEMORY_UCHUNK_001498,"supplier_relationship / ingredient_confirmation / cost_or_price_benchmark: hershey, cocoa_chocolate, milk_dairy",packaging_wrapper,unified_memory_scan,company_level_relationship_evidence,company_level_only,supplier_relationship; ingredient_confirmation; cost_or_price_benchmark; sustainability_context,hershey,cocoa_chocolate; milk_dairy,">690,000 
3 
1
Represents active Green Teams globally.
2
The total trees planted represented in this metric includes the activities of Hershey Green Teams and ongoing partnerships like the Arbor Day Foundation and Sustainable Dairy PA. It does not include tree planting related to cocoa.
3
Hershey's "
candidate_claim,CAND_MEMORY_UCHUNK_001499,"supplier_relationship / ingredient_confirmation / sustainability_context: hershey, cocoa_chocolate",packaging_wrapper,unified_memory_scan,company_level_relationship_evidence,company_level_only,supplier_relationship; ingredient_confirmation; sustainability_context,hershey,cocoa_chocolate,"lerating Togetherness Efforts
90
More Pathways to JOIN
92
More Pathways to REACH OUT
93
More Pathways to GROW
95
Our Progress
 Contents
Making Good
Our Company
Cocoa
Responsible Sourcing and Human Rights
Environment
Our People
Youth
Community
About This Report
83
The Hershey Company 2023 ESG Report
"
candidate_claim,CAND_MEMORY_UCHUNK_001500,"supplier_relationship / ingredient_confirmation / sustainability_context: hershey, cocoa_chocolate",packaging_wrapper,unified_memory_scan,company_level_relationship_evidence,company_level_only,supplier_relationship; ingredient_confirmation; sustainability_context; manufacturing_or_process,hershey,cocoa_chocolate,"strably 
driven innovation, engagement, inclusion and belonging 
across our teams over the last three years. 
→See Flexible, Family-Friendly Options on page 86 for more.
Development for All
Nurturing a fulfilling work environment, promoting 
professional growth for all 20,000 employees and a talent "
candidate_claim,CAND_MEMORY_UCHUNK_001501,"supplier_relationship / ingredient_confirmation / cost_or_price_benchmark: hershey, cocoa_chocolate",packaging_wrapper,unified_memory_scan,company_level_relationship_evidence,company_level_only,supplier_relationship; ingredient_confirmation; cost_or_price_benchmark; sustainability_context,hershey,cocoa_chocolate,"l. 
We believe a better you makes 
a stronger us.”
Anna Serafin, Vice President, 
Talent & Transformation, The Hershey Company
 Contents
Making Good
Our Company
Cocoa
Responsible Sourcing and Human Rights
Environment
Our People
Youth
Community
About This Report
84
The Hershey Company 2023 ESG Report"
candidate_claim,CAND_MEMORY_UCHUNK_001503,"supplier_relationship / ingredient_confirmation / cost_or_price_benchmark: hershey, cocoa_chocolate",packaging_wrapper,unified_memory_scan,company_level_relationship_evidence,company_level_only,supplier_relationship; ingredient_confirmation; cost_or_price_benchmark; sustainability_context,hershey,cocoa_chocolate,"on caring for every 
employee and sharing directly with employees 
information and resources about staying safe or 
supporting one another, as we did during times of 
concern following major world events 
Let’s Get Transparent 
About Pay
Continuously listening brings endless learning 
opportunities."
candidate_claim,CAND_MEMORY_UCHUNK_001504,"supplier_relationship / ingredient_confirmation / sustainability_context: hershey, cocoa_chocolate",packaging_wrapper,unified_memory_scan,company_level_relationship_evidence,company_level_only,supplier_relationship; ingredient_confirmation; sustainability_context,hershey,cocoa_chocolate,"rogram.
 Contents
Making Good
Our Company
Cocoa
Responsible Sourcing and Human Rights
Environment
Our People
Youth
Community
About This Report
85
The Hershey Company 2023 ESG Report
Salient Human Rights Issue:
• Gender and social inequality
1 Fair360 is the group previously known as Diversity, Inc.
"
candidate_claim,CAND_MEMORY_UCHUNK_001506,"supplier_relationship / ingredient_confirmation / cost_or_price_benchmark: hershey, cocoa_chocolate",packaging_wrapper,unified_memory_scan,company_level_relationship_evidence,company_level_only,supplier_relationship; ingredient_confirmation; cost_or_price_benchmark; sustainability_context; manufacturing_or_process,hershey,cocoa_chocolate,"oration
Support Beyond the Workplace
Because life beyond works matters to employees, it 
matters to us. We run programs where we know it matters 
most to our people:
• Hershey Scholars Program, where Hershey employees’ 
children can apply for financial awards for their post-
secondary education 
• H"
candidate_claim,CAND_MEMORY_UCHUNK_001507,"supplier_relationship / ingredient_confirmation / cost_or_price_benchmark: hershey, cocoa_chocolate",packaging_wrapper,unified_memory_scan,company_level_relationship_evidence,company_level_only,supplier_relationship; ingredient_confirmation; cost_or_price_benchmark; sustainability_context,hershey,cocoa_chocolate,"o manage stress and 
helps me stay mindful of my 
thoughts and feelings when 
things get hectic.”
Jacquie Zygmund, HR Services Technical 
Lead, The Hershey Company
 Contents
Making Good
Our Company
Cocoa
Responsible Sourcing and Human Rights
Environment
Our People
Youth
Community
About This Report
8"
candidate_claim,CAND_MEMORY_UCHUNK_001509,"supplier_relationship / ingredient_confirmation / retail_price: hershey, cocoa_chocolate",packaging_wrapper,unified_memory_scan,company_level_relationship_evidence,company_level_only,supplier_relationship; ingredient_confirmation; retail_price; sustainability_context; manufacturing_or_process,hershey,cocoa_chocolate,"sed on similarly 
excellent feedback.
Mentoring For All
We encourage all employees to take advantage of 
mentoring opportunities through our Stronger & Growing 
Together program. As well as developing skills, the social 
and experiential learning experience with internal experts 
is invaluable. Over"
candidate_claim,CAND_MEMORY_UCHUNK_001512,"supplier_relationship / ingredient_confirmation / sustainability_context: hershey, cocoa_chocolate",packaging_wrapper,unified_memory_scan,company_level_relationship_evidence,company_level_only,supplier_relationship; ingredient_confirmation; sustainability_context,hershey,cocoa_chocolate,"y 
into health and safety initiatives 
is important as it can help 
reduce harmful environmental 
exposures that may lead to 
illness or injury. Adopting 
sustainable practices can create 
healthier, safer workplaces 
and communities, reduce 
our carbon footprint and 
contribute to a better future 
"
candidate_claim,CAND_MEMORY_UCHUNK_001514,"supplier_relationship / ingredient_confirmation / cost_or_price_benchmark: hershey, cocoa_chocolate",packaging_wrapper,unified_memory_scan,company_level_relationship_evidence,company_level_only,supplier_relationship; ingredient_confirmation; cost_or_price_benchmark; retail_price; sustainability_context,hershey,cocoa_chocolate,"difference 
between people, often referred to in terms of race 
and gender. Hershey also includes dimensions such 
as age, ethnicity, sexual orientation, veteran status 
and physical abilities.
People of Color (POC): Refers to Black, African 
American, Hispanic/Latino, Asian/Asian Pacific 
Islander,"
candidate_claim,CAND_MEMORY_UCHUNK_001516,supplier_relationship / cost_or_price_benchmark: hershey,packaging_wrapper,unified_memory_scan,company_level_relationship_evidence,company_level_only,supplier_relationship; cost_or_price_benchmark,hershey,,"n, 
Pennsylvania, has seen excellent results already. We were 
more consistently able to hire talent with desirable food 
experience, contributing to a 56% lower attrition rate in 
2023 than 2022. This saved approximately $800,000 in 
recruitment costs. The plant also doubled representation 
of POC "
candidate_claim,CAND_MEMORY_UCHUNK_001517,"supplier_relationship / ingredient_confirmation / sustainability_context: hershey, cocoa_chocolate",packaging_wrapper,unified_memory_scan,company_level_relationship_evidence,company_level_only,supplier_relationship; ingredient_confirmation; sustainability_context; manufacturing_or_process,hershey,cocoa_chocolate,"→See Education and Opportunity on page 106 for more about our 
growing partnership with MHS.
Say “Hola” to POKA
Being inclusive really teaches you unexpected 
things: Say “Hola” may have given us a 
transformational training tool.
POKA is a digital training and translation app we have 
been trialing"
candidate_claim,CAND_MEMORY_UCHUNK_001519,"supplier_relationship / ingredient_confirmation / cost_or_price_benchmark: hershey, cocoa_chocolate",packaging_wrapper,unified_memory_scan,company_level_relationship_evidence,company_level_only,supplier_relationship; ingredient_confirmation; cost_or_price_benchmark; sustainability_context,hershey,cocoa_chocolate,"engage a diverse slate 
of prospective suppliers for sourcing events, such as 
requests for proposal (RFP) worth $250,000 or more
• Launched an e-learning module about our Supplier 
Diversity Program, required for all procurement 
employees globally and for managers and above 
in the U.S. and Canada"
candidate_claim,CAND_MEMORY_UCHUNK_001521,supplier_relationship / cost_or_price_benchmark: hershey,packaging_wrapper,unified_memory_scan,company_level_relationship_evidence,company_level_only,supplier_relationship; cost_or_price_benchmark,hershey,,"Harrisburg 
University. CIE is part of a national ecosystem of 
entrepreneurs and network of innovation incubators. 
Hershey support included: 
• Setting CIE entrepreneurs a business challenge and 
hosting them at our headquarters for them to present 
their solutions 
• Alicia Petross, our Chief Div"
candidate_claim,CAND_MEMORY_UCHUNK_001522,"supplier_relationship / ingredient_confirmation / cost_or_price_benchmark: hershey, cocoa_chocolate",packaging_wrapper,unified_memory_scan,company_level_relationship_evidence,company_level_only,supplier_relationship; ingredient_confirmation; cost_or_price_benchmark; sustainability_context,hershey,cocoa_chocolate,"at 
139 Costco locations across the U.S., bringing 
in an estimated $1 million in additional sales. 
This is just one example of how our inclusive 
culture leads to more moments of goodness.
Costco leadership, internal 
and external commercial 
teams and the Asian & Pacific 
Islander BRG worked toge"
candidate_claim,CAND_MEMORY_UCHUNK_001523,"supplier_relationship / ingredient_confirmation / sustainability_context: hershey, cocoa_chocolate",packaging_wrapper,unified_memory_scan,company_level_relationship_evidence,company_level_only,supplier_relationship; ingredient_confirmation; sustainability_context,hershey,cocoa_chocolate,"r 
Accelerator program for Pathways to GROW graduates.
We graduated 35 participants in 2023 and over 130 since 
instituting the program. Graduates continue to have a 
higher lateral and upward promotion rate than the rest of 
the enterprise.1 In 2024, while continuing to invest in the 
program, we w"
candidate_claim,CAND_MEMORY_UCHUNK_001524,"supplier_relationship / ingredient_confirmation / sustainability_context: hershey, cocoa_chocolate, packaging",packaging_wrapper,unified_memory_scan,company_level_relationship_evidence,company_level_only,supplier_relationship; ingredient_confirmation; sustainability_context; manufacturing_or_process,hershey,cocoa_chocolate; packaging,"offer Career Development Action Planning workshops
 
 Contents
Making Good
Our Company
Cocoa
Responsible Sourcing and Human Rights
Environment
Our People
Youth
Community
About This Report
93
The Hershey Company 2023 ESG Report
1
Program graduates are promoted at a rate that is 11% higher than non-
p"
candidate_claim,CAND_MEMORY_UCHUNK_001525,"supplier_relationship / ingredient_confirmation / cost_or_price_benchmark: hershey, cocoa_chocolate",packaging_wrapper,unified_memory_scan,company_level_relationship_evidence,company_level_only,supplier_relationship; ingredient_confirmation; cost_or_price_benchmark; sustainability_context,hershey,cocoa_chocolate,"That led into:
• The inaugural Future CEO program, launched March 7, 
2023, with nonprofits Girl Up and Girls on the Run
• Liz Kunz, CEO of Girls on the Run, joining Michele Buck 
on International Women’s Day for a keynote speaker 
event, with a live audience of 950 at our corporate 
HQ and 21 watch"
candidate_claim,CAND_MEMORY_UCHUNK_001527,"supplier_relationship / ingredient_confirmation / sustainability_context: hershey, cocoa_chocolate",packaging_wrapper,unified_memory_scan,company_level_relationship_evidence,company_level_only,supplier_relationship; ingredient_confirmation; sustainability_context,hershey,cocoa_chocolate,"he percentage of employees covered by collective bargaining agreements and includes employees worldwide.
Employees1
2023
2022
2021
Total
Female
Male
Total
Female
Male
Total
Female
Male
Global Employees
 
20,507 
9,878 
10,626 
19,271 
9,216 
10,055 
17,848 
8,507 
9,341 
Full-time
 
18,650 
8,866 
9"
candidate_claim,CAND_MEMORY_UCHUNK_001528,"supplier_relationship / ingredient_confirmation / sustainability_context: hershey, cocoa_chocolate",packaging_wrapper,unified_memory_scan,company_level_relationship_evidence,company_level_only,supplier_relationship; ingredient_confirmation; sustainability_context; manufacturing_or_process,hershey,cocoa_chocolate,"agement
 7.4 %
 66.2 %
 26.4 %
 6.5 %
 66.7 %
 26.8 %
 7.0 %
 65.4 %
 27.6 %
Senior Leader
 0.0 %
 57.4 %
 42.6 %
 0.0 %
 53.9 %
 46.1 %
 0.0 %
 55.2 %
 44.8 %
Executive team
 0.0 %
 36.4 %
 63.6 %
 0.0 %
 40.0 %
 60.0 %
 0.0 %
 44.4 %
 55.6 %
1
Select data in the global workforce by age table recei"
candidate_claim,CAND_MEMORY_UCHUNK_001529,supplier_relationship: hershey,packaging_wrapper,unified_memory_scan,company_level_relationship_evidence,company_level_only,supplier_relationship,hershey,,"1
Management as percentage of total workforce
 14.1 %
 13.3 %
 13.0 % 
— 
Non-management as percentage of total workforce
 85.9 %
 86.7 %
 87.0 % 
— 
Proportion of senior management hired from the local community
 79.3 %
 100.0 %
 87.5 %
2
1
Senior leader level data includes Hershey people leaders o"
candidate_claim,CAND_MEMORY_UCHUNK_001530,"supplier_relationship / ingredient_confirmation / sustainability_context: hershey, cocoa_chocolate",packaging_wrapper,unified_memory_scan,company_level_relationship_evidence,company_level_only,supplier_relationship; ingredient_confirmation; sustainability_context,hershey,cocoa_chocolate,"24.6 %
 19.4 %
 17.2 %
 17.0 %
 17.7 %
 17.1 %
 16.7 %
 30.7 %
 29.7 %
 26.0 %
Asian
 4.3 %
 4.2 %
 4.2 %
 9.0 %
 8.3 %
 7.5 %
 5.7 %
 5.6 %
 5.9 %
 4.0 %
 4.0 %
 3.9 %
Black
 12.4 %
 12.9 %
 12.1 %
 2.9 %
 3.1 %
 2.9 %
 4.9 %
 4.7 %
 4.9 %
 13.9 %
 14.4 %
 13.3 %
Hispanic/Latino
 9.6 %
 8.7 %
 6.6 "
candidate_claim,CAND_MEMORY_UCHUNK_001531,"supplier_relationship / ingredient_confirmation / sustainability_context: hershey, cocoa_chocolate",packaging_wrapper,unified_memory_scan,company_level_relationship_evidence,company_level_only,supplier_relationship; ingredient_confirmation; sustainability_context,hershey,cocoa_chocolate,"tify as two of more races. However, we only disclose Asian, Black and Hispanic/Latino. Thus, totals will not add up to 100%. 
 Contents
Making Good
Our Company
Cocoa
Responsible Sourcing and Human Rights
Environment
Our People
Youth
Community
About This Report
97
The Hershey Company 2023 ESG Report
"
candidate_claim,CAND_MEMORY_UCHUNK_001532,"supplier_relationship / ingredient_confirmation / sustainability_context: hershey, cocoa_chocolate",packaging_wrapper,unified_memory_scan,company_level_relationship_evidence,company_level_only,supplier_relationship; ingredient_confirmation; sustainability_context,hershey,cocoa_chocolate,"e engagement (eNPS) 
44
50
47
43
31
44
43
Intent to stay 
 82 %
 88 %
 84 %
 81 %
 70 %
 83 %
 81 %
Expectations (meet/exceed) 
 90 %
 91 %
 90 %
 90 %
 86 %
 91 %
 89 %
1
This employee engagement data represents results from The Hershey Company's 2023 Q4 Continuous Listening Survey, which included "
candidate_claim,CAND_MEMORY_UCHUNK_001533,"supplier_relationship / ingredient_confirmation / cost_or_price_benchmark: hershey, cocoa_chocolate",packaging_wrapper,unified_memory_scan,company_level_relationship_evidence,company_level_only,supplier_relationship; ingredient_confirmation; cost_or_price_benchmark; sustainability_context,hershey,cocoa_chocolate,"mployee works at a plant that does not have this parental leave benefit. The remaining four employees still have an opportunity to elect and use the benefit in 2024.
Of the 14 male employees in the ""did not elect"" category, only one actually did not elect to use this benefit. Five employees work at "
candidate_claim,CAND_MEMORY_UCHUNK_001534,"supplier_relationship / ingredient_confirmation / cost_or_price_benchmark: hershey, cocoa_chocolate",packaging_wrapper,unified_memory_scan,company_level_relationship_evidence,company_level_only,supplier_relationship; ingredient_confirmation; cost_or_price_benchmark; sustainability_context,hershey,cocoa_chocolate,"is value represents Hershey spending with direct diverse suppliers (Tier 1) as well as spend with 
diverse suppliers made on our behalf by our direct suppliers (Tier 2).
3
This value represents the number of diverse suppliers Hershey is directly spending dollars with in a given calendar year.
4
Thes"
candidate_claim,CAND_MEMORY_UCHUNK_001535,"supplier_relationship / ingredient_confirmation / sustainability_context: hershey, cocoa_chocolate",packaging_wrapper,unified_memory_scan,company_level_relationship_evidence,company_level_only,supplier_relationship; ingredient_confirmation; sustainability_context,hershey,cocoa_chocolate,"hese hours do not account for outside team or individual training programs not offered through Hershey’s centralized system.
 Contents
Making Good
Our Company
Cocoa
Responsible Sourcing and Human Rights
Environment
Our People
Youth
Community
About This Report
100
The Hershey Company 2023 ESG Report
"
candidate_claim,CAND_MEMORY_UCHUNK_001536,"supplier_relationship / ingredient_confirmation / sustainability_context: hershey, cocoa_chocolate",packaging_wrapper,unified_memory_scan,company_level_relationship_evidence,company_level_only,supplier_relationship; ingredient_confirmation; sustainability_context,hershey,cocoa_chocolate,"part-time employment. 
New employee hire and turnover data for Mexico is included in the Latin America and Caribbean region.
 Contents
Making Good
Our Company
Cocoa
Responsible Sourcing and Human Rights
Environment
Our People
Youth
Community
About This Report
101
The Hershey Company 2023 ESG Report
"
candidate_claim,CAND_MEMORY_UCHUNK_001537,"supplier_relationship / ingredient_confirmation / cost_or_price_benchmark: hershey, cocoa_chocolate",packaging_wrapper,unified_memory_scan,company_level_relationship_evidence,company_level_only,supplier_relationship; ingredient_confirmation; cost_or_price_benchmark; sustainability_context,hershey,cocoa_chocolate,"kers who are not employees but whose work is controlled by our 
organizations. We do not track metrics for contractors. Each contractor company is responsible for gathering this information and reporting it according to local requirements.
 Contents
Making Good
Our Company
Cocoa
Responsible Sourcing"
candidate_claim,CAND_MEMORY_UCHUNK_001538,supplier_relationship / cost_or_price_benchmark: hershey,packaging_wrapper,unified_memory_scan,company_level_relationship_evidence,company_level_only,supplier_relationship; cost_or_price_benchmark,hershey,,"others
• Take action to create kinder, more inclusive communities
Heartwarming Project Highlights
Our work in 2023 advanced all those aims. We also 
celebrated the fifth year of our signature HWP Action 
Grants Program, which awards micro-grants to teens 
to create heartwarming changes in their comm"
candidate_claim,CAND_MEMORY_UCHUNK_001539,"supplier_relationship / ingredient_confirmation / sustainability_context: hershey, cocoa_chocolate",packaging_wrapper,unified_memory_scan,company_level_relationship_evidence,company_level_only,supplier_relationship; ingredient_confirmation; sustainability_context,hershey,cocoa_chocolate,"ice Day. 6,900 young people took 
part in 138 projects promoting kindness, inclusion, 
empathy and connection. 
→See The Heartwarming Project data on page 107. 
Connecting Across Difference
We continued to support Global Nomads Group (GNG), 
a nonprofit offering safe digital spaces designed by globa"
candidate_claim,CAND_MEMORY_UCHUNK_001540,"supplier_relationship / cost_or_price_benchmark / manufacturing_or_process: hershey, packaging",packaging_wrapper,unified_memory_scan,company_level_relationship_evidence,company_level_only,supplier_relationship; cost_or_price_benchmark; manufacturing_or_process,hershey,packaging,"Sourcing and Human Rights
Environment
Our People
Youth
Community
About This Report
104
The Hershey Company 2023 ESG Report
1
Current Priorities of the U.S. Surgeon General: Youth Mental Health.
2
Loneliness and Social Isolation as Risk Factors for Mortality | Perspectives 
on Psychological Science.
"
candidate_claim,CAND_MEMORY_UCHUNK_001541,"supplier_relationship / ingredient_confirmation / cost_or_price_benchmark: hershey, cocoa_chocolate, packaging",packaging_wrapper,unified_memory_scan,company_level_relationship_evidence,company_level_only,supplier_relationship; ingredient_confirmation; cost_or_price_benchmark; sustainability_context; manufacturing_or_process,hershey,cocoa_chocolate; packaging,"cil that met regularly with 
Hershey employees to advise on the campaign, 
packaging design and amplification strategy 
• Shared insights from Hershey employees on careers and 
how to plan and execute creative marketing campaigns
The participating organizations were:
• Memphis Music Initiative of Me"
candidate_claim,CAND_MEMORY_UCHUNK_001543,"supplier_relationship / ingredient_confirmation / sustainability_context: hershey, cocoa_chocolate",packaging_wrapper,unified_memory_scan,company_level_relationship_evidence,company_level_only,supplier_relationship; ingredient_confirmation; sustainability_context; manufacturing_or_process,hershey,cocoa_chocolate,"ter. The internship culminated with 
students presenting new product ideas they had created 
in response to current, actual Hershey business needs. 
A Growing Apprenticeship Program
More MHS students obtained their Pennsylvania-
recognized pre-apprenticeship certificate with Hershey 
in 2023. We hav"
candidate_claim,CAND_MEMORY_UCHUNK_001545,"supplier_relationship / ingredient_confirmation / sustainability_context: hershey, cocoa_chocolate",packaging_wrapper,unified_memory_scan,company_level_relationship_evidence,company_level_only,supplier_relationship; ingredient_confirmation; sustainability_context; manufacturing_or_process,hershey,cocoa_chocolate,"artwarming actions decreased in 2023 as we had fewer partners engaged in youth actions and also awarded fewer action grants.
 Contents
Making Good
Our Company
Cocoa
Responsible Sourcing and Human Rights
Environment
Our People
Youth
Community
About This Report
107
The Hershey Company 2023 ESG Report
"
candidate_claim,CAND_MEMORY_UCHUNK_001546,supplier_relationship / cost_or_price_benchmark / manufacturing_or_process: hershey,packaging_wrapper,unified_memory_scan,company_level_relationship_evidence,company_level_only,supplier_relationship; cost_or_price_benchmark; manufacturing_or_process,hershey,,"ionships with NGOs
• Dispense grants and review impact reports
• Organize employee volunteering and fundraising
We focus our community philanthropic investments on 
communities where we live and work. Our giving supports 
more inclusive communities, basic needs, disaster 
response efforts and educat"
candidate_claim,CAND_MEMORY_UCHUNK_001547,"supplier_relationship / ingredient_confirmation / sustainability_context: hershey, cocoa_chocolate",packaging_wrapper,unified_memory_scan,company_level_relationship_evidence,company_level_only,supplier_relationship; ingredient_confirmation; sustainability_context,hershey,cocoa_chocolate,"bution to help support holiday celebrations 
at USOs nationwide.
Basic Needs, Disaster Response and Supporting 
Our Plant Communities 
We proactively support American National Red Cross 
(ANRC) Disaster Relief efforts by pre-funding the 
organization before disasters strike. This helps deploy 
resou"
candidate_claim,CAND_MEMORY_UCHUNK_001548,"supplier_relationship / ingredient_confirmation / sustainability_context: hershey, cocoa_chocolate",packaging_wrapper,unified_memory_scan,company_level_relationship_evidence,company_level_only,supplier_relationship; ingredient_confirmation; sustainability_context,hershey,cocoa_chocolate,"helped support their Reimagine 
Campaign to modernize, improve accessibility and 
increase the capacity of their building. 
 Contents
Making Good
Our Company
Cocoa
Responsible Sourcing and Human Rights
Environment
Our People
Youth
Community
About This Report
109
The Hershey Company 2023 ESG Report

"
candidate_claim,CAND_MEMORY_UCHUNK_001549,"supplier_relationship / ingredient_confirmation / sustainability_context: hershey, cocoa_chocolate",packaging_wrapper,unified_memory_scan,company_level_relationship_evidence,company_level_only,supplier_relationship; ingredient_confirmation; sustainability_context,hershey,cocoa_chocolate,"helped launch 
a fun effort to educate young students across 
Pennsylvania about the nation’s upcoming birthday: 
the Keystone Classroom Initiative (KCI). This unique 
storytelling and visitation program for children’s hospitals, 
pre-kindergarten through fourth grade classrooms and 
youth camps tea"
candidate_claim,CAND_MEMORY_UCHUNK_001550,"supplier_relationship / ingredient_confirmation / sustainability_context: hershey, cocoa_chocolate",packaging_wrapper,unified_memory_scan,company_level_relationship_evidence,company_level_only,supplier_relationship; ingredient_confirmation; sustainability_context; manufacturing_or_process,hershey,cocoa_chocolate,"te, Preserve, Innovate and Celebrate 
Pennsylvania’s rich history, culture and future, 
and enables us to ensure that this historic 
semiquincentennial commemoration 
is one that is most inclusive, engaging 
ALL Pennsylvanians in ALL 67 counties.”
Cassandra Coleman, Executive Director, America250PA
"
candidate_claim,CAND_MEMORY_UCHUNK_001551,"supplier_relationship / ingredient_confirmation / sustainability_context: hershey, cocoa_chocolate",packaging_wrapper,unified_memory_scan,company_level_relationship_evidence,company_level_only,supplier_relationship; ingredient_confirmation; sustainability_context,hershey,cocoa_chocolate,"Commerce. This is their fourth consecutive win! 
The award recognizes our commitment to corporate 
citizenship in key areas like strategy, sustainability, 
measurability, communication and partnerships. 
Of the 120 participants, Hershey is one of 60 scoring 
high across all pillars by implementing r"
candidate_claim,CAND_MEMORY_UCHUNK_001552,supplier_relationship / cost_or_price_benchmark / sustainability_context: hershey,packaging_wrapper,unified_memory_scan,company_level_relationship_evidence,company_level_only,supplier_relationship; cost_or_price_benchmark; sustainability_context,hershey,,"nities. In 2023: 
• 1,400 employees participated 
• 3,500 total hours were volunteered 
• 45 nonprofit organizations supported globally
• Volunteers worked on 65 events 
We brought back our Rise Against Hunger (RAH) meal 
packing event in 2023. RAH is a growing global movement 
to end hunger.
Our la"
candidate_claim,CAND_MEMORY_UCHUNK_001553,"supplier_relationship / ingredient_confirmation / cost_or_price_benchmark: hershey, cocoa_chocolate",packaging_wrapper,unified_memory_scan,company_level_relationship_evidence,company_level_only,supplier_relationship; ingredient_confirmation; cost_or_price_benchmark; sustainability_context,hershey,cocoa_chocolate,"ifferent causes across 
the globe, including: 
• Hunger 
• Social and emotional learning 
• Social justice and inclusive organizations 
• Workforce development 
• Environmental conservation
2023 Employee Impact in Numbers
127,440 
hours volunteered by employees
$1.7M+ 
raised by Season of Giving Cam"
candidate_claim,CAND_MEMORY_UCHUNK_001557,"supplier_relationship / ingredient_confirmation / sustainability_context: hershey, cocoa_chocolate",packaging_wrapper,unified_memory_scan,company_level_relationship_evidence,company_level_only,supplier_relationship; ingredient_confirmation; sustainability_context; manufacturing_or_process,hershey,cocoa_chocolate,"tzels.
For 130 years, Hershey has been committed to operating 
fairly, ethically and sustainably. The candy and snack 
maker’s founder, Milton Hershey, created Milton Hershey 
School in 1909, and since then, the company has focused 
on helping children succeed through equitable access to 
education."
candidate_claim,CAND_MEMORY_UCHUNK_001558,supplier_relationship / cost_or_price_benchmark / sustainability_context: hershey,packaging_wrapper,unified_memory_scan,company_level_relationship_evidence,company_level_only,supplier_relationship; cost_or_price_benchmark; sustainability_context,hershey,,"pply chain resilience
The active management of supply chain activities to minimize disruptions of any form and maximize company and customer value.
Sub-issues: Natural disaster preparedness, climate change, pandemic, risk assessment, geo-politics, tax
Child labor
Prohibiting work that deprives child"
candidate_claim,CAND_MEMORY_UCHUNK_001559,"supplier_relationship / ingredient_confirmation / sustainability_context: hershey, cocoa_chocolate",packaging_wrapper,unified_memory_scan,company_level_relationship_evidence,company_level_only,supplier_relationship; ingredient_confirmation; sustainability_context; manufacturing_or_process,hershey,cocoa_chocolate,"th 
industry standards.
Sub-issues: Learning and development, talent acquisition, compensation and benefits, pension management
Energy management
Optimizing operational practices and power sources to conserve energy and reduce overall energy consumption.
Sub-issues: Renewable energy, energy efficien"
candidate_claim,CAND_MEMORY_UCHUNK_001560,"supplier_relationship / ingredient_confirmation / sustainability_context: hershey, cocoa_chocolate, packaging",packaging_wrapper,unified_memory_scan,company_level_relationship_evidence,company_level_only,supplier_relationship; ingredient_confirmation; sustainability_context; manufacturing_or_process,hershey,cocoa_chocolate; packaging,"heir livelihoods.
Sub-issues: Employment opportunity, fair wages, living wage
Issue
Definition
 Contents
Making Good
Our Company
Cocoa
Responsible Sourcing and Human Rights
Environment
Our People
Youth
Community
About This Report
115
The Hershey Company 2023 ESG Report
Environment
Governance
Social
"
candidate_claim,CAND_MEMORY_UCHUNK_001563,"supplier_relationship / ingredient_confirmation / logistics_distribution: hershey, cocoa_chocolate",packaging_wrapper,unified_memory_scan,company_level_relationship_evidence,company_level_only,supplier_relationship; ingredient_confirmation; logistics_distribution; sustainability_context,hershey,cocoa_chocolate,"and farmers to receive a wage and/or income level that allows all members of the household to afford a decent standard of living.1
Health and safety
A safe and healthy workplace in both our own business and in our supply chains in line with applicable safety and health laws and in consultation with "
candidate_claim,CAND_MEMORY_UCHUNK_001569,"supplier_relationship / sustainability_context / manufacturing_or_process: hershey, packaging",packaging_wrapper,unified_memory_scan,company_level_relationship_evidence,company_level_only,supplier_relationship; sustainability_context; manufacturing_or_process,hershey,packaging,"--- PAGE 1 ---
2024 Pulp & Paper Packaging Traceability - Supplier and Mill List
Accurate Box Co, Inc. 
Grupak Operaciones SA de CV
Packaging Corporation of America
Acme Corrugated Box Co., Inc
Hart Industries
Packstar SA de CV
Apong (Nanjing) Packaging
Harta Packaging Industries
Parkson Packaging
A"
candidate_claim,CAND_MEMORY_UCHUNK_001570,"supplier_relationship / cost_or_price_benchmark / manufacturing_or_process: hershey, packaging",packaging_wrapper,unified_memory_scan,company_level_relationship_evidence,company_level_only,supplier_relationship; cost_or_price_benchmark; manufacturing_or_process,hershey,packaging,"ourced pulp and paper materials from 65 suppliers serving our global business operations. 
We welcome any stakeholder who has reliable data that is inconsistent with our own reporting to share it with Hershey so we may analyze it and update our supply chain disclosure, if necessary. 
Tier 1 Supplier"
candidate_claim,CAND_MEMORY_UCHUNK_001571,"supplier_relationship / sustainability_context / manufacturing_or_process: hershey, packaging",packaging_wrapper,unified_memory_scan,company_level_relationship_evidence,company_level_only,supplier_relationship; sustainability_context; manufacturing_or_process,hershey,packaging,"& Paper Co., Ltd
XSD International Paper Sdn. Bhd.
Gondi Group
Nordic Paper
Yelim Corporation
Graphic Packaging International
NR Agarwal Industries
Zhejiang Kaifeng New Material
Tier 1 Supplier Country Locations
The following list of 90 Paper Mill Groups was self-reported by Hershey’s direct pulp an"
candidate_claim,CAND_MEMORY_UCHUNK_001945,"supplier_relationship / cost_or_price_benchmark / logistics_distribution: hershey, packaging",packaging_wrapper,unified_memory_scan,company_level_relationship_evidence,company_level_only,supplier_relationship; cost_or_price_benchmark; logistics_distribution; sustainability_context; manufacturing_or_process,hershey,packaging,"--- VISUAL OCR PAGE 1: page_001.png ---
CAREERS MEDIA NVESTORS
HERSHEY.
f% > Home Sustainability > Sustainability Issues
Pulp and paper-based packaging is integral to Hershey's business. We use it as food packaging,
wrapping, transportation and marketing for our well-loved brands. The forests that p"
candidate_claim,CAND_MEMORY_UCHUNK_001946,"supplier_relationship / ingredient_confirmation / sustainability_context: hershey, cocoa_chocolate, packaging",packaging_wrapper,unified_memory_scan,company_level_relationship_evidence,company_level_only,supplier_relationship; ingredient_confirmation; sustainability_context; manufacturing_or_process,hershey,cocoa_chocolate; packaging,"in 2023, through our collaboration with Earthworm Foundation, we are gathering transparent and accountable.
information on mill level data for our recycled and virgin fiber supply chains and country of
harvest data for the virgin fiber we source; and are analyzing our exposure to deforestation, fore"
candidate_claim,CAND_MEMORY_UCHUNK_001572,"supplier_relationship / sustainability_context / manufacturing_or_process: hershey, packaging",packaging_wrapper,unified_memory_scan,company_level_relationship_evidence,company_level_only,supplier_relationship; sustainability_context; manufacturing_or_process,hershey,packaging,"--- PAGE 1 ---
2024 Pulp & Paper Packaging Traceability - Supplier and Mill List
Accurate Box Co, Inc. 
Grupak Operaciones SA de CV
Packaging Corporation of America
Acme Corrugated Box Co., Inc
Hart Industries
Packstar SA de CV
Apong (Nanjing) Packaging
Harta Packaging Industries
Parkson Packaging
A"
candidate_claim,CAND_MEMORY_UCHUNK_001573,"supplier_relationship / cost_or_price_benchmark / manufacturing_or_process: hershey, packaging",packaging_wrapper,unified_memory_scan,company_level_relationship_evidence,company_level_only,supplier_relationship; cost_or_price_benchmark; manufacturing_or_process,hershey,packaging,"ourced pulp and paper materials from 65 suppliers serving our global business operations. 
We welcome any stakeholder who has reliable data that is inconsistent with our own reporting to share it with Hershey so we may analyze it and update our supply chain disclosure, if necessary. 
Tier 1 Supplier"
candidate_claim,CAND_MEMORY_UCHUNK_001574,"supplier_relationship / sustainability_context / manufacturing_or_process: hershey, packaging",packaging_wrapper,unified_memory_scan,company_level_relationship_evidence,company_level_only,supplier_relationship; sustainability_context; manufacturing_or_process,hershey,packaging,"& Paper Co., Ltd
XSD International Paper Sdn. Bhd.
Gondi Group
Nordic Paper
Yelim Corporation
Graphic Packaging International
NR Agarwal Industries
Zhejiang Kaifeng New Material
Tier 1 Supplier Country Locations
The following list of 90 Paper Mill Groups was self-reported by Hershey’s direct pulp an"
candidate_claim,CAND_MEMORY_UCHUNK_001565,"supplier_relationship / cost_or_price_benchmark / logistics_distribution: hershey, packaging",packaging_wrapper,unified_memory_scan,company_level_relationship_evidence,company_level_only,supplier_relationship; cost_or_price_benchmark; logistics_distribution; sustainability_context; manufacturing_or_process,hershey,packaging,"--- PAGE 1 ---
THE HERSHEY COMPANY RESPONSIBLE PULP & PAPER SOURCING POLICY ©The Hershey Company 2021
Hershey recognizes that forests serve as important reservoirs of greenhouse gases that would otherwise contribute to climate 
change, provide habitats for plants and animals, contribute countless ot"
candidate_claim,CAND_MEMORY_UCHUNK_001566,"supplier_relationship / cost_or_price_benchmark / sustainability_context: hershey, packaging",packaging_wrapper,unified_memory_scan,company_level_relationship_evidence,company_level_only,supplier_relationship; cost_or_price_benchmark; sustainability_context; manufacturing_or_process,hershey,packaging,"s, grievance procedures and training programs to uphold the expectations set forth in this Pulp & 
Paper Policy within their own business operations, third party suppliers and raw material producers.
OUR GOALS
By 2025, Hershey’s goals for our global supply chain are to: 
• 
Responsibly source 100% o"
candidate_claim,CAND_MEMORY_UCHUNK_001568,"supplier_relationship / sustainability_context / manufacturing_or_process: hershey, packaging",packaging_wrapper,unified_memory_scan,company_level_relationship_evidence,company_level_only,supplier_relationship; sustainability_context; manufacturing_or_process,hershey,packaging,"se upon request information regarding 3rd-party certifications of virgin pulp and paper-based packaging and 
operations in their supply chain, including at the forest source and mill level
• 
Engage and collaborate with various stakeholders, including impacted Indigenous Peoples, local communities, "
candidate_claim,CAND_MEMORY_UCHUNK_002280,"supplier_relationship / ingredient_confirmation / cost_or_price_benchmark: asr, hershey, cocoa_chocolate, sugar",sugar,unified_memory_scan,company_level_relationship_evidence,company_level_only,supplier_relationship; ingredient_confirmation; cost_or_price_benchmark; sustainability_context; manufacturing_or_process,asr; hershey,cocoa_chocolate; sugar,"ial risks and opportunities to create action plans to drive
improvement.
Transformation
Hershey is a member of the Sustainability Agriculture Initiative (SAI) Platform. Through the SAI
Platform, Hershey accesses tools and resources, and collaborates with other stakeholders across
the agricultural va"
candidate_claim,CAND_MEMORY_UCHUNK_002281,"supplier_relationship / ingredient_confirmation: hershey, cocoa_chocolate",sugar,unified_memory_scan,company_level_relationship_evidence,company_level_only,supplier_relationship; ingredient_confirmation,hershey,cocoa_chocolate,"RIENCE HERSHEY BUSINESS CUSTOMERS
HERSHEY'S CAREERS HERSHEYLAND HERSHEY PAC ANNUAL REPORT
CONTACT US HERSHEY'S CHOCOLATE WORLD PLANT LOCATIONS
FAQ HERSHEYPARK PRODUCT LOCATOR
‘Ss
f X i oe RETIREES
HERSHEY'S STORE
SLAVERY AND HUMAN TRAFFICKING STATEMENT
CAD HIGH CONTRAST OFF VISIT HERSHEY, PA
SUBMIT "
candidate_claim,CAND_MEMORY_UCHUNK_001682,"supplier_relationship / ingredient_confirmation / cost_or_price_benchmark: asr, hershey, sugar",sugar,unified_memory_scan,company_level_relationship_evidence,company_level_only,supplier_relationship; ingredient_confirmation; cost_or_price_benchmark; sustainability_context,asr; hershey,sugar,"comes 
from suppliers who uphold our values, and we create a positive impact. We will 
continue to look for the best and most responsible practices, to ensure continuous 
improvement with each year of re-certification.
Sustainability Manager Rebecca Bobadilla
63
ASR Group Sustainability Report 2023
"
candidate_claim,CAND_MEMORY_UCHUNK_001683,"supplier_relationship / ingredient_confirmation / cost_or_price_benchmark: asr, hershey, sugar",sugar,unified_memory_scan,company_level_relationship_evidence,company_level_only,supplier_relationship; ingredient_confirmation; cost_or_price_benchmark; sustainability_context; manufacturing_or_process,asr; hershey,sugar,"lders in the 
Philippines Sugar Sector with Nestrade S.A. (Nestlé) and 
Proforest Ltd.
These programs are aimed at enhancing sustainability and 
supporting the livelihoods of small landholders in the sugarcane 
industry. More information on these programs can be found in the 
following pages.
64
ASR"
candidate_claim,CAND_MEMORY_UCHUNK_002158,"supplier_relationship / ingredient_confirmation / cost_or_price_benchmark: asr, hershey, sugar",sugar,unified_memory_scan,company_level_relationship_evidence,company_level_only,supplier_relationship; ingredient_confirmation; cost_or_price_benchmark; sustainability_context; manufacturing_or_process,asr; hershey,sugar,"--- VISUAL OCR PAGE 1: page_001.png ---
Ce
‘ASR ABOUT US OUR BRANDS OUR COMPANIES SUSTAINABILITY NEWSROOM CAREERS Q
: 4 | J 7 \ a ! me SUSTAINABILITY / SOCIAL / SUSTAINABLE & ETHICAL SUPPLY CHAIN
my e Noae
“a wr Sustainable &
q | ) Sip Ethical Supply
» x 4
e
i ee) | Chain
ZF \ a dk
3 fe aA ) OY =
Ed"
candidate_claim,CAND_MEMORY_UCHUNK_002051,"supplier_relationship / ingredient_confirmation / cost_or_price_benchmark: asr, hershey, cocoa_chocolate, sugar",sugar,unified_memory_scan,company_level_relationship_evidence,company_level_only,supplier_relationship; ingredient_confirmation; cost_or_price_benchmark; sustainability_context; manufacturing_or_process,asr; hershey,cocoa_chocolate; sugar,"ial risks and opportunities to create action plans to drive
improvement.
Transformation
Hershey is a member of the Sustainability Agriculture Initiative (SAI) Platform. Through the SAI
Platform, Hershey accesses tools and resources, and collaborates with other stakeholders across
the agricultural va"
candidate_claim,CAND_MEMORY_UCHUNK_002052,"supplier_relationship / ingredient_confirmation: hershey, cocoa_chocolate",sugar,unified_memory_scan,company_level_relationship_evidence,company_level_only,supplier_relationship; ingredient_confirmation,hershey,cocoa_chocolate,"RIENCE HERSHEY BUSINESS CUSTOMERS
HERSHEY'S CAREERS HERSHEYLAND HERSHEY PAC ANNUAL REPORT
CONTACT US HERSHEY'S CHOCOLATE WORLD PLANT LOCATIONS
FAQ HERSHEYPARK PRODUCT LOCATOR
‘Ss
f X i oe RETIREES
HERSHEY'S STORE
SLAVERY AND HUMAN TRAFFICKING STATEMENT
CAD HIGH CONTRAST OFF VISIT HERSHEY, PA
SUBMIT "
candidate_claim,CAND_MEMORY_UCHUNK_001773,"supplier_relationship / ingredient_confirmation / sustainability_context: hershey, sugar",sugar,unified_memory_scan,company_level_relationship_evidence,company_level_only,supplier_relationship; ingredient_confirmation; sustainability_context,hershey,sugar,"--- PAGE 1 ---
Sustainable Sugar Sourcing Policy 
The Hershey Company is committed to high standards in responsible and sustainable sugar sourcing. 
Hershey currently buys sugar for its operations around the world. The sugarcane industry is nuanced by 
geography, with sustainability, social, and lab"
candidate_claim,CAND_MEMORY_UCHUNK_002175,"ingredient_confirmation / cost_or_price_benchmark / sustainability_context: hershey, cocoa_chocolate",cocoa_chocolate_cocoa_butter,unified_memory_scan,benchmark_context_evidence,benchmark_only,ingredient_confirmation; cost_or_price_benchmark; sustainability_context,hershey,cocoa_chocolate,"has supplied chocolate lovers
wo Hershey has continued work to expand with moments of goodness from our
In my years in this industry, I've never . . . . .
. co. the education system in cocoa-farming iconic treats.
witnessed a cocoa market quite like the ceo. .
. . communities in West Africa.
one we'"
candidate_claim,CAND_MEMORY_UCHUNK_000213,"supplier_relationship / ingredient_confirmation / cost_or_price_benchmark: barry_callebaut, cocoa_chocolate",cocoa_chocolate_cocoa_butter,unified_memory_scan,benchmark_context_evidence,benchmark_only,supplier_relationship; ingredient_confirmation; cost_or_price_benchmark; retail_price; sustainability_context,barry_callebaut,cocoa_chocolate,"--- PAGE 1 ---
ANNUAL REPORT
2024/25


--- PAGE 2 ---
3
This is Barry Callebaut
4
Key Figures
6
Fiscal Year in Brief
7
Letter to Shareholders
9
Overview
10
5-Year Overview
11
Risk Overview
20
Business Highlights
21
Financial Review
26
Business Review
28
Financial Reports
29
Consolidated Financial St"
candidate_claim,CAND_MEMORY_UCHUNK_000215,"supplier_relationship / ingredient_confirmation / cost_or_price_benchmark: barry_callebaut, cocoa_chocolate",cocoa_chocolate_cocoa_butter,unified_memory_scan,benchmark_context_evidence,benchmark_only,supplier_relationship; ingredient_confirmation; cost_or_price_benchmark,barry_callebaut,cocoa_chocolate,"301,003 
Cocoa Products
 
402,639 
 
3Refer to page 139 for detailed recurring results reconciliation. 
BARRY CALLEBAUT
Annual Report 2024/25
Letter to Shareholders
Overview
Business Highlights
Financial Reports
Governance
5
32%
24%
19%
13%
9%
3%
19%
67%
14%
Net profit recurring3
EBIT recurring3


-"
candidate_claim,CAND_MEMORY_UCHUNK_000216,ingredient_confirmation / cost_or_price_benchmark / retail_price: cocoa_chocolate,cocoa_chocolate_cocoa_butter,unified_memory_scan,benchmark_context_evidence,benchmark_only,ingredient_confirmation; cost_or_price_benchmark; retail_price,,cocoa_chocolate,"fer to page 139 for detailed recurring results reconciliation. 
VOLUME GROWTH
VOLUME GROWTH
Global Chocolate
Global Cocoa
-5.3%
-12.8%
in tonnes vs. prior year
in tonnes vs. prior year
EBIT RECURRING4
EBIT RECURRING4
Global Chocolate
Global Cocoa
5.6%
16.4%
in LC vs. prior year
in LC vs. prior year
"
candidate_claim,CAND_MEMORY_UCHUNK_000217,"supplier_relationship / ingredient_confirmation / cost_or_price_benchmark: barry_callebaut, cocoa_chocolate",cocoa_chocolate_cocoa_butter,unified_memory_scan,benchmark_context_evidence,benchmark_only,supplier_relationship; ingredient_confirmation; cost_or_price_benchmark; retail_price,barry_callebaut,cocoa_chocolate,"veraging to 4.5x Net debt/EBITDA recurring from 6.5x in 
February 2025.
At the virtual Annual General Meeting of Shareholders on December 
10, 2025, the Board of Directors will propose a dividend of CHF 
29.00 per share. The proposal is consistent with our plan that during 
the BC Next Level transit"
candidate_claim,CAND_MEMORY_UCHUNK_000219,"supplier_relationship / ingredient_confirmation / cost_or_price_benchmark: barry_callebaut, cocoa_chocolate",cocoa_chocolate_cocoa_butter,unified_memory_scan,benchmark_context_evidence,benchmark_only,supplier_relationship; ingredient_confirmation; cost_or_price_benchmark,barry_callebaut,cocoa_chocolate,"redit facility to replace futures margin calls, diversifying 
and expanding our cocoa origin mix, enhancing bean blending 
capabilities, and reducing the cash cycle. These measures have 
strengthened our ability to navigate the current market volatility 
and position Barry Callebaut for long‑term su"
candidate_claim,CAND_MEMORY_UCHUNK_000220,"supplier_relationship / ingredient_confirmation / cost_or_price_benchmark: barry_callebaut, cocoa_chocolate",cocoa_chocolate_cocoa_butter,unified_memory_scan,benchmark_context_evidence,benchmark_only,supplier_relationship; ingredient_confirmation; cost_or_price_benchmark; retail_price,barry_callebaut,cocoa_chocolate,"urn to growth, with H1 still pressured and improvements 
expected in H2. Global Chocolate volumes are expected to see a mid 
single-digit decrease. The continued focus on Return on Invested 
Capital in Global Cocoa will result in a mid to high single-digit 
volume decrease. As a consequence, Group v"
candidate_claim,CAND_MEMORY_UCHUNK_000221,cost_or_price_benchmark: barry_callebaut,cocoa_chocolate_cocoa_butter,unified_memory_scan,benchmark_context_evidence,benchmark_only,cost_or_price_benchmark,barry_callebaut,,"oice in a rapidly 
evolving market.
Patrick De Maeseneire
Peter Feld
Chairman of the Board
Chief Executive Officer
“


--- PAGE 9 ---
OVERVIEW
10
5-Year Overview
11
Risk Overview
BARRY CALLEBAUT
Annual Report 2024/25
Letter to Shareholders
Overview
Business Highlights
Financial Reports
Governance
9
"
candidate_claim,CAND_MEMORY_UCHUNK_000222,cost_or_price_benchmark / retail_price / manufacturing_or_process: barry_callebaut,cocoa_chocolate_cocoa_butter,unified_memory_scan,benchmark_context_evidence,benchmark_only,cost_or_price_benchmark; retail_price; manufacturing_or_process,barry_callebaut,,"sted 
accordingly.
CAGR (%)
2024/25
2023/24
2022/23
2021/22
2020/21
Ratios
Return on invested capital 
(ROIC)
%
 6.8 %
 6.6 %
 13.1 %
 11.5 %
 12.2 %
Return on invested capital 
(ROIC, recurring)2
%
 7.9 %
 11.0 %
 13.1 %
 13.2 %
 12.2 %
Return on equity (ROE)
%
 7.2 %
 6.7 %
 15.3 %
 12.4 %
 14.3 %"
candidate_claim,CAND_MEMORY_UCHUNK_000229,supplier_relationship / ingredient_confirmation / cost_or_price_benchmark: cocoa_chocolate,cocoa_chocolate_cocoa_butter,unified_memory_scan,benchmark_context_evidence,benchmark_only,supplier_relationship; ingredient_confirmation; cost_or_price_benchmark; sustainability_context,,cocoa_chocolate,"climate regulations across jurisdictions may lead to reputational damage, 
legal exposure, and operational disruptions, potentially undermining the 
Group’s progress toward climate resilience and Net Zero commitments.
As part of its broader climate resilience strategy and risk management 
approach, "
candidate_claim,CAND_MEMORY_UCHUNK_000231,supplier_relationship / cost_or_price_benchmark / sustainability_context: barry_callebaut,cocoa_chocolate_cocoa_butter,unified_memory_scan,benchmark_context_evidence,benchmark_only,supplier_relationship; cost_or_price_benchmark; sustainability_context,barry_callebaut,,"education and child protection (3,4) and 
effective reporting frameworks (3–5). A dedicated ESG function oversees, 
coordinates, and aligns all relevant ESG activities to achieve these objectives. 
These principles are actively promoted in the Group’s interactions with 
suppliers and customers and a"
candidate_claim,CAND_MEMORY_UCHUNK_000232,supplier_relationship / cost_or_price_benchmark / logistics_distribution,cocoa_chocolate_cocoa_butter,unified_memory_scan,benchmark_context_evidence,benchmark_only,supplier_relationship; cost_or_price_benchmark; logistics_distribution; manufacturing_or_process,,,"nal commercial and operational teams working 
closely with customers, aims to identify marketplace trends, both positive 
and negative, at an early stage. The Group continuously invests in consumer 
and customer research, data analytics, R&D, and operational capabilities as 
part of a well-structure"
candidate_claim,CAND_MEMORY_UCHUNK_000233,supplier_relationship / cost_or_price_benchmark / sustainability_context: barry_callebaut,cocoa_chocolate_cocoa_butter,unified_memory_scan,benchmark_context_evidence,benchmark_only,supplier_relationship; cost_or_price_benchmark; sustainability_context; manufacturing_or_process,barry_callebaut,,"transformation project (1-5). These teams proactively follow market, 
technology and other trends and work in close collaboration with functional 
and regional experts, external advisors, and the Group’s ExCo. A clearly 
defined process for the evaluation, execution and integration of major 
busines"
candidate_claim,CAND_MEMORY_UCHUNK_000234,"supplier_relationship / ingredient_confirmation / cost_or_price_benchmark: barry_callebaut, cocoa_chocolate",cocoa_chocolate_cocoa_butter,unified_memory_scan,benchmark_context_evidence,benchmark_only,supplier_relationship; ingredient_confirmation; cost_or_price_benchmark; sustainability_context,barry_callebaut,cocoa_chocolate,"odiversity and ecosystems
(3) workers in the value chain
(4) affected communities
(5) supply chain traceability
Key Risks
Risk Description
Mitigation/Measures
ESG Material Topic
BARRY CALLEBAUT
Annual Report 2024/25
Letter to Shareholders
Overview
Business Highlights
Financial Reports
Governance
14
"
candidate_claim,CAND_MEMORY_UCHUNK_000236,supplier_relationship / cost_or_price_benchmark / sustainability_context: barry_callebaut,cocoa_chocolate_cocoa_butter,unified_memory_scan,benchmark_context_evidence,benchmark_only,supplier_relationship; cost_or_price_benchmark; sustainability_context; manufacturing_or_process,barry_callebaut,,", service levels, innovation and 
ethics. 
For these customers, the Group has appointed dedicated teams that develop 
and maintain a close relationship in order to respond to customer needs 
professionally and promptly and to provide high-quality services that are 
mutually beneficial for all stakeh"
candidate_claim,CAND_MEMORY_UCHUNK_000237,supplier_relationship / cost_or_price_benchmark / sustainability_context,cocoa_chocolate_cocoa_butter,unified_memory_scan,benchmark_context_evidence,benchmark_only,supplier_relationship; cost_or_price_benchmark; sustainability_context; manufacturing_or_process,,,"hort-term 
incentive plans, training and leadership development programs, as well as the 
tools to support and measure the success of all these processes. The Group’s 
strategy for Diversity & Inclusion is described in more detail in the “Our 
People” section of the Annual Social and Environmental I"
candidate_claim,CAND_MEMORY_UCHUNK_000240,cost_or_price_benchmark: barry_callebaut,cocoa_chocolate_cocoa_butter,unified_memory_scan,benchmark_context_evidence,benchmark_only,cost_or_price_benchmark,barry_callebaut,,"ruptions, 
loss of confidential data, direct financial losses, and non-compliance with 
data protection laws or other regulatory requirements. Major cyber incidents 
may also harm the Group’s reputation, potentially leading to a loss of revenue 
and market share.
The Group’s Digital department, in c"
candidate_claim,CAND_MEMORY_UCHUNK_000241,"ingredient_confirmation / cost_or_price_benchmark / retail_price: barry_callebaut, cocoa_chocolate",cocoa_chocolate_cocoa_butter,unified_memory_scan,benchmark_context_evidence,benchmark_only,ingredient_confirmation; cost_or_price_benchmark; retail_price,barry_callebaut,cocoa_chocolate,"owledges the inherent 
interdependencies between Digital 
as a crucial enabler to address 
material ESG topics.
Key Risks
Risk Description
Mitigation/Measures
ESG Material Topic
BARRY CALLEBAUT
Annual Report 2024/25
Letter to Shareholders
Overview
Business Highlights
Financial Reports
Governance
17
"
candidate_claim,CAND_MEMORY_UCHUNK_000242,supplier_relationship / ingredient_confirmation / cost_or_price_benchmark: cocoa_chocolate,cocoa_chocolate_cocoa_butter,unified_memory_scan,benchmark_context_evidence,benchmark_only,supplier_relationship; ingredient_confirmation; cost_or_price_benchmark; retail_price,,cocoa_chocolate,"it framework. 
Price exposures to other input cost factors are managed through index based 
pricing mechanisms. In the Gourmet Product Group, the Group applies a price 
list model whereby forecasted sales are hedged and price lists are adapted on 
a regular basis. 
Adherence to the limit framework i"
candidate_claim,CAND_MEMORY_UCHUNK_000243,supplier_relationship / cost_or_price_benchmark / retail_price: barry_callebaut,cocoa_chocolate_cocoa_butter,unified_memory_scan,benchmark_context_evidence,benchmark_only,supplier_relationship; cost_or_price_benchmark; retail_price; sustainability_context,barry_callebaut,,"bination of adequate credit lines 
with reputable financial institutions and short- and long-term debt capital 
market products. In addition, the Group’s treasury policy requires that all 
foreign currency exposures in a floating currency regime as well as interest 
rate risk exposures are hedged in"
candidate_claim,CAND_MEMORY_UCHUNK_000244,"supplier_relationship / ingredient_confirmation / cost_or_price_benchmark: barry_callebaut, cocoa_chocolate",cocoa_chocolate_cocoa_butter,unified_memory_scan,benchmark_context_evidence,benchmark_only,supplier_relationship; ingredient_confirmation; cost_or_price_benchmark; sustainability_context; manufacturing_or_process,barry_callebaut,cocoa_chocolate,"expose the Group to investigations, litigation, 
administrative and/or criminal proceedings potentially leading to significant 
costs, fines and/or criminal sanctions against the Group and/or its directors, 
officers and employees with possible reputational damage.
Dedicated regional and local funct"
candidate_claim,CAND_MEMORY_UCHUNK_000245,"ingredient_confirmation / cost_or_price_benchmark / retail_price: barry_callebaut, cocoa_chocolate",cocoa_chocolate_cocoa_butter,unified_memory_scan,benchmark_context_evidence,benchmark_only,ingredient_confirmation; cost_or_price_benchmark; retail_price,barry_callebaut,cocoa_chocolate,"rs
Overview
Business Highlights
Financial Reports
Governance
19


--- PAGE 20 ---
BUSINESS 
HIGHLIGHTS
21
Financial Review
26
Business Review
26
Global Chocolate
27
Global Cocoa
BARRY CALLEBAUT
Annual Report 2024/25
Letter to Shareholders
Overview
Business Highlights
Financial Reports
Governance
20
"
candidate_claim,CAND_MEMORY_UCHUNK_000246,"ingredient_confirmation / cost_or_price_benchmark / retail_price: barry_callebaut, cocoa_chocolate",cocoa_chocolate_cocoa_butter,unified_memory_scan,benchmark_context_evidence,benchmark_only,ingredient_confirmation; cost_or_price_benchmark; retail_price; logistics_distribution; manufacturing_or_process,barry_callebaut,cocoa_chocolate,"Western Europe (-6.6%) was significantly impacted as higher 
prices resulted in demand softness and influenced customer 
behavior, as well as by SKU rationalization.
Global Cocoa saw a -12.8% decrease in sales volume. The business 
was impacted by negative market demand given major cocoa bean 
price"
candidate_claim,CAND_MEMORY_UCHUNK_000247,"supplier_relationship / ingredient_confirmation / cost_or_price_benchmark: barry_callebaut, cocoa_chocolate, milk_dairy, sugar",cocoa_chocolate_cocoa_butter,unified_memory_scan,benchmark_context_evidence,benchmark_only,supplier_relationship; ingredient_confirmation; cost_or_price_benchmark; retail_price; sustainability_context,barry_callebaut,cocoa_chocolate; milk_dairy; sugar,"match Barry Callebaut’s reporting period. Nielsen data only partially reflects the out-of-home and impulse consumption.
2 Source: London terminal market prices for 2nd position, September 2024 to August 2025. Terminal market prices exclude Living Income Differential (LID) and country differentials.
"
candidate_claim,CAND_MEMORY_UCHUNK_000248,ingredient_confirmation / cost_or_price_benchmark / retail_price: cocoa_chocolate,cocoa_chocolate_cocoa_butter,unified_memory_scan,benchmark_context_evidence,benchmark_only,ingredient_confirmation; cost_or_price_benchmark; retail_price,,cocoa_chocolate,"e, 
depreciated by -2.0% against the Swiss franc. The average 
exchange rate for the US dollar, accounting for around a third of the 
Group’s sales revenue, depreciated by -3.7% against the Swiss franc. 
Throughout the fiscal year 2024/25, several key emerging market 
currencies experienced volatili"
candidate_claim,CAND_MEMORY_UCHUNK_000249,"ingredient_confirmation / cost_or_price_benchmark / retail_price: barry_callebaut, cocoa_chocolate",cocoa_chocolate_cocoa_butter,unified_memory_scan,benchmark_context_evidence,benchmark_only,ingredient_confirmation; cost_or_price_benchmark; retail_price,barry_callebaut,cocoa_chocolate,"CHF 223.5 million in the prior year. The expense in prior year
related mainly to BC Next Level impairments and
restructuring costs.
Operating profit (EBIT) recurring3 increased by +6.4% in local 
currencies (-0.1% in CHF) to CHF 703.4 million, compared to CHF 
704.4 million in the prior year. The in"
candidate_claim,CAND_MEMORY_UCHUNK_000250,ingredient_confirmation / cost_or_price_benchmark / retail_price: cocoa_chocolate,cocoa_chocolate_cocoa_butter,unified_memory_scan,benchmark_context_evidence,benchmark_only,ingredient_confirmation; cost_or_price_benchmark; retail_price,,cocoa_chocolate,"in the prior year as a result of a higher average cash balance and 
positive foreign exchange results.
Finance expense amounted to CHF 409.9 million, compared to 
CHF 231.2 million in the prior year. The increase was driven by a 
higher debt level in the context of the significant cocoa bean price 
"
candidate_claim,CAND_MEMORY_UCHUNK_000251,"supplier_relationship / ingredient_confirmation / cost_or_price_benchmark: barry_callebaut, cocoa_chocolate, packaging",cocoa_chocolate_cocoa_butter,unified_memory_scan,benchmark_context_evidence,benchmark_only,supplier_relationship; ingredient_confirmation; cost_or_price_benchmark; retail_price,barry_callebaut,cocoa_chocolate; packaging,"ecreased to CHF 12,643.9 million at the end of August 
2025, compared to CHF 15,159.3 million in the prior year. The 
decrease was mainly attributable to lower levels of derivative 
financial assets and inventories.
Net working capital increased to CHF 3,997.8 million, compared to 
CHF 3,808.0 milli"
candidate_claim,CAND_MEMORY_UCHUNK_000252,"ingredient_confirmation / cost_or_price_benchmark / retail_price: cocoa_chocolate, packaging",cocoa_chocolate_cocoa_butter,unified_memory_scan,benchmark_context_evidence,benchmark_only,ingredient_confirmation; cost_or_price_benchmark; retail_price; manufacturing_or_process,,cocoa_chocolate; packaging,"ed by CHF 292 million as a result of the issuance of letters of credit covering future broker accounts (see Note 3.4 - ""Cash and cash equivalents"").
Cash & short term deposits
Overdraft and short-term bilateral 
loans
Commercial paper
Lease liabilities
Term loan
EBRD loan
Schuldscheindarlehen
Bonds
"
candidate_claim,CAND_MEMORY_UCHUNK_000253,cost_or_price_benchmark / retail_price / manufacturing_or_process: barry_callebaut,cocoa_chocolate_cocoa_butter,unified_memory_scan,benchmark_context_evidence,benchmark_only,cost_or_price_benchmark; retail_price; manufacturing_or_process,barry_callebaut,,"and mainly consist 
of enhancing manufacturing capabilities, food safety improvements 
and efficient asset usage.
Capital expenditure
in CHF million
CAPEX as % of sales revenue
Average = 2.9%
3.8%
3.4%
2.8%
2.7%
2.0%
275
276
241
285
295
2020/21 2021/22 2022/23 2023/24 2024/25
Capital markets overvie"
candidate_claim,CAND_MEMORY_UCHUNK_000254,supplier_relationship / cost_or_price_benchmark / retail_price: barry_callebaut,cocoa_chocolate_cocoa_butter,unified_memory_scan,benchmark_context_evidence,benchmark_only,supplier_relationship; cost_or_price_benchmark; retail_price; sustainability_context,barry_callebaut,,"RO STOXX Food & Beverage Index (-14.0%), and was 
even stronger when calculating the share price in EUR (+21.0%).
BARRY CALLEBAUT
Annual Report 2024/25
Letter to Shareholders
Overview
Business Highlights
Financial Reports
Governance
24
Replacement CAPEX
Upgrade/efficiency gains
IT
Additional growth
"
candidate_claim,CAND_MEMORY_UCHUNK_000255,"supplier_relationship / ingredient_confirmation / cost_or_price_benchmark: barry_callebaut, cocoa_chocolate",cocoa_chocolate_cocoa_butter,unified_memory_scan,benchmark_context_evidence,benchmark_only,supplier_relationship; ingredient_confirmation; cost_or_price_benchmark; sustainability_context,barry_callebaut,cocoa_chocolate,"lity: recognition and progress
Barry Callebaut’s sustainability performance continues to be 
recognized by leading ESG benchmarks. In 2024, CDP awarded us an 
‘A’ rating for Climate Change and a ‘B’ rating for Forests, 
acknowledging our transparency, action on deforestation, and 
supplier engagemen"
candidate_claim,CAND_MEMORY_UCHUNK_000256,"supplier_relationship / ingredient_confirmation / cost_or_price_benchmark: barry_callebaut, cocoa_chocolate",cocoa_chocolate_cocoa_butter,unified_memory_scan,benchmark_context_evidence,benchmark_only,supplier_relationship; ingredient_confirmation; cost_or_price_benchmark; retail_price; sustainability_context,barry_callebaut,cocoa_chocolate,"al and Environmental Impact Report 2024/25.
BARRY CALLEBAUT
Annual Report 2024/25
Letter to Shareholders
Overview
Business Highlights
Financial Reports
Governance
25
6 Based on notification through the electronic publication platform of the SIX Swiss Exchange and Share Register.
Country split
of ins"
candidate_claim,CAND_MEMORY_UCHUNK_000257,"ingredient_confirmation / cost_or_price_benchmark / retail_price: barry_callebaut, cocoa_chocolate",cocoa_chocolate_cocoa_butter,unified_memory_scan,benchmark_context_evidence,benchmark_only,ingredient_confirmation; cost_or_price_benchmark; retail_price,barry_callebaut,cocoa_chocolate,"as significantly impacted as higher prices 
resulted in demand softness and influenced customer 
behavior, as well as by SKU rationalization.
Sales revenue amounted to CHF 10,154.4 million, up 
+40.1% in local currencies (+34.7% in CHF), with growth 
mainly driven by higher cocoa prices.
EBIT recurr"
candidate_claim,CAND_MEMORY_UCHUNK_000258,"ingredient_confirmation / cost_or_price_benchmark / retail_price: barry_callebaut, cocoa_chocolate",cocoa_chocolate_cocoa_butter,unified_memory_scan,benchmark_context_evidence,benchmark_only,ingredient_confirmation; cost_or_price_benchmark; retail_price,barry_callebaut,cocoa_chocolate,"Western Europe
North America
Central and Eastern 
Europe
Asia Pacific, Middle 
East and Africa
Latin America
Global Cocoa
2020/21 2021/22 2022/23 2023/24 2024/25
0
100,000
200,000
300,000
400,000
500,000
600,000
700,000
800,000
0
250
500
750
1,000
1,250
1,500
1,750
2,000
EBIT recurring
Sales volume
"
